rate_id,date_id,from_currency,to_currency,exchange_rate_to_eur
20240101_EUR,20240101,EUR,EUR,1.002484
20240101_SEK,20240101,SEK,EUR,0.087939
20240101_NOK,20240101,NOK,EUR,0.086279
20240101_GBP,20240101,GBP,EUR,1.194024
20240101_USD,20240101,USD,EUR,0.918923
20240102_EUR,20240102,EUR,EUR,0.998829
20240102_SEK,20240102,SEK,EUR,0.088695
20240102_NOK,20240102,NOK,EUR,0.08633
20240102_GBP,20240102,GBP,EUR,1.182218
20240102_USD,20240102,USD,EUR,0.922496
20240103_EUR,20240103,EUR,EUR,0.997683
20240103_SEK,20240103,SEK,EUR,0.087795
20240103_NOK,20240103,NOK,EUR,0.086104
20240103_GBP,20240103,GBP,EUR,1.173664
20240103_USD,20240103,USD,EUR,0.912065
20240104_EUR,20240104,EUR,EUR,0.997189
20240104_SEK,20240104,SEK,EUR,0.087554
20240104_NOK,20240104,NOK,EUR,0.086135
20240104_GBP,20240104,GBP,EUR,1.17962
20240104_USD,20240104,USD,EUR,0.913503
20240105_EUR,20240105,EUR,EUR,1.007328
20240105_SEK,20240105,SEK,EUR,0.087901
20240105_NOK,20240105,NOK,EUR,0.086029
20240105_GBP,20240105,GBP,EUR,1.176558
20240105_USD,20240105,USD,EUR,0.917496
20240106_EUR,20240106,EUR,EUR,1.000555
20240106_SEK,20240106,SEK,EUR,0.087494
20240106_NOK,20240106,NOK,EUR,0.086162
20240106_GBP,20240106,GBP,EUR,1.181441
20240106_USD,20240106,USD,EUR,0.918658
20240107_EUR,20240107,EUR,EUR,0.996991
20240107_SEK,20240107,SEK,EUR,0.088815
20240107_NOK,20240107,NOK,EUR,0.085994
20240107_GBP,20240107,GBP,EUR,1.178733
20240107_USD,20240107,USD,EUR,0.923784
20240108_EUR,20240108,EUR,EUR,0.993896
20240108_SEK,20240108,SEK,EUR,0.088092
20240108_NOK,20240108,NOK,EUR,0.085157
20240108_GBP,20240108,GBP,EUR,1.17713
20240108_USD,20240108,USD,EUR,0.920906
20240109_EUR,20240109,EUR,EUR,1.003692
20240109_SEK,20240109,SEK,EUR,0.088075
20240109_NOK,20240109,NOK,EUR,0.08595
20240109_GBP,20240109,GBP,EUR,1.183216
20240109_USD,20240109,USD,EUR,0.913199
20240110_EUR,20240110,EUR,EUR,0.996401
20240110_SEK,20240110,SEK,EUR,0.087797
20240110_NOK,20240110,NOK,EUR,0.086455
20240110_GBP,20240110,GBP,EUR,1.187036
20240110_USD,20240110,USD,EUR,0.91189
20240111_EUR,20240111,EUR,EUR,1.00162
20240111_SEK,20240111,SEK,EUR,0.087831
20240111_NOK,20240111,NOK,EUR,0.085709
20240111_GBP,20240111,GBP,EUR,1.188624
20240111_USD,20240111,USD,EUR,0.924743
20240112_EUR,20240112,EUR,EUR,1.004656
20240112_SEK,20240112,SEK,EUR,0.087631
20240112_NOK,20240112,NOK,EUR,0.085867
20240112_GBP,20240112,GBP,EUR,1.186963
20240112_USD,20240112,USD,EUR,0.924488
20240113_EUR,20240113,EUR,EUR,0.997604
20240113_SEK,20240113,SEK,EUR,0.087918
20240113_NOK,20240113,NOK,EUR,0.085524
20240113_GBP,20240113,GBP,EUR,1.177912
20240113_USD,20240113,USD,EUR,0.923738
20240114_EUR,20240114,EUR,EUR,1.006781
20240114_SEK,20240114,SEK,EUR,0.087968
20240114_NOK,20240114,NOK,EUR,0.086432
20240114_GBP,20240114,GBP,EUR,1.187143
20240114_USD,20240114,USD,EUR,0.917032
20240115_EUR,20240115,EUR,EUR,1.001807
20240115_SEK,20240115,SEK,EUR,0.088677
20240115_NOK,20240115,NOK,EUR,0.085985
20240115_GBP,20240115,GBP,EUR,1.194271
20240115_USD,20240115,USD,EUR,0.907949
20240116_EUR,20240116,EUR,EUR,1.00411
20240116_SEK,20240116,SEK,EUR,0.088038
20240116_NOK,20240116,NOK,EUR,0.085871
20240116_GBP,20240116,GBP,EUR,1.185544
20240116_USD,20240116,USD,EUR,0.910857
20240117_EUR,20240117,EUR,EUR,0.998902
20240117_SEK,20240117,SEK,EUR,0.088157
20240117_NOK,20240117,NOK,EUR,0.086635
20240117_GBP,20240117,GBP,EUR,1.181929
20240117_USD,20240117,USD,EUR,0.916281
20240118_EUR,20240118,EUR,EUR,0.997491
20240118_SEK,20240118,SEK,EUR,0.088403
20240118_NOK,20240118,NOK,EUR,0.086141
20240118_GBP,20240118,GBP,EUR,1.181861
20240118_USD,20240118,USD,EUR,0.922361
20240119_EUR,20240119,EUR,EUR,1.000485
20240119_SEK,20240119,SEK,EUR,0.088426
20240119_NOK,20240119,NOK,EUR,0.085698
20240119_GBP,20240119,GBP,EUR,1.183059
20240119_USD,20240119,USD,EUR,0.918196
20240120_EUR,20240120,EUR,EUR,0.992682
20240120_SEK,20240120,SEK,EUR,0.08813
20240120_NOK,20240120,NOK,EUR,0.086112
20240120_GBP,20240120,GBP,EUR,1.18503
20240120_USD,20240120,USD,EUR,0.918921
20240121_EUR,20240121,EUR,EUR,0.992923
20240121_SEK,20240121,SEK,EUR,0.087815
20240121_NOK,20240121,NOK,EUR,0.085853
20240121_GBP,20240121,GBP,EUR,1.180247
20240121_USD,20240121,USD,EUR,0.919258
20240122_EUR,20240122,EUR,EUR,1.00202
20240122_SEK,20240122,SEK,EUR,0.08883
20240122_NOK,20240122,NOK,EUR,0.086075
20240122_GBP,20240122,GBP,EUR,1.186526
20240122_USD,20240122,USD,EUR,0.919658
20240123_EUR,20240123,EUR,EUR,0.990406
20240123_SEK,20240123,SEK,EUR,0.087988
20240123_NOK,20240123,NOK,EUR,0.086026
20240123_GBP,20240123,GBP,EUR,1.199595
20240123_USD,20240123,USD,EUR,0.919115
20240124_EUR,20240124,EUR,EUR,1.001508
20240124_SEK,20240124,SEK,EUR,0.087985
20240124_NOK,20240124,NOK,EUR,0.085497
20240124_GBP,20240124,GBP,EUR,1.191771
20240124_USD,20240124,USD,EUR,0.923459
20240125_EUR,20240125,EUR,EUR,1.003955
20240125_SEK,20240125,SEK,EUR,0.0876
20240125_NOK,20240125,NOK,EUR,0.086603
20240125_GBP,20240125,GBP,EUR,1.176694
20240125_USD,20240125,USD,EUR,0.9227
20240126_EUR,20240126,EUR,EUR,1.010952
20240126_SEK,20240126,SEK,EUR,0.087564
20240126_NOK,20240126,NOK,EUR,0.085756
20240126_GBP,20240126,GBP,EUR,1.18559
20240126_USD,20240126,USD,EUR,0.917684
20240127_EUR,20240127,EUR,EUR,0.992247
20240127_SEK,20240127,SEK,EUR,0.08803
20240127_NOK,20240127,NOK,EUR,0.085543
20240127_GBP,20240127,GBP,EUR,1.187806
20240127_USD,20240127,USD,EUR,0.915771
20240128_EUR,20240128,EUR,EUR,1.00775
20240128_SEK,20240128,SEK,EUR,0.087655
20240128_NOK,20240128,NOK,EUR,0.085862
20240128_GBP,20240128,GBP,EUR,1.18982
20240128_USD,20240128,USD,EUR,0.914338
20240129_EUR,20240129,EUR,EUR,1.001137
20240129_SEK,20240129,SEK,EUR,0.088575
20240129_NOK,20240129,NOK,EUR,0.085309
20240129_GBP,20240129,GBP,EUR,1.186094
20240129_USD,20240129,USD,EUR,0.921195
20240130_EUR,20240130,EUR,EUR,1.003909
20240130_SEK,20240130,SEK,EUR,0.087456
20240130_NOK,20240130,NOK,EUR,0.085432
20240130_GBP,20240130,GBP,EUR,1.188093
20240130_USD,20240130,USD,EUR,0.921366
20240131_EUR,20240131,EUR,EUR,1.001252
20240131_SEK,20240131,SEK,EUR,0.088152
20240131_NOK,20240131,NOK,EUR,0.085708
20240131_GBP,20240131,GBP,EUR,1.186376
20240131_USD,20240131,USD,EUR,0.921348
20240201_EUR,20240201,EUR,EUR,0.996428
20240201_SEK,20240201,SEK,EUR,0.088821
20240201_NOK,20240201,NOK,EUR,0.086204
20240201_GBP,20240201,GBP,EUR,1.177942
20240201_USD,20240201,USD,EUR,0.92302
20240202_EUR,20240202,EUR,EUR,0.995127
20240202_SEK,20240202,SEK,EUR,0.088346
20240202_NOK,20240202,NOK,EUR,0.086498
20240202_GBP,20240202,GBP,EUR,1.180137
20240202_USD,20240202,USD,EUR,0.924432
20240203_EUR,20240203,EUR,EUR,1.002064
20240203_SEK,20240203,SEK,EUR,0.088362
20240203_NOK,20240203,NOK,EUR,0.086816
20240203_GBP,20240203,GBP,EUR,1.183546
20240203_USD,20240203,USD,EUR,0.916533
20240204_EUR,20240204,EUR,EUR,0.995552
20240204_SEK,20240204,SEK,EUR,0.087641
20240204_NOK,20240204,NOK,EUR,0.085967
20240204_GBP,20240204,GBP,EUR,1.187021
20240204_USD,20240204,USD,EUR,0.921273
20240205_EUR,20240205,EUR,EUR,1.004136
20240205_SEK,20240205,SEK,EUR,0.088006
20240205_NOK,20240205,NOK,EUR,0.086625
20240205_GBP,20240205,GBP,EUR,1.183432
20240205_USD,20240205,USD,EUR,0.932513
20240206_EUR,20240206,EUR,EUR,1.003128
20240206_SEK,20240206,SEK,EUR,0.087623
20240206_NOK,20240206,NOK,EUR,0.08554
20240206_GBP,20240206,GBP,EUR,1.187859
20240206_USD,20240206,USD,EUR,0.918972
20240207_EUR,20240207,EUR,EUR,1.00357
20240207_SEK,20240207,SEK,EUR,0.088208
20240207_NOK,20240207,NOK,EUR,0.085969
20240207_GBP,20240207,GBP,EUR,1.179983
20240207_USD,20240207,USD,EUR,0.913032
20240208_EUR,20240208,EUR,EUR,0.997767
20240208_SEK,20240208,SEK,EUR,0.088377
20240208_NOK,20240208,NOK,EUR,0.086092
20240208_GBP,20240208,GBP,EUR,1.177619
20240208_USD,20240208,USD,EUR,0.920797
20240209_EUR,20240209,EUR,EUR,1.001927
20240209_SEK,20240209,SEK,EUR,0.087611
20240209_NOK,20240209,NOK,EUR,0.086066
20240209_GBP,20240209,GBP,EUR,1.185345
20240209_USD,20240209,USD,EUR,0.914742
20240210_EUR,20240210,EUR,EUR,1.001789
20240210_SEK,20240210,SEK,EUR,0.088247
20240210_NOK,20240210,NOK,EUR,0.086466
20240210_GBP,20240210,GBP,EUR,1.191244
20240210_USD,20240210,USD,EUR,0.913663
20240211_EUR,20240211,EUR,EUR,0.995311
20240211_SEK,20240211,SEK,EUR,0.088227
20240211_NOK,20240211,NOK,EUR,0.086221
20240211_GBP,20240211,GBP,EUR,1.188052
20240211_USD,20240211,USD,EUR,0.937723
20240212_EUR,20240212,EUR,EUR,1.002854
20240212_SEK,20240212,SEK,EUR,0.0885
20240212_NOK,20240212,NOK,EUR,0.08641
20240212_GBP,20240212,GBP,EUR,1.188859
20240212_USD,20240212,USD,EUR,0.91855
20240213_EUR,20240213,EUR,EUR,1.003795
20240213_SEK,20240213,SEK,EUR,0.08766
20240213_NOK,20240213,NOK,EUR,0.085898
20240213_GBP,20240213,GBP,EUR,1.182124
20240213_USD,20240213,USD,EUR,0.920377
20240214_EUR,20240214,EUR,EUR,1.011573
20240214_SEK,20240214,SEK,EUR,0.087178
20240214_NOK,20240214,NOK,EUR,0.086295
20240214_GBP,20240214,GBP,EUR,1.175445
20240214_USD,20240214,USD,EUR,0.917829
20240215_EUR,20240215,EUR,EUR,1.005445
20240215_SEK,20240215,SEK,EUR,0.088028
20240215_NOK,20240215,NOK,EUR,0.085537
20240215_GBP,20240215,GBP,EUR,1.180762
20240215_USD,20240215,USD,EUR,0.923126
20240216_EUR,20240216,EUR,EUR,0.996348
20240216_SEK,20240216,SEK,EUR,0.088095
20240216_NOK,20240216,NOK,EUR,0.08602
20240216_GBP,20240216,GBP,EUR,1.181139
20240216_USD,20240216,USD,EUR,0.929862
20240217_EUR,20240217,EUR,EUR,1.00317
20240217_SEK,20240217,SEK,EUR,0.087109
20240217_NOK,20240217,NOK,EUR,0.08608
20240217_GBP,20240217,GBP,EUR,1.181079
20240217_USD,20240217,USD,EUR,0.923921
20240218_EUR,20240218,EUR,EUR,0.996037
20240218_SEK,20240218,SEK,EUR,0.08795
20240218_NOK,20240218,NOK,EUR,0.086217
20240218_GBP,20240218,GBP,EUR,1.19013
20240218_USD,20240218,USD,EUR,0.914479
20240219_EUR,20240219,EUR,EUR,0.998327
20240219_SEK,20240219,SEK,EUR,0.087791
20240219_NOK,20240219,NOK,EUR,0.085719
20240219_GBP,20240219,GBP,EUR,1.19546
20240219_USD,20240219,USD,EUR,0.921863
20240220_EUR,20240220,EUR,EUR,0.993696
20240220_SEK,20240220,SEK,EUR,0.088404
20240220_NOK,20240220,NOK,EUR,0.086913
20240220_GBP,20240220,GBP,EUR,1.191117
20240220_USD,20240220,USD,EUR,0.913011
20240221_EUR,20240221,EUR,EUR,0.997579
20240221_SEK,20240221,SEK,EUR,0.088557
20240221_NOK,20240221,NOK,EUR,0.085696
20240221_GBP,20240221,GBP,EUR,1.18763
20240221_USD,20240221,USD,EUR,0.923563
20240222_EUR,20240222,EUR,EUR,0.995365
20240222_SEK,20240222,SEK,EUR,0.087974
20240222_NOK,20240222,NOK,EUR,0.084606
20240222_GBP,20240222,GBP,EUR,1.178931
20240222_USD,20240222,USD,EUR,0.918838
20240223_EUR,20240223,EUR,EUR,0.993761
20240223_SEK,20240223,SEK,EUR,0.088718
20240223_NOK,20240223,NOK,EUR,0.085385
20240223_GBP,20240223,GBP,EUR,1.182393
20240223_USD,20240223,USD,EUR,0.920601
20240224_EUR,20240224,EUR,EUR,1.007206
20240224_SEK,20240224,SEK,EUR,0.087368
20240224_NOK,20240224,NOK,EUR,0.0865
20240224_GBP,20240224,GBP,EUR,1.185061
20240224_USD,20240224,USD,EUR,0.915485
20240225_EUR,20240225,EUR,EUR,1.002311
20240225_SEK,20240225,SEK,EUR,0.088088
20240225_NOK,20240225,NOK,EUR,0.085742
20240225_GBP,20240225,GBP,EUR,1.185414
20240225_USD,20240225,USD,EUR,0.918228
20240226_EUR,20240226,EUR,EUR,1.000568
20240226_SEK,20240226,SEK,EUR,0.088291
20240226_NOK,20240226,NOK,EUR,0.086682
20240226_GBP,20240226,GBP,EUR,1.177666
20240226_USD,20240226,USD,EUR,0.929812
20240227_EUR,20240227,EUR,EUR,0.99024
20240227_SEK,20240227,SEK,EUR,0.087933
20240227_NOK,20240227,NOK,EUR,0.086253
20240227_GBP,20240227,GBP,EUR,1.186665
20240227_USD,20240227,USD,EUR,0.917136
20240228_EUR,20240228,EUR,EUR,0.998959
20240228_SEK,20240228,SEK,EUR,0.087783
20240228_NOK,20240228,NOK,EUR,0.085747
20240228_GBP,20240228,GBP,EUR,1.190034
20240228_USD,20240228,USD,EUR,0.921642
20240229_EUR,20240229,EUR,EUR,0.996535
20240229_SEK,20240229,SEK,EUR,0.088396
20240229_NOK,20240229,NOK,EUR,0.086132
20240229_GBP,20240229,GBP,EUR,1.189816
20240229_USD,20240229,USD,EUR,0.922896
20240301_EUR,20240301,EUR,EUR,0.995855
20240301_SEK,20240301,SEK,EUR,0.087754
20240301_NOK,20240301,NOK,EUR,0.086321
20240301_GBP,20240301,GBP,EUR,1.188616
20240301_USD,20240301,USD,EUR,0.919904
20240302_EUR,20240302,EUR,EUR,1.000587
20240302_SEK,20240302,SEK,EUR,0.088562
20240302_NOK,20240302,NOK,EUR,0.085746
20240302_GBP,20240302,GBP,EUR,1.188242
20240302_USD,20240302,USD,EUR,0.91907
20240303_EUR,20240303,EUR,EUR,0.998912
20240303_SEK,20240303,SEK,EUR,0.088483
20240303_NOK,20240303,NOK,EUR,0.086355
20240303_GBP,20240303,GBP,EUR,1.18982
20240303_USD,20240303,USD,EUR,0.926005
20240304_EUR,20240304,EUR,EUR,1.000105
20240304_SEK,20240304,SEK,EUR,0.0883
20240304_NOK,20240304,NOK,EUR,0.085867
20240304_GBP,20240304,GBP,EUR,1.186921
20240304_USD,20240304,USD,EUR,0.919401
20240305_EUR,20240305,EUR,EUR,1.000485
20240305_SEK,20240305,SEK,EUR,0.088262
20240305_NOK,20240305,NOK,EUR,0.085648
20240305_GBP,20240305,GBP,EUR,1.197397
20240305_USD,20240305,USD,EUR,0.915372
20240306_EUR,20240306,EUR,EUR,0.993929
20240306_SEK,20240306,SEK,EUR,0.08851
20240306_NOK,20240306,NOK,EUR,0.08634
20240306_GBP,20240306,GBP,EUR,1.188698
20240306_USD,20240306,USD,EUR,0.92289
20240307_EUR,20240307,EUR,EUR,0.999939
20240307_SEK,20240307,SEK,EUR,0.087605
20240307_NOK,20240307,NOK,EUR,0.086033
20240307_GBP,20240307,GBP,EUR,1.180988
20240307_USD,20240307,USD,EUR,0.924486
20240308_EUR,20240308,EUR,EUR,0.999265
20240308_SEK,20240308,SEK,EUR,0.087637
20240308_NOK,20240308,NOK,EUR,0.085862
20240308_GBP,20240308,GBP,EUR,1.187447
20240308_USD,20240308,USD,EUR,0.917407
20240309_EUR,20240309,EUR,EUR,0.995889
20240309_SEK,20240309,SEK,EUR,0.088107
20240309_NOK,20240309,NOK,EUR,0.086105
20240309_GBP,20240309,GBP,EUR,1.181996
20240309_USD,20240309,USD,EUR,0.917833
20240310_EUR,20240310,EUR,EUR,1.00116
20240310_SEK,20240310,SEK,EUR,0.087363
20240310_NOK,20240310,NOK,EUR,0.085395
20240310_GBP,20240310,GBP,EUR,1.180743
20240310_USD,20240310,USD,EUR,0.919018
20240311_EUR,20240311,EUR,EUR,1.001555
20240311_SEK,20240311,SEK,EUR,0.088649
20240311_NOK,20240311,NOK,EUR,0.086369
20240311_GBP,20240311,GBP,EUR,1.184052
20240311_USD,20240311,USD,EUR,0.919913
20240312_EUR,20240312,EUR,EUR,0.994987
20240312_SEK,20240312,SEK,EUR,0.087992
20240312_NOK,20240312,NOK,EUR,0.085876
20240312_GBP,20240312,GBP,EUR,1.186912
20240312_USD,20240312,USD,EUR,0.916195
20240313_EUR,20240313,EUR,EUR,1.002597
20240313_SEK,20240313,SEK,EUR,0.088674
20240313_NOK,20240313,NOK,EUR,0.085953
20240313_GBP,20240313,GBP,EUR,1.18738
20240313_USD,20240313,USD,EUR,0.923175
20240314_EUR,20240314,EUR,EUR,0.997994
20240314_SEK,20240314,SEK,EUR,0.088099
20240314_NOK,20240314,NOK,EUR,0.086005
20240314_GBP,20240314,GBP,EUR,1.185579
20240314_USD,20240314,USD,EUR,0.916444
20240315_EUR,20240315,EUR,EUR,1.000123
20240315_SEK,20240315,SEK,EUR,0.088219
20240315_NOK,20240315,NOK,EUR,0.086624
20240315_GBP,20240315,GBP,EUR,1.190684
20240315_USD,20240315,USD,EUR,0.929905
20240316_EUR,20240316,EUR,EUR,0.996163
20240316_SEK,20240316,SEK,EUR,0.088384
20240316_NOK,20240316,NOK,EUR,0.086079
20240316_GBP,20240316,GBP,EUR,1.197975
20240316_USD,20240316,USD,EUR,0.916282
20240317_EUR,20240317,EUR,EUR,0.995801
20240317_SEK,20240317,SEK,EUR,0.087736
20240317_NOK,20240317,NOK,EUR,0.085087
20240317_GBP,20240317,GBP,EUR,1.181885
20240317_USD,20240317,USD,EUR,0.916508
20240318_EUR,20240318,EUR,EUR,1.000752
20240318_SEK,20240318,SEK,EUR,0.08815
20240318_NOK,20240318,NOK,EUR,0.086807
20240318_GBP,20240318,GBP,EUR,1.190631
20240318_USD,20240318,USD,EUR,0.917346
20240319_EUR,20240319,EUR,EUR,0.995508
20240319_SEK,20240319,SEK,EUR,0.088216
20240319_NOK,20240319,NOK,EUR,0.085432
20240319_GBP,20240319,GBP,EUR,1.195851
20240319_USD,20240319,USD,EUR,0.925425
20240320_EUR,20240320,EUR,EUR,0.997654
20240320_SEK,20240320,SEK,EUR,0.087246
20240320_NOK,20240320,NOK,EUR,0.086582
20240320_GBP,20240320,GBP,EUR,1.184321
20240320_USD,20240320,USD,EUR,0.925694
20240321_EUR,20240321,EUR,EUR,0.992028
20240321_SEK,20240321,SEK,EUR,0.087736
20240321_NOK,20240321,NOK,EUR,0.086002
20240321_GBP,20240321,GBP,EUR,1.185278
20240321_USD,20240321,USD,EUR,0.91793
20240322_EUR,20240322,EUR,EUR,1.003114
20240322_SEK,20240322,SEK,EUR,0.08753
20240322_NOK,20240322,NOK,EUR,0.085939
20240322_GBP,20240322,GBP,EUR,1.185713
20240322_USD,20240322,USD,EUR,0.922366
20240323_EUR,20240323,EUR,EUR,1.003558
20240323_SEK,20240323,SEK,EUR,0.087505
20240323_NOK,20240323,NOK,EUR,0.08534
20240323_GBP,20240323,GBP,EUR,1.19257
20240323_USD,20240323,USD,EUR,0.921529
20240324_EUR,20240324,EUR,EUR,0.996258
20240324_SEK,20240324,SEK,EUR,0.088683
20240324_NOK,20240324,NOK,EUR,0.08605
20240324_GBP,20240324,GBP,EUR,1.191987
20240324_USD,20240324,USD,EUR,0.920311
20240325_EUR,20240325,EUR,EUR,1.010304
20240325_SEK,20240325,SEK,EUR,0.088772
20240325_NOK,20240325,NOK,EUR,0.085893
20240325_GBP,20240325,GBP,EUR,1.190757
20240325_USD,20240325,USD,EUR,0.922969
20240326_EUR,20240326,EUR,EUR,1.006843
20240326_SEK,20240326,SEK,EUR,0.087575
20240326_NOK,20240326,NOK,EUR,0.086295
20240326_GBP,20240326,GBP,EUR,1.191271
20240326_USD,20240326,USD,EUR,0.91191
20240327_EUR,20240327,EUR,EUR,0.994084
20240327_SEK,20240327,SEK,EUR,0.087103
20240327_NOK,20240327,NOK,EUR,0.085884
20240327_GBP,20240327,GBP,EUR,1.189251
20240327_USD,20240327,USD,EUR,0.926911
20240328_EUR,20240328,EUR,EUR,1.00037
20240328_SEK,20240328,SEK,EUR,0.088717
20240328_NOK,20240328,NOK,EUR,0.085407
20240328_GBP,20240328,GBP,EUR,1.174907
20240328_USD,20240328,USD,EUR,0.919744
20240329_EUR,20240329,EUR,EUR,1.00192
20240329_SEK,20240329,SEK,EUR,0.087986
20240329_NOK,20240329,NOK,EUR,0.085111
20240329_GBP,20240329,GBP,EUR,1.184472
20240329_USD,20240329,USD,EUR,0.913999
20240330_EUR,20240330,EUR,EUR,1.003348
20240330_SEK,20240330,SEK,EUR,0.088161
20240330_NOK,20240330,NOK,EUR,0.085596
20240330_GBP,20240330,GBP,EUR,1.181955
20240330_USD,20240330,USD,EUR,0.915128
20240331_EUR,20240331,EUR,EUR,0.999687
20240331_SEK,20240331,SEK,EUR,0.08842
20240331_NOK,20240331,NOK,EUR,0.085576
20240331_GBP,20240331,GBP,EUR,1.187986
20240331_USD,20240331,USD,EUR,0.917561
20240401_EUR,20240401,EUR,EUR,0.996036
20240401_SEK,20240401,SEK,EUR,0.087953
20240401_NOK,20240401,NOK,EUR,0.085555
20240401_GBP,20240401,GBP,EUR,1.18172
20240401_USD,20240401,USD,EUR,0.91449
20240402_EUR,20240402,EUR,EUR,1.009824
20240402_SEK,20240402,SEK,EUR,0.088016
20240402_NOK,20240402,NOK,EUR,0.085699
20240402_GBP,20240402,GBP,EUR,1.186268
20240402_USD,20240402,USD,EUR,0.919483
20240403_EUR,20240403,EUR,EUR,0.998895
20240403_SEK,20240403,SEK,EUR,0.08827
20240403_NOK,20240403,NOK,EUR,0.086326
20240403_GBP,20240403,GBP,EUR,1.181857
20240403_USD,20240403,USD,EUR,0.917351
20240404_EUR,20240404,EUR,EUR,0.998625
20240404_SEK,20240404,SEK,EUR,0.086987
20240404_NOK,20240404,NOK,EUR,0.085348
20240404_GBP,20240404,GBP,EUR,1.193099
20240404_USD,20240404,USD,EUR,0.927567
20240405_EUR,20240405,EUR,EUR,0.998755
20240405_SEK,20240405,SEK,EUR,0.088254
20240405_NOK,20240405,NOK,EUR,0.086134
20240405_GBP,20240405,GBP,EUR,1.203242
20240405_USD,20240405,USD,EUR,0.92515
20240406_EUR,20240406,EUR,EUR,0.99936
20240406_SEK,20240406,SEK,EUR,0.08758
20240406_NOK,20240406,NOK,EUR,0.085309
20240406_GBP,20240406,GBP,EUR,1.186206
20240406_USD,20240406,USD,EUR,0.916521
20240407_EUR,20240407,EUR,EUR,0.992889
20240407_SEK,20240407,SEK,EUR,0.087716
20240407_NOK,20240407,NOK,EUR,0.085535
20240407_GBP,20240407,GBP,EUR,1.194996
20240407_USD,20240407,USD,EUR,0.924056
20240408_EUR,20240408,EUR,EUR,0.99996
20240408_SEK,20240408,SEK,EUR,0.088651
20240408_NOK,20240408,NOK,EUR,0.086033
20240408_GBP,20240408,GBP,EUR,1.179897
20240408_USD,20240408,USD,EUR,0.927006
20240409_EUR,20240409,EUR,EUR,1.002695
20240409_SEK,20240409,SEK,EUR,0.087544
20240409_NOK,20240409,NOK,EUR,0.085918
20240409_GBP,20240409,GBP,EUR,1.179812
20240409_USD,20240409,USD,EUR,0.913639
20240410_EUR,20240410,EUR,EUR,1.004631
20240410_SEK,20240410,SEK,EUR,0.08884
20240410_NOK,20240410,NOK,EUR,0.085399
20240410_GBP,20240410,GBP,EUR,1.188336
20240410_USD,20240410,USD,EUR,0.917007
20240411_EUR,20240411,EUR,EUR,0.997564
20240411_SEK,20240411,SEK,EUR,0.087739
20240411_NOK,20240411,NOK,EUR,0.085628
20240411_GBP,20240411,GBP,EUR,1.185287
20240411_USD,20240411,USD,EUR,0.916178
20240412_EUR,20240412,EUR,EUR,1.001352
20240412_SEK,20240412,SEK,EUR,0.087978
20240412_NOK,20240412,NOK,EUR,0.085897
20240412_GBP,20240412,GBP,EUR,1.179623
20240412_USD,20240412,USD,EUR,0.917347
20240413_EUR,20240413,EUR,EUR,1.003777
20240413_SEK,20240413,SEK,EUR,0.08822
20240413_NOK,20240413,NOK,EUR,0.08558
20240413_GBP,20240413,GBP,EUR,1.185589
20240413_USD,20240413,USD,EUR,0.923456
20240414_EUR,20240414,EUR,EUR,0.991653
20240414_SEK,20240414,SEK,EUR,0.088239
20240414_NOK,20240414,NOK,EUR,0.085715
20240414_GBP,20240414,GBP,EUR,1.188381
20240414_USD,20240414,USD,EUR,0.916489
20240415_EUR,20240415,EUR,EUR,0.990976
20240415_SEK,20240415,SEK,EUR,0.087284
20240415_NOK,20240415,NOK,EUR,0.086021
20240415_GBP,20240415,GBP,EUR,1.186539
20240415_USD,20240415,USD,EUR,0.91584
20240416_EUR,20240416,EUR,EUR,1.003193
20240416_SEK,20240416,SEK,EUR,0.087269
20240416_NOK,20240416,NOK,EUR,0.085972
20240416_GBP,20240416,GBP,EUR,1.177825
20240416_USD,20240416,USD,EUR,0.917002
20240417_EUR,20240417,EUR,EUR,1.000237
20240417_SEK,20240417,SEK,EUR,0.087621
20240417_NOK,20240417,NOK,EUR,0.085835
20240417_GBP,20240417,GBP,EUR,1.190962
20240417_USD,20240417,USD,EUR,0.917346
20240418_EUR,20240418,EUR,EUR,1.004178
20240418_SEK,20240418,SEK,EUR,0.087503
20240418_NOK,20240418,NOK,EUR,0.086228
20240418_GBP,20240418,GBP,EUR,1.193541
20240418_USD,20240418,USD,EUR,0.90863
20240419_EUR,20240419,EUR,EUR,0.996016
20240419_SEK,20240419,SEK,EUR,0.088254
20240419_NOK,20240419,NOK,EUR,0.085913
20240419_GBP,20240419,GBP,EUR,1.187199
20240419_USD,20240419,USD,EUR,0.917222
20240420_EUR,20240420,EUR,EUR,1.000433
20240420_SEK,20240420,SEK,EUR,0.087932
20240420_NOK,20240420,NOK,EUR,0.086502
20240420_GBP,20240420,GBP,EUR,1.186507
20240420_USD,20240420,USD,EUR,0.921553
20240421_EUR,20240421,EUR,EUR,0.997941
20240421_SEK,20240421,SEK,EUR,0.087785
20240421_NOK,20240421,NOK,EUR,0.085814
20240421_GBP,20240421,GBP,EUR,1.187337
20240421_USD,20240421,USD,EUR,0.918063
20240422_EUR,20240422,EUR,EUR,1.001449
20240422_SEK,20240422,SEK,EUR,0.088913
20240422_NOK,20240422,NOK,EUR,0.086375
20240422_GBP,20240422,GBP,EUR,1.183068
20240422_USD,20240422,USD,EUR,0.925526
20240423_EUR,20240423,EUR,EUR,0.99796
20240423_SEK,20240423,SEK,EUR,0.087103
20240423_NOK,20240423,NOK,EUR,0.085567
20240423_GBP,20240423,GBP,EUR,1.173916
20240423_USD,20240423,USD,EUR,0.918383
20240424_EUR,20240424,EUR,EUR,1.000092
20240424_SEK,20240424,SEK,EUR,0.088738
20240424_NOK,20240424,NOK,EUR,0.086141
20240424_GBP,20240424,GBP,EUR,1.183702
20240424_USD,20240424,USD,EUR,0.923815
20240425_EUR,20240425,EUR,EUR,0.988944
20240425_SEK,20240425,SEK,EUR,0.088104
20240425_NOK,20240425,NOK,EUR,0.086331
20240425_GBP,20240425,GBP,EUR,1.176239
20240425_USD,20240425,USD,EUR,0.925261
20240426_EUR,20240426,EUR,EUR,1.001692
20240426_SEK,20240426,SEK,EUR,0.087817
20240426_NOK,20240426,NOK,EUR,0.086272
20240426_GBP,20240426,GBP,EUR,1.198454
20240426_USD,20240426,USD,EUR,0.920837
20240427_EUR,20240427,EUR,EUR,1.001241
20240427_SEK,20240427,SEK,EUR,0.087798
20240427_NOK,20240427,NOK,EUR,0.085635
20240427_GBP,20240427,GBP,EUR,1.18992
20240427_USD,20240427,USD,EUR,0.916062
20240428_EUR,20240428,EUR,EUR,1.000358
20240428_SEK,20240428,SEK,EUR,0.08779
20240428_NOK,20240428,NOK,EUR,0.086206
20240428_GBP,20240428,GBP,EUR,1.186977
20240428_USD,20240428,USD,EUR,0.924773
20240429_EUR,20240429,EUR,EUR,0.99745
20240429_SEK,20240429,SEK,EUR,0.087881
20240429_NOK,20240429,NOK,EUR,0.085579
20240429_GBP,20240429,GBP,EUR,1.182368
20240429_USD,20240429,USD,EUR,0.921736
20240430_EUR,20240430,EUR,EUR,1.003785
20240430_SEK,20240430,SEK,EUR,0.087594
20240430_NOK,20240430,NOK,EUR,0.086374
20240430_GBP,20240430,GBP,EUR,1.193032
20240430_USD,20240430,USD,EUR,0.921902
20240501_EUR,20240501,EUR,EUR,1.009384
20240501_SEK,20240501,SEK,EUR,0.08766
20240501_NOK,20240501,NOK,EUR,0.085465
20240501_GBP,20240501,GBP,EUR,1.174461
20240501_USD,20240501,USD,EUR,0.926882
20240502_EUR,20240502,EUR,EUR,1.003272
20240502_SEK,20240502,SEK,EUR,0.087976
20240502_NOK,20240502,NOK,EUR,0.08612
20240502_GBP,20240502,GBP,EUR,1.178331
20240502_USD,20240502,USD,EUR,0.93125
20240503_EUR,20240503,EUR,EUR,1.000646
20240503_SEK,20240503,SEK,EUR,0.088048
20240503_NOK,20240503,NOK,EUR,0.086312
20240503_GBP,20240503,GBP,EUR,1.18785
20240503_USD,20240503,USD,EUR,0.92103
20240504_EUR,20240504,EUR,EUR,0.996048
20240504_SEK,20240504,SEK,EUR,0.088207
20240504_NOK,20240504,NOK,EUR,0.086809
20240504_GBP,20240504,GBP,EUR,1.192972
20240504_USD,20240504,USD,EUR,0.927329
20240505_EUR,20240505,EUR,EUR,0.997444
20240505_SEK,20240505,SEK,EUR,0.087565
20240505_NOK,20240505,NOK,EUR,0.085946
20240505_GBP,20240505,GBP,EUR,1.18533
20240505_USD,20240505,USD,EUR,0.925033
20240506_EUR,20240506,EUR,EUR,0.991538
20240506_SEK,20240506,SEK,EUR,0.088673
20240506_NOK,20240506,NOK,EUR,0.085932
20240506_GBP,20240506,GBP,EUR,1.182471
20240506_USD,20240506,USD,EUR,0.915344
20240507_EUR,20240507,EUR,EUR,0.991726
20240507_SEK,20240507,SEK,EUR,0.088362
20240507_NOK,20240507,NOK,EUR,0.086032
20240507_GBP,20240507,GBP,EUR,1.177357
20240507_USD,20240507,USD,EUR,0.914043
20240508_EUR,20240508,EUR,EUR,0.998321
20240508_SEK,20240508,SEK,EUR,0.088734
20240508_NOK,20240508,NOK,EUR,0.085888
20240508_GBP,20240508,GBP,EUR,1.176094
20240508_USD,20240508,USD,EUR,0.91887
20240509_EUR,20240509,EUR,EUR,0.998636
20240509_SEK,20240509,SEK,EUR,0.086813
20240509_NOK,20240509,NOK,EUR,0.085977
20240509_GBP,20240509,GBP,EUR,1.183632
20240509_USD,20240509,USD,EUR,0.923203
20240510_EUR,20240510,EUR,EUR,1.009245
20240510_SEK,20240510,SEK,EUR,0.088496
20240510_NOK,20240510,NOK,EUR,0.085884
20240510_GBP,20240510,GBP,EUR,1.178444
20240510_USD,20240510,USD,EUR,0.931837
20240511_EUR,20240511,EUR,EUR,1.000296
20240511_SEK,20240511,SEK,EUR,0.088006
20240511_NOK,20240511,NOK,EUR,0.08599
20240511_GBP,20240511,GBP,EUR,1.186174
20240511_USD,20240511,USD,EUR,0.919336
20240512_EUR,20240512,EUR,EUR,0.997132
20240512_SEK,20240512,SEK,EUR,0.087759
20240512_NOK,20240512,NOK,EUR,0.085986
20240512_GBP,20240512,GBP,EUR,1.18178
20240512_USD,20240512,USD,EUR,0.916721
20240513_EUR,20240513,EUR,EUR,1.000532
20240513_SEK,20240513,SEK,EUR,0.087888
20240513_NOK,20240513,NOK,EUR,0.086647
20240513_GBP,20240513,GBP,EUR,1.169293
20240513_USD,20240513,USD,EUR,0.925021
20240514_EUR,20240514,EUR,EUR,1.00623
20240514_SEK,20240514,SEK,EUR,0.087088
20240514_NOK,20240514,NOK,EUR,0.085853
20240514_GBP,20240514,GBP,EUR,1.182799
20240514_USD,20240514,USD,EUR,0.913525
20240515_EUR,20240515,EUR,EUR,0.996111
20240515_SEK,20240515,SEK,EUR,0.087511
20240515_NOK,20240515,NOK,EUR,0.086753
20240515_GBP,20240515,GBP,EUR,1.190544
20240515_USD,20240515,USD,EUR,0.925849
20240516_EUR,20240516,EUR,EUR,1.003608
20240516_SEK,20240516,SEK,EUR,0.087503
20240516_NOK,20240516,NOK,EUR,0.085774
20240516_GBP,20240516,GBP,EUR,1.1879
20240516_USD,20240516,USD,EUR,0.914378
20240517_EUR,20240517,EUR,EUR,1.003565
20240517_SEK,20240517,SEK,EUR,0.087894
20240517_NOK,20240517,NOK,EUR,0.085839
20240517_GBP,20240517,GBP,EUR,1.189212
20240517_USD,20240517,USD,EUR,0.922044
20240518_EUR,20240518,EUR,EUR,0.998195
20240518_SEK,20240518,SEK,EUR,0.08851
20240518_NOK,20240518,NOK,EUR,0.085535
20240518_GBP,20240518,GBP,EUR,1.188649
20240518_USD,20240518,USD,EUR,0.922728
20240519_EUR,20240519,EUR,EUR,0.998452
20240519_SEK,20240519,SEK,EUR,0.088143
20240519_NOK,20240519,NOK,EUR,0.085462
20240519_GBP,20240519,GBP,EUR,1.190475
20240519_USD,20240519,USD,EUR,0.919149
20240520_EUR,20240520,EUR,EUR,0.997386
20240520_SEK,20240520,SEK,EUR,0.088462
20240520_NOK,20240520,NOK,EUR,0.085697
20240520_GBP,20240520,GBP,EUR,1.176655
20240520_USD,20240520,USD,EUR,0.91284
20240521_EUR,20240521,EUR,EUR,1.00303
20240521_SEK,20240521,SEK,EUR,0.087437
20240521_NOK,20240521,NOK,EUR,0.086755
20240521_GBP,20240521,GBP,EUR,1.172665
20240521_USD,20240521,USD,EUR,0.927804
20240522_EUR,20240522,EUR,EUR,1.001055
20240522_SEK,20240522,SEK,EUR,0.087957
20240522_NOK,20240522,NOK,EUR,0.085766
20240522_GBP,20240522,GBP,EUR,1.187365
20240522_USD,20240522,USD,EUR,0.919827
20240523_EUR,20240523,EUR,EUR,1.005517
20240523_SEK,20240523,SEK,EUR,0.08805
20240523_NOK,20240523,NOK,EUR,0.086065
20240523_GBP,20240523,GBP,EUR,1.182846
20240523_USD,20240523,USD,EUR,0.919738
20240524_EUR,20240524,EUR,EUR,1.001539
20240524_SEK,20240524,SEK,EUR,0.087248
20240524_NOK,20240524,NOK,EUR,0.08542
20240524_GBP,20240524,GBP,EUR,1.189404
20240524_USD,20240524,USD,EUR,0.920786
20240525_EUR,20240525,EUR,EUR,0.99908
20240525_SEK,20240525,SEK,EUR,0.088008
20240525_NOK,20240525,NOK,EUR,0.086149
20240525_GBP,20240525,GBP,EUR,1.181802
20240525_USD,20240525,USD,EUR,0.91642
20240526_EUR,20240526,EUR,EUR,1.000979
20240526_SEK,20240526,SEK,EUR,0.08757
20240526_NOK,20240526,NOK,EUR,0.086176
20240526_GBP,20240526,GBP,EUR,1.174912
20240526_USD,20240526,USD,EUR,0.924734
20240527_EUR,20240527,EUR,EUR,1.002363
20240527_SEK,20240527,SEK,EUR,0.088113
20240527_NOK,20240527,NOK,EUR,0.086423
20240527_GBP,20240527,GBP,EUR,1.194868
20240527_USD,20240527,USD,EUR,0.924666
20240528_EUR,20240528,EUR,EUR,0.990796
20240528_SEK,20240528,SEK,EUR,0.087437
20240528_NOK,20240528,NOK,EUR,0.085731
20240528_GBP,20240528,GBP,EUR,1.185155
20240528_USD,20240528,USD,EUR,0.922381
20240529_EUR,20240529,EUR,EUR,0.996371
20240529_SEK,20240529,SEK,EUR,0.088082
20240529_NOK,20240529,NOK,EUR,0.085675
20240529_GBP,20240529,GBP,EUR,1.181377
20240529_USD,20240529,USD,EUR,0.913529
20240530_EUR,20240530,EUR,EUR,0.995384
20240530_SEK,20240530,SEK,EUR,0.087405
20240530_NOK,20240530,NOK,EUR,0.08558
20240530_GBP,20240530,GBP,EUR,1.191243
20240530_USD,20240530,USD,EUR,0.915633
20240531_EUR,20240531,EUR,EUR,1.013162
20240531_SEK,20240531,SEK,EUR,0.088217
20240531_NOK,20240531,NOK,EUR,0.086079
20240531_GBP,20240531,GBP,EUR,1.179914
20240531_USD,20240531,USD,EUR,0.923221
20240601_EUR,20240601,EUR,EUR,0.997122
20240601_SEK,20240601,SEK,EUR,0.088054
20240601_NOK,20240601,NOK,EUR,0.087101
20240601_GBP,20240601,GBP,EUR,1.184431
20240601_USD,20240601,USD,EUR,0.925287
20240602_EUR,20240602,EUR,EUR,0.996484
20240602_SEK,20240602,SEK,EUR,0.087985
20240602_NOK,20240602,NOK,EUR,0.086761
20240602_GBP,20240602,GBP,EUR,1.181285
20240602_USD,20240602,USD,EUR,0.928337
20240603_EUR,20240603,EUR,EUR,1.003539
20240603_SEK,20240603,SEK,EUR,0.087753
20240603_NOK,20240603,NOK,EUR,0.086272
20240603_GBP,20240603,GBP,EUR,1.190762
20240603_USD,20240603,USD,EUR,0.92286
20240604_EUR,20240604,EUR,EUR,0.992149
20240604_SEK,20240604,SEK,EUR,0.08768
20240604_NOK,20240604,NOK,EUR,0.085894
20240604_GBP,20240604,GBP,EUR,1.184559
20240604_USD,20240604,USD,EUR,0.922855
20240605_EUR,20240605,EUR,EUR,1.000889
20240605_SEK,20240605,SEK,EUR,0.087412
20240605_NOK,20240605,NOK,EUR,0.086163
20240605_GBP,20240605,GBP,EUR,1.188618
20240605_USD,20240605,USD,EUR,0.922575
20240606_EUR,20240606,EUR,EUR,1.005404
20240606_SEK,20240606,SEK,EUR,0.088367
20240606_NOK,20240606,NOK,EUR,0.086197
20240606_GBP,20240606,GBP,EUR,1.184584
20240606_USD,20240606,USD,EUR,0.91236
20240607_EUR,20240607,EUR,EUR,1.002148
20240607_SEK,20240607,SEK,EUR,0.088091
20240607_NOK,20240607,NOK,EUR,0.086117
20240607_GBP,20240607,GBP,EUR,1.177435
20240607_USD,20240607,USD,EUR,0.915027
20240608_EUR,20240608,EUR,EUR,1.005266
20240608_SEK,20240608,SEK,EUR,0.087983
20240608_NOK,20240608,NOK,EUR,0.086293
20240608_GBP,20240608,GBP,EUR,1.185168
20240608_USD,20240608,USD,EUR,0.920137
20240609_EUR,20240609,EUR,EUR,1.004691
20240609_SEK,20240609,SEK,EUR,0.087773
20240609_NOK,20240609,NOK,EUR,0.086041
20240609_GBP,20240609,GBP,EUR,1.182261
20240609_USD,20240609,USD,EUR,0.918001
20240610_EUR,20240610,EUR,EUR,0.998454
20240610_SEK,20240610,SEK,EUR,0.088098
20240610_NOK,20240610,NOK,EUR,0.085794
20240610_GBP,20240610,GBP,EUR,1.19244
20240610_USD,20240610,USD,EUR,0.915885
20240611_EUR,20240611,EUR,EUR,0.999066
20240611_SEK,20240611,SEK,EUR,0.087807
20240611_NOK,20240611,NOK,EUR,0.086622
20240611_GBP,20240611,GBP,EUR,1.186165
20240611_USD,20240611,USD,EUR,0.924746
20240612_EUR,20240612,EUR,EUR,0.992572
20240612_SEK,20240612,SEK,EUR,0.088118
20240612_NOK,20240612,NOK,EUR,0.086383
20240612_GBP,20240612,GBP,EUR,1.185488
20240612_USD,20240612,USD,EUR,0.924901
20240613_EUR,20240613,EUR,EUR,0.997414
20240613_SEK,20240613,SEK,EUR,0.08862
20240613_NOK,20240613,NOK,EUR,0.086989
20240613_GBP,20240613,GBP,EUR,1.18285
20240613_USD,20240613,USD,EUR,0.917951
20240614_EUR,20240614,EUR,EUR,1.007267
20240614_SEK,20240614,SEK,EUR,0.088695
20240614_NOK,20240614,NOK,EUR,0.085775
20240614_GBP,20240614,GBP,EUR,1.18251
20240614_USD,20240614,USD,EUR,0.918704
20240615_EUR,20240615,EUR,EUR,0.993278
20240615_SEK,20240615,SEK,EUR,0.087596
20240615_NOK,20240615,NOK,EUR,0.085568
20240615_GBP,20240615,GBP,EUR,1.180451
20240615_USD,20240615,USD,EUR,0.91984
20240616_EUR,20240616,EUR,EUR,1.001171
20240616_SEK,20240616,SEK,EUR,0.088682
20240616_NOK,20240616,NOK,EUR,0.085571
20240616_GBP,20240616,GBP,EUR,1.190832
20240616_USD,20240616,USD,EUR,0.919016
20240617_EUR,20240617,EUR,EUR,0.999753
20240617_SEK,20240617,SEK,EUR,0.088297
20240617_NOK,20240617,NOK,EUR,0.085517
20240617_GBP,20240617,GBP,EUR,1.187266
20240617_USD,20240617,USD,EUR,0.920766
20240618_EUR,20240618,EUR,EUR,1.002462
20240618_SEK,20240618,SEK,EUR,0.088127
20240618_NOK,20240618,NOK,EUR,0.087056
20240618_GBP,20240618,GBP,EUR,1.181221
20240618_USD,20240618,USD,EUR,0.917557
20240619_EUR,20240619,EUR,EUR,0.996884
20240619_SEK,20240619,SEK,EUR,0.087756
20240619_NOK,20240619,NOK,EUR,0.085726
20240619_GBP,20240619,GBP,EUR,1.192045
20240619_USD,20240619,USD,EUR,0.926534
20240620_EUR,20240620,EUR,EUR,0.997146
20240620_SEK,20240620,SEK,EUR,0.087634
20240620_NOK,20240620,NOK,EUR,0.086203
20240620_GBP,20240620,GBP,EUR,1.181728
20240620_USD,20240620,USD,EUR,0.922911
20240621_EUR,20240621,EUR,EUR,1.001015
20240621_SEK,20240621,SEK,EUR,0.087333
20240621_NOK,20240621,NOK,EUR,0.086665
20240621_GBP,20240621,GBP,EUR,1.195641
20240621_USD,20240621,USD,EUR,0.917181
20240622_EUR,20240622,EUR,EUR,0.998061
20240622_SEK,20240622,SEK,EUR,0.088126
20240622_NOK,20240622,NOK,EUR,0.086144
20240622_GBP,20240622,GBP,EUR,1.188902
20240622_USD,20240622,USD,EUR,0.929247
20240623_EUR,20240623,EUR,EUR,0.999115
20240623_SEK,20240623,SEK,EUR,0.087649
20240623_NOK,20240623,NOK,EUR,0.085407
20240623_GBP,20240623,GBP,EUR,1.180669
20240623_USD,20240623,USD,EUR,0.919848
20240624_EUR,20240624,EUR,EUR,1.008973
20240624_SEK,20240624,SEK,EUR,0.087772
20240624_NOK,20240624,NOK,EUR,0.086096
20240624_GBP,20240624,GBP,EUR,1.184903
20240624_USD,20240624,USD,EUR,0.925467
20240625_EUR,20240625,EUR,EUR,1.012635
20240625_SEK,20240625,SEK,EUR,0.087766
20240625_NOK,20240625,NOK,EUR,0.08579
20240625_GBP,20240625,GBP,EUR,1.191187
20240625_USD,20240625,USD,EUR,0.923137
20240626_EUR,20240626,EUR,EUR,1.009234
20240626_SEK,20240626,SEK,EUR,0.088257
20240626_NOK,20240626,NOK,EUR,0.085846
20240626_GBP,20240626,GBP,EUR,1.1885
20240626_USD,20240626,USD,EUR,0.9251
20240627_EUR,20240627,EUR,EUR,1.004102
20240627_SEK,20240627,SEK,EUR,0.088223
20240627_NOK,20240627,NOK,EUR,0.086459
20240627_GBP,20240627,GBP,EUR,1.191928
20240627_USD,20240627,USD,EUR,0.926358
20240628_EUR,20240628,EUR,EUR,1.003244
20240628_SEK,20240628,SEK,EUR,0.087926
20240628_NOK,20240628,NOK,EUR,0.086063
20240628_GBP,20240628,GBP,EUR,1.192149
20240628_USD,20240628,USD,EUR,0.916242
20240629_EUR,20240629,EUR,EUR,1.001843
20240629_SEK,20240629,SEK,EUR,0.087827
20240629_NOK,20240629,NOK,EUR,0.086012
20240629_GBP,20240629,GBP,EUR,1.192575
20240629_USD,20240629,USD,EUR,0.920879
20240630_EUR,20240630,EUR,EUR,1.000232
20240630_SEK,20240630,SEK,EUR,0.087402
20240630_NOK,20240630,NOK,EUR,0.086321
20240630_GBP,20240630,GBP,EUR,1.188824
20240630_USD,20240630,USD,EUR,0.929951
20240701_EUR,20240701,EUR,EUR,0.998461
20240701_SEK,20240701,SEK,EUR,0.088096
20240701_NOK,20240701,NOK,EUR,0.086107
20240701_GBP,20240701,GBP,EUR,1.194346
20240701_USD,20240701,USD,EUR,0.919562
20240702_EUR,20240702,EUR,EUR,1.001395
20240702_SEK,20240702,SEK,EUR,0.088267
20240702_NOK,20240702,NOK,EUR,0.08608
20240702_GBP,20240702,GBP,EUR,1.182355
20240702_USD,20240702,USD,EUR,0.920893
20240703_EUR,20240703,EUR,EUR,1.005368
20240703_SEK,20240703,SEK,EUR,0.087548
20240703_NOK,20240703,NOK,EUR,0.086057
20240703_GBP,20240703,GBP,EUR,1.180852
20240703_USD,20240703,USD,EUR,0.925497
20240704_EUR,20240704,EUR,EUR,0.992384
20240704_SEK,20240704,SEK,EUR,0.087754
20240704_NOK,20240704,NOK,EUR,0.086162
20240704_GBP,20240704,GBP,EUR,1.194276
20240704_USD,20240704,USD,EUR,0.919698
20240705_EUR,20240705,EUR,EUR,0.997224
20240705_SEK,20240705,SEK,EUR,0.088828
20240705_NOK,20240705,NOK,EUR,0.085377
20240705_GBP,20240705,GBP,EUR,1.171972
20240705_USD,20240705,USD,EUR,0.922024
20240706_EUR,20240706,EUR,EUR,0.99749
20240706_SEK,20240706,SEK,EUR,0.087551
20240706_NOK,20240706,NOK,EUR,0.086305
20240706_GBP,20240706,GBP,EUR,1.186445
20240706_USD,20240706,USD,EUR,0.917405
20240707_EUR,20240707,EUR,EUR,0.993598
20240707_SEK,20240707,SEK,EUR,0.088384
20240707_NOK,20240707,NOK,EUR,0.08628
20240707_GBP,20240707,GBP,EUR,1.184412
20240707_USD,20240707,USD,EUR,0.928495
20240708_EUR,20240708,EUR,EUR,0.99465
20240708_SEK,20240708,SEK,EUR,0.087329
20240708_NOK,20240708,NOK,EUR,0.085702
20240708_GBP,20240708,GBP,EUR,1.18473
20240708_USD,20240708,USD,EUR,0.921119
20240709_EUR,20240709,EUR,EUR,0.998794
20240709_SEK,20240709,SEK,EUR,0.088155
20240709_NOK,20240709,NOK,EUR,0.085462
20240709_GBP,20240709,GBP,EUR,1.193554
20240709_USD,20240709,USD,EUR,0.919622
20240710_EUR,20240710,EUR,EUR,1.005586
20240710_SEK,20240710,SEK,EUR,0.088151
20240710_NOK,20240710,NOK,EUR,0.086196
20240710_GBP,20240710,GBP,EUR,1.188376
20240710_USD,20240710,USD,EUR,0.922059
20240711_EUR,20240711,EUR,EUR,1.003214
20240711_SEK,20240711,SEK,EUR,0.088585
20240711_NOK,20240711,NOK,EUR,0.086085
20240711_GBP,20240711,GBP,EUR,1.189201
20240711_USD,20240711,USD,EUR,0.919587
20240712_EUR,20240712,EUR,EUR,1.007201
20240712_SEK,20240712,SEK,EUR,0.087702
20240712_NOK,20240712,NOK,EUR,0.086774
20240712_GBP,20240712,GBP,EUR,1.184762
20240712_USD,20240712,USD,EUR,0.913418
20240713_EUR,20240713,EUR,EUR,1.000641
20240713_SEK,20240713,SEK,EUR,0.0877
20240713_NOK,20240713,NOK,EUR,0.086361
20240713_GBP,20240713,GBP,EUR,1.181133
20240713_USD,20240713,USD,EUR,0.917948
20240714_EUR,20240714,EUR,EUR,0.990552
20240714_SEK,20240714,SEK,EUR,0.087801
20240714_NOK,20240714,NOK,EUR,0.084958
20240714_GBP,20240714,GBP,EUR,1.175615
20240714_USD,20240714,USD,EUR,0.923498
20240715_EUR,20240715,EUR,EUR,1.003929
20240715_SEK,20240715,SEK,EUR,0.088187
20240715_NOK,20240715,NOK,EUR,0.085584
20240715_GBP,20240715,GBP,EUR,1.184717
20240715_USD,20240715,USD,EUR,0.919983
20240716_EUR,20240716,EUR,EUR,0.994208
20240716_SEK,20240716,SEK,EUR,0.088661
20240716_NOK,20240716,NOK,EUR,0.086377
20240716_GBP,20240716,GBP,EUR,1.183691
20240716_USD,20240716,USD,EUR,0.920124
20240717_EUR,20240717,EUR,EUR,1.001042
20240717_SEK,20240717,SEK,EUR,0.087102
20240717_NOK,20240717,NOK,EUR,0.085894
20240717_GBP,20240717,GBP,EUR,1.180959
20240717_USD,20240717,USD,EUR,0.915393
20240718_EUR,20240718,EUR,EUR,0.998594
20240718_SEK,20240718,SEK,EUR,0.088791
20240718_NOK,20240718,NOK,EUR,0.086276
20240718_GBP,20240718,GBP,EUR,1.181616
20240718_USD,20240718,USD,EUR,0.922634
20240719_EUR,20240719,EUR,EUR,1.006997
20240719_SEK,20240719,SEK,EUR,0.088407
20240719_NOK,20240719,NOK,EUR,0.086026
20240719_GBP,20240719,GBP,EUR,1.181167
20240719_USD,20240719,USD,EUR,0.923212
20240720_EUR,20240720,EUR,EUR,1.001967
20240720_SEK,20240720,SEK,EUR,0.088394
20240720_NOK,20240720,NOK,EUR,0.086273
20240720_GBP,20240720,GBP,EUR,1.191219
20240720_USD,20240720,USD,EUR,0.917538
20240721_EUR,20240721,EUR,EUR,1.006587
20240721_SEK,20240721,SEK,EUR,0.088087
20240721_NOK,20240721,NOK,EUR,0.086892
20240721_GBP,20240721,GBP,EUR,1.180917
20240721_USD,20240721,USD,EUR,0.927985
20240722_EUR,20240722,EUR,EUR,1.00099
20240722_SEK,20240722,SEK,EUR,0.087713
20240722_NOK,20240722,NOK,EUR,0.085792
20240722_GBP,20240722,GBP,EUR,1.183102
20240722_USD,20240722,USD,EUR,0.921951
20240723_EUR,20240723,EUR,EUR,1.002614
20240723_SEK,20240723,SEK,EUR,0.087748
20240723_NOK,20240723,NOK,EUR,0.08599
20240723_GBP,20240723,GBP,EUR,1.197693
20240723_USD,20240723,USD,EUR,0.927947
20240724_EUR,20240724,EUR,EUR,1.002182
20240724_SEK,20240724,SEK,EUR,0.088017
20240724_NOK,20240724,NOK,EUR,0.086052
20240724_GBP,20240724,GBP,EUR,1.188635
20240724_USD,20240724,USD,EUR,0.915295
20240725_EUR,20240725,EUR,EUR,0.998713
20240725_SEK,20240725,SEK,EUR,0.087266
20240725_NOK,20240725,NOK,EUR,0.086172
20240725_GBP,20240725,GBP,EUR,1.188835
20240725_USD,20240725,USD,EUR,0.917777
20240726_EUR,20240726,EUR,EUR,1.00787
20240726_SEK,20240726,SEK,EUR,0.087461
20240726_NOK,20240726,NOK,EUR,0.08537
20240726_GBP,20240726,GBP,EUR,1.18633
20240726_USD,20240726,USD,EUR,0.924817
20240727_EUR,20240727,EUR,EUR,1.00842
20240727_SEK,20240727,SEK,EUR,0.087798
20240727_NOK,20240727,NOK,EUR,0.086464
20240727_GBP,20240727,GBP,EUR,1.184772
20240727_USD,20240727,USD,EUR,0.919206
20240728_EUR,20240728,EUR,EUR,1.004418
20240728_SEK,20240728,SEK,EUR,0.088287
20240728_NOK,20240728,NOK,EUR,0.085322
20240728_GBP,20240728,GBP,EUR,1.193749
20240728_USD,20240728,USD,EUR,0.926348
20240729_EUR,20240729,EUR,EUR,0.996872
20240729_SEK,20240729,SEK,EUR,0.088174
20240729_NOK,20240729,NOK,EUR,0.086212
20240729_GBP,20240729,GBP,EUR,1.186544
20240729_USD,20240729,USD,EUR,0.917469
20240730_EUR,20240730,EUR,EUR,0.996642
20240730_SEK,20240730,SEK,EUR,0.087989
20240730_NOK,20240730,NOK,EUR,0.086504
20240730_GBP,20240730,GBP,EUR,1.188221
20240730_USD,20240730,USD,EUR,0.918295
20240731_EUR,20240731,EUR,EUR,1.003858
20240731_SEK,20240731,SEK,EUR,0.086747
20240731_NOK,20240731,NOK,EUR,0.086494
20240731_GBP,20240731,GBP,EUR,1.174692
20240731_USD,20240731,USD,EUR,0.918333
20240801_EUR,20240801,EUR,EUR,0.994402
20240801_SEK,20240801,SEK,EUR,0.08743
20240801_NOK,20240801,NOK,EUR,0.086499
20240801_GBP,20240801,GBP,EUR,1.182229
20240801_USD,20240801,USD,EUR,0.921594
20240802_EUR,20240802,EUR,EUR,0.999765
20240802_SEK,20240802,SEK,EUR,0.08821
20240802_NOK,20240802,NOK,EUR,0.086033
20240802_GBP,20240802,GBP,EUR,1.177398
20240802_USD,20240802,USD,EUR,0.924583
20240803_EUR,20240803,EUR,EUR,0.997531
20240803_SEK,20240803,SEK,EUR,0.087315
20240803_NOK,20240803,NOK,EUR,0.085816
20240803_GBP,20240803,GBP,EUR,1.193892
20240803_USD,20240803,USD,EUR,0.923911
20240804_EUR,20240804,EUR,EUR,0.998257
20240804_SEK,20240804,SEK,EUR,0.087846
20240804_NOK,20240804,NOK,EUR,0.085862
20240804_GBP,20240804,GBP,EUR,1.197305
20240804_USD,20240804,USD,EUR,0.921757
20240805_EUR,20240805,EUR,EUR,1.00215
20240805_SEK,20240805,SEK,EUR,0.088453
20240805_NOK,20240805,NOK,EUR,0.086103
20240805_GBP,20240805,GBP,EUR,1.183465
20240805_USD,20240805,USD,EUR,0.919097
20240806_EUR,20240806,EUR,EUR,0.999642
20240806_SEK,20240806,SEK,EUR,0.087984
20240806_NOK,20240806,NOK,EUR,0.086313
20240806_GBP,20240806,GBP,EUR,1.185308
20240806_USD,20240806,USD,EUR,0.92337
20240807_EUR,20240807,EUR,EUR,0.999596
20240807_SEK,20240807,SEK,EUR,0.088035
20240807_NOK,20240807,NOK,EUR,0.085141
20240807_GBP,20240807,GBP,EUR,1.190429
20240807_USD,20240807,USD,EUR,0.921594
20240808_EUR,20240808,EUR,EUR,1.00499
20240808_SEK,20240808,SEK,EUR,0.086726
20240808_NOK,20240808,NOK,EUR,0.086898
20240808_GBP,20240808,GBP,EUR,1.184173
20240808_USD,20240808,USD,EUR,0.925098
20240809_EUR,20240809,EUR,EUR,0.9948
20240809_SEK,20240809,SEK,EUR,0.08827
20240809_NOK,20240809,NOK,EUR,0.085547
20240809_GBP,20240809,GBP,EUR,1.181304
20240809_USD,20240809,USD,EUR,0.928805
20240810_EUR,20240810,EUR,EUR,0.999047
20240810_SEK,20240810,SEK,EUR,0.088096
20240810_NOK,20240810,NOK,EUR,0.086374
20240810_GBP,20240810,GBP,EUR,1.187937
20240810_USD,20240810,USD,EUR,0.920692
20240811_EUR,20240811,EUR,EUR,1.001825
20240811_SEK,20240811,SEK,EUR,0.089058
20240811_NOK,20240811,NOK,EUR,0.085975
20240811_GBP,20240811,GBP,EUR,1.186192
20240811_USD,20240811,USD,EUR,0.924833
20240812_EUR,20240812,EUR,EUR,1.005528
20240812_SEK,20240812,SEK,EUR,0.088522
20240812_NOK,20240812,NOK,EUR,0.086275
20240812_GBP,20240812,GBP,EUR,1.178228
20240812_USD,20240812,USD,EUR,0.927514
20240813_EUR,20240813,EUR,EUR,0.994268
20240813_SEK,20240813,SEK,EUR,0.088133
20240813_NOK,20240813,NOK,EUR,0.085676
20240813_GBP,20240813,GBP,EUR,1.18462
20240813_USD,20240813,USD,EUR,0.921512
20240814_EUR,20240814,EUR,EUR,1.001607
20240814_SEK,20240814,SEK,EUR,0.088186
20240814_NOK,20240814,NOK,EUR,0.086694
20240814_GBP,20240814,GBP,EUR,1.187687
20240814_USD,20240814,USD,EUR,0.918877
20240815_EUR,20240815,EUR,EUR,1.00482
20240815_SEK,20240815,SEK,EUR,0.088523
20240815_NOK,20240815,NOK,EUR,0.085472
20240815_GBP,20240815,GBP,EUR,1.18854
20240815_USD,20240815,USD,EUR,0.923225
20240816_EUR,20240816,EUR,EUR,0.998512
20240816_SEK,20240816,SEK,EUR,0.088605
20240816_NOK,20240816,NOK,EUR,0.085935
20240816_GBP,20240816,GBP,EUR,1.185744
20240816_USD,20240816,USD,EUR,0.919204
20240817_EUR,20240817,EUR,EUR,1.000078
20240817_SEK,20240817,SEK,EUR,0.087518
20240817_NOK,20240817,NOK,EUR,0.085381
20240817_GBP,20240817,GBP,EUR,1.194447
20240817_USD,20240817,USD,EUR,0.916104
20240818_EUR,20240818,EUR,EUR,0.995043
20240818_SEK,20240818,SEK,EUR,0.087053
20240818_NOK,20240818,NOK,EUR,0.085725
20240818_GBP,20240818,GBP,EUR,1.177161
20240818_USD,20240818,USD,EUR,0.927553
20240819_EUR,20240819,EUR,EUR,1.005049
20240819_SEK,20240819,SEK,EUR,0.087697
20240819_NOK,20240819,NOK,EUR,0.086969
20240819_GBP,20240819,GBP,EUR,1.190817
20240819_USD,20240819,USD,EUR,0.918506
20240820_EUR,20240820,EUR,EUR,0.987503
20240820_SEK,20240820,SEK,EUR,0.089008
20240820_NOK,20240820,NOK,EUR,0.085402
20240820_GBP,20240820,GBP,EUR,1.175251
20240820_USD,20240820,USD,EUR,0.924704
20240821_EUR,20240821,EUR,EUR,1.012199
20240821_SEK,20240821,SEK,EUR,0.088609
20240821_NOK,20240821,NOK,EUR,0.086242
20240821_GBP,20240821,GBP,EUR,1.188524
20240821_USD,20240821,USD,EUR,0.923926
20240822_EUR,20240822,EUR,EUR,1.003795
20240822_SEK,20240822,SEK,EUR,0.088124
20240822_NOK,20240822,NOK,EUR,0.086045
20240822_GBP,20240822,GBP,EUR,1.184629
20240822_USD,20240822,USD,EUR,0.916532
20240823_EUR,20240823,EUR,EUR,0.998597
20240823_SEK,20240823,SEK,EUR,0.087255
20240823_NOK,20240823,NOK,EUR,0.085958
20240823_GBP,20240823,GBP,EUR,1.179143
20240823_USD,20240823,USD,EUR,0.914923
20240824_EUR,20240824,EUR,EUR,1.000899
20240824_SEK,20240824,SEK,EUR,0.088612
20240824_NOK,20240824,NOK,EUR,0.086395
20240824_GBP,20240824,GBP,EUR,1.175695
20240824_USD,20240824,USD,EUR,0.915448
20240825_EUR,20240825,EUR,EUR,1.004704
20240825_SEK,20240825,SEK,EUR,0.087568
20240825_NOK,20240825,NOK,EUR,0.085903
20240825_GBP,20240825,GBP,EUR,1.188259
20240825_USD,20240825,USD,EUR,0.915546
20240826_EUR,20240826,EUR,EUR,1.000527
20240826_SEK,20240826,SEK,EUR,0.087413
20240826_NOK,20240826,NOK,EUR,0.085741
20240826_GBP,20240826,GBP,EUR,1.186895
20240826_USD,20240826,USD,EUR,0.912672
20240827_EUR,20240827,EUR,EUR,1.002202
20240827_SEK,20240827,SEK,EUR,0.087991
20240827_NOK,20240827,NOK,EUR,0.086238
20240827_GBP,20240827,GBP,EUR,1.186327
20240827_USD,20240827,USD,EUR,0.926275
20240828_EUR,20240828,EUR,EUR,1.000626
20240828_SEK,20240828,SEK,EUR,0.087811
20240828_NOK,20240828,NOK,EUR,0.086053
20240828_GBP,20240828,GBP,EUR,1.188219
20240828_USD,20240828,USD,EUR,0.920225
20240829_EUR,20240829,EUR,EUR,1.000203
20240829_SEK,20240829,SEK,EUR,0.087691
20240829_NOK,20240829,NOK,EUR,0.085715
20240829_GBP,20240829,GBP,EUR,1.17669
20240829_USD,20240829,USD,EUR,0.928048
20240830_EUR,20240830,EUR,EUR,0.993781
20240830_SEK,20240830,SEK,EUR,0.087695
20240830_NOK,20240830,NOK,EUR,0.085691
20240830_GBP,20240830,GBP,EUR,1.190302
20240830_USD,20240830,USD,EUR,0.918643
20240831_EUR,20240831,EUR,EUR,1.006239
20240831_SEK,20240831,SEK,EUR,0.087704
20240831_NOK,20240831,NOK,EUR,0.08612
20240831_GBP,20240831,GBP,EUR,1.180051
20240831_USD,20240831,USD,EUR,0.929868
20240901_EUR,20240901,EUR,EUR,0.994062
20240901_SEK,20240901,SEK,EUR,0.088136
20240901_NOK,20240901,NOK,EUR,0.086273
20240901_GBP,20240901,GBP,EUR,1.187452
20240901_USD,20240901,USD,EUR,0.919148
20240902_EUR,20240902,EUR,EUR,0.999351
20240902_SEK,20240902,SEK,EUR,0.088019
20240902_NOK,20240902,NOK,EUR,0.085937
20240902_GBP,20240902,GBP,EUR,1.190711
20240902_USD,20240902,USD,EUR,0.930168
20240903_EUR,20240903,EUR,EUR,0.997213
20240903_SEK,20240903,SEK,EUR,0.087397
20240903_NOK,20240903,NOK,EUR,0.085962
20240903_GBP,20240903,GBP,EUR,1.200285
20240903_USD,20240903,USD,EUR,0.916303
20240904_EUR,20240904,EUR,EUR,1.008196
20240904_SEK,20240904,SEK,EUR,0.088738
20240904_NOK,20240904,NOK,EUR,0.085762
20240904_GBP,20240904,GBP,EUR,1.188371
20240904_USD,20240904,USD,EUR,0.927491
20240905_EUR,20240905,EUR,EUR,0.998104
20240905_SEK,20240905,SEK,EUR,0.08791
20240905_NOK,20240905,NOK,EUR,0.08575
20240905_GBP,20240905,GBP,EUR,1.178988
20240905_USD,20240905,USD,EUR,0.917013
20240906_EUR,20240906,EUR,EUR,0.99388
20240906_SEK,20240906,SEK,EUR,0.088015
20240906_NOK,20240906,NOK,EUR,0.085669
20240906_GBP,20240906,GBP,EUR,1.186385
20240906_USD,20240906,USD,EUR,0.912843
20240907_EUR,20240907,EUR,EUR,1.001654
20240907_SEK,20240907,SEK,EUR,0.088367
20240907_NOK,20240907,NOK,EUR,0.085143
20240907_GBP,20240907,GBP,EUR,1.187216
20240907_USD,20240907,USD,EUR,0.925647
20240908_EUR,20240908,EUR,EUR,0.993952
20240908_SEK,20240908,SEK,EUR,0.088736
20240908_NOK,20240908,NOK,EUR,0.08618
20240908_GBP,20240908,GBP,EUR,1.180823
20240908_USD,20240908,USD,EUR,0.919743
20240909_EUR,20240909,EUR,EUR,1.002792
20240909_SEK,20240909,SEK,EUR,0.088033
20240909_NOK,20240909,NOK,EUR,0.086232
20240909_GBP,20240909,GBP,EUR,1.179545
20240909_USD,20240909,USD,EUR,0.920779
20240910_EUR,20240910,EUR,EUR,0.992931
20240910_SEK,20240910,SEK,EUR,0.087951
20240910_NOK,20240910,NOK,EUR,0.085611
20240910_GBP,20240910,GBP,EUR,1.180642
20240910_USD,20240910,USD,EUR,0.925686
20240911_EUR,20240911,EUR,EUR,1.005457
20240911_SEK,20240911,SEK,EUR,0.088268
20240911_NOK,20240911,NOK,EUR,0.08553
20240911_GBP,20240911,GBP,EUR,1.183125
20240911_USD,20240911,USD,EUR,0.92558
20240912_EUR,20240912,EUR,EUR,1.000709
20240912_SEK,20240912,SEK,EUR,0.089021
20240912_NOK,20240912,NOK,EUR,0.086169
20240912_GBP,20240912,GBP,EUR,1.186138
20240912_USD,20240912,USD,EUR,0.918578
20240913_EUR,20240913,EUR,EUR,1.000668
20240913_SEK,20240913,SEK,EUR,0.087933
20240913_NOK,20240913,NOK,EUR,0.086304
20240913_GBP,20240913,GBP,EUR,1.190668
20240913_USD,20240913,USD,EUR,0.916384
20240914_EUR,20240914,EUR,EUR,0.993344
20240914_SEK,20240914,SEK,EUR,0.087192
20240914_NOK,20240914,NOK,EUR,0.086218
20240914_GBP,20240914,GBP,EUR,1.178463
20240914_USD,20240914,USD,EUR,0.910097
20240915_EUR,20240915,EUR,EUR,1.001943
20240915_SEK,20240915,SEK,EUR,0.089097
20240915_NOK,20240915,NOK,EUR,0.085997
20240915_GBP,20240915,GBP,EUR,1.189968
20240915_USD,20240915,USD,EUR,0.920376
20240916_EUR,20240916,EUR,EUR,0.999506
20240916_SEK,20240916,SEK,EUR,0.088404
20240916_NOK,20240916,NOK,EUR,0.085875
20240916_GBP,20240916,GBP,EUR,1.186584
20240916_USD,20240916,USD,EUR,0.92148
20240917_EUR,20240917,EUR,EUR,0.99666
20240917_SEK,20240917,SEK,EUR,0.088436
20240917_NOK,20240917,NOK,EUR,0.085925
20240917_GBP,20240917,GBP,EUR,1.180522
20240917_USD,20240917,USD,EUR,0.922468
20240918_EUR,20240918,EUR,EUR,0.995508
20240918_SEK,20240918,SEK,EUR,0.088012
20240918_NOK,20240918,NOK,EUR,0.085996
20240918_GBP,20240918,GBP,EUR,1.191434
20240918_USD,20240918,USD,EUR,0.922184
20240919_EUR,20240919,EUR,EUR,0.999875
20240919_SEK,20240919,SEK,EUR,0.08836
20240919_NOK,20240919,NOK,EUR,0.086598
20240919_GBP,20240919,GBP,EUR,1.188305
20240919_USD,20240919,USD,EUR,0.920048
20240920_EUR,20240920,EUR,EUR,0.993441
20240920_SEK,20240920,SEK,EUR,0.087531
20240920_NOK,20240920,NOK,EUR,0.085869
20240920_GBP,20240920,GBP,EUR,1.181389
20240920_USD,20240920,USD,EUR,0.91914
20240921_EUR,20240921,EUR,EUR,1.000283
20240921_SEK,20240921,SEK,EUR,0.088233
20240921_NOK,20240921,NOK,EUR,0.08597
20240921_GBP,20240921,GBP,EUR,1.187883
20240921_USD,20240921,USD,EUR,0.920297
20240922_EUR,20240922,EUR,EUR,0.990123
20240922_SEK,20240922,SEK,EUR,0.087587
20240922_NOK,20240922,NOK,EUR,0.085938
20240922_GBP,20240922,GBP,EUR,1.177833
20240922_USD,20240922,USD,EUR,0.92276
20240923_EUR,20240923,EUR,EUR,1.007654
20240923_SEK,20240923,SEK,EUR,0.088536
20240923_NOK,20240923,NOK,EUR,0.085908
20240923_GBP,20240923,GBP,EUR,1.193833
20240923_USD,20240923,USD,EUR,0.920684
20240924_EUR,20240924,EUR,EUR,0.998315
20240924_SEK,20240924,SEK,EUR,0.08773
20240924_NOK,20240924,NOK,EUR,0.08587
20240924_GBP,20240924,GBP,EUR,1.1827
20240924_USD,20240924,USD,EUR,0.920784
20240925_EUR,20240925,EUR,EUR,1.000803
20240925_SEK,20240925,SEK,EUR,0.088001
20240925_NOK,20240925,NOK,EUR,0.086188
20240925_GBP,20240925,GBP,EUR,1.192055
20240925_USD,20240925,USD,EUR,0.924368
20240926_EUR,20240926,EUR,EUR,0.992576
20240926_SEK,20240926,SEK,EUR,0.086876
20240926_NOK,20240926,NOK,EUR,0.086402
20240926_GBP,20240926,GBP,EUR,1.176901
20240926_USD,20240926,USD,EUR,0.918966
20240927_EUR,20240927,EUR,EUR,0.994149
20240927_SEK,20240927,SEK,EUR,0.087207
20240927_NOK,20240927,NOK,EUR,0.086233
20240927_GBP,20240927,GBP,EUR,1.189498
20240927_USD,20240927,USD,EUR,0.917348
20240928_EUR,20240928,EUR,EUR,0.987045
20240928_SEK,20240928,SEK,EUR,0.08776
20240928_NOK,20240928,NOK,EUR,0.086168
20240928_GBP,20240928,GBP,EUR,1.176237
20240928_USD,20240928,USD,EUR,0.920843
20240929_EUR,20240929,EUR,EUR,0.999923
20240929_SEK,20240929,SEK,EUR,0.088255
20240929_NOK,20240929,NOK,EUR,0.086051
20240929_GBP,20240929,GBP,EUR,1.179235
20240929_USD,20240929,USD,EUR,0.925504
20240930_EUR,20240930,EUR,EUR,0.999207
20240930_SEK,20240930,SEK,EUR,0.087988
20240930_NOK,20240930,NOK,EUR,0.085599
20240930_GBP,20240930,GBP,EUR,1.182374
20240930_USD,20240930,USD,EUR,0.91593
20241001_EUR,20241001,EUR,EUR,0.999135
20241001_SEK,20241001,SEK,EUR,0.088753
20241001_NOK,20241001,NOK,EUR,0.08541
20241001_GBP,20241001,GBP,EUR,1.17544
20241001_USD,20241001,USD,EUR,0.926767
20241002_EUR,20241002,EUR,EUR,0.998953
20241002_SEK,20241002,SEK,EUR,0.087706
20241002_NOK,20241002,NOK,EUR,0.086447
20241002_GBP,20241002,GBP,EUR,1.181412
20241002_USD,20241002,USD,EUR,0.9284
20241003_EUR,20241003,EUR,EUR,1.00339
20241003_SEK,20241003,SEK,EUR,0.087785
20241003_NOK,20241003,NOK,EUR,0.086928
20241003_GBP,20241003,GBP,EUR,1.181411
20241003_USD,20241003,USD,EUR,0.923414
20241004_EUR,20241004,EUR,EUR,1.001496
20241004_SEK,20241004,SEK,EUR,0.088573
20241004_NOK,20241004,NOK,EUR,0.086671
20241004_GBP,20241004,GBP,EUR,1.18519
20241004_USD,20241004,USD,EUR,0.916534
20241005_EUR,20241005,EUR,EUR,1.0023
20241005_SEK,20241005,SEK,EUR,0.087702
20241005_NOK,20241005,NOK,EUR,0.086866
20241005_GBP,20241005,GBP,EUR,1.185809
20241005_USD,20241005,USD,EUR,0.91832
20241006_EUR,20241006,EUR,EUR,1.000923
20241006_SEK,20241006,SEK,EUR,0.087407
20241006_NOK,20241006,NOK,EUR,0.085582
20241006_GBP,20241006,GBP,EUR,1.192112
20241006_USD,20241006,USD,EUR,0.916978
20241007_EUR,20241007,EUR,EUR,0.994765
20241007_SEK,20241007,SEK,EUR,0.088236
20241007_NOK,20241007,NOK,EUR,0.08651
20241007_GBP,20241007,GBP,EUR,1.18926
20241007_USD,20241007,USD,EUR,0.924582
20241008_EUR,20241008,EUR,EUR,0.996216
20241008_SEK,20241008,SEK,EUR,0.087374
20241008_NOK,20241008,NOK,EUR,0.086646
20241008_GBP,20241008,GBP,EUR,1.183088
20241008_USD,20241008,USD,EUR,0.918846
20241009_EUR,20241009,EUR,EUR,1.006641
20241009_SEK,20241009,SEK,EUR,0.088245
20241009_NOK,20241009,NOK,EUR,0.086196
20241009_GBP,20241009,GBP,EUR,1.197828
20241009_USD,20241009,USD,EUR,0.91704
20241010_EUR,20241010,EUR,EUR,1.004639
20241010_SEK,20241010,SEK,EUR,0.088025
20241010_NOK,20241010,NOK,EUR,0.086115
20241010_GBP,20241010,GBP,EUR,1.194056
20241010_USD,20241010,USD,EUR,0.922336
20241011_EUR,20241011,EUR,EUR,1.002691
20241011_SEK,20241011,SEK,EUR,0.088472
20241011_NOK,20241011,NOK,EUR,0.085843
20241011_GBP,20241011,GBP,EUR,1.180028
20241011_USD,20241011,USD,EUR,0.915194
20241012_EUR,20241012,EUR,EUR,0.990168
20241012_SEK,20241012,SEK,EUR,0.088905
20241012_NOK,20241012,NOK,EUR,0.085526
20241012_GBP,20241012,GBP,EUR,1.183689
20241012_USD,20241012,USD,EUR,0.918727
20241013_EUR,20241013,EUR,EUR,1.001537
20241013_SEK,20241013,SEK,EUR,0.088359
20241013_NOK,20241013,NOK,EUR,0.08637
20241013_GBP,20241013,GBP,EUR,1.181545
20241013_USD,20241013,USD,EUR,0.919231
20241014_EUR,20241014,EUR,EUR,1.001413
20241014_SEK,20241014,SEK,EUR,0.087891
20241014_NOK,20241014,NOK,EUR,0.086691
20241014_GBP,20241014,GBP,EUR,1.187909
20241014_USD,20241014,USD,EUR,0.92338
20241015_EUR,20241015,EUR,EUR,1.003314
20241015_SEK,20241015,SEK,EUR,0.088516
20241015_NOK,20241015,NOK,EUR,0.086078
20241015_GBP,20241015,GBP,EUR,1.177316
20241015_USD,20241015,USD,EUR,0.921839
20241016_EUR,20241016,EUR,EUR,0.996743
20241016_SEK,20241016,SEK,EUR,0.087767
20241016_NOK,20241016,NOK,EUR,0.086252
20241016_GBP,20241016,GBP,EUR,1.192337
20241016_USD,20241016,USD,EUR,0.920098
20241017_EUR,20241017,EUR,EUR,1.001544
20241017_SEK,20241017,SEK,EUR,0.088749
20241017_NOK,20241017,NOK,EUR,0.086104
20241017_GBP,20241017,GBP,EUR,1.200415
20241017_USD,20241017,USD,EUR,0.922601
20241018_EUR,20241018,EUR,EUR,0.991196
20241018_SEK,20241018,SEK,EUR,0.088331
20241018_NOK,20241018,NOK,EUR,0.086164
20241018_GBP,20241018,GBP,EUR,1.192642
20241018_USD,20241018,USD,EUR,0.923097
20241019_EUR,20241019,EUR,EUR,0.999308
20241019_SEK,20241019,SEK,EUR,0.087461
20241019_NOK,20241019,NOK,EUR,0.08591
20241019_GBP,20241019,GBP,EUR,1.179961
20241019_USD,20241019,USD,EUR,0.91733
20241020_EUR,20241020,EUR,EUR,1.002943
20241020_SEK,20241020,SEK,EUR,0.088735
20241020_NOK,20241020,NOK,EUR,0.08617
20241020_GBP,20241020,GBP,EUR,1.177914
20241020_USD,20241020,USD,EUR,0.922045
20241021_EUR,20241021,EUR,EUR,1.005983
20241021_SEK,20241021,SEK,EUR,0.087732
20241021_NOK,20241021,NOK,EUR,0.085942
20241021_GBP,20241021,GBP,EUR,1.185087
20241021_USD,20241021,USD,EUR,0.916389
20241022_EUR,20241022,EUR,EUR,1.003241
20241022_SEK,20241022,SEK,EUR,0.087947
20241022_NOK,20241022,NOK,EUR,0.08618
20241022_GBP,20241022,GBP,EUR,1.179742
20241022_USD,20241022,USD,EUR,0.917988
20241023_EUR,20241023,EUR,EUR,1.003612
20241023_SEK,20241023,SEK,EUR,0.087836
20241023_NOK,20241023,NOK,EUR,0.086743
20241023_GBP,20241023,GBP,EUR,1.182632
20241023_USD,20241023,USD,EUR,0.921034
20241024_EUR,20241024,EUR,EUR,1.004663
20241024_SEK,20241024,SEK,EUR,0.087376
20241024_NOK,20241024,NOK,EUR,0.085243
20241024_GBP,20241024,GBP,EUR,1.17596
20241024_USD,20241024,USD,EUR,0.925808
20241025_EUR,20241025,EUR,EUR,0.997241
20241025_SEK,20241025,SEK,EUR,0.089126
20241025_NOK,20241025,NOK,EUR,0.085757
20241025_GBP,20241025,GBP,EUR,1.186093
20241025_USD,20241025,USD,EUR,0.927094
20241026_EUR,20241026,EUR,EUR,1.01003
20241026_SEK,20241026,SEK,EUR,0.088907
20241026_NOK,20241026,NOK,EUR,0.08652
20241026_GBP,20241026,GBP,EUR,1.191068
20241026_USD,20241026,USD,EUR,0.922726
20241027_EUR,20241027,EUR,EUR,1.003892
20241027_SEK,20241027,SEK,EUR,0.087757
20241027_NOK,20241027,NOK,EUR,0.085648
20241027_GBP,20241027,GBP,EUR,1.18498
20241027_USD,20241027,USD,EUR,0.919217
20241028_EUR,20241028,EUR,EUR,0.997734
20241028_SEK,20241028,SEK,EUR,0.088306
20241028_NOK,20241028,NOK,EUR,0.086411
20241028_GBP,20241028,GBP,EUR,1.185524
20241028_USD,20241028,USD,EUR,0.926797
20241029_EUR,20241029,EUR,EUR,0.994292
20241029_SEK,20241029,SEK,EUR,0.087915
20241029_NOK,20241029,NOK,EUR,0.085692
20241029_GBP,20241029,GBP,EUR,1.173941
20241029_USD,20241029,USD,EUR,0.91962
20241030_EUR,20241030,EUR,EUR,0.999391
20241030_SEK,20241030,SEK,EUR,0.088666
20241030_NOK,20241030,NOK,EUR,0.086271
20241030_GBP,20241030,GBP,EUR,1.178932
20241030_USD,20241030,USD,EUR,0.928529
20241031_EUR,20241031,EUR,EUR,1.006105
20241031_SEK,20241031,SEK,EUR,0.088256
20241031_NOK,20241031,NOK,EUR,0.085903
20241031_GBP,20241031,GBP,EUR,1.179315
20241031_USD,20241031,USD,EUR,0.918288
20241101_EUR,20241101,EUR,EUR,1.005444
20241101_SEK,20241101,SEK,EUR,0.088829
20241101_NOK,20241101,NOK,EUR,0.086664
20241101_GBP,20241101,GBP,EUR,1.182104
20241101_USD,20241101,USD,EUR,0.91485
20241102_EUR,20241102,EUR,EUR,1.000704
20241102_SEK,20241102,SEK,EUR,0.087222
20241102_NOK,20241102,NOK,EUR,0.086139
20241102_GBP,20241102,GBP,EUR,1.184125
20241102_USD,20241102,USD,EUR,0.917856
20241103_EUR,20241103,EUR,EUR,0.992026
20241103_SEK,20241103,SEK,EUR,0.088226
20241103_NOK,20241103,NOK,EUR,0.085771
20241103_GBP,20241103,GBP,EUR,1.178068
20241103_USD,20241103,USD,EUR,0.906788
20241104_EUR,20241104,EUR,EUR,0.999862
20241104_SEK,20241104,SEK,EUR,0.08878
20241104_NOK,20241104,NOK,EUR,0.086714
20241104_GBP,20241104,GBP,EUR,1.182292
20241104_USD,20241104,USD,EUR,0.91723
20241105_EUR,20241105,EUR,EUR,1.002344
20241105_SEK,20241105,SEK,EUR,0.087561
20241105_NOK,20241105,NOK,EUR,0.08613
20241105_GBP,20241105,GBP,EUR,1.189539
20241105_USD,20241105,USD,EUR,0.925644
20241106_EUR,20241106,EUR,EUR,0.999499
20241106_SEK,20241106,SEK,EUR,0.08791
20241106_NOK,20241106,NOK,EUR,0.085622
20241106_GBP,20241106,GBP,EUR,1.180101
20241106_USD,20241106,USD,EUR,0.918958
20241107_EUR,20241107,EUR,EUR,1.001837
20241107_SEK,20241107,SEK,EUR,0.088402
20241107_NOK,20241107,NOK,EUR,0.085655
20241107_GBP,20241107,GBP,EUR,1.193844
20241107_USD,20241107,USD,EUR,0.918753
20241108_EUR,20241108,EUR,EUR,0.999893
20241108_SEK,20241108,SEK,EUR,0.087671
20241108_NOK,20241108,NOK,EUR,0.084958
20241108_GBP,20241108,GBP,EUR,1.190238
20241108_USD,20241108,USD,EUR,0.923389
20241109_EUR,20241109,EUR,EUR,0.998593
20241109_SEK,20241109,SEK,EUR,0.088029
20241109_NOK,20241109,NOK,EUR,0.086222
20241109_GBP,20241109,GBP,EUR,1.175742
20241109_USD,20241109,USD,EUR,0.917566
20241110_EUR,20241110,EUR,EUR,1.003971
20241110_SEK,20241110,SEK,EUR,0.087448
20241110_NOK,20241110,NOK,EUR,0.086126
20241110_GBP,20241110,GBP,EUR,1.176962
20241110_USD,20241110,USD,EUR,0.922146
20241111_EUR,20241111,EUR,EUR,0.999822
20241111_SEK,20241111,SEK,EUR,0.087289
20241111_NOK,20241111,NOK,EUR,0.086501
20241111_GBP,20241111,GBP,EUR,1.180648
20241111_USD,20241111,USD,EUR,0.916273
20241112_EUR,20241112,EUR,EUR,1.001003
20241112_SEK,20241112,SEK,EUR,0.088505
20241112_NOK,20241112,NOK,EUR,0.085563
20241112_GBP,20241112,GBP,EUR,1.185365
20241112_USD,20241112,USD,EUR,0.921973
20241113_EUR,20241113,EUR,EUR,1.003466
20241113_SEK,20241113,SEK,EUR,0.088078
20241113_NOK,20241113,NOK,EUR,0.085842
20241113_GBP,20241113,GBP,EUR,1.180097
20241113_USD,20241113,USD,EUR,0.920396
20241114_EUR,20241114,EUR,EUR,0.994639
20241114_SEK,20241114,SEK,EUR,0.086715
20241114_NOK,20241114,NOK,EUR,0.086188
20241114_GBP,20241114,GBP,EUR,1.190356
20241114_USD,20241114,USD,EUR,0.909131
20241115_EUR,20241115,EUR,EUR,0.994951
20241115_SEK,20241115,SEK,EUR,0.088272
20241115_NOK,20241115,NOK,EUR,0.086885
20241115_GBP,20241115,GBP,EUR,1.185123
20241115_USD,20241115,USD,EUR,0.916651
20241116_EUR,20241116,EUR,EUR,0.999086
20241116_SEK,20241116,SEK,EUR,0.088605
20241116_NOK,20241116,NOK,EUR,0.085722
20241116_GBP,20241116,GBP,EUR,1.180265
20241116_USD,20241116,USD,EUR,0.917779
20241117_EUR,20241117,EUR,EUR,0.995233
20241117_SEK,20241117,SEK,EUR,0.088054
20241117_NOK,20241117,NOK,EUR,0.086699
20241117_GBP,20241117,GBP,EUR,1.186914
20241117_USD,20241117,USD,EUR,0.918839
20241118_EUR,20241118,EUR,EUR,0.998541
20241118_SEK,20241118,SEK,EUR,0.087312
20241118_NOK,20241118,NOK,EUR,0.08638
20241118_GBP,20241118,GBP,EUR,1.184539
20241118_USD,20241118,USD,EUR,0.91917
20241119_EUR,20241119,EUR,EUR,1.015966
20241119_SEK,20241119,SEK,EUR,0.088131
20241119_NOK,20241119,NOK,EUR,0.085677
20241119_GBP,20241119,GBP,EUR,1.182474
20241119_USD,20241119,USD,EUR,0.925283
20241120_EUR,20241120,EUR,EUR,1.000566
20241120_SEK,20241120,SEK,EUR,0.087367
20241120_NOK,20241120,NOK,EUR,0.086395
20241120_GBP,20241120,GBP,EUR,1.181041
20241120_USD,20241120,USD,EUR,0.928617
20241121_EUR,20241121,EUR,EUR,1.0054
20241121_SEK,20241121,SEK,EUR,0.087803
20241121_NOK,20241121,NOK,EUR,0.086551
20241121_GBP,20241121,GBP,EUR,1.185402
20241121_USD,20241121,USD,EUR,0.923923
20241122_EUR,20241122,EUR,EUR,1.002424
20241122_SEK,20241122,SEK,EUR,0.087628
20241122_NOK,20241122,NOK,EUR,0.085723
20241122_GBP,20241122,GBP,EUR,1.191103
20241122_USD,20241122,USD,EUR,0.91846
20241123_EUR,20241123,EUR,EUR,0.997982
20241123_SEK,20241123,SEK,EUR,0.08758
20241123_NOK,20241123,NOK,EUR,0.086182
20241123_GBP,20241123,GBP,EUR,1.19722
20241123_USD,20241123,USD,EUR,0.915089
20241124_EUR,20241124,EUR,EUR,1.000121
20241124_SEK,20241124,SEK,EUR,0.088621
20241124_NOK,20241124,NOK,EUR,0.085966
20241124_GBP,20241124,GBP,EUR,1.18768
20241124_USD,20241124,USD,EUR,0.915113
20241125_EUR,20241125,EUR,EUR,1.002142
20241125_SEK,20241125,SEK,EUR,0.087918
20241125_NOK,20241125,NOK,EUR,0.086424
20241125_GBP,20241125,GBP,EUR,1.192035
20241125_USD,20241125,USD,EUR,0.931912
20241126_EUR,20241126,EUR,EUR,1.002898
20241126_SEK,20241126,SEK,EUR,0.088143
20241126_NOK,20241126,NOK,EUR,0.086084
20241126_GBP,20241126,GBP,EUR,1.182907
20241126_USD,20241126,USD,EUR,0.921557
20241127_EUR,20241127,EUR,EUR,0.998523
20241127_SEK,20241127,SEK,EUR,0.088074
20241127_NOK,20241127,NOK,EUR,0.086567
20241127_GBP,20241127,GBP,EUR,1.179036
20241127_USD,20241127,USD,EUR,0.925243
20241128_EUR,20241128,EUR,EUR,1.006586
20241128_SEK,20241128,SEK,EUR,0.087948
20241128_NOK,20241128,NOK,EUR,0.085088
20241128_GBP,20241128,GBP,EUR,1.181399
20241128_USD,20241128,USD,EUR,0.925966
20241129_EUR,20241129,EUR,EUR,0.999886
20241129_SEK,20241129,SEK,EUR,0.08756
20241129_NOK,20241129,NOK,EUR,0.085783
20241129_GBP,20241129,GBP,EUR,1.189981
20241129_USD,20241129,USD,EUR,0.922515
20241130_EUR,20241130,EUR,EUR,0.998805
20241130_SEK,20241130,SEK,EUR,0.087839
20241130_NOK,20241130,NOK,EUR,0.085832
20241130_GBP,20241130,GBP,EUR,1.179535
20241130_USD,20241130,USD,EUR,0.927431
20241201_EUR,20241201,EUR,EUR,0.998388
20241201_SEK,20241201,SEK,EUR,0.088536
20241201_NOK,20241201,NOK,EUR,0.086654
20241201_GBP,20241201,GBP,EUR,1.190915
20241201_USD,20241201,USD,EUR,0.918015
20241202_EUR,20241202,EUR,EUR,1.002019
20241202_SEK,20241202,SEK,EUR,0.087989
20241202_NOK,20241202,NOK,EUR,0.085611
20241202_GBP,20241202,GBP,EUR,1.186922
20241202_USD,20241202,USD,EUR,0.914576
20241203_EUR,20241203,EUR,EUR,1.005938
20241203_SEK,20241203,SEK,EUR,0.087796
20241203_NOK,20241203,NOK,EUR,0.086086
20241203_GBP,20241203,GBP,EUR,1.186678
20241203_USD,20241203,USD,EUR,0.918809
20241204_EUR,20241204,EUR,EUR,1.002933
20241204_SEK,20241204,SEK,EUR,0.087791
20241204_NOK,20241204,NOK,EUR,0.086375
20241204_GBP,20241204,GBP,EUR,1.177025
20241204_USD,20241204,USD,EUR,0.920581
20241205_EUR,20241205,EUR,EUR,1.009695
20241205_SEK,20241205,SEK,EUR,0.08756
20241205_NOK,20241205,NOK,EUR,0.085709
20241205_GBP,20241205,GBP,EUR,1.188045
20241205_USD,20241205,USD,EUR,0.920826
20241206_EUR,20241206,EUR,EUR,1.001753
20241206_SEK,20241206,SEK,EUR,0.088215
20241206_NOK,20241206,NOK,EUR,0.086273
20241206_GBP,20241206,GBP,EUR,1.191575
20241206_USD,20241206,USD,EUR,0.921885
20241207_EUR,20241207,EUR,EUR,0.998794
20241207_SEK,20241207,SEK,EUR,0.088296
20241207_NOK,20241207,NOK,EUR,0.086817
20241207_GBP,20241207,GBP,EUR,1.184214
20241207_USD,20241207,USD,EUR,0.915517
20241208_EUR,20241208,EUR,EUR,1.005535
20241208_SEK,20241208,SEK,EUR,0.087947
20241208_NOK,20241208,NOK,EUR,0.085066
20241208_GBP,20241208,GBP,EUR,1.190021
20241208_USD,20241208,USD,EUR,0.917537
20241209_EUR,20241209,EUR,EUR,0.999547
20241209_SEK,20241209,SEK,EUR,0.088146
20241209_NOK,20241209,NOK,EUR,0.086082
20241209_GBP,20241209,GBP,EUR,1.189204
20241209_USD,20241209,USD,EUR,0.917997
20241210_EUR,20241210,EUR,EUR,1.002566
20241210_SEK,20241210,SEK,EUR,0.087886
20241210_NOK,20241210,NOK,EUR,0.086318
20241210_GBP,20241210,GBP,EUR,1.188646
20241210_USD,20241210,USD,EUR,0.915697
20241211_EUR,20241211,EUR,EUR,1.00543
20241211_SEK,20241211,SEK,EUR,0.087764
20241211_NOK,20241211,NOK,EUR,0.086347
20241211_GBP,20241211,GBP,EUR,1.187176
20241211_USD,20241211,USD,EUR,0.928456
20241212_EUR,20241212,EUR,EUR,0.998883
20241212_SEK,20241212,SEK,EUR,0.087846
20241212_NOK,20241212,NOK,EUR,0.085992
20241212_GBP,20241212,GBP,EUR,1.183204
20241212_USD,20241212,USD,EUR,0.92368
20241213_EUR,20241213,EUR,EUR,0.991918
20241213_SEK,20241213,SEK,EUR,0.087536
20241213_NOK,20241213,NOK,EUR,0.085541
20241213_GBP,20241213,GBP,EUR,1.190631
20241213_USD,20241213,USD,EUR,0.927869
20241214_EUR,20241214,EUR,EUR,0.999478
20241214_SEK,20241214,SEK,EUR,0.087926
20241214_NOK,20241214,NOK,EUR,0.08603
20241214_GBP,20241214,GBP,EUR,1.191884
20241214_USD,20241214,USD,EUR,0.915734
20241215_EUR,20241215,EUR,EUR,1.001192
20241215_SEK,20241215,SEK,EUR,0.088429
20241215_NOK,20241215,NOK,EUR,0.086215
20241215_GBP,20241215,GBP,EUR,1.186123
20241215_USD,20241215,USD,EUR,0.924605
20241216_EUR,20241216,EUR,EUR,0.986484
20241216_SEK,20241216,SEK,EUR,0.088298
20241216_NOK,20241216,NOK,EUR,0.085719
20241216_GBP,20241216,GBP,EUR,1.174154
20241216_USD,20241216,USD,EUR,0.922352
20241217_EUR,20241217,EUR,EUR,1.006868
20241217_SEK,20241217,SEK,EUR,0.08794
20241217_NOK,20241217,NOK,EUR,0.08641
20241217_GBP,20241217,GBP,EUR,1.194553
20241217_USD,20241217,USD,EUR,0.926049
20241218_EUR,20241218,EUR,EUR,1.0082
20241218_SEK,20241218,SEK,EUR,0.088327
20241218_NOK,20241218,NOK,EUR,0.086032
20241218_GBP,20241218,GBP,EUR,1.175508
20241218_USD,20241218,USD,EUR,0.918868
20241219_EUR,20241219,EUR,EUR,0.995784
20241219_SEK,20241219,SEK,EUR,0.088955
20241219_NOK,20241219,NOK,EUR,0.085924
20241219_GBP,20241219,GBP,EUR,1.18573
20241219_USD,20241219,USD,EUR,0.922537
20241220_EUR,20241220,EUR,EUR,1.000218
20241220_SEK,20241220,SEK,EUR,0.088746
20241220_NOK,20241220,NOK,EUR,0.085732
20241220_GBP,20241220,GBP,EUR,1.186153
20241220_USD,20241220,USD,EUR,0.916585
20241221_EUR,20241221,EUR,EUR,0.9934
20241221_SEK,20241221,SEK,EUR,0.087731
20241221_NOK,20241221,NOK,EUR,0.085984
20241221_GBP,20241221,GBP,EUR,1.182456
20241221_USD,20241221,USD,EUR,0.916815
20241222_EUR,20241222,EUR,EUR,0.992968
20241222_SEK,20241222,SEK,EUR,0.087963
20241222_NOK,20241222,NOK,EUR,0.085353
20241222_GBP,20241222,GBP,EUR,1.189503
20241222_USD,20241222,USD,EUR,0.920379
20241223_EUR,20241223,EUR,EUR,0.992712
20241223_SEK,20241223,SEK,EUR,0.087864
20241223_NOK,20241223,NOK,EUR,0.085677
20241223_GBP,20241223,GBP,EUR,1.186891
20241223_USD,20241223,USD,EUR,0.926166
20241224_EUR,20241224,EUR,EUR,0.990624
20241224_SEK,20241224,SEK,EUR,0.088051
20241224_NOK,20241224,NOK,EUR,0.085931
20241224_GBP,20241224,GBP,EUR,1.188978
20241224_USD,20241224,USD,EUR,0.920981
20241225_EUR,20241225,EUR,EUR,0.99624
20241225_SEK,20241225,SEK,EUR,0.08786
20241225_NOK,20241225,NOK,EUR,0.085658
20241225_GBP,20241225,GBP,EUR,1.191375
20241225_USD,20241225,USD,EUR,0.920098
20241226_EUR,20241226,EUR,EUR,1.009506
20241226_SEK,20241226,SEK,EUR,0.087973
20241226_NOK,20241226,NOK,EUR,0.085695
20241226_GBP,20241226,GBP,EUR,1.176031
20241226_USD,20241226,USD,EUR,0.911706
20241227_EUR,20241227,EUR,EUR,0.992079
20241227_SEK,20241227,SEK,EUR,0.088118
20241227_NOK,20241227,NOK,EUR,0.086219
20241227_GBP,20241227,GBP,EUR,1.175631
20241227_USD,20241227,USD,EUR,0.924117
20241228_EUR,20241228,EUR,EUR,0.997585
20241228_SEK,20241228,SEK,EUR,0.088065
20241228_NOK,20241228,NOK,EUR,0.086693
20241228_GBP,20241228,GBP,EUR,1.190314
20241228_USD,20241228,USD,EUR,0.918765
20241229_EUR,20241229,EUR,EUR,0.995544
20241229_SEK,20241229,SEK,EUR,0.087053
20241229_NOK,20241229,NOK,EUR,0.085691
20241229_GBP,20241229,GBP,EUR,1.183749
20241229_USD,20241229,USD,EUR,0.915459
20241230_EUR,20241230,EUR,EUR,0.999344
20241230_SEK,20241230,SEK,EUR,0.088034
20241230_NOK,20241230,NOK,EUR,0.085903
20241230_GBP,20241230,GBP,EUR,1.181149
20241230_USD,20241230,USD,EUR,0.920776
20241231_EUR,20241231,EUR,EUR,1.00221
20241231_SEK,20241231,SEK,EUR,0.08752
20241231_NOK,20241231,NOK,EUR,0.086607
20241231_GBP,20241231,GBP,EUR,1.184416
20241231_USD,20241231,USD,EUR,0.920087
20250101_EUR,20250101,EUR,EUR,1.003541
20250101_SEK,20250101,SEK,EUR,0.088103
20250101_NOK,20250101,NOK,EUR,0.08641
20250101_GBP,20250101,GBP,EUR,1.186701
20250101_USD,20250101,USD,EUR,0.917183
20250102_EUR,20250102,EUR,EUR,1.001808
20250102_SEK,20250102,SEK,EUR,0.087497
20250102_NOK,20250102,NOK,EUR,0.086047
20250102_GBP,20250102,GBP,EUR,1.184803
20250102_USD,20250102,USD,EUR,0.919043
20250103_EUR,20250103,EUR,EUR,0.999357
20250103_SEK,20250103,SEK,EUR,0.087172
20250103_NOK,20250103,NOK,EUR,0.085764
20250103_GBP,20250103,GBP,EUR,1.18555
20250103_USD,20250103,USD,EUR,0.920735
20250104_EUR,20250104,EUR,EUR,0.994862
20250104_SEK,20250104,SEK,EUR,0.088557
20250104_NOK,20250104,NOK,EUR,0.085628
20250104_GBP,20250104,GBP,EUR,1.190744
20250104_USD,20250104,USD,EUR,0.921965
20250105_EUR,20250105,EUR,EUR,0.996769
20250105_SEK,20250105,SEK,EUR,0.088781
20250105_NOK,20250105,NOK,EUR,0.085487
20250105_GBP,20250105,GBP,EUR,1.190446
20250105_USD,20250105,USD,EUR,0.924603
20250106_EUR,20250106,EUR,EUR,0.996647
20250106_SEK,20250106,SEK,EUR,0.088613
20250106_NOK,20250106,NOK,EUR,0.085892
20250106_GBP,20250106,GBP,EUR,1.186711
20250106_USD,20250106,USD,EUR,0.921197
20250107_EUR,20250107,EUR,EUR,0.999328
20250107_SEK,20250107,SEK,EUR,0.088357
20250107_NOK,20250107,NOK,EUR,0.086341
20250107_GBP,20250107,GBP,EUR,1.17464
20250107_USD,20250107,USD,EUR,0.926
20250108_EUR,20250108,EUR,EUR,0.991688
20250108_SEK,20250108,SEK,EUR,0.088454
20250108_NOK,20250108,NOK,EUR,0.086484
20250108_GBP,20250108,GBP,EUR,1.178536
20250108_USD,20250108,USD,EUR,0.91811
20250109_EUR,20250109,EUR,EUR,0.994471
20250109_SEK,20250109,SEK,EUR,0.087905
20250109_NOK,20250109,NOK,EUR,0.085868
20250109_GBP,20250109,GBP,EUR,1.189619
20250109_USD,20250109,USD,EUR,0.926027
20250110_EUR,20250110,EUR,EUR,1.006978
20250110_SEK,20250110,SEK,EUR,0.087753
20250110_NOK,20250110,NOK,EUR,0.08591
20250110_GBP,20250110,GBP,EUR,1.175026
20250110_USD,20250110,USD,EUR,0.916293
20250111_EUR,20250111,EUR,EUR,1.004824
20250111_SEK,20250111,SEK,EUR,0.088711
20250111_NOK,20250111,NOK,EUR,0.085469
20250111_GBP,20250111,GBP,EUR,1.18149
20250111_USD,20250111,USD,EUR,0.919879
20250112_EUR,20250112,EUR,EUR,1.001401
20250112_SEK,20250112,SEK,EUR,0.087644
20250112_NOK,20250112,NOK,EUR,0.086182
20250112_GBP,20250112,GBP,EUR,1.182193
20250112_USD,20250112,USD,EUR,0.919934
20250113_EUR,20250113,EUR,EUR,1.002731
20250113_SEK,20250113,SEK,EUR,0.088003
20250113_NOK,20250113,NOK,EUR,0.085812
20250113_GBP,20250113,GBP,EUR,1.184351
20250113_USD,20250113,USD,EUR,0.919594
20250114_EUR,20250114,EUR,EUR,0.99815
20250114_SEK,20250114,SEK,EUR,0.087886
20250114_NOK,20250114,NOK,EUR,0.086687
20250114_GBP,20250114,GBP,EUR,1.188323
20250114_USD,20250114,USD,EUR,0.918641
20250115_EUR,20250115,EUR,EUR,1.003485
20250115_SEK,20250115,SEK,EUR,0.087853
20250115_NOK,20250115,NOK,EUR,0.086504
20250115_GBP,20250115,GBP,EUR,1.18719
20250115_USD,20250115,USD,EUR,0.919506
20250116_EUR,20250116,EUR,EUR,1.002239
20250116_SEK,20250116,SEK,EUR,0.087309
20250116_NOK,20250116,NOK,EUR,0.085515
20250116_GBP,20250116,GBP,EUR,1.177926
20250116_USD,20250116,USD,EUR,0.920658
20250117_EUR,20250117,EUR,EUR,1.008663
20250117_SEK,20250117,SEK,EUR,0.088982
20250117_NOK,20250117,NOK,EUR,0.086274
20250117_GBP,20250117,GBP,EUR,1.187968
20250117_USD,20250117,USD,EUR,0.911715
20250118_EUR,20250118,EUR,EUR,0.997287
20250118_SEK,20250118,SEK,EUR,0.087653
20250118_NOK,20250118,NOK,EUR,0.085733
20250118_GBP,20250118,GBP,EUR,1.184004
20250118_USD,20250118,USD,EUR,0.917828
20250119_EUR,20250119,EUR,EUR,0.990104
20250119_SEK,20250119,SEK,EUR,0.088329
20250119_NOK,20250119,NOK,EUR,0.085539
20250119_GBP,20250119,GBP,EUR,1.186418
20250119_USD,20250119,USD,EUR,0.929541
20250120_EUR,20250120,EUR,EUR,0.995403
20250120_SEK,20250120,SEK,EUR,0.086887
20250120_NOK,20250120,NOK,EUR,0.085877
20250120_GBP,20250120,GBP,EUR,1.191523
20250120_USD,20250120,USD,EUR,0.929008
20250121_EUR,20250121,EUR,EUR,0.993852
20250121_SEK,20250121,SEK,EUR,0.088219
20250121_NOK,20250121,NOK,EUR,0.0858
20250121_GBP,20250121,GBP,EUR,1.184372
20250121_USD,20250121,USD,EUR,0.932164
20250122_EUR,20250122,EUR,EUR,0.992485
20250122_SEK,20250122,SEK,EUR,0.088112
20250122_NOK,20250122,NOK,EUR,0.086201
20250122_GBP,20250122,GBP,EUR,1.191433
20250122_USD,20250122,USD,EUR,0.920451
20250123_EUR,20250123,EUR,EUR,1.00154
20250123_SEK,20250123,SEK,EUR,0.087828
20250123_NOK,20250123,NOK,EUR,0.086116
20250123_GBP,20250123,GBP,EUR,1.182967
20250123_USD,20250123,USD,EUR,0.922859
20250124_EUR,20250124,EUR,EUR,0.998152
20250124_SEK,20250124,SEK,EUR,0.088166
20250124_NOK,20250124,NOK,EUR,0.085987
20250124_GBP,20250124,GBP,EUR,1.191672
20250124_USD,20250124,USD,EUR,0.919764
20250125_EUR,20250125,EUR,EUR,0.991135
20250125_SEK,20250125,SEK,EUR,0.088555
20250125_NOK,20250125,NOK,EUR,0.085611
20250125_GBP,20250125,GBP,EUR,1.181126
20250125_USD,20250125,USD,EUR,0.91726
20250126_EUR,20250126,EUR,EUR,1.006872
20250126_SEK,20250126,SEK,EUR,0.08706
20250126_NOK,20250126,NOK,EUR,0.087349
20250126_GBP,20250126,GBP,EUR,1.191257
20250126_USD,20250126,USD,EUR,0.921027
20250127_EUR,20250127,EUR,EUR,0.999726
20250127_SEK,20250127,SEK,EUR,0.088126
20250127_NOK,20250127,NOK,EUR,0.086224
20250127_GBP,20250127,GBP,EUR,1.188823
20250127_USD,20250127,USD,EUR,0.922556
20250128_EUR,20250128,EUR,EUR,1.000448
20250128_SEK,20250128,SEK,EUR,0.087913
20250128_NOK,20250128,NOK,EUR,0.085935
20250128_GBP,20250128,GBP,EUR,1.183845
20250128_USD,20250128,USD,EUR,0.925215
20250129_EUR,20250129,EUR,EUR,1.002968
20250129_SEK,20250129,SEK,EUR,0.086706
20250129_NOK,20250129,NOK,EUR,0.086282
20250129_GBP,20250129,GBP,EUR,1.186154
20250129_USD,20250129,USD,EUR,0.919914
20250130_EUR,20250130,EUR,EUR,0.998057
20250130_SEK,20250130,SEK,EUR,0.088495
20250130_NOK,20250130,NOK,EUR,0.086407
20250130_GBP,20250130,GBP,EUR,1.180421
20250130_USD,20250130,USD,EUR,0.921872
20250131_EUR,20250131,EUR,EUR,0.995142
20250131_SEK,20250131,SEK,EUR,0.087393
20250131_NOK,20250131,NOK,EUR,0.085731
20250131_GBP,20250131,GBP,EUR,1.19011
20250131_USD,20250131,USD,EUR,0.924384
20250201_EUR,20250201,EUR,EUR,1.002565
20250201_SEK,20250201,SEK,EUR,0.088319
20250201_NOK,20250201,NOK,EUR,0.086222
20250201_GBP,20250201,GBP,EUR,1.181199
20250201_USD,20250201,USD,EUR,0.921987
20250202_EUR,20250202,EUR,EUR,1.004002
20250202_SEK,20250202,SEK,EUR,0.088332
20250202_NOK,20250202,NOK,EUR,0.086511
20250202_GBP,20250202,GBP,EUR,1.189197
20250202_USD,20250202,USD,EUR,0.921617
20250203_EUR,20250203,EUR,EUR,1.005351
20250203_SEK,20250203,SEK,EUR,0.087988
20250203_NOK,20250203,NOK,EUR,0.085621
20250203_GBP,20250203,GBP,EUR,1.184034
20250203_USD,20250203,USD,EUR,0.916573
20250204_EUR,20250204,EUR,EUR,0.996624
20250204_SEK,20250204,SEK,EUR,0.087936
20250204_NOK,20250204,NOK,EUR,0.085659
20250204_GBP,20250204,GBP,EUR,1.183175
20250204_USD,20250204,USD,EUR,0.911289
20250205_EUR,20250205,EUR,EUR,1.001066
20250205_SEK,20250205,SEK,EUR,0.088001
20250205_NOK,20250205,NOK,EUR,0.085649
20250205_GBP,20250205,GBP,EUR,1.188906
20250205_USD,20250205,USD,EUR,0.924313
20250206_EUR,20250206,EUR,EUR,0.991962
20250206_SEK,20250206,SEK,EUR,0.087664
20250206_NOK,20250206,NOK,EUR,0.085669
20250206_GBP,20250206,GBP,EUR,1.179431
20250206_USD,20250206,USD,EUR,0.923816
20250207_EUR,20250207,EUR,EUR,0.999031
20250207_SEK,20250207,SEK,EUR,0.087884
20250207_NOK,20250207,NOK,EUR,0.085138
20250207_GBP,20250207,GBP,EUR,1.188765
20250207_USD,20250207,USD,EUR,0.914299
20250208_EUR,20250208,EUR,EUR,1.0003
20250208_SEK,20250208,SEK,EUR,0.088122
20250208_NOK,20250208,NOK,EUR,0.086585
20250208_GBP,20250208,GBP,EUR,1.177245
20250208_USD,20250208,USD,EUR,0.90611
20250209_EUR,20250209,EUR,EUR,1.000919
20250209_SEK,20250209,SEK,EUR,0.088792
20250209_NOK,20250209,NOK,EUR,0.086533
20250209_GBP,20250209,GBP,EUR,1.186242
20250209_USD,20250209,USD,EUR,0.917738
20250210_EUR,20250210,EUR,EUR,1.004036
20250210_SEK,20250210,SEK,EUR,0.087572
20250210_NOK,20250210,NOK,EUR,0.086205
20250210_GBP,20250210,GBP,EUR,1.187995
20250210_USD,20250210,USD,EUR,0.924877
20250211_EUR,20250211,EUR,EUR,1.013798
20250211_SEK,20250211,SEK,EUR,0.088173
20250211_NOK,20250211,NOK,EUR,0.085781
20250211_GBP,20250211,GBP,EUR,1.184848
20250211_USD,20250211,USD,EUR,0.911862
20250212_EUR,20250212,EUR,EUR,0.996526
20250212_SEK,20250212,SEK,EUR,0.08782
20250212_NOK,20250212,NOK,EUR,0.085775
20250212_GBP,20250212,GBP,EUR,1.185903
20250212_USD,20250212,USD,EUR,0.916217
20250213_EUR,20250213,EUR,EUR,1.005605
20250213_SEK,20250213,SEK,EUR,0.088
20250213_NOK,20250213,NOK,EUR,0.085996
20250213_GBP,20250213,GBP,EUR,1.183057
20250213_USD,20250213,USD,EUR,0.920714
20250214_EUR,20250214,EUR,EUR,1.004125
20250214_SEK,20250214,SEK,EUR,0.087618
20250214_NOK,20250214,NOK,EUR,0.085717
20250214_GBP,20250214,GBP,EUR,1.1832
20250214_USD,20250214,USD,EUR,0.913809
20250215_EUR,20250215,EUR,EUR,0.995904
20250215_SEK,20250215,SEK,EUR,0.08779
20250215_NOK,20250215,NOK,EUR,0.086376
20250215_GBP,20250215,GBP,EUR,1.186556
20250215_USD,20250215,USD,EUR,0.920891
20250216_EUR,20250216,EUR,EUR,1.004254
20250216_SEK,20250216,SEK,EUR,0.08794
20250216_NOK,20250216,NOK,EUR,0.086168
20250216_GBP,20250216,GBP,EUR,1.184388
20250216_USD,20250216,USD,EUR,0.921221
20250217_EUR,20250217,EUR,EUR,0.997086
20250217_SEK,20250217,SEK,EUR,0.086927
20250217_NOK,20250217,NOK,EUR,0.085942
20250217_GBP,20250217,GBP,EUR,1.19343
20250217_USD,20250217,USD,EUR,0.924261
20250218_EUR,20250218,EUR,EUR,1.004827
20250218_SEK,20250218,SEK,EUR,0.088544
20250218_NOK,20250218,NOK,EUR,0.086038
20250218_GBP,20250218,GBP,EUR,1.186169
20250218_USD,20250218,USD,EUR,0.917159
20250219_EUR,20250219,EUR,EUR,0.99842
20250219_SEK,20250219,SEK,EUR,0.088271
20250219_NOK,20250219,NOK,EUR,0.086518
20250219_GBP,20250219,GBP,EUR,1.184174
20250219_USD,20250219,USD,EUR,0.917929
20250220_EUR,20250220,EUR,EUR,1.000003
20250220_SEK,20250220,SEK,EUR,0.088265
20250220_NOK,20250220,NOK,EUR,0.085379
20250220_GBP,20250220,GBP,EUR,1.171395
20250220_USD,20250220,USD,EUR,0.917468
20250221_EUR,20250221,EUR,EUR,0.993896
20250221_SEK,20250221,SEK,EUR,0.087776
20250221_NOK,20250221,NOK,EUR,0.085936
20250221_GBP,20250221,GBP,EUR,1.182315
20250221_USD,20250221,USD,EUR,0.926681
20250222_EUR,20250222,EUR,EUR,1.001634
20250222_SEK,20250222,SEK,EUR,0.088132
20250222_NOK,20250222,NOK,EUR,0.086268
20250222_GBP,20250222,GBP,EUR,1.178252
20250222_USD,20250222,USD,EUR,0.92478
20250223_EUR,20250223,EUR,EUR,0.999621
20250223_SEK,20250223,SEK,EUR,0.088295
20250223_NOK,20250223,NOK,EUR,0.085539
20250223_GBP,20250223,GBP,EUR,1.175794
20250223_USD,20250223,USD,EUR,0.923762
20250224_EUR,20250224,EUR,EUR,1.001882
20250224_SEK,20250224,SEK,EUR,0.087603
20250224_NOK,20250224,NOK,EUR,0.085626
20250224_GBP,20250224,GBP,EUR,1.191668
20250224_USD,20250224,USD,EUR,0.914529
20250225_EUR,20250225,EUR,EUR,1.008213
20250225_SEK,20250225,SEK,EUR,0.087604
20250225_NOK,20250225,NOK,EUR,0.086275
20250225_GBP,20250225,GBP,EUR,1.183053
20250225_USD,20250225,USD,EUR,0.922775
20250226_EUR,20250226,EUR,EUR,0.997279
20250226_SEK,20250226,SEK,EUR,0.087928
20250226_NOK,20250226,NOK,EUR,0.086018
20250226_GBP,20250226,GBP,EUR,1.179062
20250226_USD,20250226,USD,EUR,0.923408
20250227_EUR,20250227,EUR,EUR,0.997434
20250227_SEK,20250227,SEK,EUR,0.087899
20250227_NOK,20250227,NOK,EUR,0.085572
20250227_GBP,20250227,GBP,EUR,1.169818
20250227_USD,20250227,USD,EUR,0.919121
20250228_EUR,20250228,EUR,EUR,1.012063
20250228_SEK,20250228,SEK,EUR,0.088345
20250228_NOK,20250228,NOK,EUR,0.085992
20250228_GBP,20250228,GBP,EUR,1.183442
20250228_USD,20250228,USD,EUR,0.920103
20250301_EUR,20250301,EUR,EUR,1.002736
20250301_SEK,20250301,SEK,EUR,0.08748
20250301_NOK,20250301,NOK,EUR,0.086479
20250301_GBP,20250301,GBP,EUR,1.189239
20250301_USD,20250301,USD,EUR,0.923304
20250302_EUR,20250302,EUR,EUR,1.002192
20250302_SEK,20250302,SEK,EUR,0.088009
20250302_NOK,20250302,NOK,EUR,0.086289
20250302_GBP,20250302,GBP,EUR,1.188506
20250302_USD,20250302,USD,EUR,0.918371
20250303_EUR,20250303,EUR,EUR,0.997132
20250303_SEK,20250303,SEK,EUR,0.088045
20250303_NOK,20250303,NOK,EUR,0.086666
20250303_GBP,20250303,GBP,EUR,1.177658
20250303_USD,20250303,USD,EUR,0.913249
20250304_EUR,20250304,EUR,EUR,1.000824
20250304_SEK,20250304,SEK,EUR,0.088022
20250304_NOK,20250304,NOK,EUR,0.086075
20250304_GBP,20250304,GBP,EUR,1.186445
20250304_USD,20250304,USD,EUR,0.918973
20250305_EUR,20250305,EUR,EUR,1.007449
20250305_SEK,20250305,SEK,EUR,0.087296
20250305_NOK,20250305,NOK,EUR,0.085644
20250305_GBP,20250305,GBP,EUR,1.184388
20250305_USD,20250305,USD,EUR,0.912441
20250306_EUR,20250306,EUR,EUR,0.999121
20250306_SEK,20250306,SEK,EUR,0.088731
20250306_NOK,20250306,NOK,EUR,0.086009
20250306_GBP,20250306,GBP,EUR,1.186367
20250306_USD,20250306,USD,EUR,0.914203
20250307_EUR,20250307,EUR,EUR,0.996918
20250307_SEK,20250307,SEK,EUR,0.087835
20250307_NOK,20250307,NOK,EUR,0.085863
20250307_GBP,20250307,GBP,EUR,1.192594
20250307_USD,20250307,USD,EUR,0.922565
20250308_EUR,20250308,EUR,EUR,0.994443
20250308_SEK,20250308,SEK,EUR,0.088108
20250308_NOK,20250308,NOK,EUR,0.086214
20250308_GBP,20250308,GBP,EUR,1.191755
20250308_USD,20250308,USD,EUR,0.92727
20250309_EUR,20250309,EUR,EUR,0.994925
20250309_SEK,20250309,SEK,EUR,0.087643
20250309_NOK,20250309,NOK,EUR,0.085459
20250309_GBP,20250309,GBP,EUR,1.183613
20250309_USD,20250309,USD,EUR,0.922145
20250310_EUR,20250310,EUR,EUR,1.004937
20250310_SEK,20250310,SEK,EUR,0.087967
20250310_NOK,20250310,NOK,EUR,0.085862
20250310_GBP,20250310,GBP,EUR,1.185899
20250310_USD,20250310,USD,EUR,0.916158
20250311_EUR,20250311,EUR,EUR,1.010448
20250311_SEK,20250311,SEK,EUR,0.087293
20250311_NOK,20250311,NOK,EUR,0.086079
20250311_GBP,20250311,GBP,EUR,1.19699
20250311_USD,20250311,USD,EUR,0.920031
20250312_EUR,20250312,EUR,EUR,0.99905
20250312_SEK,20250312,SEK,EUR,0.087843
20250312_NOK,20250312,NOK,EUR,0.085922
20250312_GBP,20250312,GBP,EUR,1.193134
20250312_USD,20250312,USD,EUR,0.909825
20250313_EUR,20250313,EUR,EUR,1.007667
20250313_SEK,20250313,SEK,EUR,0.087373
20250313_NOK,20250313,NOK,EUR,0.085885
20250313_GBP,20250313,GBP,EUR,1.182457
20250313_USD,20250313,USD,EUR,0.922707
20250314_EUR,20250314,EUR,EUR,0.992009
20250314_SEK,20250314,SEK,EUR,0.088203
20250314_NOK,20250314,NOK,EUR,0.08687
20250314_GBP,20250314,GBP,EUR,1.176923
20250314_USD,20250314,USD,EUR,0.920873
20250315_EUR,20250315,EUR,EUR,0.99669
20250315_SEK,20250315,SEK,EUR,0.088187
20250315_NOK,20250315,NOK,EUR,0.086008
20250315_GBP,20250315,GBP,EUR,1.181199
20250315_USD,20250315,USD,EUR,0.922244
20250316_EUR,20250316,EUR,EUR,1.009022
20250316_SEK,20250316,SEK,EUR,0.087916
20250316_NOK,20250316,NOK,EUR,0.086309
20250316_GBP,20250316,GBP,EUR,1.177337
20250316_USD,20250316,USD,EUR,0.9156
20250317_EUR,20250317,EUR,EUR,1.002362
20250317_SEK,20250317,SEK,EUR,0.088653
20250317_NOK,20250317,NOK,EUR,0.086153
20250317_GBP,20250317,GBP,EUR,1.183145
20250317_USD,20250317,USD,EUR,0.919997
20250318_EUR,20250318,EUR,EUR,0.993748
20250318_SEK,20250318,SEK,EUR,0.088266
20250318_NOK,20250318,NOK,EUR,0.086379
20250318_GBP,20250318,GBP,EUR,1.182321
20250318_USD,20250318,USD,EUR,0.917838
20250319_EUR,20250319,EUR,EUR,1.001329
20250319_SEK,20250319,SEK,EUR,0.087808
20250319_NOK,20250319,NOK,EUR,0.085972
20250319_GBP,20250319,GBP,EUR,1.197441
20250319_USD,20250319,USD,EUR,0.918864
20250320_EUR,20250320,EUR,EUR,0.998208
20250320_SEK,20250320,SEK,EUR,0.087715
20250320_NOK,20250320,NOK,EUR,0.08632
20250320_GBP,20250320,GBP,EUR,1.183926
20250320_USD,20250320,USD,EUR,0.917013
20250321_EUR,20250321,EUR,EUR,1.006607
20250321_SEK,20250321,SEK,EUR,0.088625
20250321_NOK,20250321,NOK,EUR,0.085742
20250321_GBP,20250321,GBP,EUR,1.173941
20250321_USD,20250321,USD,EUR,0.924635
20250322_EUR,20250322,EUR,EUR,0.996577
20250322_SEK,20250322,SEK,EUR,0.088348
20250322_NOK,20250322,NOK,EUR,0.085153
20250322_GBP,20250322,GBP,EUR,1.190289
20250322_USD,20250322,USD,EUR,0.914429
20250323_EUR,20250323,EUR,EUR,1.003654
20250323_SEK,20250323,SEK,EUR,0.088006
20250323_NOK,20250323,NOK,EUR,0.08559
20250323_GBP,20250323,GBP,EUR,1.182588
20250323_USD,20250323,USD,EUR,0.923157
20250324_EUR,20250324,EUR,EUR,1.000529
20250324_SEK,20250324,SEK,EUR,0.088257
20250324_NOK,20250324,NOK,EUR,0.08685
20250324_GBP,20250324,GBP,EUR,1.175732
20250324_USD,20250324,USD,EUR,0.927439
20250325_EUR,20250325,EUR,EUR,1.000522
20250325_SEK,20250325,SEK,EUR,0.087605
20250325_NOK,20250325,NOK,EUR,0.085428
20250325_GBP,20250325,GBP,EUR,1.183879
20250325_USD,20250325,USD,EUR,0.92424
20250326_EUR,20250326,EUR,EUR,0.999362
20250326_SEK,20250326,SEK,EUR,0.088665
20250326_NOK,20250326,NOK,EUR,0.085376
20250326_GBP,20250326,GBP,EUR,1.184928
20250326_USD,20250326,USD,EUR,0.914239
20250327_EUR,20250327,EUR,EUR,1.001818
20250327_SEK,20250327,SEK,EUR,0.08839
20250327_NOK,20250327,NOK,EUR,0.085819
20250327_GBP,20250327,GBP,EUR,1.16957
20250327_USD,20250327,USD,EUR,0.920915
20250328_EUR,20250328,EUR,EUR,1.002184
20250328_SEK,20250328,SEK,EUR,0.088178
20250328_NOK,20250328,NOK,EUR,0.086531
20250328_GBP,20250328,GBP,EUR,1.178654
20250328_USD,20250328,USD,EUR,0.923129
20250329_EUR,20250329,EUR,EUR,1.005963
20250329_SEK,20250329,SEK,EUR,0.087217
20250329_NOK,20250329,NOK,EUR,0.086137
20250329_GBP,20250329,GBP,EUR,1.182013
20250329_USD,20250329,USD,EUR,0.919625
20250330_EUR,20250330,EUR,EUR,1.001738
20250330_SEK,20250330,SEK,EUR,0.087786
20250330_NOK,20250330,NOK,EUR,0.085709
20250330_GBP,20250330,GBP,EUR,1.185202
20250330_USD,20250330,USD,EUR,0.914999
20250331_EUR,20250331,EUR,EUR,0.994571
20250331_SEK,20250331,SEK,EUR,0.088299
20250331_NOK,20250331,NOK,EUR,0.085506
20250331_GBP,20250331,GBP,EUR,1.188948
20250331_USD,20250331,USD,EUR,0.922128
20250401_EUR,20250401,EUR,EUR,0.991371
20250401_SEK,20250401,SEK,EUR,0.087702
20250401_NOK,20250401,NOK,EUR,0.086513
20250401_GBP,20250401,GBP,EUR,1.179187
20250401_USD,20250401,USD,EUR,0.917864
20250402_EUR,20250402,EUR,EUR,1.00231
20250402_SEK,20250402,SEK,EUR,0.088345
20250402_NOK,20250402,NOK,EUR,0.085892
20250402_GBP,20250402,GBP,EUR,1.18146
20250402_USD,20250402,USD,EUR,0.926543
20250403_EUR,20250403,EUR,EUR,1.008694
20250403_SEK,20250403,SEK,EUR,0.088431
20250403_NOK,20250403,NOK,EUR,0.086037
20250403_GBP,20250403,GBP,EUR,1.180211
20250403_USD,20250403,USD,EUR,0.91618
20250404_EUR,20250404,EUR,EUR,1.002613
20250404_SEK,20250404,SEK,EUR,0.088184
20250404_NOK,20250404,NOK,EUR,0.086603
20250404_GBP,20250404,GBP,EUR,1.188854
20250404_USD,20250404,USD,EUR,0.913086
20250405_EUR,20250405,EUR,EUR,1.00526
20250405_SEK,20250405,SEK,EUR,0.087561
20250405_NOK,20250405,NOK,EUR,0.085835
20250405_GBP,20250405,GBP,EUR,1.186482
20250405_USD,20250405,USD,EUR,0.92918
20250406_EUR,20250406,EUR,EUR,1.01555
20250406_SEK,20250406,SEK,EUR,0.088267
20250406_NOK,20250406,NOK,EUR,0.085921
20250406_GBP,20250406,GBP,EUR,1.188167
20250406_USD,20250406,USD,EUR,0.924083
20250407_EUR,20250407,EUR,EUR,0.998397
20250407_SEK,20250407,SEK,EUR,0.08879
20250407_NOK,20250407,NOK,EUR,0.086099
20250407_GBP,20250407,GBP,EUR,1.187949
20250407_USD,20250407,USD,EUR,0.923063
20250408_EUR,20250408,EUR,EUR,1.002108
20250408_SEK,20250408,SEK,EUR,0.088369
20250408_NOK,20250408,NOK,EUR,0.085735
20250408_GBP,20250408,GBP,EUR,1.181692
20250408_USD,20250408,USD,EUR,0.914939
20250409_EUR,20250409,EUR,EUR,1.002198
20250409_SEK,20250409,SEK,EUR,0.088343
20250409_NOK,20250409,NOK,EUR,0.086197
20250409_GBP,20250409,GBP,EUR,1.194921
20250409_USD,20250409,USD,EUR,0.919974
20250410_EUR,20250410,EUR,EUR,1.003344
20250410_SEK,20250410,SEK,EUR,0.08752
20250410_NOK,20250410,NOK,EUR,0.085834
20250410_GBP,20250410,GBP,EUR,1.189121
20250410_USD,20250410,USD,EUR,0.923906
20250411_EUR,20250411,EUR,EUR,0.99853
20250411_SEK,20250411,SEK,EUR,0.087968
20250411_NOK,20250411,NOK,EUR,0.085347
20250411_GBP,20250411,GBP,EUR,1.182885
20250411_USD,20250411,USD,EUR,0.924096
20250412_EUR,20250412,EUR,EUR,1.002876
20250412_SEK,20250412,SEK,EUR,0.08822
20250412_NOK,20250412,NOK,EUR,0.086021
20250412_GBP,20250412,GBP,EUR,1.185042
20250412_USD,20250412,USD,EUR,0.916963
20250413_EUR,20250413,EUR,EUR,1.003494
20250413_SEK,20250413,SEK,EUR,0.088185
20250413_NOK,20250413,NOK,EUR,0.086212
20250413_GBP,20250413,GBP,EUR,1.181883
20250413_USD,20250413,USD,EUR,0.910095
20250414_EUR,20250414,EUR,EUR,1.005486
20250414_SEK,20250414,SEK,EUR,0.087789
20250414_NOK,20250414,NOK,EUR,0.085629
20250414_GBP,20250414,GBP,EUR,1.189109
20250414_USD,20250414,USD,EUR,0.918197
20250415_EUR,20250415,EUR,EUR,1.0053
20250415_SEK,20250415,SEK,EUR,0.088271
20250415_NOK,20250415,NOK,EUR,0.086294
20250415_GBP,20250415,GBP,EUR,1.176907
20250415_USD,20250415,USD,EUR,0.925575
20250416_EUR,20250416,EUR,EUR,1.001306
20250416_SEK,20250416,SEK,EUR,0.087838
20250416_NOK,20250416,NOK,EUR,0.086062
20250416_GBP,20250416,GBP,EUR,1.174476
20250416_USD,20250416,USD,EUR,0.92188
20250417_EUR,20250417,EUR,EUR,0.994853
20250417_SEK,20250417,SEK,EUR,0.087405
20250417_NOK,20250417,NOK,EUR,0.085345
20250417_GBP,20250417,GBP,EUR,1.191593
20250417_USD,20250417,USD,EUR,0.917105
20250418_EUR,20250418,EUR,EUR,1.007669
20250418_SEK,20250418,SEK,EUR,0.087764
20250418_NOK,20250418,NOK,EUR,0.085266
20250418_GBP,20250418,GBP,EUR,1.178385
20250418_USD,20250418,USD,EUR,0.925685
20250419_EUR,20250419,EUR,EUR,0.999221
20250419_SEK,20250419,SEK,EUR,0.087759
20250419_NOK,20250419,NOK,EUR,0.086069
20250419_GBP,20250419,GBP,EUR,1.187973
20250419_USD,20250419,USD,EUR,0.92514
20250420_EUR,20250420,EUR,EUR,1.007242
20250420_SEK,20250420,SEK,EUR,0.087842
20250420_NOK,20250420,NOK,EUR,0.08543
20250420_GBP,20250420,GBP,EUR,1.18255
20250420_USD,20250420,USD,EUR,0.921197
20250421_EUR,20250421,EUR,EUR,0.995181
20250421_SEK,20250421,SEK,EUR,0.087579
20250421_NOK,20250421,NOK,EUR,0.086148
20250421_GBP,20250421,GBP,EUR,1.184712
20250421_USD,20250421,USD,EUR,0.920151
20250422_EUR,20250422,EUR,EUR,0.996208
20250422_SEK,20250422,SEK,EUR,0.087899
20250422_NOK,20250422,NOK,EUR,0.085603
20250422_GBP,20250422,GBP,EUR,1.190274
20250422_USD,20250422,USD,EUR,0.924762
20250423_EUR,20250423,EUR,EUR,0.990769
20250423_SEK,20250423,SEK,EUR,0.087591
20250423_NOK,20250423,NOK,EUR,0.085356
20250423_GBP,20250423,GBP,EUR,1.181149
20250423_USD,20250423,USD,EUR,0.919616
20250424_EUR,20250424,EUR,EUR,0.992752
20250424_SEK,20250424,SEK,EUR,0.087594
20250424_NOK,20250424,NOK,EUR,0.085568
20250424_GBP,20250424,GBP,EUR,1.186228
20250424_USD,20250424,USD,EUR,0.920319
20250425_EUR,20250425,EUR,EUR,0.996391
20250425_SEK,20250425,SEK,EUR,0.088078
20250425_NOK,20250425,NOK,EUR,0.085765
20250425_GBP,20250425,GBP,EUR,1.18339
20250425_USD,20250425,USD,EUR,0.927698
20250426_EUR,20250426,EUR,EUR,1.006702
20250426_SEK,20250426,SEK,EUR,0.087428
20250426_NOK,20250426,NOK,EUR,0.086357
20250426_GBP,20250426,GBP,EUR,1.189808
20250426_USD,20250426,USD,EUR,0.914718
20250427_EUR,20250427,EUR,EUR,1.004094
20250427_SEK,20250427,SEK,EUR,0.088677
20250427_NOK,20250427,NOK,EUR,0.085517
20250427_GBP,20250427,GBP,EUR,1.179564
20250427_USD,20250427,USD,EUR,0.924681
20250428_EUR,20250428,EUR,EUR,1.001357
20250428_SEK,20250428,SEK,EUR,0.088243
20250428_NOK,20250428,NOK,EUR,0.086146
20250428_GBP,20250428,GBP,EUR,1.187315
20250428_USD,20250428,USD,EUR,0.913898
20250429_EUR,20250429,EUR,EUR,1.005237
20250429_SEK,20250429,SEK,EUR,0.088515
20250429_NOK,20250429,NOK,EUR,0.085901
20250429_GBP,20250429,GBP,EUR,1.184742
20250429_USD,20250429,USD,EUR,0.912957
20250430_EUR,20250430,EUR,EUR,1.002571
20250430_SEK,20250430,SEK,EUR,0.088252
20250430_NOK,20250430,NOK,EUR,0.085973
20250430_GBP,20250430,GBP,EUR,1.191662
20250430_USD,20250430,USD,EUR,0.918463
20250501_EUR,20250501,EUR,EUR,1.002823
20250501_SEK,20250501,SEK,EUR,0.087551
20250501_NOK,20250501,NOK,EUR,0.08599
20250501_GBP,20250501,GBP,EUR,1.183967
20250501_USD,20250501,USD,EUR,0.921036
20250502_EUR,20250502,EUR,EUR,0.998152
20250502_SEK,20250502,SEK,EUR,0.087942
20250502_NOK,20250502,NOK,EUR,0.086355
20250502_GBP,20250502,GBP,EUR,1.182412
20250502_USD,20250502,USD,EUR,0.91261
20250503_EUR,20250503,EUR,EUR,1.008748
20250503_SEK,20250503,SEK,EUR,0.088608
20250503_NOK,20250503,NOK,EUR,0.085444
20250503_GBP,20250503,GBP,EUR,1.189087
20250503_USD,20250503,USD,EUR,0.917686
20250504_EUR,20250504,EUR,EUR,1.001317
20250504_SEK,20250504,SEK,EUR,0.088129
20250504_NOK,20250504,NOK,EUR,0.085899
20250504_GBP,20250504,GBP,EUR,1.180356
20250504_USD,20250504,USD,EUR,0.916824
20250505_EUR,20250505,EUR,EUR,0.995419
20250505_SEK,20250505,SEK,EUR,0.087634
20250505_NOK,20250505,NOK,EUR,0.085971
20250505_GBP,20250505,GBP,EUR,1.180759
20250505_USD,20250505,USD,EUR,0.923137
20250506_EUR,20250506,EUR,EUR,1.007436
20250506_SEK,20250506,SEK,EUR,0.087745
20250506_NOK,20250506,NOK,EUR,0.086103
20250506_GBP,20250506,GBP,EUR,1.187961
20250506_USD,20250506,USD,EUR,0.922171
20250507_EUR,20250507,EUR,EUR,1.00038
20250507_SEK,20250507,SEK,EUR,0.088327
20250507_NOK,20250507,NOK,EUR,0.086207
20250507_GBP,20250507,GBP,EUR,1.177667
20250507_USD,20250507,USD,EUR,0.923998
20250508_EUR,20250508,EUR,EUR,1.004436
20250508_SEK,20250508,SEK,EUR,0.087664
20250508_NOK,20250508,NOK,EUR,0.086016
20250508_GBP,20250508,GBP,EUR,1.189049
20250508_USD,20250508,USD,EUR,0.919037
20250509_EUR,20250509,EUR,EUR,1.005365
20250509_SEK,20250509,SEK,EUR,0.08904
20250509_NOK,20250509,NOK,EUR,0.085662
20250509_GBP,20250509,GBP,EUR,1.176817
20250509_USD,20250509,USD,EUR,0.921398
20250510_EUR,20250510,EUR,EUR,1.003608
20250510_SEK,20250510,SEK,EUR,0.087898
20250510_NOK,20250510,NOK,EUR,0.086625
20250510_GBP,20250510,GBP,EUR,1.177069
20250510_USD,20250510,USD,EUR,0.923187
20250511_EUR,20250511,EUR,EUR,0.996971
20250511_SEK,20250511,SEK,EUR,0.088757
20250511_NOK,20250511,NOK,EUR,0.086857
20250511_GBP,20250511,GBP,EUR,1.180458
20250511_USD,20250511,USD,EUR,0.917472
20250512_EUR,20250512,EUR,EUR,1.004298
20250512_SEK,20250512,SEK,EUR,0.08783
20250512_NOK,20250512,NOK,EUR,0.08598
20250512_GBP,20250512,GBP,EUR,1.18515
20250512_USD,20250512,USD,EUR,0.91117
20250513_EUR,20250513,EUR,EUR,0.999931
20250513_SEK,20250513,SEK,EUR,0.087697
20250513_NOK,20250513,NOK,EUR,0.085788
20250513_GBP,20250513,GBP,EUR,1.193554
20250513_USD,20250513,USD,EUR,0.91422
20250514_EUR,20250514,EUR,EUR,1.004066
20250514_SEK,20250514,SEK,EUR,0.087877
20250514_NOK,20250514,NOK,EUR,0.08588
20250514_GBP,20250514,GBP,EUR,1.189683
20250514_USD,20250514,USD,EUR,0.921564
20250515_EUR,20250515,EUR,EUR,1.002853
20250515_SEK,20250515,SEK,EUR,0.088426
20250515_NOK,20250515,NOK,EUR,0.085858
20250515_GBP,20250515,GBP,EUR,1.181372
20250515_USD,20250515,USD,EUR,0.915008
20250516_EUR,20250516,EUR,EUR,0.995873
20250516_SEK,20250516,SEK,EUR,0.089298
20250516_NOK,20250516,NOK,EUR,0.086535
20250516_GBP,20250516,GBP,EUR,1.176995
20250516_USD,20250516,USD,EUR,0.913917
20250517_EUR,20250517,EUR,EUR,1.002409
20250517_SEK,20250517,SEK,EUR,0.088241
20250517_NOK,20250517,NOK,EUR,0.086236
20250517_GBP,20250517,GBP,EUR,1.183489
20250517_USD,20250517,USD,EUR,0.919423
20250518_EUR,20250518,EUR,EUR,1.001639
20250518_SEK,20250518,SEK,EUR,0.088038
20250518_NOK,20250518,NOK,EUR,0.085046
20250518_GBP,20250518,GBP,EUR,1.183638
20250518_USD,20250518,USD,EUR,0.916084
20250519_EUR,20250519,EUR,EUR,1.000876
20250519_SEK,20250519,SEK,EUR,0.089314
20250519_NOK,20250519,NOK,EUR,0.086158
20250519_GBP,20250519,GBP,EUR,1.183142
20250519_USD,20250519,USD,EUR,0.92424
20250520_EUR,20250520,EUR,EUR,1.002413
20250520_SEK,20250520,SEK,EUR,0.088185
20250520_NOK,20250520,NOK,EUR,0.086261
20250520_GBP,20250520,GBP,EUR,1.197185
20250520_USD,20250520,USD,EUR,0.914798
20250521_EUR,20250521,EUR,EUR,1.002368
20250521_SEK,20250521,SEK,EUR,0.087592
20250521_NOK,20250521,NOK,EUR,0.086239
20250521_GBP,20250521,GBP,EUR,1.179557
20250521_USD,20250521,USD,EUR,0.91808
20250522_EUR,20250522,EUR,EUR,0.998525
20250522_SEK,20250522,SEK,EUR,0.088429
20250522_NOK,20250522,NOK,EUR,0.086395
20250522_GBP,20250522,GBP,EUR,1.177619
20250522_USD,20250522,USD,EUR,0.920253
20250523_EUR,20250523,EUR,EUR,0.996452
20250523_SEK,20250523,SEK,EUR,0.087446
20250523_NOK,20250523,NOK,EUR,0.085907
20250523_GBP,20250523,GBP,EUR,1.183172
20250523_USD,20250523,USD,EUR,0.931163
20250524_EUR,20250524,EUR,EUR,1.002165
20250524_SEK,20250524,SEK,EUR,0.087394
20250524_NOK,20250524,NOK,EUR,0.085757
20250524_GBP,20250524,GBP,EUR,1.191052
20250524_USD,20250524,USD,EUR,0.929607
20250525_EUR,20250525,EUR,EUR,0.99207
20250525_SEK,20250525,SEK,EUR,0.087173
20250525_NOK,20250525,NOK,EUR,0.086805
20250525_GBP,20250525,GBP,EUR,1.187308
20250525_USD,20250525,USD,EUR,0.916006
20250526_EUR,20250526,EUR,EUR,1.002673
20250526_SEK,20250526,SEK,EUR,0.08684
20250526_NOK,20250526,NOK,EUR,0.086001
20250526_GBP,20250526,GBP,EUR,1.186942
20250526_USD,20250526,USD,EUR,0.924252
20250527_EUR,20250527,EUR,EUR,0.994931
20250527_SEK,20250527,SEK,EUR,0.088038
20250527_NOK,20250527,NOK,EUR,0.085602
20250527_GBP,20250527,GBP,EUR,1.186513
20250527_USD,20250527,USD,EUR,0.915881
20250528_EUR,20250528,EUR,EUR,0.997959
20250528_SEK,20250528,SEK,EUR,0.087562
20250528_NOK,20250528,NOK,EUR,0.08628
20250528_GBP,20250528,GBP,EUR,1.190086
20250528_USD,20250528,USD,EUR,0.918921
20250529_EUR,20250529,EUR,EUR,1.000191
20250529_SEK,20250529,SEK,EUR,0.087363
20250529_NOK,20250529,NOK,EUR,0.085871
20250529_GBP,20250529,GBP,EUR,1.184703
20250529_USD,20250529,USD,EUR,0.932056
20250530_EUR,20250530,EUR,EUR,0.99444
20250530_SEK,20250530,SEK,EUR,0.088644
20250530_NOK,20250530,NOK,EUR,0.086429
20250530_GBP,20250530,GBP,EUR,1.186663
20250530_USD,20250530,USD,EUR,0.92809
20250531_EUR,20250531,EUR,EUR,1.001861
20250531_SEK,20250531,SEK,EUR,0.088171
20250531_NOK,20250531,NOK,EUR,0.085977
20250531_GBP,20250531,GBP,EUR,1.19225
20250531_USD,20250531,USD,EUR,0.925044
20250601_EUR,20250601,EUR,EUR,0.996872
20250601_SEK,20250601,SEK,EUR,0.08742
20250601_NOK,20250601,NOK,EUR,0.085913
20250601_GBP,20250601,GBP,EUR,1.18026
20250601_USD,20250601,USD,EUR,0.919708
20250602_EUR,20250602,EUR,EUR,1.006187
20250602_SEK,20250602,SEK,EUR,0.087799
20250602_NOK,20250602,NOK,EUR,0.085982
20250602_GBP,20250602,GBP,EUR,1.185344
20250602_USD,20250602,USD,EUR,0.923903
20250603_EUR,20250603,EUR,EUR,0.988766
20250603_SEK,20250603,SEK,EUR,0.087733
20250603_NOK,20250603,NOK,EUR,0.086091
20250603_GBP,20250603,GBP,EUR,1.19211
20250603_USD,20250603,USD,EUR,0.917737
20250604_EUR,20250604,EUR,EUR,0.990617
20250604_SEK,20250604,SEK,EUR,0.088273
20250604_NOK,20250604,NOK,EUR,0.085727
20250604_GBP,20250604,GBP,EUR,1.177951
20250604_USD,20250604,USD,EUR,0.917128
20250605_EUR,20250605,EUR,EUR,0.999077
20250605_SEK,20250605,SEK,EUR,0.087734
20250605_NOK,20250605,NOK,EUR,0.085052
20250605_GBP,20250605,GBP,EUR,1.190315
20250605_USD,20250605,USD,EUR,0.925864
20250606_EUR,20250606,EUR,EUR,1.003258
20250606_SEK,20250606,SEK,EUR,0.087499
20250606_NOK,20250606,NOK,EUR,0.085913
20250606_GBP,20250606,GBP,EUR,1.184961
20250606_USD,20250606,USD,EUR,0.922754
20250607_EUR,20250607,EUR,EUR,1.003342
20250607_SEK,20250607,SEK,EUR,0.087677
20250607_NOK,20250607,NOK,EUR,0.086035
20250607_GBP,20250607,GBP,EUR,1.187709
20250607_USD,20250607,USD,EUR,0.926697
20250608_EUR,20250608,EUR,EUR,1.003523
20250608_SEK,20250608,SEK,EUR,0.088347
20250608_NOK,20250608,NOK,EUR,0.086036
20250608_GBP,20250608,GBP,EUR,1.193357
20250608_USD,20250608,USD,EUR,0.921885
20250609_EUR,20250609,EUR,EUR,0.995695
20250609_SEK,20250609,SEK,EUR,0.088617
20250609_NOK,20250609,NOK,EUR,0.0863
20250609_GBP,20250609,GBP,EUR,1.182375
20250609_USD,20250609,USD,EUR,0.917794
20250610_EUR,20250610,EUR,EUR,1.001483
20250610_SEK,20250610,SEK,EUR,0.088204
20250610_NOK,20250610,NOK,EUR,0.086085
20250610_GBP,20250610,GBP,EUR,1.186845
20250610_USD,20250610,USD,EUR,0.92782
20250611_EUR,20250611,EUR,EUR,1.005358
20250611_SEK,20250611,SEK,EUR,0.088084
20250611_NOK,20250611,NOK,EUR,0.086405
20250611_GBP,20250611,GBP,EUR,1.178882
20250611_USD,20250611,USD,EUR,0.92183
20250612_EUR,20250612,EUR,EUR,1.009047
20250612_SEK,20250612,SEK,EUR,0.087904
20250612_NOK,20250612,NOK,EUR,0.085636
20250612_GBP,20250612,GBP,EUR,1.181136
20250612_USD,20250612,USD,EUR,0.914988
20250613_EUR,20250613,EUR,EUR,0.996076
20250613_SEK,20250613,SEK,EUR,0.087837
20250613_NOK,20250613,NOK,EUR,0.085396
20250613_GBP,20250613,GBP,EUR,1.185093
20250613_USD,20250613,USD,EUR,0.92415
20250614_EUR,20250614,EUR,EUR,0.995461
20250614_SEK,20250614,SEK,EUR,0.088668
20250614_NOK,20250614,NOK,EUR,0.08622
20250614_GBP,20250614,GBP,EUR,1.191106
20250614_USD,20250614,USD,EUR,0.916974
20250615_EUR,20250615,EUR,EUR,1.004273
20250615_SEK,20250615,SEK,EUR,0.08752
20250615_NOK,20250615,NOK,EUR,0.086383
20250615_GBP,20250615,GBP,EUR,1.186018
20250615_USD,20250615,USD,EUR,0.922545
20250616_EUR,20250616,EUR,EUR,0.994122
20250616_SEK,20250616,SEK,EUR,0.087606
20250616_NOK,20250616,NOK,EUR,0.086257
20250616_GBP,20250616,GBP,EUR,1.179381
20250616_USD,20250616,USD,EUR,0.922131
20250617_EUR,20250617,EUR,EUR,0.993164
20250617_SEK,20250617,SEK,EUR,0.088373
20250617_NOK,20250617,NOK,EUR,0.08547
20250617_GBP,20250617,GBP,EUR,1.188272
20250617_USD,20250617,USD,EUR,0.922878
20250618_EUR,20250618,EUR,EUR,0.996516
20250618_SEK,20250618,SEK,EUR,0.088256
20250618_NOK,20250618,NOK,EUR,0.086112
20250618_GBP,20250618,GBP,EUR,1.181807
20250618_USD,20250618,USD,EUR,0.915361
20250619_EUR,20250619,EUR,EUR,0.990187
20250619_SEK,20250619,SEK,EUR,0.088154
20250619_NOK,20250619,NOK,EUR,0.085327
20250619_GBP,20250619,GBP,EUR,1.185565
20250619_USD,20250619,USD,EUR,0.918788
20250620_EUR,20250620,EUR,EUR,1.003396
20250620_SEK,20250620,SEK,EUR,0.087867
20250620_NOK,20250620,NOK,EUR,0.085858
20250620_GBP,20250620,GBP,EUR,1.189336
20250620_USD,20250620,USD,EUR,0.921541
20250621_EUR,20250621,EUR,EUR,1.001581
20250621_SEK,20250621,SEK,EUR,0.088206
20250621_NOK,20250621,NOK,EUR,0.08534
20250621_GBP,20250621,GBP,EUR,1.189484
20250621_USD,20250621,USD,EUR,0.922817
20250622_EUR,20250622,EUR,EUR,0.994917
20250622_SEK,20250622,SEK,EUR,0.087893
20250622_NOK,20250622,NOK,EUR,0.085983
20250622_GBP,20250622,GBP,EUR,1.184203
20250622_USD,20250622,USD,EUR,0.921536
20250623_EUR,20250623,EUR,EUR,1.007157
20250623_SEK,20250623,SEK,EUR,0.088476
20250623_NOK,20250623,NOK,EUR,0.085436
20250623_GBP,20250623,GBP,EUR,1.188686
20250623_USD,20250623,USD,EUR,0.926113
20250624_EUR,20250624,EUR,EUR,1.001934
20250624_SEK,20250624,SEK,EUR,0.08848
20250624_NOK,20250624,NOK,EUR,0.086865
20250624_GBP,20250624,GBP,EUR,1.191065
20250624_USD,20250624,USD,EUR,0.921147
20250625_EUR,20250625,EUR,EUR,1.005225
20250625_SEK,20250625,SEK,EUR,0.088064
20250625_NOK,20250625,NOK,EUR,0.08601
20250625_GBP,20250625,GBP,EUR,1.182918
20250625_USD,20250625,USD,EUR,0.927192
20250626_EUR,20250626,EUR,EUR,0.995908
20250626_SEK,20250626,SEK,EUR,0.088674
20250626_NOK,20250626,NOK,EUR,0.086215
20250626_GBP,20250626,GBP,EUR,1.176709
20250626_USD,20250626,USD,EUR,0.921691
20250627_EUR,20250627,EUR,EUR,0.9895
20250627_SEK,20250627,SEK,EUR,0.088275
20250627_NOK,20250627,NOK,EUR,0.086381
20250627_GBP,20250627,GBP,EUR,1.18149
20250627_USD,20250627,USD,EUR,0.920568
20250628_EUR,20250628,EUR,EUR,1.009771
20250628_SEK,20250628,SEK,EUR,0.087777
20250628_NOK,20250628,NOK,EUR,0.085545
20250628_GBP,20250628,GBP,EUR,1.193779
20250628_USD,20250628,USD,EUR,0.929028
20250629_EUR,20250629,EUR,EUR,1.000018
20250629_SEK,20250629,SEK,EUR,0.088445
20250629_NOK,20250629,NOK,EUR,0.086577
20250629_GBP,20250629,GBP,EUR,1.180601
20250629_USD,20250629,USD,EUR,0.917768
20250630_EUR,20250630,EUR,EUR,1.006154
20250630_SEK,20250630,SEK,EUR,0.088741
20250630_NOK,20250630,NOK,EUR,0.086242
20250630_GBP,20250630,GBP,EUR,1.179787
20250630_USD,20250630,USD,EUR,0.92914
20250701_EUR,20250701,EUR,EUR,0.997345
20250701_SEK,20250701,SEK,EUR,0.087853
20250701_NOK,20250701,NOK,EUR,0.086147
20250701_GBP,20250701,GBP,EUR,1.194208
20250701_USD,20250701,USD,EUR,0.923928
20250702_EUR,20250702,EUR,EUR,1.002074
20250702_SEK,20250702,SEK,EUR,0.088204
20250702_NOK,20250702,NOK,EUR,0.086019
20250702_GBP,20250702,GBP,EUR,1.188307
20250702_USD,20250702,USD,EUR,0.908364
20250703_EUR,20250703,EUR,EUR,0.998517
20250703_SEK,20250703,SEK,EUR,0.088106
20250703_NOK,20250703,NOK,EUR,0.085505
20250703_GBP,20250703,GBP,EUR,1.187289
20250703_USD,20250703,USD,EUR,0.919059
20250704_EUR,20250704,EUR,EUR,1.008777
20250704_SEK,20250704,SEK,EUR,0.088692
20250704_NOK,20250704,NOK,EUR,0.0858
20250704_GBP,20250704,GBP,EUR,1.184106
20250704_USD,20250704,USD,EUR,0.91966
20250705_EUR,20250705,EUR,EUR,0.997742
20250705_SEK,20250705,SEK,EUR,0.088086
20250705_NOK,20250705,NOK,EUR,0.085674
20250705_GBP,20250705,GBP,EUR,1.178301
20250705_USD,20250705,USD,EUR,0.922864
20250706_EUR,20250706,EUR,EUR,1.003148
20250706_SEK,20250706,SEK,EUR,0.087646
20250706_NOK,20250706,NOK,EUR,0.086385
20250706_GBP,20250706,GBP,EUR,1.181258
20250706_USD,20250706,USD,EUR,0.921165
20250707_EUR,20250707,EUR,EUR,1.004102
20250707_SEK,20250707,SEK,EUR,0.087985
20250707_NOK,20250707,NOK,EUR,0.086196
20250707_GBP,20250707,GBP,EUR,1.18194
20250707_USD,20250707,USD,EUR,0.919096
20250708_EUR,20250708,EUR,EUR,0.998971
20250708_SEK,20250708,SEK,EUR,0.087672
20250708_NOK,20250708,NOK,EUR,0.085924
20250708_GBP,20250708,GBP,EUR,1.175824
20250708_USD,20250708,USD,EUR,0.917741
20250709_EUR,20250709,EUR,EUR,0.998576
20250709_SEK,20250709,SEK,EUR,0.087887
20250709_NOK,20250709,NOK,EUR,0.085896
20250709_GBP,20250709,GBP,EUR,1.184634
20250709_USD,20250709,USD,EUR,0.922205
20250710_EUR,20250710,EUR,EUR,1.004373
20250710_SEK,20250710,SEK,EUR,0.087714
20250710_NOK,20250710,NOK,EUR,0.085483
20250710_GBP,20250710,GBP,EUR,1.178826
20250710_USD,20250710,USD,EUR,0.917759
20250711_EUR,20250711,EUR,EUR,0.99824
20250711_SEK,20250711,SEK,EUR,0.087661
20250711_NOK,20250711,NOK,EUR,0.085443
20250711_GBP,20250711,GBP,EUR,1.182297
20250711_USD,20250711,USD,EUR,0.920835
20250712_EUR,20250712,EUR,EUR,1.002975
20250712_SEK,20250712,SEK,EUR,0.087755
20250712_NOK,20250712,NOK,EUR,0.085822
20250712_GBP,20250712,GBP,EUR,1.179509
20250712_USD,20250712,USD,EUR,0.919855
20250713_EUR,20250713,EUR,EUR,0.995758
20250713_SEK,20250713,SEK,EUR,0.088252
20250713_NOK,20250713,NOK,EUR,0.085232
20250713_GBP,20250713,GBP,EUR,1.182869
20250713_USD,20250713,USD,EUR,0.921385
20250714_EUR,20250714,EUR,EUR,1.000919
20250714_SEK,20250714,SEK,EUR,0.089185
20250714_NOK,20250714,NOK,EUR,0.08615
20250714_GBP,20250714,GBP,EUR,1.179051
20250714_USD,20250714,USD,EUR,0.919561
20250715_EUR,20250715,EUR,EUR,0.991119
20250715_SEK,20250715,SEK,EUR,0.087965
20250715_NOK,20250715,NOK,EUR,0.085642
20250715_GBP,20250715,GBP,EUR,1.190424
20250715_USD,20250715,USD,EUR,0.917472
20250716_EUR,20250716,EUR,EUR,0.999416
20250716_SEK,20250716,SEK,EUR,0.08772
20250716_NOK,20250716,NOK,EUR,0.086748
20250716_GBP,20250716,GBP,EUR,1.183097
20250716_USD,20250716,USD,EUR,0.92843
20250717_EUR,20250717,EUR,EUR,1.004071
20250717_SEK,20250717,SEK,EUR,0.088212
20250717_NOK,20250717,NOK,EUR,0.086159
20250717_GBP,20250717,GBP,EUR,1.187333
20250717_USD,20250717,USD,EUR,0.911133
20250718_EUR,20250718,EUR,EUR,0.998606
20250718_SEK,20250718,SEK,EUR,0.088372
20250718_NOK,20250718,NOK,EUR,0.085979
20250718_GBP,20250718,GBP,EUR,1.176674
20250718_USD,20250718,USD,EUR,0.919759
20250719_EUR,20250719,EUR,EUR,1.008521
20250719_SEK,20250719,SEK,EUR,0.088549
20250719_NOK,20250719,NOK,EUR,0.085973
20250719_GBP,20250719,GBP,EUR,1.190637
20250719_USD,20250719,USD,EUR,0.918314
20250720_EUR,20250720,EUR,EUR,0.991481
20250720_SEK,20250720,SEK,EUR,0.087593
20250720_NOK,20250720,NOK,EUR,0.086672
20250720_GBP,20250720,GBP,EUR,1.183377
20250720_USD,20250720,USD,EUR,0.91888
20250721_EUR,20250721,EUR,EUR,0.998501
20250721_SEK,20250721,SEK,EUR,0.088838
20250721_NOK,20250721,NOK,EUR,0.086699
20250721_GBP,20250721,GBP,EUR,1.198146
20250721_USD,20250721,USD,EUR,0.919268
20250722_EUR,20250722,EUR,EUR,1.001478
20250722_SEK,20250722,SEK,EUR,0.087333
20250722_NOK,20250722,NOK,EUR,0.086635
20250722_GBP,20250722,GBP,EUR,1.178081
20250722_USD,20250722,USD,EUR,0.920997
20250723_EUR,20250723,EUR,EUR,0.994513
20250723_SEK,20250723,SEK,EUR,0.087741
20250723_NOK,20250723,NOK,EUR,0.08564
20250723_GBP,20250723,GBP,EUR,1.181398
20250723_USD,20250723,USD,EUR,0.91752
20250724_EUR,20250724,EUR,EUR,0.997259
20250724_SEK,20250724,SEK,EUR,0.088367
20250724_NOK,20250724,NOK,EUR,0.085525
20250724_GBP,20250724,GBP,EUR,1.186307
20250724_USD,20250724,USD,EUR,0.925603
20250725_EUR,20250725,EUR,EUR,0.997434
20250725_SEK,20250725,SEK,EUR,0.087684
20250725_NOK,20250725,NOK,EUR,0.085901
20250725_GBP,20250725,GBP,EUR,1.19199
20250725_USD,20250725,USD,EUR,0.920893
20250726_EUR,20250726,EUR,EUR,0.997344
20250726_SEK,20250726,SEK,EUR,0.088213
20250726_NOK,20250726,NOK,EUR,0.085526
20250726_GBP,20250726,GBP,EUR,1.189037
20250726_USD,20250726,USD,EUR,0.92188
20250727_EUR,20250727,EUR,EUR,0.998461
20250727_SEK,20250727,SEK,EUR,0.087631
20250727_NOK,20250727,NOK,EUR,0.085619
20250727_GBP,20250727,GBP,EUR,1.188169
20250727_USD,20250727,USD,EUR,0.925653
20250728_EUR,20250728,EUR,EUR,0.996813
20250728_SEK,20250728,SEK,EUR,0.088202
20250728_NOK,20250728,NOK,EUR,0.085103
20250728_GBP,20250728,GBP,EUR,1.181536
20250728_USD,20250728,USD,EUR,0.919857
20250729_EUR,20250729,EUR,EUR,0.995452
20250729_SEK,20250729,SEK,EUR,0.087588
20250729_NOK,20250729,NOK,EUR,0.085713
20250729_GBP,20250729,GBP,EUR,1.186731
20250729_USD,20250729,USD,EUR,0.919138
20250730_EUR,20250730,EUR,EUR,0.988809
20250730_SEK,20250730,SEK,EUR,0.087067
20250730_NOK,20250730,NOK,EUR,0.085739
20250730_GBP,20250730,GBP,EUR,1.187712
20250730_USD,20250730,USD,EUR,0.907361
20250731_EUR,20250731,EUR,EUR,0.997501
20250731_SEK,20250731,SEK,EUR,0.087768
20250731_NOK,20250731,NOK,EUR,0.086597
20250731_GBP,20250731,GBP,EUR,1.182719
20250731_USD,20250731,USD,EUR,0.921762
20250801_EUR,20250801,EUR,EUR,1.000706
20250801_SEK,20250801,SEK,EUR,0.087063
20250801_NOK,20250801,NOK,EUR,0.08633
20250801_GBP,20250801,GBP,EUR,1.186276
20250801_USD,20250801,USD,EUR,0.922338
20250802_EUR,20250802,EUR,EUR,1.019631
20250802_SEK,20250802,SEK,EUR,0.087083
20250802_NOK,20250802,NOK,EUR,0.086742
20250802_GBP,20250802,GBP,EUR,1.183297
20250802_USD,20250802,USD,EUR,0.921322
20250803_EUR,20250803,EUR,EUR,0.999772
20250803_SEK,20250803,SEK,EUR,0.087813
20250803_NOK,20250803,NOK,EUR,0.085755
20250803_GBP,20250803,GBP,EUR,1.186952
20250803_USD,20250803,USD,EUR,0.913021
20250804_EUR,20250804,EUR,EUR,1.003753
20250804_SEK,20250804,SEK,EUR,0.087817
20250804_NOK,20250804,NOK,EUR,0.085514
20250804_GBP,20250804,GBP,EUR,1.182334
20250804_USD,20250804,USD,EUR,0.925783
20250805_EUR,20250805,EUR,EUR,0.997323
20250805_SEK,20250805,SEK,EUR,0.088158
20250805_NOK,20250805,NOK,EUR,0.085686
20250805_GBP,20250805,GBP,EUR,1.189491
20250805_USD,20250805,USD,EUR,0.923153
20250806_EUR,20250806,EUR,EUR,1.009243
20250806_SEK,20250806,SEK,EUR,0.087923
20250806_NOK,20250806,NOK,EUR,0.086288
20250806_GBP,20250806,GBP,EUR,1.185581
20250806_USD,20250806,USD,EUR,0.925961
20250807_EUR,20250807,EUR,EUR,0.996406
20250807_SEK,20250807,SEK,EUR,0.088328
20250807_NOK,20250807,NOK,EUR,0.085916
20250807_GBP,20250807,GBP,EUR,1.18462
20250807_USD,20250807,USD,EUR,0.920422
20250808_EUR,20250808,EUR,EUR,1.001261
20250808_SEK,20250808,SEK,EUR,0.087949
20250808_NOK,20250808,NOK,EUR,0.086092
20250808_GBP,20250808,GBP,EUR,1.19435
20250808_USD,20250808,USD,EUR,0.924533
20250809_EUR,20250809,EUR,EUR,1.004346
20250809_SEK,20250809,SEK,EUR,0.0878
20250809_NOK,20250809,NOK,EUR,0.085618
20250809_GBP,20250809,GBP,EUR,1.19066
20250809_USD,20250809,USD,EUR,0.92403
20250810_EUR,20250810,EUR,EUR,1.007363
20250810_SEK,20250810,SEK,EUR,0.087734
20250810_NOK,20250810,NOK,EUR,0.085901
20250810_GBP,20250810,GBP,EUR,1.175286
20250810_USD,20250810,USD,EUR,0.918195
20250811_EUR,20250811,EUR,EUR,1.004983
20250811_SEK,20250811,SEK,EUR,0.087795
20250811_NOK,20250811,NOK,EUR,0.086275
20250811_GBP,20250811,GBP,EUR,1.183871
20250811_USD,20250811,USD,EUR,0.921491
20250812_EUR,20250812,EUR,EUR,0.994262
20250812_SEK,20250812,SEK,EUR,0.088037
20250812_NOK,20250812,NOK,EUR,0.084714
20250812_GBP,20250812,GBP,EUR,1.183893
20250812_USD,20250812,USD,EUR,0.9125
20250813_EUR,20250813,EUR,EUR,1.00603
20250813_SEK,20250813,SEK,EUR,0.088342
20250813_NOK,20250813,NOK,EUR,0.086201
20250813_GBP,20250813,GBP,EUR,1.194012
20250813_USD,20250813,USD,EUR,0.915635
20250814_EUR,20250814,EUR,EUR,1.008737
20250814_SEK,20250814,SEK,EUR,0.08841
20250814_NOK,20250814,NOK,EUR,0.085898
20250814_GBP,20250814,GBP,EUR,1.191729
20250814_USD,20250814,USD,EUR,0.914911
20250815_EUR,20250815,EUR,EUR,0.995877
20250815_SEK,20250815,SEK,EUR,0.087732
20250815_NOK,20250815,NOK,EUR,0.085773
20250815_GBP,20250815,GBP,EUR,1.17874
20250815_USD,20250815,USD,EUR,0.925626
20250816_EUR,20250816,EUR,EUR,0.998706
20250816_SEK,20250816,SEK,EUR,0.088155
20250816_NOK,20250816,NOK,EUR,0.085755
20250816_GBP,20250816,GBP,EUR,1.174213
20250816_USD,20250816,USD,EUR,0.921242
20250817_EUR,20250817,EUR,EUR,0.990439
20250817_SEK,20250817,SEK,EUR,0.08797
20250817_NOK,20250817,NOK,EUR,0.085412
20250817_GBP,20250817,GBP,EUR,1.196775
20250817_USD,20250817,USD,EUR,0.924192
20250818_EUR,20250818,EUR,EUR,1.000529
20250818_SEK,20250818,SEK,EUR,0.088556
20250818_NOK,20250818,NOK,EUR,0.085636
20250818_GBP,20250818,GBP,EUR,1.18822
20250818_USD,20250818,USD,EUR,0.920919
20250819_EUR,20250819,EUR,EUR,1.00132
20250819_SEK,20250819,SEK,EUR,0.08856
20250819_NOK,20250819,NOK,EUR,0.086315
20250819_GBP,20250819,GBP,EUR,1.186711
20250819_USD,20250819,USD,EUR,0.912388
20250820_EUR,20250820,EUR,EUR,0.9952
20250820_SEK,20250820,SEK,EUR,0.087946
20250820_NOK,20250820,NOK,EUR,0.08604
20250820_GBP,20250820,GBP,EUR,1.178304
20250820_USD,20250820,USD,EUR,0.931094
20250821_EUR,20250821,EUR,EUR,1.007582
20250821_SEK,20250821,SEK,EUR,0.088265
20250821_NOK,20250821,NOK,EUR,0.086031
20250821_GBP,20250821,GBP,EUR,1.183743
20250821_USD,20250821,USD,EUR,0.915621
20250822_EUR,20250822,EUR,EUR,1.000387
20250822_SEK,20250822,SEK,EUR,0.088113
20250822_NOK,20250822,NOK,EUR,0.085466
20250822_GBP,20250822,GBP,EUR,1.18698
20250822_USD,20250822,USD,EUR,0.919286
20250823_EUR,20250823,EUR,EUR,0.990461
20250823_SEK,20250823,SEK,EUR,0.087621
20250823_NOK,20250823,NOK,EUR,0.085822
20250823_GBP,20250823,GBP,EUR,1.196185
20250823_USD,20250823,USD,EUR,0.92256
20250824_EUR,20250824,EUR,EUR,0.993323
20250824_SEK,20250824,SEK,EUR,0.088214
20250824_NOK,20250824,NOK,EUR,0.085335
20250824_GBP,20250824,GBP,EUR,1.191415
20250824_USD,20250824,USD,EUR,0.917833
20250825_EUR,20250825,EUR,EUR,0.999532
20250825_SEK,20250825,SEK,EUR,0.088583
20250825_NOK,20250825,NOK,EUR,0.085447
20250825_GBP,20250825,GBP,EUR,1.176722
20250825_USD,20250825,USD,EUR,0.917315
20250826_EUR,20250826,EUR,EUR,1.005192
20250826_SEK,20250826,SEK,EUR,0.087331
20250826_NOK,20250826,NOK,EUR,0.084782
20250826_GBP,20250826,GBP,EUR,1.182327
20250826_USD,20250826,USD,EUR,0.922538
20250827_EUR,20250827,EUR,EUR,1.006001
20250827_SEK,20250827,SEK,EUR,0.087796
20250827_NOK,20250827,NOK,EUR,0.085823
20250827_GBP,20250827,GBP,EUR,1.191837
20250827_USD,20250827,USD,EUR,0.911399
20250828_EUR,20250828,EUR,EUR,0.998057
20250828_SEK,20250828,SEK,EUR,0.088084
20250828_NOK,20250828,NOK,EUR,0.086193
20250828_GBP,20250828,GBP,EUR,1.181979
20250828_USD,20250828,USD,EUR,0.920158
20250829_EUR,20250829,EUR,EUR,0.987558
20250829_SEK,20250829,SEK,EUR,0.08771
20250829_NOK,20250829,NOK,EUR,0.086195
20250829_GBP,20250829,GBP,EUR,1.17918
20250829_USD,20250829,USD,EUR,0.920271
20250830_EUR,20250830,EUR,EUR,1.002234
20250830_SEK,20250830,SEK,EUR,0.087849
20250830_NOK,20250830,NOK,EUR,0.086073
20250830_GBP,20250830,GBP,EUR,1.179296
20250830_USD,20250830,USD,EUR,0.91905
20250831_EUR,20250831,EUR,EUR,1.003051
20250831_SEK,20250831,SEK,EUR,0.088069
20250831_NOK,20250831,NOK,EUR,0.085748
20250831_GBP,20250831,GBP,EUR,1.186328
20250831_USD,20250831,USD,EUR,0.923287
20250901_EUR,20250901,EUR,EUR,0.98975
20250901_SEK,20250901,SEK,EUR,0.08851
20250901_NOK,20250901,NOK,EUR,0.085855
20250901_GBP,20250901,GBP,EUR,1.187521
20250901_USD,20250901,USD,EUR,0.925507
20250902_EUR,20250902,EUR,EUR,0.993142
20250902_SEK,20250902,SEK,EUR,0.087688
20250902_NOK,20250902,NOK,EUR,0.085876
20250902_GBP,20250902,GBP,EUR,1.180356
20250902_USD,20250902,USD,EUR,0.927981
20250903_EUR,20250903,EUR,EUR,0.995716
20250903_SEK,20250903,SEK,EUR,0.087756
20250903_NOK,20250903,NOK,EUR,0.086088
20250903_GBP,20250903,GBP,EUR,1.177877
20250903_USD,20250903,USD,EUR,0.91818
20250904_EUR,20250904,EUR,EUR,1.001587
20250904_SEK,20250904,SEK,EUR,0.087854
20250904_NOK,20250904,NOK,EUR,0.08596
20250904_GBP,20250904,GBP,EUR,1.181864
20250904_USD,20250904,USD,EUR,0.913033
20250905_EUR,20250905,EUR,EUR,1.001608
20250905_SEK,20250905,SEK,EUR,0.088772
20250905_NOK,20250905,NOK,EUR,0.086008
20250905_GBP,20250905,GBP,EUR,1.186335
20250905_USD,20250905,USD,EUR,0.923187
20250906_EUR,20250906,EUR,EUR,0.993653
20250906_SEK,20250906,SEK,EUR,0.088749
20250906_NOK,20250906,NOK,EUR,0.086087
20250906_GBP,20250906,GBP,EUR,1.194669
20250906_USD,20250906,USD,EUR,0.916628
20250907_EUR,20250907,EUR,EUR,1.00909
20250907_SEK,20250907,SEK,EUR,0.088341
20250907_NOK,20250907,NOK,EUR,0.086238
20250907_GBP,20250907,GBP,EUR,1.186387
20250907_USD,20250907,USD,EUR,0.918857
20250908_EUR,20250908,EUR,EUR,1.006003
20250908_SEK,20250908,SEK,EUR,0.088062
20250908_NOK,20250908,NOK,EUR,0.085154
20250908_GBP,20250908,GBP,EUR,1.178381
20250908_USD,20250908,USD,EUR,0.919145
20250909_EUR,20250909,EUR,EUR,1.00155
20250909_SEK,20250909,SEK,EUR,0.087975
20250909_NOK,20250909,NOK,EUR,0.086524
20250909_GBP,20250909,GBP,EUR,1.17344
20250909_USD,20250909,USD,EUR,0.920661
20250910_EUR,20250910,EUR,EUR,0.99091
20250910_SEK,20250910,SEK,EUR,0.088334
20250910_NOK,20250910,NOK,EUR,0.085959
20250910_GBP,20250910,GBP,EUR,1.187486
20250910_USD,20250910,USD,EUR,0.916026
20250911_EUR,20250911,EUR,EUR,1.006397
20250911_SEK,20250911,SEK,EUR,0.088458
20250911_NOK,20250911,NOK,EUR,0.086251
20250911_GBP,20250911,GBP,EUR,1.184233
20250911_USD,20250911,USD,EUR,0.922667
20250912_EUR,20250912,EUR,EUR,0.996466
20250912_SEK,20250912,SEK,EUR,0.088376
20250912_NOK,20250912,NOK,EUR,0.086709
20250912_GBP,20250912,GBP,EUR,1.191343
20250912_USD,20250912,USD,EUR,0.916644
20250913_EUR,20250913,EUR,EUR,1.001807
20250913_SEK,20250913,SEK,EUR,0.087431
20250913_NOK,20250913,NOK,EUR,0.086246
20250913_GBP,20250913,GBP,EUR,1.18767
20250913_USD,20250913,USD,EUR,0.911399
20250914_EUR,20250914,EUR,EUR,0.994191
20250914_SEK,20250914,SEK,EUR,0.087875
20250914_NOK,20250914,NOK,EUR,0.085871
20250914_GBP,20250914,GBP,EUR,1.177834
20250914_USD,20250914,USD,EUR,0.921789
20250915_EUR,20250915,EUR,EUR,1.001257
20250915_SEK,20250915,SEK,EUR,0.087915
20250915_NOK,20250915,NOK,EUR,0.085675
20250915_GBP,20250915,GBP,EUR,1.191214
20250915_USD,20250915,USD,EUR,0.927615
20250916_EUR,20250916,EUR,EUR,0.997582
20250916_SEK,20250916,SEK,EUR,0.087731
20250916_NOK,20250916,NOK,EUR,0.086211
20250916_GBP,20250916,GBP,EUR,1.182879
20250916_USD,20250916,USD,EUR,0.919359
20250917_EUR,20250917,EUR,EUR,1.003698
20250917_SEK,20250917,SEK,EUR,0.08716
20250917_NOK,20250917,NOK,EUR,0.086567
20250917_GBP,20250917,GBP,EUR,1.185431
20250917_USD,20250917,USD,EUR,0.918107
20250918_EUR,20250918,EUR,EUR,0.999554
20250918_SEK,20250918,SEK,EUR,0.087983
20250918_NOK,20250918,NOK,EUR,0.085256
20250918_GBP,20250918,GBP,EUR,1.193858
20250918_USD,20250918,USD,EUR,0.92019
20250919_EUR,20250919,EUR,EUR,1.002215
20250919_SEK,20250919,SEK,EUR,0.088419
20250919_NOK,20250919,NOK,EUR,0.085561
20250919_GBP,20250919,GBP,EUR,1.187805
20250919_USD,20250919,USD,EUR,0.918769
20250920_EUR,20250920,EUR,EUR,1.004234
20250920_SEK,20250920,SEK,EUR,0.087064
20250920_NOK,20250920,NOK,EUR,0.085957
20250920_GBP,20250920,GBP,EUR,1.181428
20250920_USD,20250920,USD,EUR,0.921988
20250921_EUR,20250921,EUR,EUR,1.00235
20250921_SEK,20250921,SEK,EUR,0.087689
20250921_NOK,20250921,NOK,EUR,0.085694
20250921_GBP,20250921,GBP,EUR,1.184344
20250921_USD,20250921,USD,EUR,0.915875
20250922_EUR,20250922,EUR,EUR,1.00421
20250922_SEK,20250922,SEK,EUR,0.087838
20250922_NOK,20250922,NOK,EUR,0.08475
20250922_GBP,20250922,GBP,EUR,1.182779
20250922_USD,20250922,USD,EUR,0.915223
20250923_EUR,20250923,EUR,EUR,0.991844
20250923_SEK,20250923,SEK,EUR,0.087456
20250923_NOK,20250923,NOK,EUR,0.086047
20250923_GBP,20250923,GBP,EUR,1.192872
20250923_USD,20250923,USD,EUR,0.921441
20250924_EUR,20250924,EUR,EUR,0.996967
20250924_SEK,20250924,SEK,EUR,0.088201
20250924_NOK,20250924,NOK,EUR,0.085803
20250924_GBP,20250924,GBP,EUR,1.180884
20250924_USD,20250924,USD,EUR,0.91469
20250925_EUR,20250925,EUR,EUR,0.991241
20250925_SEK,20250925,SEK,EUR,0.087828
20250925_NOK,20250925,NOK,EUR,0.086068
20250925_GBP,20250925,GBP,EUR,1.184428
20250925_USD,20250925,USD,EUR,0.918087
20250926_EUR,20250926,EUR,EUR,0.995271
20250926_SEK,20250926,SEK,EUR,0.088268
20250926_NOK,20250926,NOK,EUR,0.085434
20250926_GBP,20250926,GBP,EUR,1.189598
20250926_USD,20250926,USD,EUR,0.91539
20250927_EUR,20250927,EUR,EUR,0.996238
20250927_SEK,20250927,SEK,EUR,0.087355
20250927_NOK,20250927,NOK,EUR,0.085784
20250927_GBP,20250927,GBP,EUR,1.190779
20250927_USD,20250927,USD,EUR,0.922372
20250928_EUR,20250928,EUR,EUR,1.004892
20250928_SEK,20250928,SEK,EUR,0.08823
20250928_NOK,20250928,NOK,EUR,0.085525
20250928_GBP,20250928,GBP,EUR,1.18304
20250928_USD,20250928,USD,EUR,0.916411
20250929_EUR,20250929,EUR,EUR,1.006653
20250929_SEK,20250929,SEK,EUR,0.087473
20250929_NOK,20250929,NOK,EUR,0.086384
20250929_GBP,20250929,GBP,EUR,1.190291
20250929_USD,20250929,USD,EUR,0.928416
20250930_EUR,20250930,EUR,EUR,0.997952
20250930_SEK,20250930,SEK,EUR,0.088313
20250930_NOK,20250930,NOK,EUR,0.086981
20250930_GBP,20250930,GBP,EUR,1.18134
20250930_USD,20250930,USD,EUR,0.912939
20251001_EUR,20251001,EUR,EUR,0.9906
20251001_SEK,20251001,SEK,EUR,0.088314
20251001_NOK,20251001,NOK,EUR,0.08519
20251001_GBP,20251001,GBP,EUR,1.182794
20251001_USD,20251001,USD,EUR,0.922012
20251002_EUR,20251002,EUR,EUR,1.000926
20251002_SEK,20251002,SEK,EUR,0.088187
20251002_NOK,20251002,NOK,EUR,0.086096
20251002_GBP,20251002,GBP,EUR,1.192577
20251002_USD,20251002,USD,EUR,0.915619
20251003_EUR,20251003,EUR,EUR,0.996615
20251003_SEK,20251003,SEK,EUR,0.08766
20251003_NOK,20251003,NOK,EUR,0.086357
20251003_GBP,20251003,GBP,EUR,1.190335
20251003_USD,20251003,USD,EUR,0.922076
20251004_EUR,20251004,EUR,EUR,1.005917
20251004_SEK,20251004,SEK,EUR,0.087482
20251004_NOK,20251004,NOK,EUR,0.086717
20251004_GBP,20251004,GBP,EUR,1.194025
20251004_USD,20251004,USD,EUR,0.923384
20251005_EUR,20251005,EUR,EUR,1.008909
20251005_SEK,20251005,SEK,EUR,0.087271
20251005_NOK,20251005,NOK,EUR,0.085774
20251005_GBP,20251005,GBP,EUR,1.180643
20251005_USD,20251005,USD,EUR,0.923319
20251006_EUR,20251006,EUR,EUR,0.994749
20251006_SEK,20251006,SEK,EUR,0.088333
20251006_NOK,20251006,NOK,EUR,0.086589
20251006_GBP,20251006,GBP,EUR,1.189119
20251006_USD,20251006,USD,EUR,0.921305
20251007_EUR,20251007,EUR,EUR,0.995061
20251007_SEK,20251007,SEK,EUR,0.087627
20251007_NOK,20251007,NOK,EUR,0.086537
20251007_GBP,20251007,GBP,EUR,1.189618
20251007_USD,20251007,USD,EUR,0.919821
20251008_EUR,20251008,EUR,EUR,0.99791
20251008_SEK,20251008,SEK,EUR,0.087109
20251008_NOK,20251008,NOK,EUR,0.08554
20251008_GBP,20251008,GBP,EUR,1.196325
20251008_USD,20251008,USD,EUR,0.91411
20251009_EUR,20251009,EUR,EUR,1.000947
20251009_SEK,20251009,SEK,EUR,0.088443
20251009_NOK,20251009,NOK,EUR,0.08546
20251009_GBP,20251009,GBP,EUR,1.186094
20251009_USD,20251009,USD,EUR,0.924314
20251010_EUR,20251010,EUR,EUR,1.000062
20251010_SEK,20251010,SEK,EUR,0.089262
20251010_NOK,20251010,NOK,EUR,0.085283
20251010_GBP,20251010,GBP,EUR,1.191273
20251010_USD,20251010,USD,EUR,0.919205
20251011_EUR,20251011,EUR,EUR,1.00386
20251011_SEK,20251011,SEK,EUR,0.088194
20251011_NOK,20251011,NOK,EUR,0.085685
20251011_GBP,20251011,GBP,EUR,1.186357
20251011_USD,20251011,USD,EUR,0.911454
20251012_EUR,20251012,EUR,EUR,1.003016
20251012_SEK,20251012,SEK,EUR,0.088131
20251012_NOK,20251012,NOK,EUR,0.086275
20251012_GBP,20251012,GBP,EUR,1.191269
20251012_USD,20251012,USD,EUR,0.921691
20251013_EUR,20251013,EUR,EUR,1.00074
20251013_SEK,20251013,SEK,EUR,0.087612
20251013_NOK,20251013,NOK,EUR,0.085694
20251013_GBP,20251013,GBP,EUR,1.192031
20251013_USD,20251013,USD,EUR,0.926607
20251014_EUR,20251014,EUR,EUR,0.998809
20251014_SEK,20251014,SEK,EUR,0.08802
20251014_NOK,20251014,NOK,EUR,0.085611
20251014_GBP,20251014,GBP,EUR,1.191949
20251014_USD,20251014,USD,EUR,0.923061
20251015_EUR,20251015,EUR,EUR,1.009706
20251015_SEK,20251015,SEK,EUR,0.087614
20251015_NOK,20251015,NOK,EUR,0.085837
20251015_GBP,20251015,GBP,EUR,1.186371
20251015_USD,20251015,USD,EUR,0.922974
20251016_EUR,20251016,EUR,EUR,0.998922
20251016_SEK,20251016,SEK,EUR,0.087616
20251016_NOK,20251016,NOK,EUR,0.086379
20251016_GBP,20251016,GBP,EUR,1.189273
20251016_USD,20251016,USD,EUR,0.915785
20251017_EUR,20251017,EUR,EUR,1.006777
20251017_SEK,20251017,SEK,EUR,0.088515
20251017_NOK,20251017,NOK,EUR,0.086058
20251017_GBP,20251017,GBP,EUR,1.185472
20251017_USD,20251017,USD,EUR,0.922549
20251018_EUR,20251018,EUR,EUR,0.995691
20251018_SEK,20251018,SEK,EUR,0.088013
20251018_NOK,20251018,NOK,EUR,0.085074
20251018_GBP,20251018,GBP,EUR,1.190193
20251018_USD,20251018,USD,EUR,0.912817
20251019_EUR,20251019,EUR,EUR,1.007517
20251019_SEK,20251019,SEK,EUR,0.087855
20251019_NOK,20251019,NOK,EUR,0.085909
20251019_GBP,20251019,GBP,EUR,1.181281
20251019_USD,20251019,USD,EUR,0.918675
20251020_EUR,20251020,EUR,EUR,1.007093
20251020_SEK,20251020,SEK,EUR,0.086905
20251020_NOK,20251020,NOK,EUR,0.086549
20251020_GBP,20251020,GBP,EUR,1.187003
20251020_USD,20251020,USD,EUR,0.914448
20251021_EUR,20251021,EUR,EUR,0.994623
20251021_SEK,20251021,SEK,EUR,0.088738
20251021_NOK,20251021,NOK,EUR,0.085593
20251021_GBP,20251021,GBP,EUR,1.178166
20251021_USD,20251021,USD,EUR,0.925232
20251022_EUR,20251022,EUR,EUR,1.001693
20251022_SEK,20251022,SEK,EUR,0.087587
20251022_NOK,20251022,NOK,EUR,0.086093
20251022_GBP,20251022,GBP,EUR,1.178922
20251022_USD,20251022,USD,EUR,0.925064
20251023_EUR,20251023,EUR,EUR,1.005307
20251023_SEK,20251023,SEK,EUR,0.088234
20251023_NOK,20251023,NOK,EUR,0.086156
20251023_GBP,20251023,GBP,EUR,1.195435
20251023_USD,20251023,USD,EUR,0.919999
20251024_EUR,20251024,EUR,EUR,0.994091
20251024_SEK,20251024,SEK,EUR,0.088198
20251024_NOK,20251024,NOK,EUR,0.086897
20251024_GBP,20251024,GBP,EUR,1.178988
20251024_USD,20251024,USD,EUR,0.918337
20251025_EUR,20251025,EUR,EUR,1.002082
20251025_SEK,20251025,SEK,EUR,0.087976
20251025_NOK,20251025,NOK,EUR,0.085578
20251025_GBP,20251025,GBP,EUR,1.191647
20251025_USD,20251025,USD,EUR,0.930672
20251026_EUR,20251026,EUR,EUR,1.000981
20251026_SEK,20251026,SEK,EUR,0.087602
20251026_NOK,20251026,NOK,EUR,0.085334
20251026_GBP,20251026,GBP,EUR,1.186529
20251026_USD,20251026,USD,EUR,0.925078
20251027_EUR,20251027,EUR,EUR,1.002376
20251027_SEK,20251027,SEK,EUR,0.087999
20251027_NOK,20251027,NOK,EUR,0.085747
20251027_GBP,20251027,GBP,EUR,1.178529
20251027_USD,20251027,USD,EUR,0.92384
20251028_EUR,20251028,EUR,EUR,1.004569
20251028_SEK,20251028,SEK,EUR,0.08732
20251028_NOK,20251028,NOK,EUR,0.086684
20251028_GBP,20251028,GBP,EUR,1.188401
20251028_USD,20251028,USD,EUR,0.926438
20251029_EUR,20251029,EUR,EUR,0.993289
20251029_SEK,20251029,SEK,EUR,0.087399
20251029_NOK,20251029,NOK,EUR,0.085936
20251029_GBP,20251029,GBP,EUR,1.187979
20251029_USD,20251029,USD,EUR,0.928263
20251030_EUR,20251030,EUR,EUR,1.00353
20251030_SEK,20251030,SEK,EUR,0.087893
20251030_NOK,20251030,NOK,EUR,0.085559
20251030_GBP,20251030,GBP,EUR,1.192288
20251030_USD,20251030,USD,EUR,0.915562
20251031_EUR,20251031,EUR,EUR,1.008142
20251031_SEK,20251031,SEK,EUR,0.087875
20251031_NOK,20251031,NOK,EUR,0.086684
20251031_GBP,20251031,GBP,EUR,1.189023
20251031_USD,20251031,USD,EUR,0.91937
20251101_EUR,20251101,EUR,EUR,0.997403
20251101_SEK,20251101,SEK,EUR,0.08785
20251101_NOK,20251101,NOK,EUR,0.086184
20251101_GBP,20251101,GBP,EUR,1.185457
20251101_USD,20251101,USD,EUR,0.917268
20251102_EUR,20251102,EUR,EUR,0.999172
20251102_SEK,20251102,SEK,EUR,0.088035
20251102_NOK,20251102,NOK,EUR,0.085085
20251102_GBP,20251102,GBP,EUR,1.187715
20251102_USD,20251102,USD,EUR,0.915493
20251103_EUR,20251103,EUR,EUR,0.994233
20251103_SEK,20251103,SEK,EUR,0.087258
20251103_NOK,20251103,NOK,EUR,0.085229
20251103_GBP,20251103,GBP,EUR,1.176969
20251103_USD,20251103,USD,EUR,0.916739
20251104_EUR,20251104,EUR,EUR,1.009766
20251104_SEK,20251104,SEK,EUR,0.087769
20251104_NOK,20251104,NOK,EUR,0.086076
20251104_GBP,20251104,GBP,EUR,1.187373
20251104_USD,20251104,USD,EUR,0.920603
20251105_EUR,20251105,EUR,EUR,0.999613
20251105_SEK,20251105,SEK,EUR,0.087474
20251105_NOK,20251105,NOK,EUR,0.086624
20251105_GBP,20251105,GBP,EUR,1.195708
20251105_USD,20251105,USD,EUR,0.91226
20251106_EUR,20251106,EUR,EUR,0.99488
20251106_SEK,20251106,SEK,EUR,0.087877
20251106_NOK,20251106,NOK,EUR,0.085585
20251106_GBP,20251106,GBP,EUR,1.187998
20251106_USD,20251106,USD,EUR,0.91665
20251107_EUR,20251107,EUR,EUR,1.010825
20251107_SEK,20251107,SEK,EUR,0.088524
20251107_NOK,20251107,NOK,EUR,0.086091
20251107_GBP,20251107,GBP,EUR,1.191085
20251107_USD,20251107,USD,EUR,0.925087
20251108_EUR,20251108,EUR,EUR,0.99718
20251108_SEK,20251108,SEK,EUR,0.087641
20251108_NOK,20251108,NOK,EUR,0.086034
20251108_GBP,20251108,GBP,EUR,1.190105
20251108_USD,20251108,USD,EUR,0.92064
20251109_EUR,20251109,EUR,EUR,0.992115
20251109_SEK,20251109,SEK,EUR,0.087647
20251109_NOK,20251109,NOK,EUR,0.085968
20251109_GBP,20251109,GBP,EUR,1.184552
20251109_USD,20251109,USD,EUR,0.929074
20251110_EUR,20251110,EUR,EUR,0.99307
20251110_SEK,20251110,SEK,EUR,0.088222
20251110_NOK,20251110,NOK,EUR,0.08664
20251110_GBP,20251110,GBP,EUR,1.198458
20251110_USD,20251110,USD,EUR,0.91814
20251111_EUR,20251111,EUR,EUR,1.002457
20251111_SEK,20251111,SEK,EUR,0.088251
20251111_NOK,20251111,NOK,EUR,0.086084
20251111_GBP,20251111,GBP,EUR,1.184414
20251111_USD,20251111,USD,EUR,0.922005
20251112_EUR,20251112,EUR,EUR,0.987339
20251112_SEK,20251112,SEK,EUR,0.0883
20251112_NOK,20251112,NOK,EUR,0.086054
20251112_GBP,20251112,GBP,EUR,1.183682
20251112_USD,20251112,USD,EUR,0.929416
20251113_EUR,20251113,EUR,EUR,0.996625
20251113_SEK,20251113,SEK,EUR,0.087823
20251113_NOK,20251113,NOK,EUR,0.086856
20251113_GBP,20251113,GBP,EUR,1.18007
20251113_USD,20251113,USD,EUR,0.917469
20251114_EUR,20251114,EUR,EUR,0.999265
20251114_SEK,20251114,SEK,EUR,0.08837
20251114_NOK,20251114,NOK,EUR,0.086089
20251114_GBP,20251114,GBP,EUR,1.177341
20251114_USD,20251114,USD,EUR,0.917552
20251115_EUR,20251115,EUR,EUR,0.996963
20251115_SEK,20251115,SEK,EUR,0.087966
20251115_NOK,20251115,NOK,EUR,0.086183
20251115_GBP,20251115,GBP,EUR,1.187478
20251115_USD,20251115,USD,EUR,0.91183
20251116_EUR,20251116,EUR,EUR,1.00532
20251116_SEK,20251116,SEK,EUR,0.088111
20251116_NOK,20251116,NOK,EUR,0.086595
20251116_GBP,20251116,GBP,EUR,1.187632
20251116_USD,20251116,USD,EUR,0.925066
20251117_EUR,20251117,EUR,EUR,1.002333
20251117_SEK,20251117,SEK,EUR,0.088592
20251117_NOK,20251117,NOK,EUR,0.086225
20251117_GBP,20251117,GBP,EUR,1.18442
20251117_USD,20251117,USD,EUR,0.930453
20251118_EUR,20251118,EUR,EUR,1.004445
20251118_SEK,20251118,SEK,EUR,0.088252
20251118_NOK,20251118,NOK,EUR,0.085451
20251118_GBP,20251118,GBP,EUR,1.177367
20251118_USD,20251118,USD,EUR,0.921346
20251119_EUR,20251119,EUR,EUR,1.000728
20251119_SEK,20251119,SEK,EUR,0.08773
20251119_NOK,20251119,NOK,EUR,0.086061
20251119_GBP,20251119,GBP,EUR,1.194413
20251119_USD,20251119,USD,EUR,0.923199
20251120_EUR,20251120,EUR,EUR,0.994295
20251120_SEK,20251120,SEK,EUR,0.087951
20251120_NOK,20251120,NOK,EUR,0.085654
20251120_GBP,20251120,GBP,EUR,1.182703
20251120_USD,20251120,USD,EUR,0.918097
20251121_EUR,20251121,EUR,EUR,0.997612
20251121_SEK,20251121,SEK,EUR,0.087448
20251121_NOK,20251121,NOK,EUR,0.085945
20251121_GBP,20251121,GBP,EUR,1.181678
20251121_USD,20251121,USD,EUR,0.906525
20251122_EUR,20251122,EUR,EUR,1.010265
20251122_SEK,20251122,SEK,EUR,0.088479
20251122_NOK,20251122,NOK,EUR,0.085838
20251122_GBP,20251122,GBP,EUR,1.185112
20251122_USD,20251122,USD,EUR,0.91461
20251123_EUR,20251123,EUR,EUR,1.008479
20251123_SEK,20251123,SEK,EUR,0.088835
20251123_NOK,20251123,NOK,EUR,0.086067
20251123_GBP,20251123,GBP,EUR,1.191064
20251123_USD,20251123,USD,EUR,0.920806
20251124_EUR,20251124,EUR,EUR,0.993316
20251124_SEK,20251124,SEK,EUR,0.087819
20251124_NOK,20251124,NOK,EUR,0.086057
20251124_GBP,20251124,GBP,EUR,1.182307
20251124_USD,20251124,USD,EUR,0.918994
20251125_EUR,20251125,EUR,EUR,0.999543
20251125_SEK,20251125,SEK,EUR,0.087964
20251125_NOK,20251125,NOK,EUR,0.086022
20251125_GBP,20251125,GBP,EUR,1.178716
20251125_USD,20251125,USD,EUR,0.916702
20251126_EUR,20251126,EUR,EUR,0.993577
20251126_SEK,20251126,SEK,EUR,0.08843
20251126_NOK,20251126,NOK,EUR,0.085095
20251126_GBP,20251126,GBP,EUR,1.191835
20251126_USD,20251126,USD,EUR,0.926377
20251127_EUR,20251127,EUR,EUR,0.998489
20251127_SEK,20251127,SEK,EUR,0.086855
20251127_NOK,20251127,NOK,EUR,0.085845
20251127_GBP,20251127,GBP,EUR,1.18462
20251127_USD,20251127,USD,EUR,0.915351
20251128_EUR,20251128,EUR,EUR,0.997424
20251128_SEK,20251128,SEK,EUR,0.088673
20251128_NOK,20251128,NOK,EUR,0.086286
20251128_GBP,20251128,GBP,EUR,1.179522
20251128_USD,20251128,USD,EUR,0.912651
20251129_EUR,20251129,EUR,EUR,0.998365
20251129_SEK,20251129,SEK,EUR,0.087906
20251129_NOK,20251129,NOK,EUR,0.086213
20251129_GBP,20251129,GBP,EUR,1.181828
20251129_USD,20251129,USD,EUR,0.922353
20251130_EUR,20251130,EUR,EUR,1.009676
20251130_SEK,20251130,SEK,EUR,0.088359
20251130_NOK,20251130,NOK,EUR,0.085979
20251130_GBP,20251130,GBP,EUR,1.183915
20251130_USD,20251130,USD,EUR,0.918359
20251201_EUR,20251201,EUR,EUR,1.005903
20251201_SEK,20251201,SEK,EUR,0.087724
20251201_NOK,20251201,NOK,EUR,0.086019
20251201_GBP,20251201,GBP,EUR,1.185303
20251201_USD,20251201,USD,EUR,0.917692
20251202_EUR,20251202,EUR,EUR,0.993138
20251202_SEK,20251202,SEK,EUR,0.088142
20251202_NOK,20251202,NOK,EUR,0.085974
20251202_GBP,20251202,GBP,EUR,1.187964
20251202_USD,20251202,USD,EUR,0.917545
20251203_EUR,20251203,EUR,EUR,1.006104
20251203_SEK,20251203,SEK,EUR,0.087614
20251203_NOK,20251203,NOK,EUR,0.086736
20251203_GBP,20251203,GBP,EUR,1.174645
20251203_USD,20251203,USD,EUR,0.922
20251204_EUR,20251204,EUR,EUR,1.002377
20251204_SEK,20251204,SEK,EUR,0.08765
20251204_NOK,20251204,NOK,EUR,0.086182
20251204_GBP,20251204,GBP,EUR,1.192581
20251204_USD,20251204,USD,EUR,0.909803
20251205_EUR,20251205,EUR,EUR,1.002514
20251205_SEK,20251205,SEK,EUR,0.086903
20251205_NOK,20251205,NOK,EUR,0.085585
20251205_GBP,20251205,GBP,EUR,1.194653
20251205_USD,20251205,USD,EUR,0.917324
20251206_EUR,20251206,EUR,EUR,0.994131
20251206_SEK,20251206,SEK,EUR,0.087913
20251206_NOK,20251206,NOK,EUR,0.086889
20251206_GBP,20251206,GBP,EUR,1.174147
20251206_USD,20251206,USD,EUR,0.915164
20251207_EUR,20251207,EUR,EUR,1.007487
20251207_SEK,20251207,SEK,EUR,0.088817
20251207_NOK,20251207,NOK,EUR,0.085956
20251207_GBP,20251207,GBP,EUR,1.177659
20251207_USD,20251207,USD,EUR,0.929641
20251208_EUR,20251208,EUR,EUR,1.007972
20251208_SEK,20251208,SEK,EUR,0.088299
20251208_NOK,20251208,NOK,EUR,0.085651
20251208_GBP,20251208,GBP,EUR,1.18471
20251208_USD,20251208,USD,EUR,0.919262
20251209_EUR,20251209,EUR,EUR,1.001654
20251209_SEK,20251209,SEK,EUR,0.088638
20251209_NOK,20251209,NOK,EUR,0.086378
20251209_GBP,20251209,GBP,EUR,1.178617
20251209_USD,20251209,USD,EUR,0.926332
20251210_EUR,20251210,EUR,EUR,1.001566
20251210_SEK,20251210,SEK,EUR,0.088302
20251210_NOK,20251210,NOK,EUR,0.086631
20251210_GBP,20251210,GBP,EUR,1.178414
20251210_USD,20251210,USD,EUR,0.919835
20251211_EUR,20251211,EUR,EUR,0.997343
20251211_SEK,20251211,SEK,EUR,0.08731
20251211_NOK,20251211,NOK,EUR,0.086149
20251211_GBP,20251211,GBP,EUR,1.199881
20251211_USD,20251211,USD,EUR,0.911536
20251212_EUR,20251212,EUR,EUR,0.999839
20251212_SEK,20251212,SEK,EUR,0.088282
20251212_NOK,20251212,NOK,EUR,0.086053
20251212_GBP,20251212,GBP,EUR,1.18433
20251212_USD,20251212,USD,EUR,0.914024
20251213_EUR,20251213,EUR,EUR,1.001164
20251213_SEK,20251213,SEK,EUR,0.087667
20251213_NOK,20251213,NOK,EUR,0.085058
20251213_GBP,20251213,GBP,EUR,1.192078
20251213_USD,20251213,USD,EUR,0.924409
20251214_EUR,20251214,EUR,EUR,1.000258
20251214_SEK,20251214,SEK,EUR,0.088101
20251214_NOK,20251214,NOK,EUR,0.086462
20251214_GBP,20251214,GBP,EUR,1.186329
20251214_USD,20251214,USD,EUR,0.924158
20251215_EUR,20251215,EUR,EUR,0.998513
20251215_SEK,20251215,SEK,EUR,0.088577
20251215_NOK,20251215,NOK,EUR,0.086138
20251215_GBP,20251215,GBP,EUR,1.18615
20251215_USD,20251215,USD,EUR,0.914158
20251216_EUR,20251216,EUR,EUR,1.001435
20251216_SEK,20251216,SEK,EUR,0.087634
20251216_NOK,20251216,NOK,EUR,0.085726
20251216_GBP,20251216,GBP,EUR,1.180169
20251216_USD,20251216,USD,EUR,0.915095
20251217_EUR,20251217,EUR,EUR,1.010624
20251217_SEK,20251217,SEK,EUR,0.088586
20251217_NOK,20251217,NOK,EUR,0.086826
20251217_GBP,20251217,GBP,EUR,1.177754
20251217_USD,20251217,USD,EUR,0.920328
20251218_EUR,20251218,EUR,EUR,0.993532
20251218_SEK,20251218,SEK,EUR,0.087694
20251218_NOK,20251218,NOK,EUR,0.085605
20251218_GBP,20251218,GBP,EUR,1.192345
20251218_USD,20251218,USD,EUR,0.918177
20251219_EUR,20251219,EUR,EUR,1.005342
20251219_SEK,20251219,SEK,EUR,0.088266
20251219_NOK,20251219,NOK,EUR,0.086991
20251219_GBP,20251219,GBP,EUR,1.176234
20251219_USD,20251219,USD,EUR,0.925792
20251220_EUR,20251220,EUR,EUR,1.005732
20251220_SEK,20251220,SEK,EUR,0.087572
20251220_NOK,20251220,NOK,EUR,0.086433
20251220_GBP,20251220,GBP,EUR,1.186992
20251220_USD,20251220,USD,EUR,0.918954
20251221_EUR,20251221,EUR,EUR,0.99588
20251221_SEK,20251221,SEK,EUR,0.087684
20251221_NOK,20251221,NOK,EUR,0.086881
20251221_GBP,20251221,GBP,EUR,1.185004
20251221_USD,20251221,USD,EUR,0.923598
20251222_EUR,20251222,EUR,EUR,0.996046
20251222_SEK,20251222,SEK,EUR,0.087657
20251222_NOK,20251222,NOK,EUR,0.086465
20251222_GBP,20251222,GBP,EUR,1.177004
20251222_USD,20251222,USD,EUR,0.91809
20251223_EUR,20251223,EUR,EUR,1.00017
20251223_SEK,20251223,SEK,EUR,0.088049
20251223_NOK,20251223,NOK,EUR,0.085923
20251223_GBP,20251223,GBP,EUR,1.187345
20251223_USD,20251223,USD,EUR,0.923187
20251224_EUR,20251224,EUR,EUR,1.003673
20251224_SEK,20251224,SEK,EUR,0.087566
20251224_NOK,20251224,NOK,EUR,0.085878
20251224_GBP,20251224,GBP,EUR,1.192079
20251224_USD,20251224,USD,EUR,0.924115
20251225_EUR,20251225,EUR,EUR,0.993136
20251225_SEK,20251225,SEK,EUR,0.088155
20251225_NOK,20251225,NOK,EUR,0.085149
20251225_GBP,20251225,GBP,EUR,1.185278
20251225_USD,20251225,USD,EUR,0.92873
20251226_EUR,20251226,EUR,EUR,0.995261
20251226_SEK,20251226,SEK,EUR,0.087633
20251226_NOK,20251226,NOK,EUR,0.086329
20251226_GBP,20251226,GBP,EUR,1.175859
20251226_USD,20251226,USD,EUR,0.917089
20251227_EUR,20251227,EUR,EUR,1.002982
20251227_SEK,20251227,SEK,EUR,0.087721
20251227_NOK,20251227,NOK,EUR,0.085899
20251227_GBP,20251227,GBP,EUR,1.189409
20251227_USD,20251227,USD,EUR,0.921939
20251228_EUR,20251228,EUR,EUR,1.001334
20251228_SEK,20251228,SEK,EUR,0.087851
20251228_NOK,20251228,NOK,EUR,0.086159
20251228_GBP,20251228,GBP,EUR,1.184267
20251228_USD,20251228,USD,EUR,0.922106
20251229_EUR,20251229,EUR,EUR,0.997515
20251229_SEK,20251229,SEK,EUR,0.08792
20251229_NOK,20251229,NOK,EUR,0.085574
20251229_GBP,20251229,GBP,EUR,1.184793
20251229_USD,20251229,USD,EUR,0.916269
20251230_EUR,20251230,EUR,EUR,0.99443
20251230_SEK,20251230,SEK,EUR,0.088114
20251230_NOK,20251230,NOK,EUR,0.086091
20251230_GBP,20251230,GBP,EUR,1.189639
20251230_USD,20251230,USD,EUR,0.918017
20251231_EUR,20251231,EUR,EUR,1.00204
20251231_SEK,20251231,SEK,EUR,0.088242
20251231_NOK,20251231,NOK,EUR,0.086191
20251231_GBP,20251231,GBP,EUR,1.180108
20251231_USD,20251231,USD,EUR,0.920687
20260101_EUR,20260101,EUR,EUR,1.001821
20260101_SEK,20260101,SEK,EUR,0.088003
20260101_NOK,20260101,NOK,EUR,0.085103
20260101_GBP,20260101,GBP,EUR,1.185951
20260101_USD,20260101,USD,EUR,0.930178
20260102_EUR,20260102,EUR,EUR,0.9982
20260102_SEK,20260102,SEK,EUR,0.08768
20260102_NOK,20260102,NOK,EUR,0.086161
20260102_GBP,20260102,GBP,EUR,1.186851
20260102_USD,20260102,USD,EUR,0.925487
20260103_EUR,20260103,EUR,EUR,0.993711
20260103_SEK,20260103,SEK,EUR,0.088322
20260103_NOK,20260103,NOK,EUR,0.086254
20260103_GBP,20260103,GBP,EUR,1.184158
20260103_USD,20260103,USD,EUR,0.921558
20260104_EUR,20260104,EUR,EUR,1.005147
20260104_SEK,20260104,SEK,EUR,0.088384
20260104_NOK,20260104,NOK,EUR,0.085509
20260104_GBP,20260104,GBP,EUR,1.189859
20260104_USD,20260104,USD,EUR,0.919702
20260105_EUR,20260105,EUR,EUR,1.000364
20260105_SEK,20260105,SEK,EUR,0.088032
20260105_NOK,20260105,NOK,EUR,0.085935
20260105_GBP,20260105,GBP,EUR,1.192061
20260105_USD,20260105,USD,EUR,0.919615
20260106_EUR,20260106,EUR,EUR,0.994402
20260106_SEK,20260106,SEK,EUR,0.087827
20260106_NOK,20260106,NOK,EUR,0.086077
20260106_GBP,20260106,GBP,EUR,1.192283
20260106_USD,20260106,USD,EUR,0.922774
20260107_EUR,20260107,EUR,EUR,0.995747
20260107_SEK,20260107,SEK,EUR,0.089093
20260107_NOK,20260107,NOK,EUR,0.086114
20260107_GBP,20260107,GBP,EUR,1.192557
20260107_USD,20260107,USD,EUR,0.919302
20260108_EUR,20260108,EUR,EUR,1.002667
20260108_SEK,20260108,SEK,EUR,0.088369
20260108_NOK,20260108,NOK,EUR,0.086524
20260108_GBP,20260108,GBP,EUR,1.191265
20260108_USD,20260108,USD,EUR,0.924012
20260109_EUR,20260109,EUR,EUR,0.998425
20260109_SEK,20260109,SEK,EUR,0.087748
20260109_NOK,20260109,NOK,EUR,0.086143
20260109_GBP,20260109,GBP,EUR,1.190529
20260109_USD,20260109,USD,EUR,0.918975
20260110_EUR,20260110,EUR,EUR,1.005326
20260110_SEK,20260110,SEK,EUR,0.088639
20260110_NOK,20260110,NOK,EUR,0.085606
20260110_GBP,20260110,GBP,EUR,1.180041
20260110_USD,20260110,USD,EUR,0.919354
20260111_EUR,20260111,EUR,EUR,1.001538
20260111_SEK,20260111,SEK,EUR,0.087769
20260111_NOK,20260111,NOK,EUR,0.086581
20260111_GBP,20260111,GBP,EUR,1.187513
20260111_USD,20260111,USD,EUR,0.920181
20260112_EUR,20260112,EUR,EUR,0.99282
20260112_SEK,20260112,SEK,EUR,0.087421
20260112_NOK,20260112,NOK,EUR,0.086121
20260112_GBP,20260112,GBP,EUR,1.172364
20260112_USD,20260112,USD,EUR,0.924658
20260113_EUR,20260113,EUR,EUR,0.999209
20260113_SEK,20260113,SEK,EUR,0.089427
20260113_NOK,20260113,NOK,EUR,0.086992
20260113_GBP,20260113,GBP,EUR,1.183925
20260113_USD,20260113,USD,EUR,0.919511
20260114_EUR,20260114,EUR,EUR,1.004978
20260114_SEK,20260114,SEK,EUR,0.088749
20260114_NOK,20260114,NOK,EUR,0.085296
20260114_GBP,20260114,GBP,EUR,1.174416
20260114_USD,20260114,USD,EUR,0.917139
20260115_EUR,20260115,EUR,EUR,1.002914
20260115_SEK,20260115,SEK,EUR,0.088219
20260115_NOK,20260115,NOK,EUR,0.08646
20260115_GBP,20260115,GBP,EUR,1.177892
20260115_USD,20260115,USD,EUR,0.909346
20260116_EUR,20260116,EUR,EUR,1.00429
20260116_SEK,20260116,SEK,EUR,0.087636
20260116_NOK,20260116,NOK,EUR,0.085132
20260116_GBP,20260116,GBP,EUR,1.18586
20260116_USD,20260116,USD,EUR,0.923649
20260117_EUR,20260117,EUR,EUR,0.99939
20260117_SEK,20260117,SEK,EUR,0.087799
20260117_NOK,20260117,NOK,EUR,0.085931
20260117_GBP,20260117,GBP,EUR,1.182804
20260117_USD,20260117,USD,EUR,0.913799
20260118_EUR,20260118,EUR,EUR,0.996427
20260118_SEK,20260118,SEK,EUR,0.088229
20260118_NOK,20260118,NOK,EUR,0.086138
20260118_GBP,20260118,GBP,EUR,1.185996
20260118_USD,20260118,USD,EUR,0.915422
20260119_EUR,20260119,EUR,EUR,0.999092
20260119_SEK,20260119,SEK,EUR,0.087042
20260119_NOK,20260119,NOK,EUR,0.086077
20260119_GBP,20260119,GBP,EUR,1.193466
20260119_USD,20260119,USD,EUR,0.913219
20260120_EUR,20260120,EUR,EUR,0.99707
20260120_SEK,20260120,SEK,EUR,0.088145
20260120_NOK,20260120,NOK,EUR,0.086539
20260120_GBP,20260120,GBP,EUR,1.182344
20260120_USD,20260120,USD,EUR,0.916816
20260121_EUR,20260121,EUR,EUR,0.990155
20260121_SEK,20260121,SEK,EUR,0.088046
20260121_NOK,20260121,NOK,EUR,0.086878
20260121_GBP,20260121,GBP,EUR,1.186643
20260121_USD,20260121,USD,EUR,0.919898
20260122_EUR,20260122,EUR,EUR,1.00161
20260122_SEK,20260122,SEK,EUR,0.087995
20260122_NOK,20260122,NOK,EUR,0.08565
20260122_GBP,20260122,GBP,EUR,1.189878
20260122_USD,20260122,USD,EUR,0.921039
20260123_EUR,20260123,EUR,EUR,1.000088
20260123_SEK,20260123,SEK,EUR,0.087571
20260123_NOK,20260123,NOK,EUR,0.086561
20260123_GBP,20260123,GBP,EUR,1.188938
20260123_USD,20260123,USD,EUR,0.917457
20260124_EUR,20260124,EUR,EUR,1.005009
20260124_SEK,20260124,SEK,EUR,0.087781
20260124_NOK,20260124,NOK,EUR,0.085664
20260124_GBP,20260124,GBP,EUR,1.180499
20260124_USD,20260124,USD,EUR,0.911853
20260125_EUR,20260125,EUR,EUR,1.002358
20260125_SEK,20260125,SEK,EUR,0.087194
20260125_NOK,20260125,NOK,EUR,0.085472
20260125_GBP,20260125,GBP,EUR,1.172702
20260125_USD,20260125,USD,EUR,0.919604
20260126_EUR,20260126,EUR,EUR,0.999248
20260126_SEK,20260126,SEK,EUR,0.087856
20260126_NOK,20260126,NOK,EUR,0.085552
20260126_GBP,20260126,GBP,EUR,1.178055
20260126_USD,20260126,USD,EUR,0.922136
20260127_EUR,20260127,EUR,EUR,0.997247
20260127_SEK,20260127,SEK,EUR,0.088139
20260127_NOK,20260127,NOK,EUR,0.085619
20260127_GBP,20260127,GBP,EUR,1.186073
20260127_USD,20260127,USD,EUR,0.925995
20260128_EUR,20260128,EUR,EUR,1.002931
20260128_SEK,20260128,SEK,EUR,0.087819
20260128_NOK,20260128,NOK,EUR,0.086111
20260128_GBP,20260128,GBP,EUR,1.183574
20260128_USD,20260128,USD,EUR,0.920036
20260129_EUR,20260129,EUR,EUR,0.998372
20260129_SEK,20260129,SEK,EUR,0.087928
20260129_NOK,20260129,NOK,EUR,0.086091
20260129_GBP,20260129,GBP,EUR,1.179114
20260129_USD,20260129,USD,EUR,0.915327
20260130_EUR,20260130,EUR,EUR,0.993057
20260130_SEK,20260130,SEK,EUR,0.087296
20260130_NOK,20260130,NOK,EUR,0.085477
20260130_GBP,20260130,GBP,EUR,1.185945
20260130_USD,20260130,USD,EUR,0.915893
20260131_EUR,20260131,EUR,EUR,1.002568
20260131_SEK,20260131,SEK,EUR,0.088015
20260131_NOK,20260131,NOK,EUR,0.085154
20260131_GBP,20260131,GBP,EUR,1.188881
20260131_USD,20260131,USD,EUR,0.92373
20260201_EUR,20260201,EUR,EUR,0.995031
20260201_SEK,20260201,SEK,EUR,0.088185
20260201_NOK,20260201,NOK,EUR,0.085632
20260201_GBP,20260201,GBP,EUR,1.185579
20260201_USD,20260201,USD,EUR,0.914183
20260202_EUR,20260202,EUR,EUR,0.991034
20260202_SEK,20260202,SEK,EUR,0.087832
20260202_NOK,20260202,NOK,EUR,0.085947
20260202_GBP,20260202,GBP,EUR,1.182644
20260202_USD,20260202,USD,EUR,0.914553
20260203_EUR,20260203,EUR,EUR,0.998001
20260203_SEK,20260203,SEK,EUR,0.088118
20260203_NOK,20260203,NOK,EUR,0.085981
20260203_GBP,20260203,GBP,EUR,1.186081
20260203_USD,20260203,USD,EUR,0.916917
20260204_EUR,20260204,EUR,EUR,1.005859
20260204_SEK,20260204,SEK,EUR,0.087482
20260204_NOK,20260204,NOK,EUR,0.08621
20260204_GBP,20260204,GBP,EUR,1.192003
20260204_USD,20260204,USD,EUR,0.922212
20260205_EUR,20260205,EUR,EUR,0.998987
20260205_SEK,20260205,SEK,EUR,0.087768
20260205_NOK,20260205,NOK,EUR,0.086446
20260205_GBP,20260205,GBP,EUR,1.176569
20260205_USD,20260205,USD,EUR,0.915537
20260206_EUR,20260206,EUR,EUR,0.998012
20260206_SEK,20260206,SEK,EUR,0.088545
20260206_NOK,20260206,NOK,EUR,0.086163
20260206_GBP,20260206,GBP,EUR,1.179264
20260206_USD,20260206,USD,EUR,0.918573
20260207_EUR,20260207,EUR,EUR,0.996928
20260207_SEK,20260207,SEK,EUR,0.087688
20260207_NOK,20260207,NOK,EUR,0.086421
20260207_GBP,20260207,GBP,EUR,1.176872
20260207_USD,20260207,USD,EUR,0.9274
20260208_EUR,20260208,EUR,EUR,1.004141
20260208_SEK,20260208,SEK,EUR,0.08848
20260208_NOK,20260208,NOK,EUR,0.085801
20260208_GBP,20260208,GBP,EUR,1.184112
20260208_USD,20260208,USD,EUR,0.913408
20260209_EUR,20260209,EUR,EUR,0.997377
20260209_SEK,20260209,SEK,EUR,0.088217
20260209_NOK,20260209,NOK,EUR,0.086557
20260209_GBP,20260209,GBP,EUR,1.17844
20260209_USD,20260209,USD,EUR,0.918319
20260210_EUR,20260210,EUR,EUR,0.999244
20260210_SEK,20260210,SEK,EUR,0.087386
20260210_NOK,20260210,NOK,EUR,0.086254
20260210_GBP,20260210,GBP,EUR,1.18071
20260210_USD,20260210,USD,EUR,0.919101
20260211_EUR,20260211,EUR,EUR,0.99774
20260211_SEK,20260211,SEK,EUR,0.087653
20260211_NOK,20260211,NOK,EUR,0.085997
20260211_GBP,20260211,GBP,EUR,1.183723
20260211_USD,20260211,USD,EUR,0.918289
20260212_EUR,20260212,EUR,EUR,0.996358
20260212_SEK,20260212,SEK,EUR,0.088141
20260212_NOK,20260212,NOK,EUR,0.086711
20260212_GBP,20260212,GBP,EUR,1.185829
20260212_USD,20260212,USD,EUR,0.924582
20260213_EUR,20260213,EUR,EUR,0.993049
20260213_SEK,20260213,SEK,EUR,0.088069
20260213_NOK,20260213,NOK,EUR,0.085528
20260213_GBP,20260213,GBP,EUR,1.176249
20260213_USD,20260213,USD,EUR,0.916599
20260214_EUR,20260214,EUR,EUR,1.005959
20260214_SEK,20260214,SEK,EUR,0.088418
20260214_NOK,20260214,NOK,EUR,0.086104
20260214_GBP,20260214,GBP,EUR,1.175919
20260214_USD,20260214,USD,EUR,0.919097
20260215_EUR,20260215,EUR,EUR,1.001509
20260215_SEK,20260215,SEK,EUR,0.088077
20260215_NOK,20260215,NOK,EUR,0.085207
20260215_GBP,20260215,GBP,EUR,1.179725
20260215_USD,20260215,USD,EUR,0.919705
20260216_EUR,20260216,EUR,EUR,1.002681
20260216_SEK,20260216,SEK,EUR,0.087034
20260216_NOK,20260216,NOK,EUR,0.08593
20260216_GBP,20260216,GBP,EUR,1.185848
20260216_USD,20260216,USD,EUR,0.923908
20260217_EUR,20260217,EUR,EUR,1.003464
20260217_SEK,20260217,SEK,EUR,0.088256
20260217_NOK,20260217,NOK,EUR,0.085656
20260217_GBP,20260217,GBP,EUR,1.173695
20260217_USD,20260217,USD,EUR,0.918192
20260218_EUR,20260218,EUR,EUR,1.005008
20260218_SEK,20260218,SEK,EUR,0.088613
20260218_NOK,20260218,NOK,EUR,0.086306
20260218_GBP,20260218,GBP,EUR,1.187544
20260218_USD,20260218,USD,EUR,0.921746
20260219_EUR,20260219,EUR,EUR,0.997219
20260219_SEK,20260219,SEK,EUR,0.087943
20260219_NOK,20260219,NOK,EUR,0.086718
20260219_GBP,20260219,GBP,EUR,1.179415
20260219_USD,20260219,USD,EUR,0.927428
20260220_EUR,20260220,EUR,EUR,0.99839
20260220_SEK,20260220,SEK,EUR,0.088583
20260220_NOK,20260220,NOK,EUR,0.085395
20260220_GBP,20260220,GBP,EUR,1.188471
20260220_USD,20260220,USD,EUR,0.916611
20260221_EUR,20260221,EUR,EUR,0.992924
20260221_SEK,20260221,SEK,EUR,0.088096
20260221_NOK,20260221,NOK,EUR,0.086434
20260221_GBP,20260221,GBP,EUR,1.179994
20260221_USD,20260221,USD,EUR,0.913105
20260222_EUR,20260222,EUR,EUR,0.999541
20260222_SEK,20260222,SEK,EUR,0.087962
20260222_NOK,20260222,NOK,EUR,0.086236
20260222_GBP,20260222,GBP,EUR,1.190626
20260222_USD,20260222,USD,EUR,0.919727
20260223_EUR,20260223,EUR,EUR,1.009278
20260223_SEK,20260223,SEK,EUR,0.088099
20260223_NOK,20260223,NOK,EUR,0.085851
20260223_GBP,20260223,GBP,EUR,1.175451
20260223_USD,20260223,USD,EUR,0.918792
20260224_EUR,20260224,EUR,EUR,0.998318
20260224_SEK,20260224,SEK,EUR,0.088423
20260224_NOK,20260224,NOK,EUR,0.086199
20260224_GBP,20260224,GBP,EUR,1.178012
20260224_USD,20260224,USD,EUR,0.920792
20260225_EUR,20260225,EUR,EUR,1.003358
20260225_SEK,20260225,SEK,EUR,0.088672
20260225_NOK,20260225,NOK,EUR,0.086382
20260225_GBP,20260225,GBP,EUR,1.189508
20260225_USD,20260225,USD,EUR,0.920276
20260226_EUR,20260226,EUR,EUR,1.001942
20260226_SEK,20260226,SEK,EUR,0.08855
20260226_NOK,20260226,NOK,EUR,0.085427
20260226_GBP,20260226,GBP,EUR,1.18293
20260226_USD,20260226,USD,EUR,0.916446
20260227_EUR,20260227,EUR,EUR,1.001896
20260227_SEK,20260227,SEK,EUR,0.088541
20260227_NOK,20260227,NOK,EUR,0.085743
20260227_GBP,20260227,GBP,EUR,1.170837
20260227_USD,20260227,USD,EUR,0.918104
20260228_EUR,20260228,EUR,EUR,1.004567
20260228_SEK,20260228,SEK,EUR,0.088237
20260228_NOK,20260228,NOK,EUR,0.086184
20260228_GBP,20260228,GBP,EUR,1.183341
20260228_USD,20260228,USD,EUR,0.914116
20260301_EUR,20260301,EUR,EUR,1.002576
20260301_SEK,20260301,SEK,EUR,0.087633
20260301_NOK,20260301,NOK,EUR,0.086939
20260301_GBP,20260301,GBP,EUR,1.18838
20260301_USD,20260301,USD,EUR,0.917329
20260302_EUR,20260302,EUR,EUR,0.996943
20260302_SEK,20260302,SEK,EUR,0.087959
20260302_NOK,20260302,NOK,EUR,0.085897
20260302_GBP,20260302,GBP,EUR,1.191617
20260302_USD,20260302,USD,EUR,0.920858
20260303_EUR,20260303,EUR,EUR,0.996342
20260303_SEK,20260303,SEK,EUR,0.088832
20260303_NOK,20260303,NOK,EUR,0.086021
20260303_GBP,20260303,GBP,EUR,1.189555
20260303_USD,20260303,USD,EUR,0.917202
20260304_EUR,20260304,EUR,EUR,1.001816
20260304_SEK,20260304,SEK,EUR,0.088137
20260304_NOK,20260304,NOK,EUR,0.085187
20260304_GBP,20260304,GBP,EUR,1.196941
20260304_USD,20260304,USD,EUR,0.925937
20260305_EUR,20260305,EUR,EUR,0.998014
20260305_SEK,20260305,SEK,EUR,0.087515
20260305_NOK,20260305,NOK,EUR,0.086149
20260305_GBP,20260305,GBP,EUR,1.185514
20260305_USD,20260305,USD,EUR,0.921636
20260306_EUR,20260306,EUR,EUR,1.000958
20260306_SEK,20260306,SEK,EUR,0.088223
20260306_NOK,20260306,NOK,EUR,0.086622
20260306_GBP,20260306,GBP,EUR,1.188366
20260306_USD,20260306,USD,EUR,0.915172
20260307_EUR,20260307,EUR,EUR,1.006813
20260307_SEK,20260307,SEK,EUR,0.088722
20260307_NOK,20260307,NOK,EUR,0.087355
20260307_GBP,20260307,GBP,EUR,1.178343
20260307_USD,20260307,USD,EUR,0.921117
20260308_EUR,20260308,EUR,EUR,0.98959
20260308_SEK,20260308,SEK,EUR,0.088243
20260308_NOK,20260308,NOK,EUR,0.085764
20260308_GBP,20260308,GBP,EUR,1.196396
20260308_USD,20260308,USD,EUR,0.916437
20260309_EUR,20260309,EUR,EUR,0.991554
20260309_SEK,20260309,SEK,EUR,0.087793
20260309_NOK,20260309,NOK,EUR,0.085151
20260309_GBP,20260309,GBP,EUR,1.18945
20260309_USD,20260309,USD,EUR,0.910501
20260310_EUR,20260310,EUR,EUR,1.000142
20260310_SEK,20260310,SEK,EUR,0.087086
20260310_NOK,20260310,NOK,EUR,0.085862
20260310_GBP,20260310,GBP,EUR,1.194737
20260310_USD,20260310,USD,EUR,0.921659
20260311_EUR,20260311,EUR,EUR,0.995683
20260311_SEK,20260311,SEK,EUR,0.087986
20260311_NOK,20260311,NOK,EUR,0.086008
20260311_GBP,20260311,GBP,EUR,1.1878
20260311_USD,20260311,USD,EUR,0.913712
20260312_EUR,20260312,EUR,EUR,1.002963
20260312_SEK,20260312,SEK,EUR,0.08681
20260312_NOK,20260312,NOK,EUR,0.085729
20260312_GBP,20260312,GBP,EUR,1.182107
20260312_USD,20260312,USD,EUR,0.922913
20260313_EUR,20260313,EUR,EUR,1.000113
20260313_SEK,20260313,SEK,EUR,0.087382
20260313_NOK,20260313,NOK,EUR,0.085576
20260313_GBP,20260313,GBP,EUR,1.186177
20260313_USD,20260313,USD,EUR,0.919636
20260314_EUR,20260314,EUR,EUR,0.997104
20260314_SEK,20260314,SEK,EUR,0.087788
20260314_NOK,20260314,NOK,EUR,0.086299
20260314_GBP,20260314,GBP,EUR,1.181933
20260314_USD,20260314,USD,EUR,0.919595
20260315_EUR,20260315,EUR,EUR,1.01085
20260315_SEK,20260315,SEK,EUR,0.087374
20260315_NOK,20260315,NOK,EUR,0.085204
20260315_GBP,20260315,GBP,EUR,1.189643
20260315_USD,20260315,USD,EUR,0.916878
20260316_EUR,20260316,EUR,EUR,0.998409
20260316_SEK,20260316,SEK,EUR,0.087656
20260316_NOK,20260316,NOK,EUR,0.085888
20260316_GBP,20260316,GBP,EUR,1.194471
20260316_USD,20260316,USD,EUR,0.92369
20260317_EUR,20260317,EUR,EUR,1.004311
20260317_SEK,20260317,SEK,EUR,0.087377
20260317_NOK,20260317,NOK,EUR,0.085505
20260317_GBP,20260317,GBP,EUR,1.168178
20260317_USD,20260317,USD,EUR,0.916277
20260318_EUR,20260318,EUR,EUR,1.004784
20260318_SEK,20260318,SEK,EUR,0.088227
20260318_NOK,20260318,NOK,EUR,0.085905
20260318_GBP,20260318,GBP,EUR,1.184868
20260318_USD,20260318,USD,EUR,0.916831
20260319_EUR,20260319,EUR,EUR,1.001024
20260319_SEK,20260319,SEK,EUR,0.088337
20260319_NOK,20260319,NOK,EUR,0.085305
20260319_GBP,20260319,GBP,EUR,1.186775
20260319_USD,20260319,USD,EUR,0.924289
20260320_EUR,20260320,EUR,EUR,0.997924
20260320_SEK,20260320,SEK,EUR,0.088308
20260320_NOK,20260320,NOK,EUR,0.08721
20260320_GBP,20260320,GBP,EUR,1.184382
20260320_USD,20260320,USD,EUR,0.921809
20260321_EUR,20260321,EUR,EUR,0.99631
20260321_SEK,20260321,SEK,EUR,0.08808
20260321_NOK,20260321,NOK,EUR,0.086198
20260321_GBP,20260321,GBP,EUR,1.186154
20260321_USD,20260321,USD,EUR,0.915309
20260322_EUR,20260322,EUR,EUR,1.001032
20260322_SEK,20260322,SEK,EUR,0.088643
20260322_NOK,20260322,NOK,EUR,0.086193
20260322_GBP,20260322,GBP,EUR,1.1907
20260322_USD,20260322,USD,EUR,0.91891
20260323_EUR,20260323,EUR,EUR,1.00375
20260323_SEK,20260323,SEK,EUR,0.088123
20260323_NOK,20260323,NOK,EUR,0.085591
20260323_GBP,20260323,GBP,EUR,1.186887
20260323_USD,20260323,USD,EUR,0.915438
20260324_EUR,20260324,EUR,EUR,0.996836
20260324_SEK,20260324,SEK,EUR,0.088083
20260324_NOK,20260324,NOK,EUR,0.086128
20260324_GBP,20260324,GBP,EUR,1.177954
20260324_USD,20260324,USD,EUR,0.924848
20260325_EUR,20260325,EUR,EUR,1.00286
20260325_SEK,20260325,SEK,EUR,0.08769
20260325_NOK,20260325,NOK,EUR,0.085339
20260325_GBP,20260325,GBP,EUR,1.184141
20260325_USD,20260325,USD,EUR,0.917949
20260326_EUR,20260326,EUR,EUR,1.000566
20260326_SEK,20260326,SEK,EUR,0.08784
20260326_NOK,20260326,NOK,EUR,0.085137
20260326_GBP,20260326,GBP,EUR,1.182699
20260326_USD,20260326,USD,EUR,0.918594
20260327_EUR,20260327,EUR,EUR,1.003168
20260327_SEK,20260327,SEK,EUR,0.087693
20260327_NOK,20260327,NOK,EUR,0.086722
20260327_GBP,20260327,GBP,EUR,1.173674
20260327_USD,20260327,USD,EUR,0.926031
20260328_EUR,20260328,EUR,EUR,0.998878
20260328_SEK,20260328,SEK,EUR,0.088378
20260328_NOK,20260328,NOK,EUR,0.086034
20260328_GBP,20260328,GBP,EUR,1.191752
20260328_USD,20260328,USD,EUR,0.918218
20260329_EUR,20260329,EUR,EUR,0.994507
20260329_SEK,20260329,SEK,EUR,0.088625
20260329_NOK,20260329,NOK,EUR,0.085951
20260329_GBP,20260329,GBP,EUR,1.186313
20260329_USD,20260329,USD,EUR,0.92568
20260330_EUR,20260330,EUR,EUR,0.99484
20260330_SEK,20260330,SEK,EUR,0.088262
20260330_NOK,20260330,NOK,EUR,0.085746
20260330_GBP,20260330,GBP,EUR,1.184217
20260330_USD,20260330,USD,EUR,0.920332
20260331_EUR,20260331,EUR,EUR,0.992499
20260331_SEK,20260331,SEK,EUR,0.087657
20260331_NOK,20260331,NOK,EUR,0.086581
20260331_GBP,20260331,GBP,EUR,1.190251
20260331_USD,20260331,USD,EUR,0.919712
20260401_EUR,20260401,EUR,EUR,1.001216
20260401_SEK,20260401,SEK,EUR,0.087871
20260401_NOK,20260401,NOK,EUR,0.086583
20260401_GBP,20260401,GBP,EUR,1.183813
20260401_USD,20260401,USD,EUR,0.921066
20260402_EUR,20260402,EUR,EUR,1.00573
20260402_SEK,20260402,SEK,EUR,0.087658
20260402_NOK,20260402,NOK,EUR,0.08667
20260402_GBP,20260402,GBP,EUR,1.175932
20260402_USD,20260402,USD,EUR,0.927496
20260403_EUR,20260403,EUR,EUR,0.998137
20260403_SEK,20260403,SEK,EUR,0.087893
20260403_NOK,20260403,NOK,EUR,0.085187
20260403_GBP,20260403,GBP,EUR,1.182305
20260403_USD,20260403,USD,EUR,0.915217
20260404_EUR,20260404,EUR,EUR,0.996962
20260404_SEK,20260404,SEK,EUR,0.08794
20260404_NOK,20260404,NOK,EUR,0.086412
20260404_GBP,20260404,GBP,EUR,1.18623
20260404_USD,20260404,USD,EUR,0.921415
20260405_EUR,20260405,EUR,EUR,0.994522
20260405_SEK,20260405,SEK,EUR,0.087612
20260405_NOK,20260405,NOK,EUR,0.086773
20260405_GBP,20260405,GBP,EUR,1.180644
20260405_USD,20260405,USD,EUR,0.927619
20260406_EUR,20260406,EUR,EUR,0.998785
20260406_SEK,20260406,SEK,EUR,0.088001
20260406_NOK,20260406,NOK,EUR,0.08646
20260406_GBP,20260406,GBP,EUR,1.192536
20260406_USD,20260406,USD,EUR,0.91949
20260407_EUR,20260407,EUR,EUR,0.998059
20260407_SEK,20260407,SEK,EUR,0.087975
20260407_NOK,20260407,NOK,EUR,0.086145
20260407_GBP,20260407,GBP,EUR,1.190281
20260407_USD,20260407,USD,EUR,0.920019
20260408_EUR,20260408,EUR,EUR,1.003094
20260408_SEK,20260408,SEK,EUR,0.088721
20260408_NOK,20260408,NOK,EUR,0.086164
20260408_GBP,20260408,GBP,EUR,1.186847
20260408_USD,20260408,USD,EUR,0.913013
20260409_EUR,20260409,EUR,EUR,0.986846
20260409_SEK,20260409,SEK,EUR,0.088171
20260409_NOK,20260409,NOK,EUR,0.085959
20260409_GBP,20260409,GBP,EUR,1.18195
20260409_USD,20260409,USD,EUR,0.92112
20260410_EUR,20260410,EUR,EUR,0.999698
20260410_SEK,20260410,SEK,EUR,0.088496
20260410_NOK,20260410,NOK,EUR,0.086037
20260410_GBP,20260410,GBP,EUR,1.180574
20260410_USD,20260410,USD,EUR,0.924555
20260411_EUR,20260411,EUR,EUR,0.998914
20260411_SEK,20260411,SEK,EUR,0.088232
20260411_NOK,20260411,NOK,EUR,0.085795
20260411_GBP,20260411,GBP,EUR,1.18115
20260411_USD,20260411,USD,EUR,0.920387
20260412_EUR,20260412,EUR,EUR,1.000064
20260412_SEK,20260412,SEK,EUR,0.088211
20260412_NOK,20260412,NOK,EUR,0.085884
20260412_GBP,20260412,GBP,EUR,1.17412
20260412_USD,20260412,USD,EUR,0.918009
20260413_EUR,20260413,EUR,EUR,1.003969
20260413_SEK,20260413,SEK,EUR,0.087869
20260413_NOK,20260413,NOK,EUR,0.085894
20260413_GBP,20260413,GBP,EUR,1.190844
20260413_USD,20260413,USD,EUR,0.916725
20260414_EUR,20260414,EUR,EUR,0.992286
20260414_SEK,20260414,SEK,EUR,0.087929
20260414_NOK,20260414,NOK,EUR,0.085792
20260414_GBP,20260414,GBP,EUR,1.179275
20260414_USD,20260414,USD,EUR,0.919193
20260415_EUR,20260415,EUR,EUR,1.002458
20260415_SEK,20260415,SEK,EUR,0.087996
20260415_NOK,20260415,NOK,EUR,0.086132
20260415_GBP,20260415,GBP,EUR,1.195744
20260415_USD,20260415,USD,EUR,0.918423
20260416_EUR,20260416,EUR,EUR,1.001392
20260416_SEK,20260416,SEK,EUR,0.087776
20260416_NOK,20260416,NOK,EUR,0.085636
20260416_GBP,20260416,GBP,EUR,1.181534
20260416_USD,20260416,USD,EUR,0.917798
20260417_EUR,20260417,EUR,EUR,1.001797
20260417_SEK,20260417,SEK,EUR,0.089034
20260417_NOK,20260417,NOK,EUR,0.085692
20260417_GBP,20260417,GBP,EUR,1.182531
20260417_USD,20260417,USD,EUR,0.91971
20260418_EUR,20260418,EUR,EUR,1.001979
20260418_SEK,20260418,SEK,EUR,0.088116
20260418_NOK,20260418,NOK,EUR,0.086552
20260418_GBP,20260418,GBP,EUR,1.170624
20260418_USD,20260418,USD,EUR,0.90902
20260419_EUR,20260419,EUR,EUR,0.997521
20260419_SEK,20260419,SEK,EUR,0.088483
20260419_NOK,20260419,NOK,EUR,0.085327
20260419_GBP,20260419,GBP,EUR,1.16718
20260419_USD,20260419,USD,EUR,0.922627
20260420_EUR,20260420,EUR,EUR,1.001218
20260420_SEK,20260420,SEK,EUR,0.08752
20260420_NOK,20260420,NOK,EUR,0.085576
20260420_GBP,20260420,GBP,EUR,1.179254
20260420_USD,20260420,USD,EUR,0.920508
20260421_EUR,20260421,EUR,EUR,0.996868
20260421_SEK,20260421,SEK,EUR,0.088217
20260421_NOK,20260421,NOK,EUR,0.084773
20260421_GBP,20260421,GBP,EUR,1.179923
20260421_USD,20260421,USD,EUR,0.91482
20260422_EUR,20260422,EUR,EUR,0.998718
20260422_SEK,20260422,SEK,EUR,0.087763
20260422_NOK,20260422,NOK,EUR,0.086343
20260422_GBP,20260422,GBP,EUR,1.173983
20260422_USD,20260422,USD,EUR,0.920209
20260423_EUR,20260423,EUR,EUR,1.002792
20260423_SEK,20260423,SEK,EUR,0.088817
20260423_NOK,20260423,NOK,EUR,0.085793
20260423_GBP,20260423,GBP,EUR,1.186922
20260423_USD,20260423,USD,EUR,0.911702
20260424_EUR,20260424,EUR,EUR,0.98804
20260424_SEK,20260424,SEK,EUR,0.088372
20260424_NOK,20260424,NOK,EUR,0.085998
20260424_GBP,20260424,GBP,EUR,1.191983
20260424_USD,20260424,USD,EUR,0.913682
20260425_EUR,20260425,EUR,EUR,1.0026
20260425_SEK,20260425,SEK,EUR,0.088822
20260425_NOK,20260425,NOK,EUR,0.08618
20260425_GBP,20260425,GBP,EUR,1.186639
20260425_USD,20260425,USD,EUR,0.920039
20260426_EUR,20260426,EUR,EUR,0.992146
20260426_SEK,20260426,SEK,EUR,0.088596
20260426_NOK,20260426,NOK,EUR,0.085737
20260426_GBP,20260426,GBP,EUR,1.187989
20260426_USD,20260426,USD,EUR,0.91281
20260427_EUR,20260427,EUR,EUR,0.994103
20260427_SEK,20260427,SEK,EUR,0.088631
20260427_NOK,20260427,NOK,EUR,0.085851
20260427_GBP,20260427,GBP,EUR,1.193611
20260427_USD,20260427,USD,EUR,0.91964
20260428_EUR,20260428,EUR,EUR,0.990791
20260428_SEK,20260428,SEK,EUR,0.088393
20260428_NOK,20260428,NOK,EUR,0.085746
20260428_GBP,20260428,GBP,EUR,1.18914
20260428_USD,20260428,USD,EUR,0.920116
20260429_EUR,20260429,EUR,EUR,0.992284
20260429_SEK,20260429,SEK,EUR,0.088072
20260429_NOK,20260429,NOK,EUR,0.086944
20260429_GBP,20260429,GBP,EUR,1.187921
20260429_USD,20260429,USD,EUR,0.919735
20260430_EUR,20260430,EUR,EUR,1.005377
20260430_SEK,20260430,SEK,EUR,0.088093
20260430_NOK,20260430,NOK,EUR,0.08609
20260430_GBP,20260430,GBP,EUR,1.178532
20260430_USD,20260430,USD,EUR,0.921076
20260501_EUR,20260501,EUR,EUR,1.005177
20260501_SEK,20260501,SEK,EUR,0.087632
20260501_NOK,20260501,NOK,EUR,0.086613
20260501_GBP,20260501,GBP,EUR,1.184457
20260501_USD,20260501,USD,EUR,0.915916
20260502_EUR,20260502,EUR,EUR,1.004988
20260502_SEK,20260502,SEK,EUR,0.087874
20260502_NOK,20260502,NOK,EUR,0.086327
20260502_GBP,20260502,GBP,EUR,1.183271
20260502_USD,20260502,USD,EUR,0.919725
20260503_EUR,20260503,EUR,EUR,1.002468
20260503_SEK,20260503,SEK,EUR,0.088128
20260503_NOK,20260503,NOK,EUR,0.085142
20260503_GBP,20260503,GBP,EUR,1.178357
20260503_USD,20260503,USD,EUR,0.924275
20260504_EUR,20260504,EUR,EUR,0.999339
20260504_SEK,20260504,SEK,EUR,0.08777
20260504_NOK,20260504,NOK,EUR,0.085416
20260504_GBP,20260504,GBP,EUR,1.178603
20260504_USD,20260504,USD,EUR,0.9107
20260505_EUR,20260505,EUR,EUR,0.999494
20260505_SEK,20260505,SEK,EUR,0.087737
20260505_NOK,20260505,NOK,EUR,0.085584
20260505_GBP,20260505,GBP,EUR,1.184596
20260505_USD,20260505,USD,EUR,0.921674
20260506_EUR,20260506,EUR,EUR,1.010466
20260506_SEK,20260506,SEK,EUR,0.087335
20260506_NOK,20260506,NOK,EUR,0.086499
20260506_GBP,20260506,GBP,EUR,1.190766
20260506_USD,20260506,USD,EUR,0.916416
20260507_EUR,20260507,EUR,EUR,1.001016
20260507_SEK,20260507,SEK,EUR,0.087799
20260507_NOK,20260507,NOK,EUR,0.08608
20260507_GBP,20260507,GBP,EUR,1.193942
20260507_USD,20260507,USD,EUR,0.922786
20260508_EUR,20260508,EUR,EUR,1.002543
20260508_SEK,20260508,SEK,EUR,0.087811
20260508_NOK,20260508,NOK,EUR,0.085362
20260508_GBP,20260508,GBP,EUR,1.183765
20260508_USD,20260508,USD,EUR,0.92555
20260509_EUR,20260509,EUR,EUR,0.992364
20260509_SEK,20260509,SEK,EUR,0.087536
20260509_NOK,20260509,NOK,EUR,0.086054
20260509_GBP,20260509,GBP,EUR,1.179166
20260509_USD,20260509,USD,EUR,0.916354
20260510_EUR,20260510,EUR,EUR,0.997882
20260510_SEK,20260510,SEK,EUR,0.087399
20260510_NOK,20260510,NOK,EUR,0.085581
20260510_GBP,20260510,GBP,EUR,1.189168
20260510_USD,20260510,USD,EUR,0.913986
20260511_EUR,20260511,EUR,EUR,0.992011
20260511_SEK,20260511,SEK,EUR,0.087723
20260511_NOK,20260511,NOK,EUR,0.086315
20260511_GBP,20260511,GBP,EUR,1.183833
20260511_USD,20260511,USD,EUR,0.917863
20260512_EUR,20260512,EUR,EUR,1.000222
20260512_SEK,20260512,SEK,EUR,0.087232
20260512_NOK,20260512,NOK,EUR,0.086213
20260512_GBP,20260512,GBP,EUR,1.187272
20260512_USD,20260512,USD,EUR,0.918117
20260513_EUR,20260513,EUR,EUR,1.00503
20260513_SEK,20260513,SEK,EUR,0.087504
20260513_NOK,20260513,NOK,EUR,0.086485
20260513_GBP,20260513,GBP,EUR,1.185915
20260513_USD,20260513,USD,EUR,0.918452
20260514_EUR,20260514,EUR,EUR,0.999901
20260514_SEK,20260514,SEK,EUR,0.087953
20260514_NOK,20260514,NOK,EUR,0.086525
20260514_GBP,20260514,GBP,EUR,1.178621
20260514_USD,20260514,USD,EUR,0.916492
20260515_EUR,20260515,EUR,EUR,1.005182
20260515_SEK,20260515,SEK,EUR,0.087738
20260515_NOK,20260515,NOK,EUR,0.086387
20260515_GBP,20260515,GBP,EUR,1.195069
20260515_USD,20260515,USD,EUR,0.918152
20260516_EUR,20260516,EUR,EUR,1.003407
20260516_SEK,20260516,SEK,EUR,0.087492
20260516_NOK,20260516,NOK,EUR,0.086325
20260516_GBP,20260516,GBP,EUR,1.186182
20260516_USD,20260516,USD,EUR,0.922176
20260517_EUR,20260517,EUR,EUR,0.996772
20260517_SEK,20260517,SEK,EUR,0.087269
20260517_NOK,20260517,NOK,EUR,0.086216
20260517_GBP,20260517,GBP,EUR,1.172774
20260517_USD,20260517,USD,EUR,0.91854
20260518_EUR,20260518,EUR,EUR,1.004706
20260518_SEK,20260518,SEK,EUR,0.088084
20260518_NOK,20260518,NOK,EUR,0.086838
20260518_GBP,20260518,GBP,EUR,1.191074
20260518_USD,20260518,USD,EUR,0.916992
20260519_EUR,20260519,EUR,EUR,1.000137
20260519_SEK,20260519,SEK,EUR,0.087979
20260519_NOK,20260519,NOK,EUR,0.08532
20260519_GBP,20260519,GBP,EUR,1.179428
20260519_USD,20260519,USD,EUR,0.91742
20260520_EUR,20260520,EUR,EUR,0.989819
20260520_SEK,20260520,SEK,EUR,0.088021
20260520_NOK,20260520,NOK,EUR,0.085893
20260520_GBP,20260520,GBP,EUR,1.175088
20260520_USD,20260520,USD,EUR,0.921859
20260521_EUR,20260521,EUR,EUR,1.003579
20260521_SEK,20260521,SEK,EUR,0.0881
20260521_NOK,20260521,NOK,EUR,0.085861
20260521_GBP,20260521,GBP,EUR,1.188504
20260521_USD,20260521,USD,EUR,0.923129
20260522_EUR,20260522,EUR,EUR,1.001537
20260522_SEK,20260522,SEK,EUR,0.087637
20260522_NOK,20260522,NOK,EUR,0.086119
20260522_GBP,20260522,GBP,EUR,1.192083
20260522_USD,20260522,USD,EUR,0.917256
20260523_EUR,20260523,EUR,EUR,1.01049
20260523_SEK,20260523,SEK,EUR,0.087769
20260523_NOK,20260523,NOK,EUR,0.086014
20260523_GBP,20260523,GBP,EUR,1.181016
20260523_USD,20260523,USD,EUR,0.921027
20260524_EUR,20260524,EUR,EUR,0.991289
20260524_SEK,20260524,SEK,EUR,0.08776
20260524_NOK,20260524,NOK,EUR,0.08553
20260524_GBP,20260524,GBP,EUR,1.185802
20260524_USD,20260524,USD,EUR,0.924574
20260525_EUR,20260525,EUR,EUR,1.00323
20260525_SEK,20260525,SEK,EUR,0.086956
20260525_NOK,20260525,NOK,EUR,0.086878
20260525_GBP,20260525,GBP,EUR,1.18675
20260525_USD,20260525,USD,EUR,0.916428
20260526_EUR,20260526,EUR,EUR,1.000786
20260526_SEK,20260526,SEK,EUR,0.088078
20260526_NOK,20260526,NOK,EUR,0.085713
20260526_GBP,20260526,GBP,EUR,1.186173
20260526_USD,20260526,USD,EUR,0.917206
20260527_EUR,20260527,EUR,EUR,0.997978
20260527_SEK,20260527,SEK,EUR,0.087698
20260527_NOK,20260527,NOK,EUR,0.085384
20260527_GBP,20260527,GBP,EUR,1.185864
20260527_USD,20260527,USD,EUR,0.922692
20260528_EUR,20260528,EUR,EUR,1.002574
20260528_SEK,20260528,SEK,EUR,0.088361
20260528_NOK,20260528,NOK,EUR,0.086139
20260528_GBP,20260528,GBP,EUR,1.181844
20260528_USD,20260528,USD,EUR,0.923862
20260529_EUR,20260529,EUR,EUR,0.993212
20260529_SEK,20260529,SEK,EUR,0.087604
20260529_NOK,20260529,NOK,EUR,0.085585
20260529_GBP,20260529,GBP,EUR,1.191399
20260529_USD,20260529,USD,EUR,0.924337
20260530_EUR,20260530,EUR,EUR,1.002437
20260530_SEK,20260530,SEK,EUR,0.088472
20260530_NOK,20260530,NOK,EUR,0.085622
20260530_GBP,20260530,GBP,EUR,1.187065
20260530_USD,20260530,USD,EUR,0.919424
20260531_EUR,20260531,EUR,EUR,1.004234
20260531_SEK,20260531,SEK,EUR,0.087949
20260531_NOK,20260531,NOK,EUR,0.085834
20260531_GBP,20260531,GBP,EUR,1.188205
20260531_USD,20260531,USD,EUR,0.92403
20260601_EUR,20260601,EUR,EUR,0.996658
20260601_SEK,20260601,SEK,EUR,0.087973
20260601_NOK,20260601,NOK,EUR,0.085545
20260601_GBP,20260601,GBP,EUR,1.170199
20260601_USD,20260601,USD,EUR,0.920922
20260602_EUR,20260602,EUR,EUR,1.003045
20260602_SEK,20260602,SEK,EUR,0.088115
20260602_NOK,20260602,NOK,EUR,0.085162
20260602_GBP,20260602,GBP,EUR,1.182921
20260602_USD,20260602,USD,EUR,0.909796
20260603_EUR,20260603,EUR,EUR,1.006849
20260603_SEK,20260603,SEK,EUR,0.087522
20260603_NOK,20260603,NOK,EUR,0.08654
20260603_GBP,20260603,GBP,EUR,1.190604
20260603_USD,20260603,USD,EUR,0.915857
20260604_EUR,20260604,EUR,EUR,0.994336
20260604_SEK,20260604,SEK,EUR,0.088154
20260604_NOK,20260604,NOK,EUR,0.085637
20260604_GBP,20260604,GBP,EUR,1.185607
20260604_USD,20260604,USD,EUR,0.917779
20260605_EUR,20260605,EUR,EUR,0.991094
20260605_SEK,20260605,SEK,EUR,0.087019
20260605_NOK,20260605,NOK,EUR,0.086097
20260605_GBP,20260605,GBP,EUR,1.181673
20260605_USD,20260605,USD,EUR,0.917456
20260606_EUR,20260606,EUR,EUR,1.003479
20260606_SEK,20260606,SEK,EUR,0.088516
20260606_NOK,20260606,NOK,EUR,0.085883
20260606_GBP,20260606,GBP,EUR,1.182982
20260606_USD,20260606,USD,EUR,0.922301
20260607_EUR,20260607,EUR,EUR,0.993215
20260607_SEK,20260607,SEK,EUR,0.088098
20260607_NOK,20260607,NOK,EUR,0.086237
20260607_GBP,20260607,GBP,EUR,1.18903
20260607_USD,20260607,USD,EUR,0.911091
20260608_EUR,20260608,EUR,EUR,0.996193
20260608_SEK,20260608,SEK,EUR,0.087614
20260608_NOK,20260608,NOK,EUR,0.086043
20260608_GBP,20260608,GBP,EUR,1.187848
20260608_USD,20260608,USD,EUR,0.926885
20260609_EUR,20260609,EUR,EUR,0.997525
20260609_SEK,20260609,SEK,EUR,0.087781
20260609_NOK,20260609,NOK,EUR,0.086494
20260609_GBP,20260609,GBP,EUR,1.186757
20260609_USD,20260609,USD,EUR,0.925831
20260610_EUR,20260610,EUR,EUR,1.001444
20260610_SEK,20260610,SEK,EUR,0.087491
20260610_NOK,20260610,NOK,EUR,0.085427
20260610_GBP,20260610,GBP,EUR,1.175807
20260610_USD,20260610,USD,EUR,0.923045
20260611_EUR,20260611,EUR,EUR,1.005943
20260611_SEK,20260611,SEK,EUR,0.088814
20260611_NOK,20260611,NOK,EUR,0.086363
20260611_GBP,20260611,GBP,EUR,1.19189
20260611_USD,20260611,USD,EUR,0.917332
20260612_EUR,20260612,EUR,EUR,0.994218
20260612_SEK,20260612,SEK,EUR,0.088374
20260612_NOK,20260612,NOK,EUR,0.08618
20260612_GBP,20260612,GBP,EUR,1.185637
20260612_USD,20260612,USD,EUR,0.921782
20260613_EUR,20260613,EUR,EUR,1.001616
20260613_SEK,20260613,SEK,EUR,0.088565
20260613_NOK,20260613,NOK,EUR,0.086557
20260613_GBP,20260613,GBP,EUR,1.188225
20260613_USD,20260613,USD,EUR,0.923891
20260614_EUR,20260614,EUR,EUR,1.00257
20260614_SEK,20260614,SEK,EUR,0.087797
20260614_NOK,20260614,NOK,EUR,0.086325
20260614_GBP,20260614,GBP,EUR,1.176738
20260614_USD,20260614,USD,EUR,0.924848
20260615_EUR,20260615,EUR,EUR,0.994027
20260615_SEK,20260615,SEK,EUR,0.088126
20260615_NOK,20260615,NOK,EUR,0.085637
20260615_GBP,20260615,GBP,EUR,1.188279
20260615_USD,20260615,USD,EUR,0.919844
20260616_EUR,20260616,EUR,EUR,0.992026
20260616_SEK,20260616,SEK,EUR,0.088185
20260616_NOK,20260616,NOK,EUR,0.085751
20260616_GBP,20260616,GBP,EUR,1.190221
20260616_USD,20260616,USD,EUR,0.920006
20260617_EUR,20260617,EUR,EUR,1.001977
20260617_SEK,20260617,SEK,EUR,0.087579
20260617_NOK,20260617,NOK,EUR,0.085747
20260617_GBP,20260617,GBP,EUR,1.182283
20260617_USD,20260617,USD,EUR,0.923941
20260618_EUR,20260618,EUR,EUR,1.008387
20260618_SEK,20260618,SEK,EUR,0.087646
20260618_NOK,20260618,NOK,EUR,0.086463
20260618_GBP,20260618,GBP,EUR,1.172145
20260618_USD,20260618,USD,EUR,0.914507
20260619_EUR,20260619,EUR,EUR,0.995206
20260619_SEK,20260619,SEK,EUR,0.087405
20260619_NOK,20260619,NOK,EUR,0.085319
20260619_GBP,20260619,GBP,EUR,1.187447
20260619_USD,20260619,USD,EUR,0.919015
20260620_EUR,20260620,EUR,EUR,1.001897
20260620_SEK,20260620,SEK,EUR,0.088304
20260620_NOK,20260620,NOK,EUR,0.086114
20260620_GBP,20260620,GBP,EUR,1.188897
20260620_USD,20260620,USD,EUR,0.91968
20260621_EUR,20260621,EUR,EUR,0.994065
20260621_SEK,20260621,SEK,EUR,0.088465
20260621_NOK,20260621,NOK,EUR,0.085747
20260621_GBP,20260621,GBP,EUR,1.179457
20260621_USD,20260621,USD,EUR,0.919182
20260622_EUR,20260622,EUR,EUR,0.995436
20260622_SEK,20260622,SEK,EUR,0.087816
20260622_NOK,20260622,NOK,EUR,0.086148
20260622_GBP,20260622,GBP,EUR,1.187064
20260622_USD,20260622,USD,EUR,0.91587
20260623_EUR,20260623,EUR,EUR,0.997561
20260623_SEK,20260623,SEK,EUR,0.088473
20260623_NOK,20260623,NOK,EUR,0.086213
20260623_GBP,20260623,GBP,EUR,1.197295
20260623_USD,20260623,USD,EUR,0.925429
20260624_EUR,20260624,EUR,EUR,1.005721
20260624_SEK,20260624,SEK,EUR,0.087389
20260624_NOK,20260624,NOK,EUR,0.086328
20260624_GBP,20260624,GBP,EUR,1.184685
20260624_USD,20260624,USD,EUR,0.917465
20260625_EUR,20260625,EUR,EUR,1.00084
20260625_SEK,20260625,SEK,EUR,0.088416
20260625_NOK,20260625,NOK,EUR,0.086215
20260625_GBP,20260625,GBP,EUR,1.179795
20260625_USD,20260625,USD,EUR,0.923415
20260626_EUR,20260626,EUR,EUR,0.996812
20260626_SEK,20260626,SEK,EUR,0.088095
20260626_NOK,20260626,NOK,EUR,0.08587
20260626_GBP,20260626,GBP,EUR,1.183703
20260626_USD,20260626,USD,EUR,0.923525
20260627_EUR,20260627,EUR,EUR,0.994799
20260627_SEK,20260627,SEK,EUR,0.088856
20260627_NOK,20260627,NOK,EUR,0.085217
20260627_GBP,20260627,GBP,EUR,1.181459
20260627_USD,20260627,USD,EUR,0.921703
20260628_EUR,20260628,EUR,EUR,1.002922
20260628_SEK,20260628,SEK,EUR,0.087956
20260628_NOK,20260628,NOK,EUR,0.085975
20260628_GBP,20260628,GBP,EUR,1.187433
20260628_USD,20260628,USD,EUR,0.918937
20260629_EUR,20260629,EUR,EUR,1.006966
20260629_SEK,20260629,SEK,EUR,0.088369
20260629_NOK,20260629,NOK,EUR,0.086375
20260629_GBP,20260629,GBP,EUR,1.179276
20260629_USD,20260629,USD,EUR,0.919635
20260630_EUR,20260630,EUR,EUR,0.998498
20260630_SEK,20260630,SEK,EUR,0.087558
20260630_NOK,20260630,NOK,EUR,0.086155
20260630_GBP,20260630,GBP,EUR,1.181814
20260630_USD,20260630,USD,EUR,0.923015
20260701_EUR,20260701,EUR,EUR,0.994649
20260701_SEK,20260701,SEK,EUR,0.088756
20260701_NOK,20260701,NOK,EUR,0.085615
20260701_GBP,20260701,GBP,EUR,1.186299
20260701_USD,20260701,USD,EUR,0.923643
20260702_EUR,20260702,EUR,EUR,0.997147
20260702_SEK,20260702,SEK,EUR,0.088375
20260702_NOK,20260702,NOK,EUR,0.085471
20260702_GBP,20260702,GBP,EUR,1.193604
20260702_USD,20260702,USD,EUR,0.920065
20260703_EUR,20260703,EUR,EUR,0.997018
20260703_SEK,20260703,SEK,EUR,0.087868
20260703_NOK,20260703,NOK,EUR,0.086348
20260703_GBP,20260703,GBP,EUR,1.181537
20260703_USD,20260703,USD,EUR,0.916553
20260704_EUR,20260704,EUR,EUR,0.998892
20260704_SEK,20260704,SEK,EUR,0.087482
20260704_NOK,20260704,NOK,EUR,0.086783
20260704_GBP,20260704,GBP,EUR,1.181644
20260704_USD,20260704,USD,EUR,0.923825
20260705_EUR,20260705,EUR,EUR,1.001047
20260705_SEK,20260705,SEK,EUR,0.087567
20260705_NOK,20260705,NOK,EUR,0.085997
20260705_GBP,20260705,GBP,EUR,1.189645
20260705_USD,20260705,USD,EUR,0.919134
20260706_EUR,20260706,EUR,EUR,1.005966
20260706_SEK,20260706,SEK,EUR,0.088449
20260706_NOK,20260706,NOK,EUR,0.086395
20260706_GBP,20260706,GBP,EUR,1.182277
20260706_USD,20260706,USD,EUR,0.915033
20260707_EUR,20260707,EUR,EUR,0.996932
20260707_SEK,20260707,SEK,EUR,0.088086
20260707_NOK,20260707,NOK,EUR,0.086235
20260707_GBP,20260707,GBP,EUR,1.172133
20260707_USD,20260707,USD,EUR,0.919963
20260708_EUR,20260708,EUR,EUR,1.00079
20260708_SEK,20260708,SEK,EUR,0.087878
20260708_NOK,20260708,NOK,EUR,0.086555
20260708_GBP,20260708,GBP,EUR,1.187499
20260708_USD,20260708,USD,EUR,0.926027
20260709_EUR,20260709,EUR,EUR,0.99892
20260709_SEK,20260709,SEK,EUR,0.088412
20260709_NOK,20260709,NOK,EUR,0.086703
20260709_GBP,20260709,GBP,EUR,1.192772
20260709_USD,20260709,USD,EUR,0.914976
20260710_EUR,20260710,EUR,EUR,0.998732
20260710_SEK,20260710,SEK,EUR,0.087848
20260710_NOK,20260710,NOK,EUR,0.08621
20260710_GBP,20260710,GBP,EUR,1.189067
20260710_USD,20260710,USD,EUR,0.916141
20260711_EUR,20260711,EUR,EUR,1.000339
20260711_SEK,20260711,SEK,EUR,0.087111
20260711_NOK,20260711,NOK,EUR,0.08662
20260711_GBP,20260711,GBP,EUR,1.181964
20260711_USD,20260711,USD,EUR,0.920257
20260712_EUR,20260712,EUR,EUR,0.998452
20260712_SEK,20260712,SEK,EUR,0.088504
20260712_NOK,20260712,NOK,EUR,0.08478
20260712_GBP,20260712,GBP,EUR,1.184902
20260712_USD,20260712,USD,EUR,0.919513
20260713_EUR,20260713,EUR,EUR,0.997732
20260713_SEK,20260713,SEK,EUR,0.08876
20260713_NOK,20260713,NOK,EUR,0.085618
20260713_GBP,20260713,GBP,EUR,1.189573
20260713_USD,20260713,USD,EUR,0.921639
20260714_EUR,20260714,EUR,EUR,1.006308
20260714_SEK,20260714,SEK,EUR,0.087706
20260714_NOK,20260714,NOK,EUR,0.085685
20260714_GBP,20260714,GBP,EUR,1.191494
20260714_USD,20260714,USD,EUR,0.921956
20260715_EUR,20260715,EUR,EUR,0.992275
20260715_SEK,20260715,SEK,EUR,0.087763
20260715_NOK,20260715,NOK,EUR,0.086166
20260715_GBP,20260715,GBP,EUR,1.189964
20260715_USD,20260715,USD,EUR,0.916876
20260716_EUR,20260716,EUR,EUR,0.985429
20260716_SEK,20260716,SEK,EUR,0.08823
20260716_NOK,20260716,NOK,EUR,0.085475
20260716_GBP,20260716,GBP,EUR,1.173047
20260716_USD,20260716,USD,EUR,0.906971
20260717_EUR,20260717,EUR,EUR,1.00407
20260717_SEK,20260717,SEK,EUR,0.088057
20260717_NOK,20260717,NOK,EUR,0.085903
20260717_GBP,20260717,GBP,EUR,1.19323
20260717_USD,20260717,USD,EUR,0.922932
20260718_EUR,20260718,EUR,EUR,1.008082
20260718_SEK,20260718,SEK,EUR,0.087387
20260718_NOK,20260718,NOK,EUR,0.085985
20260718_GBP,20260718,GBP,EUR,1.175421
20260718_USD,20260718,USD,EUR,0.918945
20260719_EUR,20260719,EUR,EUR,0.998757
20260719_SEK,20260719,SEK,EUR,0.088276
20260719_NOK,20260719,NOK,EUR,0.08602
20260719_GBP,20260719,GBP,EUR,1.188694
20260719_USD,20260719,USD,EUR,0.923236
20260720_EUR,20260720,EUR,EUR,1.010775
20260720_SEK,20260720,SEK,EUR,0.087861
20260720_NOK,20260720,NOK,EUR,0.085595
20260720_GBP,20260720,GBP,EUR,1.186458
20260720_USD,20260720,USD,EUR,0.91631
20260721_EUR,20260721,EUR,EUR,1.00741
20260721_SEK,20260721,SEK,EUR,0.087875
20260721_NOK,20260721,NOK,EUR,0.085757
20260721_GBP,20260721,GBP,EUR,1.182207
20260721_USD,20260721,USD,EUR,0.923305
20260722_EUR,20260722,EUR,EUR,0.999211
20260722_SEK,20260722,SEK,EUR,0.087718
20260722_NOK,20260722,NOK,EUR,0.086716
20260722_GBP,20260722,GBP,EUR,1.179927
20260722_USD,20260722,USD,EUR,0.920164
20260723_EUR,20260723,EUR,EUR,1.003262
20260723_SEK,20260723,SEK,EUR,0.087282
20260723_NOK,20260723,NOK,EUR,0.086207
20260723_GBP,20260723,GBP,EUR,1.178748
20260723_USD,20260723,USD,EUR,0.923785
20260724_EUR,20260724,EUR,EUR,0.995187
20260724_SEK,20260724,SEK,EUR,0.088305
20260724_NOK,20260724,NOK,EUR,0.086476
20260724_GBP,20260724,GBP,EUR,1.190104
20260724_USD,20260724,USD,EUR,0.921156
20260725_EUR,20260725,EUR,EUR,0.998843
20260725_SEK,20260725,SEK,EUR,0.087746
20260725_NOK,20260725,NOK,EUR,0.086633
20260725_GBP,20260725,GBP,EUR,1.180855
20260725_USD,20260725,USD,EUR,0.915229
20260726_EUR,20260726,EUR,EUR,1.003327
20260726_SEK,20260726,SEK,EUR,0.08765
20260726_NOK,20260726,NOK,EUR,0.085591
20260726_GBP,20260726,GBP,EUR,1.176447
20260726_USD,20260726,USD,EUR,0.917779
20260727_EUR,20260727,EUR,EUR,0.999586
20260727_SEK,20260727,SEK,EUR,0.088107
20260727_NOK,20260727,NOK,EUR,0.086409
20260727_GBP,20260727,GBP,EUR,1.188122
20260727_USD,20260727,USD,EUR,0.919122
20260728_EUR,20260728,EUR,EUR,0.999009
20260728_SEK,20260728,SEK,EUR,0.088224
20260728_NOK,20260728,NOK,EUR,0.086547
20260728_GBP,20260728,GBP,EUR,1.185748
20260728_USD,20260728,USD,EUR,0.917842
20260729_EUR,20260729,EUR,EUR,0.995036
20260729_SEK,20260729,SEK,EUR,0.087364
20260729_NOK,20260729,NOK,EUR,0.086286
20260729_GBP,20260729,GBP,EUR,1.188425
20260729_USD,20260729,USD,EUR,0.922656
20260730_EUR,20260730,EUR,EUR,0.999357
20260730_SEK,20260730,SEK,EUR,0.088619
20260730_NOK,20260730,NOK,EUR,0.085792
20260730_GBP,20260730,GBP,EUR,1.19066
20260730_USD,20260730,USD,EUR,0.919822
20260731_EUR,20260731,EUR,EUR,0.996958
20260731_SEK,20260731,SEK,EUR,0.088261
20260731_NOK,20260731,NOK,EUR,0.086176
20260731_GBP,20260731,GBP,EUR,1.187115
20260731_USD,20260731,USD,EUR,0.920374
20260801_EUR,20260801,EUR,EUR,0.999811
20260801_SEK,20260801,SEK,EUR,0.089051
20260801_NOK,20260801,NOK,EUR,0.086509
20260801_GBP,20260801,GBP,EUR,1.189283
20260801_USD,20260801,USD,EUR,0.920514
20260802_EUR,20260802,EUR,EUR,1.005036
20260802_SEK,20260802,SEK,EUR,0.088228
20260802_NOK,20260802,NOK,EUR,0.086011
20260802_GBP,20260802,GBP,EUR,1.183201
20260802_USD,20260802,USD,EUR,0.919628
20260803_EUR,20260803,EUR,EUR,0.984148
20260803_SEK,20260803,SEK,EUR,0.088093
20260803_NOK,20260803,NOK,EUR,0.08579
20260803_GBP,20260803,GBP,EUR,1.194437
20260803_USD,20260803,USD,EUR,0.920089
20260804_EUR,20260804,EUR,EUR,0.994055
20260804_SEK,20260804,SEK,EUR,0.087978
20260804_NOK,20260804,NOK,EUR,0.08555
20260804_GBP,20260804,GBP,EUR,1.187805
20260804_USD,20260804,USD,EUR,0.921338
20260805_EUR,20260805,EUR,EUR,1.004789
20260805_SEK,20260805,SEK,EUR,0.087652
20260805_NOK,20260805,NOK,EUR,0.086015
20260805_GBP,20260805,GBP,EUR,1.176912
20260805_USD,20260805,USD,EUR,0.923227
20260806_EUR,20260806,EUR,EUR,1.002594
20260806_SEK,20260806,SEK,EUR,0.088218
20260806_NOK,20260806,NOK,EUR,0.086001
20260806_GBP,20260806,GBP,EUR,1.187458
20260806_USD,20260806,USD,EUR,0.92738
20260807_EUR,20260807,EUR,EUR,0.998575
20260807_SEK,20260807,SEK,EUR,0.088061
20260807_NOK,20260807,NOK,EUR,0.085533
20260807_GBP,20260807,GBP,EUR,1.179856
20260807_USD,20260807,USD,EUR,0.92045
20260808_EUR,20260808,EUR,EUR,1.00552
20260808_SEK,20260808,SEK,EUR,0.087887
20260808_NOK,20260808,NOK,EUR,0.085899
20260808_GBP,20260808,GBP,EUR,1.182589
20260808_USD,20260808,USD,EUR,0.91754
20260809_EUR,20260809,EUR,EUR,1.001475
20260809_SEK,20260809,SEK,EUR,0.087341
20260809_NOK,20260809,NOK,EUR,0.086551
20260809_GBP,20260809,GBP,EUR,1.181057
20260809_USD,20260809,USD,EUR,0.923321
20260810_EUR,20260810,EUR,EUR,0.99365
20260810_SEK,20260810,SEK,EUR,0.088294
20260810_NOK,20260810,NOK,EUR,0.086289
20260810_GBP,20260810,GBP,EUR,1.187276
20260810_USD,20260810,USD,EUR,0.915426
20260811_EUR,20260811,EUR,EUR,1.001248
20260811_SEK,20260811,SEK,EUR,0.087479
20260811_NOK,20260811,NOK,EUR,0.085891
20260811_GBP,20260811,GBP,EUR,1.191099
20260811_USD,20260811,USD,EUR,0.923665
20260812_EUR,20260812,EUR,EUR,1.000076
20260812_SEK,20260812,SEK,EUR,0.087571
20260812_NOK,20260812,NOK,EUR,0.086278
20260812_GBP,20260812,GBP,EUR,1.185115
20260812_USD,20260812,USD,EUR,0.909327
20260813_EUR,20260813,EUR,EUR,1.003913
20260813_SEK,20260813,SEK,EUR,0.087989
20260813_NOK,20260813,NOK,EUR,0.086517
20260813_GBP,20260813,GBP,EUR,1.178511
20260813_USD,20260813,USD,EUR,0.905387
20260814_EUR,20260814,EUR,EUR,1.001395
20260814_SEK,20260814,SEK,EUR,0.088128
20260814_NOK,20260814,NOK,EUR,0.085273
20260814_GBP,20260814,GBP,EUR,1.179202
20260814_USD,20260814,USD,EUR,0.932674
20260815_EUR,20260815,EUR,EUR,0.998472
20260815_SEK,20260815,SEK,EUR,0.088322
20260815_NOK,20260815,NOK,EUR,0.08572
20260815_GBP,20260815,GBP,EUR,1.172615
20260815_USD,20260815,USD,EUR,0.919217
20260816_EUR,20260816,EUR,EUR,0.998672
20260816_SEK,20260816,SEK,EUR,0.087824
20260816_NOK,20260816,NOK,EUR,0.085951
20260816_GBP,20260816,GBP,EUR,1.186566
20260816_USD,20260816,USD,EUR,0.919309
20260817_EUR,20260817,EUR,EUR,0.99368
20260817_SEK,20260817,SEK,EUR,0.088214
20260817_NOK,20260817,NOK,EUR,0.085162
20260817_GBP,20260817,GBP,EUR,1.172852
20260817_USD,20260817,USD,EUR,0.9234
20260818_EUR,20260818,EUR,EUR,1.002535
20260818_SEK,20260818,SEK,EUR,0.087975
20260818_NOK,20260818,NOK,EUR,0.0854
20260818_GBP,20260818,GBP,EUR,1.180806
20260818_USD,20260818,USD,EUR,0.918791
20260819_EUR,20260819,EUR,EUR,0.992021
20260819_SEK,20260819,SEK,EUR,0.087675
20260819_NOK,20260819,NOK,EUR,0.086281
20260819_GBP,20260819,GBP,EUR,1.193457
20260819_USD,20260819,USD,EUR,0.918071
20260820_EUR,20260820,EUR,EUR,1.003782
20260820_SEK,20260820,SEK,EUR,0.087158
20260820_NOK,20260820,NOK,EUR,0.086284
20260820_GBP,20260820,GBP,EUR,1.180237
20260820_USD,20260820,USD,EUR,0.921414
20260821_EUR,20260821,EUR,EUR,0.998761
20260821_SEK,20260821,SEK,EUR,0.088581
20260821_NOK,20260821,NOK,EUR,0.085624
20260821_GBP,20260821,GBP,EUR,1.188719
20260821_USD,20260821,USD,EUR,0.918714
20260822_EUR,20260822,EUR,EUR,0.999208
20260822_SEK,20260822,SEK,EUR,0.087919
20260822_NOK,20260822,NOK,EUR,0.085636
20260822_GBP,20260822,GBP,EUR,1.184916
20260822_USD,20260822,USD,EUR,0.919712
20260823_EUR,20260823,EUR,EUR,1.001206
20260823_SEK,20260823,SEK,EUR,0.088037
20260823_NOK,20260823,NOK,EUR,0.086343
20260823_GBP,20260823,GBP,EUR,1.190472
20260823_USD,20260823,USD,EUR,0.915167
20260824_EUR,20260824,EUR,EUR,1.004344
20260824_SEK,20260824,SEK,EUR,0.087478
20260824_NOK,20260824,NOK,EUR,0.086253
20260824_GBP,20260824,GBP,EUR,1.188672
20260824_USD,20260824,USD,EUR,0.911208
20260825_EUR,20260825,EUR,EUR,1.000465
20260825_SEK,20260825,SEK,EUR,0.087794
20260825_NOK,20260825,NOK,EUR,0.085674
20260825_GBP,20260825,GBP,EUR,1.193004
20260825_USD,20260825,USD,EUR,0.916993
20260826_EUR,20260826,EUR,EUR,0.995968
20260826_SEK,20260826,SEK,EUR,0.088033
20260826_NOK,20260826,NOK,EUR,0.086295
20260826_GBP,20260826,GBP,EUR,1.184161
20260826_USD,20260826,USD,EUR,0.925365
20260827_EUR,20260827,EUR,EUR,1.002655
20260827_SEK,20260827,SEK,EUR,0.087042
20260827_NOK,20260827,NOK,EUR,0.085772
20260827_GBP,20260827,GBP,EUR,1.181671
20260827_USD,20260827,USD,EUR,0.922205
20260828_EUR,20260828,EUR,EUR,0.986876
20260828_SEK,20260828,SEK,EUR,0.089122
20260828_NOK,20260828,NOK,EUR,0.086228
20260828_GBP,20260828,GBP,EUR,1.185882
20260828_USD,20260828,USD,EUR,0.925435
20260829_EUR,20260829,EUR,EUR,1.011718
20260829_SEK,20260829,SEK,EUR,0.088383
20260829_NOK,20260829,NOK,EUR,0.086408
20260829_GBP,20260829,GBP,EUR,1.185774
20260829_USD,20260829,USD,EUR,0.919349
20260830_EUR,20260830,EUR,EUR,0.997621
20260830_SEK,20260830,SEK,EUR,0.087637
20260830_NOK,20260830,NOK,EUR,0.085705
20260830_GBP,20260830,GBP,EUR,1.176998
20260830_USD,20260830,USD,EUR,0.919651
20260831_EUR,20260831,EUR,EUR,0.991577
20260831_SEK,20260831,SEK,EUR,0.088084
20260831_NOK,20260831,NOK,EUR,0.085984
20260831_GBP,20260831,GBP,EUR,1.185871
20260831_USD,20260831,USD,EUR,0.917598
20260901_EUR,20260901,EUR,EUR,1.015384
20260901_SEK,20260901,SEK,EUR,0.088598
20260901_NOK,20260901,NOK,EUR,0.085465
20260901_GBP,20260901,GBP,EUR,1.18638
20260901_USD,20260901,USD,EUR,0.917203
20260902_EUR,20260902,EUR,EUR,0.994928
20260902_SEK,20260902,SEK,EUR,0.08741
20260902_NOK,20260902,NOK,EUR,0.086186
20260902_GBP,20260902,GBP,EUR,1.180963
20260902_USD,20260902,USD,EUR,0.924452
20260903_EUR,20260903,EUR,EUR,1.004969
20260903_SEK,20260903,SEK,EUR,0.088605
20260903_NOK,20260903,NOK,EUR,0.085633
20260903_GBP,20260903,GBP,EUR,1.187817
20260903_USD,20260903,USD,EUR,0.922909
20260904_EUR,20260904,EUR,EUR,0.997629
20260904_SEK,20260904,SEK,EUR,0.08766
20260904_NOK,20260904,NOK,EUR,0.086692
20260904_GBP,20260904,GBP,EUR,1.186348
20260904_USD,20260904,USD,EUR,0.922925
20260905_EUR,20260905,EUR,EUR,0.99589
20260905_SEK,20260905,SEK,EUR,0.087464
20260905_NOK,20260905,NOK,EUR,0.085755
20260905_GBP,20260905,GBP,EUR,1.184265
20260905_USD,20260905,USD,EUR,0.915105
20260906_EUR,20260906,EUR,EUR,0.999951
20260906_SEK,20260906,SEK,EUR,0.087257
20260906_NOK,20260906,NOK,EUR,0.085518
20260906_GBP,20260906,GBP,EUR,1.188975
20260906_USD,20260906,USD,EUR,0.922777
20260907_EUR,20260907,EUR,EUR,0.998041
20260907_SEK,20260907,SEK,EUR,0.087552
20260907_NOK,20260907,NOK,EUR,0.085558
20260907_GBP,20260907,GBP,EUR,1.182788
20260907_USD,20260907,USD,EUR,0.922965
20260908_EUR,20260908,EUR,EUR,1.004641
20260908_SEK,20260908,SEK,EUR,0.087782
20260908_NOK,20260908,NOK,EUR,0.085504
20260908_GBP,20260908,GBP,EUR,1.186587
20260908_USD,20260908,USD,EUR,0.916212
20260909_EUR,20260909,EUR,EUR,0.997409
20260909_SEK,20260909,SEK,EUR,0.088583
20260909_NOK,20260909,NOK,EUR,0.086356
20260909_GBP,20260909,GBP,EUR,1.185936
20260909_USD,20260909,USD,EUR,0.914149
20260910_EUR,20260910,EUR,EUR,1.001057
20260910_SEK,20260910,SEK,EUR,0.088468
20260910_NOK,20260910,NOK,EUR,0.085838
20260910_GBP,20260910,GBP,EUR,1.193005
20260910_USD,20260910,USD,EUR,0.925947
20260911_EUR,20260911,EUR,EUR,1.008319
20260911_SEK,20260911,SEK,EUR,0.088134
20260911_NOK,20260911,NOK,EUR,0.086253
20260911_GBP,20260911,GBP,EUR,1.193379
20260911_USD,20260911,USD,EUR,0.922058
20260912_EUR,20260912,EUR,EUR,0.997494
20260912_SEK,20260912,SEK,EUR,0.087803
20260912_NOK,20260912,NOK,EUR,0.086103
20260912_GBP,20260912,GBP,EUR,1.177353
20260912_USD,20260912,USD,EUR,0.919341
20260913_EUR,20260913,EUR,EUR,1.005483
20260913_SEK,20260913,SEK,EUR,0.087036
20260913_NOK,20260913,NOK,EUR,0.08666
20260913_GBP,20260913,GBP,EUR,1.19165
20260913_USD,20260913,USD,EUR,0.917885
20260914_EUR,20260914,EUR,EUR,1.002717
20260914_SEK,20260914,SEK,EUR,0.088001
20260914_NOK,20260914,NOK,EUR,0.086529
20260914_GBP,20260914,GBP,EUR,1.190822
20260914_USD,20260914,USD,EUR,0.91356
20260915_EUR,20260915,EUR,EUR,1.002936
20260915_SEK,20260915,SEK,EUR,0.08791
20260915_NOK,20260915,NOK,EUR,0.086036
20260915_GBP,20260915,GBP,EUR,1.180686
20260915_USD,20260915,USD,EUR,0.928041
20260916_EUR,20260916,EUR,EUR,1.0052
20260916_SEK,20260916,SEK,EUR,0.087675
20260916_NOK,20260916,NOK,EUR,0.085426
20260916_GBP,20260916,GBP,EUR,1.182715
20260916_USD,20260916,USD,EUR,0.921999
20260917_EUR,20260917,EUR,EUR,1.001201
20260917_SEK,20260917,SEK,EUR,0.088551
20260917_NOK,20260917,NOK,EUR,0.08634
20260917_GBP,20260917,GBP,EUR,1.190745
20260917_USD,20260917,USD,EUR,0.921504
20260918_EUR,20260918,EUR,EUR,0.993054
20260918_SEK,20260918,SEK,EUR,0.087914
20260918_NOK,20260918,NOK,EUR,0.086456
20260918_GBP,20260918,GBP,EUR,1.184695
20260918_USD,20260918,USD,EUR,0.922314
20260919_EUR,20260919,EUR,EUR,0.998406
20260919_SEK,20260919,SEK,EUR,0.087547
20260919_NOK,20260919,NOK,EUR,0.085947
20260919_GBP,20260919,GBP,EUR,1.186831
20260919_USD,20260919,USD,EUR,0.916984
20260920_EUR,20260920,EUR,EUR,0.998821
20260920_SEK,20260920,SEK,EUR,0.087587
20260920_NOK,20260920,NOK,EUR,0.086481
20260920_GBP,20260920,GBP,EUR,1.183255
20260920_USD,20260920,USD,EUR,0.926683
20260921_EUR,20260921,EUR,EUR,1.007644
20260921_SEK,20260921,SEK,EUR,0.087964
20260921_NOK,20260921,NOK,EUR,0.085566
20260921_GBP,20260921,GBP,EUR,1.172641
20260921_USD,20260921,USD,EUR,0.913229
20260922_EUR,20260922,EUR,EUR,0.993131
20260922_SEK,20260922,SEK,EUR,0.088607
20260922_NOK,20260922,NOK,EUR,0.08605
20260922_GBP,20260922,GBP,EUR,1.187308
20260922_USD,20260922,USD,EUR,0.909786
20260923_EUR,20260923,EUR,EUR,0.99401
20260923_SEK,20260923,SEK,EUR,0.08839
20260923_NOK,20260923,NOK,EUR,0.086123
20260923_GBP,20260923,GBP,EUR,1.184128
20260923_USD,20260923,USD,EUR,0.922598
20260924_EUR,20260924,EUR,EUR,1.008179
20260924_SEK,20260924,SEK,EUR,0.087903
20260924_NOK,20260924,NOK,EUR,0.08603
20260924_GBP,20260924,GBP,EUR,1.186141
20260924_USD,20260924,USD,EUR,0.931004
20260925_EUR,20260925,EUR,EUR,0.989503
20260925_SEK,20260925,SEK,EUR,0.088301
20260925_NOK,20260925,NOK,EUR,0.085951
20260925_GBP,20260925,GBP,EUR,1.188358
20260925_USD,20260925,USD,EUR,0.916976
20260926_EUR,20260926,EUR,EUR,0.999755
20260926_SEK,20260926,SEK,EUR,0.088313
20260926_NOK,20260926,NOK,EUR,0.087339
20260926_GBP,20260926,GBP,EUR,1.189788
20260926_USD,20260926,USD,EUR,0.916099
20260927_EUR,20260927,EUR,EUR,0.997881
20260927_SEK,20260927,SEK,EUR,0.0878
20260927_NOK,20260927,NOK,EUR,0.085228
20260927_GBP,20260927,GBP,EUR,1.183044
20260927_USD,20260927,USD,EUR,0.923371
20260928_EUR,20260928,EUR,EUR,0.993629
20260928_SEK,20260928,SEK,EUR,0.088461
20260928_NOK,20260928,NOK,EUR,0.08621
20260928_GBP,20260928,GBP,EUR,1.18065
20260928_USD,20260928,USD,EUR,0.919349
20260929_EUR,20260929,EUR,EUR,1.007992
20260929_SEK,20260929,SEK,EUR,0.088323
20260929_NOK,20260929,NOK,EUR,0.086004
20260929_GBP,20260929,GBP,EUR,1.183592
20260929_USD,20260929,USD,EUR,0.920352
20260930_EUR,20260930,EUR,EUR,0.997441
20260930_SEK,20260930,SEK,EUR,0.087074
20260930_NOK,20260930,NOK,EUR,0.086878
20260930_GBP,20260930,GBP,EUR,1.18592
20260930_USD,20260930,USD,EUR,0.921831
