vehicle_id,vin,model_family,powertrain_type,trim_level,battery_nominal_kwh,base_msrp_eur,factory_unit_cost_eur
VEH_000001,YV1XZA896233790,V60,MHEV,Core,0.0,44800.0,32900.0
VEH_000002,YV1XZD249827706,EC40,Pure_EV,Core,82.0,53500.0,39800.0
VEH_000003,YV1XZB734036506,V60,MHEV,Core,0.0,44800.0,32900.0
VEH_000004,YV1XZA200604502,XC60,PHEV,Core,18.8,64500.0,46200.0
VEH_000005,YV1XZA702632297,EX90,Pure_EV,Core,111.0,86000.0,62500.0
VEH_000006,YV1XZG336696312,EX90,Pure_EV,Ultimate,111.0,101480.0,73750.0
VEH_000007,YV1XZE969119330,XC60,PHEV,Ultimate,18.8,76110.0,54516.0
VEH_000008,YV1XZG465341213,EX30,Pure_EV,Core,69.0,42500.0,31200.0
VEH_000009,YV1XZD919795579,EC40,Pure_EV,Core,82.0,53500.0,39800.0
VEH_000010,YV1XZB507943839,EC40,Pure_EV,Core,82.0,53500.0,39800.0
VEH_000011,YV1XZF748245888,EX30,Pure_EV,Plus,69.0,45900.0,33696.0
VEH_000012,YV1XZH675770529,EC40,Pure_EV,Core,82.0,53500.0,39800.0
VEH_000013,YV1XZB692749116,EX30,Pure_EV,Plus,69.0,45900.0,33696.0
VEH_000014,YV1XZF719927151,EC40,Pure_EV,Ultimate,82.0,63130.0,46964.0
VEH_000015,YV1XZB149203558,EX90,Pure_EV,Ultimate,111.0,101480.0,73750.0
VEH_000016,YV1XZE185675980,V60,MHEV,Core,0.0,44800.0,32900.0
VEH_000017,YV1XZG398471886,EX90,Pure_EV,Core,111.0,86000.0,62500.0
VEH_000018,YV1XZF274648506,XC60,PHEV,Ultimate,18.8,76110.0,54516.0
VEH_000019,YV1XZD819595113,EC40,Pure_EV,Plus,82.0,57780.0,42984.0
VEH_000020,YV1XZB754049436,EC40,Pure_EV,Ultimate,82.0,63130.0,46964.0
VEH_000021,YV1XZD275452091,V60,MHEV,Core,0.0,44800.0,32900.0
VEH_000022,YV1XZE787194506,XC60,PHEV,Plus,18.8,69660.0,49896.0
VEH_000023,YV1XZD835098955,V60,MHEV,Ultimate,0.0,52864.0,38822.0
VEH_000024,YV1XZD982403818,EC40,Pure_EV,Core,82.0,53500.0,39800.0
VEH_000025,YV1XZG387484583,EX30,Pure_EV,Plus,69.0,45900.0,33696.0
VEH_000026,YV1XZF328306011,EX30,Pure_EV,Core,69.0,42500.0,31200.0
VEH_000027,YV1XZG790256940,V60,MHEV,Plus,0.0,48384.0,35532.0
VEH_000028,YV1XZE249926919,XC60,PHEV,Core,18.8,64500.0,46200.0
VEH_000029,YV1XZE902099969,EX90,Pure_EV,Ultimate,111.0,101480.0,73750.0
VEH_000030,YV1XZG488690725,XC90,PHEV,Plus,18.8,96120.0,69228.0
VEH_000031,YV1XZH197613238,EX90,Pure_EV,Core,111.0,86000.0,62500.0
VEH_000032,YV1XZC773715057,EX30,Pure_EV,Core,69.0,42500.0,31200.0
VEH_000033,YV1XZG740389325,EX90,Pure_EV,Ultimate,111.0,101480.0,73750.0
VEH_000034,YV1XZG739830322,EX30,Pure_EV,Plus,69.0,45900.0,33696.0
VEH_000035,YV1XZE694021782,XC60,PHEV,Ultimate,18.8,76110.0,54516.0
VEH_000036,YV1XZB831980933,EX30,Pure_EV,Ultimate,69.0,50150.0,36816.0
VEH_000037,YV1XZF219778234,XC90,PHEV,Plus,18.8,96120.0,69228.0
VEH_000038,YV1XZC587182120,EC40,Pure_EV,Plus,82.0,57780.0,42984.0
VEH_000039,YV1XZE637500247,EX30,Pure_EV,Ultimate,69.0,50150.0,36816.0
VEH_000040,YV1XZB771410971,EX90,Pure_EV,Ultimate,111.0,101480.0,73750.0
VEH_000041,YV1XZD264109919,EC40,Pure_EV,Ultimate,82.0,63130.0,46964.0
VEH_000042,YV1XZA743111853,EC40,Pure_EV,Core,82.0,53500.0,39800.0
VEH_000043,YV1XZA220117054,EC40,Pure_EV,Plus,82.0,57780.0,42984.0
VEH_000044,YV1XZD162196678,EC40,Pure_EV,Plus,82.0,57780.0,42984.0
VEH_000045,YV1XZB191969690,EX90,Pure_EV,Ultimate,111.0,101480.0,73750.0
VEH_000046,YV1XZB916690353,V60,MHEV,Plus,0.0,48384.0,35532.0
VEH_000047,YV1XZC808402051,XC90,PHEV,Core,18.8,89000.0,64100.0
VEH_000048,YV1XZC384602384,XC60,PHEV,Ultimate,18.8,76110.0,54516.0
VEH_000049,YV1XZG327416584,XC90,PHEV,Ultimate,18.8,105020.0,75638.0
VEH_000050,YV1XZD865523129,XC90,PHEV,Ultimate,18.8,105020.0,75638.0
VEH_000051,YV1XZF570406376,EC40,Pure_EV,Plus,82.0,57780.0,42984.0
VEH_000052,YV1XZB366186631,XC90,PHEV,Plus,18.8,96120.0,69228.0
VEH_000053,YV1XZF122585366,EX90,Pure_EV,Core,111.0,86000.0,62500.0
VEH_000054,YV1XZD731832764,XC90,PHEV,Ultimate,18.8,105020.0,75638.0
VEH_000055,YV1XZB860038427,EX90,Pure_EV,Core,111.0,86000.0,62500.0
VEH_000056,YV1XZD172370545,V60,MHEV,Core,0.0,44800.0,32900.0
VEH_000057,YV1XZB652070932,EX30,Pure_EV,Plus,69.0,45900.0,33696.0
VEH_000058,YV1XZH330035022,EX90,Pure_EV,Plus,111.0,92880.0,67500.0
VEH_000059,YV1XZH360916298,XC90,PHEV,Core,18.8,89000.0,64100.0
VEH_000060,YV1XZD201281557,XC60,PHEV,Plus,18.8,69660.0,49896.0
VEH_000061,YV1XZG480424119,EX30,Pure_EV,Ultimate,69.0,50150.0,36816.0
VEH_000062,YV1XZH882839238,XC60,PHEV,Plus,18.8,69660.0,49896.0
VEH_000063,YV1XZB165082363,EX30,Pure_EV,Ultimate,69.0,50150.0,36816.0
VEH_000064,YV1XZF959629660,XC60,PHEV,Ultimate,18.8,76110.0,54516.0
VEH_000065,YV1XZD304235259,EX30,Pure_EV,Core,69.0,42500.0,31200.0
VEH_000066,YV1XZC552991960,XC90,PHEV,Plus,18.8,96120.0,69228.0
VEH_000067,YV1XZH368227631,EX90,Pure_EV,Plus,111.0,92880.0,67500.0
VEH_000068,YV1XZB154318806,EX30,Pure_EV,Plus,69.0,45900.0,33696.0
VEH_000069,YV1XZA200140141,V60,MHEV,Ultimate,0.0,52864.0,38822.0
VEH_000070,YV1XZG621453189,EX90,Pure_EV,Core,111.0,86000.0,62500.0
VEH_000071,YV1XZG162959284,XC60,PHEV,Core,18.8,64500.0,46200.0
VEH_000072,YV1XZA519212169,EX90,Pure_EV,Plus,111.0,92880.0,67500.0
VEH_000073,YV1XZE554200826,EC40,Pure_EV,Plus,82.0,57780.0,42984.0
VEH_000074,YV1XZH266211829,V60,MHEV,Ultimate,0.0,52864.0,38822.0
VEH_000075,YV1XZD162795957,EX90,Pure_EV,Plus,111.0,92880.0,67500.0
VEH_000076,YV1XZA903132646,XC90,PHEV,Ultimate,18.8,105020.0,75638.0
VEH_000077,YV1XZA727255918,EC40,Pure_EV,Core,82.0,53500.0,39800.0
VEH_000078,YV1XZC161073976,XC60,PHEV,Ultimate,18.8,76110.0,54516.0
VEH_000079,YV1XZC173574218,XC90,PHEV,Core,18.8,89000.0,64100.0
VEH_000080,YV1XZD533550699,XC90,PHEV,Core,18.8,89000.0,64100.0
VEH_000081,YV1XZD721609600,EX30,Pure_EV,Ultimate,69.0,50150.0,36816.0
VEH_000082,YV1XZB550139320,XC90,PHEV,Core,18.8,89000.0,64100.0
VEH_000083,YV1XZF379995032,V60,MHEV,Ultimate,0.0,52864.0,38822.0
VEH_000084,YV1XZF356287095,EX90,Pure_EV,Ultimate,111.0,101480.0,73750.0
VEH_000085,YV1XZC821221887,EC40,Pure_EV,Plus,82.0,57780.0,42984.0
VEH_000086,YV1XZH439492674,V60,MHEV,Plus,0.0,48384.0,35532.0
VEH_000087,YV1XZH766964667,EX30,Pure_EV,Core,69.0,42500.0,31200.0
VEH_000088,YV1XZB677280546,XC90,PHEV,Core,18.8,89000.0,64100.0
VEH_000089,YV1XZE242224154,EX90,Pure_EV,Ultimate,111.0,101480.0,73750.0
VEH_000090,YV1XZD496776692,EC40,Pure_EV,Core,82.0,53500.0,39800.0
VEH_000091,YV1XZH995226828,EC40,Pure_EV,Core,82.0,53500.0,39800.0
VEH_000092,YV1XZE756783995,XC90,PHEV,Ultimate,18.8,105020.0,75638.0
VEH_000093,YV1XZA817112652,V60,MHEV,Ultimate,0.0,52864.0,38822.0
VEH_000094,YV1XZB244193987,XC90,PHEV,Plus,18.8,96120.0,69228.0
VEH_000095,YV1XZB897163846,EC40,Pure_EV,Core,82.0,53500.0,39800.0
VEH_000096,YV1XZE402533494,XC90,PHEV,Core,18.8,89000.0,64100.0
VEH_000097,YV1XZF318610946,XC90,PHEV,Core,18.8,89000.0,64100.0
VEH_000098,YV1XZE642678844,V60,MHEV,Ultimate,0.0,52864.0,38822.0
VEH_000099,YV1XZA199104722,XC60,PHEV,Plus,18.8,69660.0,49896.0
VEH_000100,YV1XZE147337803,V60,MHEV,Plus,0.0,48384.0,35532.0
VEH_000101,YV1XZC784095277,EX30,Pure_EV,Plus,69.0,45900.0,33696.0
VEH_000102,YV1XZH692362342,EC40,Pure_EV,Core,82.0,53500.0,39800.0
VEH_000103,YV1XZA220123666,V60,MHEV,Plus,0.0,48384.0,35532.0
VEH_000104,YV1XZC685823118,EX30,Pure_EV,Ultimate,69.0,50150.0,36816.0
VEH_000105,YV1XZC561479973,EX30,Pure_EV,Plus,69.0,45900.0,33696.0
VEH_000106,YV1XZE491541578,EX90,Pure_EV,Core,111.0,86000.0,62500.0
VEH_000107,YV1XZD832363533,EX30,Pure_EV,Plus,69.0,45900.0,33696.0
VEH_000108,YV1XZB479759538,EX90,Pure_EV,Ultimate,111.0,101480.0,73750.0
VEH_000109,YV1XZC354194771,XC90,PHEV,Plus,18.8,96120.0,69228.0
VEH_000110,YV1XZG126614158,EX90,Pure_EV,Core,111.0,86000.0,62500.0
VEH_000111,YV1XZF940081098,EX90,Pure_EV,Ultimate,111.0,101480.0,73750.0
VEH_000112,YV1XZD386480450,XC60,PHEV,Ultimate,18.8,76110.0,54516.0
VEH_000113,YV1XZB510751046,EX90,Pure_EV,Ultimate,111.0,101480.0,73750.0
VEH_000114,YV1XZD314289692,EX30,Pure_EV,Plus,69.0,45900.0,33696.0
VEH_000115,YV1XZE981044229,XC60,PHEV,Plus,18.8,69660.0,49896.0
VEH_000116,YV1XZA808705238,EX90,Pure_EV,Core,111.0,86000.0,62500.0
VEH_000117,YV1XZF399147754,EX90,Pure_EV,Plus,111.0,92880.0,67500.0
VEH_000118,YV1XZF788785773,EX30,Pure_EV,Plus,69.0,45900.0,33696.0
VEH_000119,YV1XZF129635852,XC90,PHEV,Plus,18.8,96120.0,69228.0
VEH_000120,YV1XZC723403479,EX30,Pure_EV,Plus,69.0,45900.0,33696.0
VEH_000121,YV1XZB740563507,EC40,Pure_EV,Core,82.0,53500.0,39800.0
VEH_000122,YV1XZF568574364,XC60,PHEV,Plus,18.8,69660.0,49896.0
VEH_000123,YV1XZB513600440,XC90,PHEV,Ultimate,18.8,105020.0,75638.0
VEH_000124,YV1XZE147659674,XC90,PHEV,Core,18.8,89000.0,64100.0
VEH_000125,YV1XZA658260221,V60,MHEV,Plus,0.0,48384.0,35532.0
VEH_000126,YV1XZD491079829,XC90,PHEV,Ultimate,18.8,105020.0,75638.0
VEH_000127,YV1XZF769108025,XC60,PHEV,Core,18.8,64500.0,46200.0
VEH_000128,YV1XZB872830248,EC40,Pure_EV,Ultimate,82.0,63130.0,46964.0
VEH_000129,YV1XZE816070802,EC40,Pure_EV,Ultimate,82.0,63130.0,46964.0
VEH_000130,YV1XZG848621833,XC60,PHEV,Plus,18.8,69660.0,49896.0
VEH_000131,YV1XZC305986733,EC40,Pure_EV,Ultimate,82.0,63130.0,46964.0
VEH_000132,YV1XZG827264603,XC60,PHEV,Ultimate,18.8,76110.0,54516.0
VEH_000133,YV1XZE536019893,V60,MHEV,Core,0.0,44800.0,32900.0
VEH_000134,YV1XZE408071259,XC90,PHEV,Core,18.8,89000.0,64100.0
VEH_000135,YV1XZF599277266,EX90,Pure_EV,Plus,111.0,92880.0,67500.0
VEH_000136,YV1XZD648868899,XC60,PHEV,Plus,18.8,69660.0,49896.0
VEH_000137,YV1XZC807435606,XC60,PHEV,Ultimate,18.8,76110.0,54516.0
VEH_000138,YV1XZF200273738,EX30,Pure_EV,Plus,69.0,45900.0,33696.0
VEH_000139,YV1XZE341206079,EX90,Pure_EV,Ultimate,111.0,101480.0,73750.0
VEH_000140,YV1XZA149621604,EX90,Pure_EV,Core,111.0,86000.0,62500.0
VEH_000141,YV1XZB588999385,EX90,Pure_EV,Plus,111.0,92880.0,67500.0
VEH_000142,YV1XZD871318048,XC60,PHEV,Ultimate,18.8,76110.0,54516.0
VEH_000143,YV1XZH529123992,V60,MHEV,Plus,0.0,48384.0,35532.0
VEH_000144,YV1XZA906341966,EX90,Pure_EV,Core,111.0,86000.0,62500.0
VEH_000145,YV1XZD288856883,EX30,Pure_EV,Plus,69.0,45900.0,33696.0
VEH_000146,YV1XZH153921577,V60,MHEV,Ultimate,0.0,52864.0,38822.0
VEH_000147,YV1XZB590122159,XC90,PHEV,Core,18.8,89000.0,64100.0
VEH_000148,YV1XZF910943524,EX90,Pure_EV,Plus,111.0,92880.0,67500.0
VEH_000149,YV1XZG991816852,XC60,PHEV,Ultimate,18.8,76110.0,54516.0
VEH_000150,YV1XZC898493949,XC90,PHEV,Plus,18.8,96120.0,69228.0
VEH_000151,YV1XZE907214179,XC60,PHEV,Plus,18.8,69660.0,49896.0
VEH_000152,YV1XZE922286180,EX90,Pure_EV,Ultimate,111.0,101480.0,73750.0
VEH_000153,YV1XZD394846763,XC90,PHEV,Plus,18.8,96120.0,69228.0
VEH_000154,YV1XZE351785565,XC60,PHEV,Core,18.8,64500.0,46200.0
VEH_000155,YV1XZF679984033,EC40,Pure_EV,Plus,82.0,57780.0,42984.0
VEH_000156,YV1XZC348315126,EX30,Pure_EV,Core,69.0,42500.0,31200.0
VEH_000157,YV1XZC858511779,XC60,PHEV,Ultimate,18.8,76110.0,54516.0
VEH_000158,YV1XZG537656494,EX90,Pure_EV,Core,111.0,86000.0,62500.0
VEH_000159,YV1XZH546434187,EC40,Pure_EV,Ultimate,82.0,63130.0,46964.0
VEH_000160,YV1XZG518197538,EX30,Pure_EV,Core,69.0,42500.0,31200.0
VEH_000161,YV1XZA922050912,XC90,PHEV,Ultimate,18.8,105020.0,75638.0
VEH_000162,YV1XZH106330865,XC90,PHEV,Plus,18.8,96120.0,69228.0
VEH_000163,YV1XZG997356828,EC40,Pure_EV,Plus,82.0,57780.0,42984.0
VEH_000164,YV1XZD624232414,XC60,PHEV,Ultimate,18.8,76110.0,54516.0
VEH_000165,YV1XZG621454127,EX90,Pure_EV,Plus,111.0,92880.0,67500.0
VEH_000166,YV1XZF818197581,EX30,Pure_EV,Plus,69.0,45900.0,33696.0
VEH_000167,YV1XZC601856351,V60,MHEV,Plus,0.0,48384.0,35532.0
VEH_000168,YV1XZA523076025,EX90,Pure_EV,Ultimate,111.0,101480.0,73750.0
VEH_000169,YV1XZA190137896,XC90,PHEV,Ultimate,18.8,105020.0,75638.0
VEH_000170,YV1XZC595744935,V60,MHEV,Plus,0.0,48384.0,35532.0
VEH_000171,YV1XZE507059676,EX90,Pure_EV,Core,111.0,86000.0,62500.0
VEH_000172,YV1XZH450948014,EC40,Pure_EV,Core,82.0,53500.0,39800.0
VEH_000173,YV1XZE907464398,EC40,Pure_EV,Plus,82.0,57780.0,42984.0
VEH_000174,YV1XZB604988121,XC60,PHEV,Plus,18.8,69660.0,49896.0
VEH_000175,YV1XZA475767056,EX30,Pure_EV,Ultimate,69.0,50150.0,36816.0
VEH_000176,YV1XZB938842599,EX90,Pure_EV,Ultimate,111.0,101480.0,73750.0
VEH_000177,YV1XZA365518424,V60,MHEV,Core,0.0,44800.0,32900.0
VEH_000178,YV1XZC356135680,EX90,Pure_EV,Core,111.0,86000.0,62500.0
VEH_000179,YV1XZB705557720,EX90,Pure_EV,Plus,111.0,92880.0,67500.0
VEH_000180,YV1XZE923450567,EX90,Pure_EV,Plus,111.0,92880.0,67500.0
VEH_000181,YV1XZB935147672,EC40,Pure_EV,Core,82.0,53500.0,39800.0
VEH_000182,YV1XZB721358005,EX90,Pure_EV,Plus,111.0,92880.0,67500.0
VEH_000183,YV1XZG525904456,EX30,Pure_EV,Plus,69.0,45900.0,33696.0
VEH_000184,YV1XZB735760237,V60,MHEV,Core,0.0,44800.0,32900.0
VEH_000185,YV1XZD209415691,V60,MHEV,Ultimate,0.0,52864.0,38822.0
VEH_000186,YV1XZB954942461,V60,MHEV,Plus,0.0,48384.0,35532.0
VEH_000187,YV1XZF672030854,XC90,PHEV,Core,18.8,89000.0,64100.0
VEH_000188,YV1XZF174041730,XC60,PHEV,Ultimate,18.8,76110.0,54516.0
VEH_000189,YV1XZF113585139,XC90,PHEV,Ultimate,18.8,105020.0,75638.0
VEH_000190,YV1XZB565492204,XC60,PHEV,Plus,18.8,69660.0,49896.0
VEH_000191,YV1XZH859466878,EC40,Pure_EV,Ultimate,82.0,63130.0,46964.0
VEH_000192,YV1XZC887906704,EX90,Pure_EV,Plus,111.0,92880.0,67500.0
VEH_000193,YV1XZE761330848,XC90,PHEV,Ultimate,18.8,105020.0,75638.0
VEH_000194,YV1XZH567694547,XC90,PHEV,Plus,18.8,96120.0,69228.0
VEH_000195,YV1XZE446071904,V60,MHEV,Ultimate,0.0,52864.0,38822.0
VEH_000196,YV1XZE584044963,EX90,Pure_EV,Core,111.0,86000.0,62500.0
VEH_000197,YV1XZG461203124,EX90,Pure_EV,Plus,111.0,92880.0,67500.0
VEH_000198,YV1XZF295249057,EX30,Pure_EV,Plus,69.0,45900.0,33696.0
VEH_000199,YV1XZF956665975,XC60,PHEV,Core,18.8,64500.0,46200.0
VEH_000200,YV1XZE740116562,EC40,Pure_EV,Plus,82.0,57780.0,42984.0
VEH_000201,YV1XZA654724287,V60,MHEV,Plus,0.0,48384.0,35532.0
VEH_000202,YV1XZD873174285,EX90,Pure_EV,Core,111.0,86000.0,62500.0
VEH_000203,YV1XZD841536135,XC60,PHEV,Plus,18.8,69660.0,49896.0
VEH_000204,YV1XZH581223755,XC60,PHEV,Ultimate,18.8,76110.0,54516.0
VEH_000205,YV1XZE337937327,EX30,Pure_EV,Core,69.0,42500.0,31200.0
VEH_000206,YV1XZD428786222,XC60,PHEV,Ultimate,18.8,76110.0,54516.0
VEH_000207,YV1XZF608159580,V60,MHEV,Ultimate,0.0,52864.0,38822.0
VEH_000208,YV1XZF556881239,XC90,PHEV,Ultimate,18.8,105020.0,75638.0
VEH_000209,YV1XZF477753674,V60,MHEV,Ultimate,0.0,52864.0,38822.0
VEH_000210,YV1XZE429233929,V60,MHEV,Plus,0.0,48384.0,35532.0
VEH_000211,YV1XZB874473159,EC40,Pure_EV,Core,82.0,53500.0,39800.0
VEH_000212,YV1XZB897662466,EX90,Pure_EV,Plus,111.0,92880.0,67500.0
VEH_000213,YV1XZC305665554,XC90,PHEV,Ultimate,18.8,105020.0,75638.0
VEH_000214,YV1XZH396889215,EX90,Pure_EV,Ultimate,111.0,101480.0,73750.0
VEH_000215,YV1XZE207939087,V60,MHEV,Ultimate,0.0,52864.0,38822.0
VEH_000216,YV1XZD487493096,EX90,Pure_EV,Plus,111.0,92880.0,67500.0
VEH_000217,YV1XZA860229059,EX90,Pure_EV,Plus,111.0,92880.0,67500.0
VEH_000218,YV1XZE148872110,XC90,PHEV,Core,18.8,89000.0,64100.0
VEH_000219,YV1XZE848846217,EX30,Pure_EV,Ultimate,69.0,50150.0,36816.0
VEH_000220,YV1XZH210152642,EX90,Pure_EV,Ultimate,111.0,101480.0,73750.0
VEH_000221,YV1XZE604011128,EX30,Pure_EV,Ultimate,69.0,50150.0,36816.0
VEH_000222,YV1XZF297958983,XC60,PHEV,Plus,18.8,69660.0,49896.0
VEH_000223,YV1XZH222500131,EX30,Pure_EV,Plus,69.0,45900.0,33696.0
VEH_000224,YV1XZH179545125,EX30,Pure_EV,Plus,69.0,45900.0,33696.0
VEH_000225,YV1XZA262915636,XC90,PHEV,Ultimate,18.8,105020.0,75638.0
VEH_000226,YV1XZE191462297,EX90,Pure_EV,Ultimate,111.0,101480.0,73750.0
VEH_000227,YV1XZG751028618,EX90,Pure_EV,Core,111.0,86000.0,62500.0
VEH_000228,YV1XZD932894596,XC90,PHEV,Ultimate,18.8,105020.0,75638.0
VEH_000229,YV1XZH575368059,XC90,PHEV,Plus,18.8,96120.0,69228.0
VEH_000230,YV1XZG427899537,EC40,Pure_EV,Ultimate,82.0,63130.0,46964.0
VEH_000231,YV1XZA754586204,XC90,PHEV,Ultimate,18.8,105020.0,75638.0
VEH_000232,YV1XZD771641650,V60,MHEV,Core,0.0,44800.0,32900.0
VEH_000233,YV1XZB268638768,EX90,Pure_EV,Plus,111.0,92880.0,67500.0
VEH_000234,YV1XZB268075622,EX90,Pure_EV,Core,111.0,86000.0,62500.0
VEH_000235,YV1XZH840206617,EX30,Pure_EV,Plus,69.0,45900.0,33696.0
VEH_000236,YV1XZE135046782,XC90,PHEV,Plus,18.8,96120.0,69228.0
VEH_000237,YV1XZE854827139,EX90,Pure_EV,Plus,111.0,92880.0,67500.0
VEH_000238,YV1XZD384063364,XC60,PHEV,Core,18.8,64500.0,46200.0
VEH_000239,YV1XZD556489494,V60,MHEV,Ultimate,0.0,52864.0,38822.0
VEH_000240,YV1XZD795392488,EX30,Pure_EV,Ultimate,69.0,50150.0,36816.0
VEH_000241,YV1XZC176675731,EX90,Pure_EV,Plus,111.0,92880.0,67500.0
VEH_000242,YV1XZE738923667,EX30,Pure_EV,Core,69.0,42500.0,31200.0
VEH_000243,YV1XZE571537429,V60,MHEV,Ultimate,0.0,52864.0,38822.0
VEH_000244,YV1XZE851333320,EX30,Pure_EV,Plus,69.0,45900.0,33696.0
VEH_000245,YV1XZH570040006,XC60,PHEV,Plus,18.8,69660.0,49896.0
VEH_000246,YV1XZA563887247,EX30,Pure_EV,Ultimate,69.0,50150.0,36816.0
VEH_000247,YV1XZE127772220,V60,MHEV,Plus,0.0,48384.0,35532.0
VEH_000248,YV1XZA921155204,EX30,Pure_EV,Core,69.0,42500.0,31200.0
VEH_000249,YV1XZA919382051,V60,MHEV,Plus,0.0,48384.0,35532.0
VEH_000250,YV1XZH398668350,EX90,Pure_EV,Plus,111.0,92880.0,67500.0
VEH_000251,YV1XZG781594897,EX90,Pure_EV,Ultimate,111.0,101480.0,73750.0
VEH_000252,YV1XZH473620340,XC60,PHEV,Core,18.8,64500.0,46200.0
VEH_000253,YV1XZF819550381,XC60,PHEV,Plus,18.8,69660.0,49896.0
VEH_000254,YV1XZF542000551,EX30,Pure_EV,Core,69.0,42500.0,31200.0
VEH_000255,YV1XZE811443654,V60,MHEV,Plus,0.0,48384.0,35532.0
VEH_000256,YV1XZA588365604,XC60,PHEV,Ultimate,18.8,76110.0,54516.0
VEH_000257,YV1XZE447112584,EX30,Pure_EV,Plus,69.0,45900.0,33696.0
VEH_000258,YV1XZA806157458,EX30,Pure_EV,Plus,69.0,45900.0,33696.0
VEH_000259,YV1XZG158201193,XC90,PHEV,Plus,18.8,96120.0,69228.0
VEH_000260,YV1XZF768548027,EX90,Pure_EV,Ultimate,111.0,101480.0,73750.0
VEH_000261,YV1XZH916033628,XC60,PHEV,Ultimate,18.8,76110.0,54516.0
VEH_000262,YV1XZE689720101,EX30,Pure_EV,Core,69.0,42500.0,31200.0
VEH_000263,YV1XZH849740261,EX90,Pure_EV,Plus,111.0,92880.0,67500.0
VEH_000264,YV1XZA776481264,XC60,PHEV,Core,18.8,64500.0,46200.0
VEH_000265,YV1XZC433665422,XC90,PHEV,Core,18.8,89000.0,64100.0
VEH_000266,YV1XZG200082623,XC90,PHEV,Core,18.8,89000.0,64100.0
VEH_000267,YV1XZH226128312,EX90,Pure_EV,Core,111.0,86000.0,62500.0
VEH_000268,YV1XZH869446962,V60,MHEV,Core,0.0,44800.0,32900.0
VEH_000269,YV1XZE546129354,EC40,Pure_EV,Ultimate,82.0,63130.0,46964.0
VEH_000270,YV1XZD590470737,XC60,PHEV,Plus,18.8,69660.0,49896.0
VEH_000271,YV1XZG304666325,XC90,PHEV,Core,18.8,89000.0,64100.0
VEH_000272,YV1XZC174958005,XC90,PHEV,Ultimate,18.8,105020.0,75638.0
VEH_000273,YV1XZF945805127,EC40,Pure_EV,Plus,82.0,57780.0,42984.0
VEH_000274,YV1XZA403696046,XC90,PHEV,Plus,18.8,96120.0,69228.0
VEH_000275,YV1XZH259553112,V60,MHEV,Plus,0.0,48384.0,35532.0
VEH_000276,YV1XZH470574014,XC60,PHEV,Ultimate,18.8,76110.0,54516.0
VEH_000277,YV1XZG588922557,EC40,Pure_EV,Ultimate,82.0,63130.0,46964.0
VEH_000278,YV1XZD713963047,EC40,Pure_EV,Core,82.0,53500.0,39800.0
VEH_000279,YV1XZG146865930,XC60,PHEV,Core,18.8,64500.0,46200.0
VEH_000280,YV1XZH857232668,EC40,Pure_EV,Ultimate,82.0,63130.0,46964.0
VEH_000281,YV1XZC631855083,XC60,PHEV,Plus,18.8,69660.0,49896.0
VEH_000282,YV1XZF207765664,EX30,Pure_EV,Core,69.0,42500.0,31200.0
VEH_000283,YV1XZH116479358,XC60,PHEV,Core,18.8,64500.0,46200.0
VEH_000284,YV1XZG803066091,V60,MHEV,Core,0.0,44800.0,32900.0
VEH_000285,YV1XZH939156387,EX90,Pure_EV,Core,111.0,86000.0,62500.0
VEH_000286,YV1XZG797756796,EC40,Pure_EV,Plus,82.0,57780.0,42984.0
VEH_000287,YV1XZG440012324,EX30,Pure_EV,Plus,69.0,45900.0,33696.0
VEH_000288,YV1XZH680911523,V60,MHEV,Ultimate,0.0,52864.0,38822.0
VEH_000289,YV1XZB352082631,EX30,Pure_EV,Ultimate,69.0,50150.0,36816.0
VEH_000290,YV1XZE344261532,V60,MHEV,Ultimate,0.0,52864.0,38822.0
VEH_000291,YV1XZG205702499,V60,MHEV,Core,0.0,44800.0,32900.0
VEH_000292,YV1XZB576396216,V60,MHEV,Ultimate,0.0,52864.0,38822.0
VEH_000293,YV1XZE131081879,EX90,Pure_EV,Ultimate,111.0,101480.0,73750.0
VEH_000294,YV1XZA415001254,EX30,Pure_EV,Plus,69.0,45900.0,33696.0
VEH_000295,YV1XZG256304376,EC40,Pure_EV,Plus,82.0,57780.0,42984.0
VEH_000296,YV1XZG707660630,EX90,Pure_EV,Ultimate,111.0,101480.0,73750.0
VEH_000297,YV1XZC287979290,V60,MHEV,Core,0.0,44800.0,32900.0
VEH_000298,YV1XZG765408938,EX30,Pure_EV,Ultimate,69.0,50150.0,36816.0
VEH_000299,YV1XZH726160204,V60,MHEV,Core,0.0,44800.0,32900.0
VEH_000300,YV1XZH784944881,EX90,Pure_EV,Core,111.0,86000.0,62500.0
VEH_000301,YV1XZE816014770,EC40,Pure_EV,Plus,82.0,57780.0,42984.0
VEH_000302,YV1XZE827579147,EX30,Pure_EV,Plus,69.0,45900.0,33696.0
VEH_000303,YV1XZB574303740,XC90,PHEV,Core,18.8,89000.0,64100.0
VEH_000304,YV1XZE786055206,EC40,Pure_EV,Ultimate,82.0,63130.0,46964.0
VEH_000305,YV1XZE590523712,XC60,PHEV,Ultimate,18.8,76110.0,54516.0
VEH_000306,YV1XZG618840705,EC40,Pure_EV,Core,82.0,53500.0,39800.0
VEH_000307,YV1XZG714097318,EX30,Pure_EV,Core,69.0,42500.0,31200.0
VEH_000308,YV1XZE850845198,EC40,Pure_EV,Ultimate,82.0,63130.0,46964.0
VEH_000309,YV1XZG394721069,EC40,Pure_EV,Core,82.0,53500.0,39800.0
VEH_000310,YV1XZA751124015,EX30,Pure_EV,Ultimate,69.0,50150.0,36816.0
VEH_000311,YV1XZE932945529,V60,MHEV,Plus,0.0,48384.0,35532.0
VEH_000312,YV1XZF335154329,EX90,Pure_EV,Ultimate,111.0,101480.0,73750.0
VEH_000313,YV1XZE827744047,V60,MHEV,Core,0.0,44800.0,32900.0
VEH_000314,YV1XZC774576271,V60,MHEV,Ultimate,0.0,52864.0,38822.0
VEH_000315,YV1XZA431714152,EX30,Pure_EV,Ultimate,69.0,50150.0,36816.0
VEH_000316,YV1XZF886365312,XC60,PHEV,Core,18.8,64500.0,46200.0
VEH_000317,YV1XZE450811990,EX90,Pure_EV,Core,111.0,86000.0,62500.0
VEH_000318,YV1XZC315601773,V60,MHEV,Plus,0.0,48384.0,35532.0
VEH_000319,YV1XZF669998399,EX90,Pure_EV,Ultimate,111.0,101480.0,73750.0
VEH_000320,YV1XZC375919523,XC90,PHEV,Plus,18.8,96120.0,69228.0
VEH_000321,YV1XZF963538119,XC60,PHEV,Plus,18.8,69660.0,49896.0
VEH_000322,YV1XZB251136695,EX30,Pure_EV,Plus,69.0,45900.0,33696.0
VEH_000323,YV1XZG963919401,EX90,Pure_EV,Ultimate,111.0,101480.0,73750.0
VEH_000324,YV1XZB948988297,XC90,PHEV,Plus,18.8,96120.0,69228.0
VEH_000325,YV1XZE676140134,XC60,PHEV,Core,18.8,64500.0,46200.0
VEH_000326,YV1XZF822443971,EX30,Pure_EV,Plus,69.0,45900.0,33696.0
VEH_000327,YV1XZE727666622,V60,MHEV,Ultimate,0.0,52864.0,38822.0
VEH_000328,YV1XZF216335741,XC60,PHEV,Ultimate,18.8,76110.0,54516.0
VEH_000329,YV1XZH126870011,V60,MHEV,Core,0.0,44800.0,32900.0
VEH_000330,YV1XZF755070775,XC90,PHEV,Ultimate,18.8,105020.0,75638.0
VEH_000331,YV1XZB782259766,EX90,Pure_EV,Ultimate,111.0,101480.0,73750.0
VEH_000332,YV1XZE797115550,XC60,PHEV,Ultimate,18.8,76110.0,54516.0
VEH_000333,YV1XZC148690765,XC60,PHEV,Core,18.8,64500.0,46200.0
VEH_000334,YV1XZH224683417,EX30,Pure_EV,Plus,69.0,45900.0,33696.0
VEH_000335,YV1XZC517305280,EX30,Pure_EV,Core,69.0,42500.0,31200.0
VEH_000336,YV1XZG730651895,XC60,PHEV,Plus,18.8,69660.0,49896.0
VEH_000337,YV1XZC545478870,V60,MHEV,Ultimate,0.0,52864.0,38822.0
VEH_000338,YV1XZH761051532,V60,MHEV,Core,0.0,44800.0,32900.0
VEH_000339,YV1XZA841183219,XC60,PHEV,Plus,18.8,69660.0,49896.0
VEH_000340,YV1XZH577488537,EC40,Pure_EV,Core,82.0,53500.0,39800.0
VEH_000341,YV1XZB836243579,EX90,Pure_EV,Plus,111.0,92880.0,67500.0
VEH_000342,YV1XZF165015165,EC40,Pure_EV,Ultimate,82.0,63130.0,46964.0
VEH_000343,YV1XZD231167999,XC60,PHEV,Plus,18.8,69660.0,49896.0
VEH_000344,YV1XZD789024924,XC60,PHEV,Core,18.8,64500.0,46200.0
VEH_000345,YV1XZA154308262,V60,MHEV,Ultimate,0.0,52864.0,38822.0
VEH_000346,YV1XZC945011302,EC40,Pure_EV,Core,82.0,53500.0,39800.0
VEH_000347,YV1XZB991010113,XC90,PHEV,Core,18.8,89000.0,64100.0
VEH_000348,YV1XZD973008988,XC90,PHEV,Core,18.8,89000.0,64100.0
VEH_000349,YV1XZC946799779,EX90,Pure_EV,Plus,111.0,92880.0,67500.0
VEH_000350,YV1XZE255357534,XC90,PHEV,Core,18.8,89000.0,64100.0
VEH_000351,YV1XZE957397689,EX90,Pure_EV,Ultimate,111.0,101480.0,73750.0
VEH_000352,YV1XZA241522640,EX90,Pure_EV,Core,111.0,86000.0,62500.0
VEH_000353,YV1XZD732276010,EX30,Pure_EV,Plus,69.0,45900.0,33696.0
VEH_000354,YV1XZC384936197,EC40,Pure_EV,Core,82.0,53500.0,39800.0
VEH_000355,YV1XZG664880035,EX30,Pure_EV,Core,69.0,42500.0,31200.0
VEH_000356,YV1XZB611365210,EX30,Pure_EV,Ultimate,69.0,50150.0,36816.0
VEH_000357,YV1XZB585337126,XC60,PHEV,Plus,18.8,69660.0,49896.0
VEH_000358,YV1XZA880871219,XC90,PHEV,Core,18.8,89000.0,64100.0
VEH_000359,YV1XZE591819409,V60,MHEV,Ultimate,0.0,52864.0,38822.0
VEH_000360,YV1XZA614302907,V60,MHEV,Core,0.0,44800.0,32900.0
VEH_000361,YV1XZB626422169,XC60,PHEV,Plus,18.8,69660.0,49896.0
VEH_000362,YV1XZB186748119,V60,MHEV,Plus,0.0,48384.0,35532.0
VEH_000363,YV1XZC170525764,EC40,Pure_EV,Ultimate,82.0,63130.0,46964.0
VEH_000364,YV1XZF508992977,EX90,Pure_EV,Plus,111.0,92880.0,67500.0
VEH_000365,YV1XZE587173220,XC90,PHEV,Ultimate,18.8,105020.0,75638.0
VEH_000366,YV1XZG206492059,XC90,PHEV,Ultimate,18.8,105020.0,75638.0
VEH_000367,YV1XZD561784080,V60,MHEV,Core,0.0,44800.0,32900.0
VEH_000368,YV1XZG463925049,XC60,PHEV,Core,18.8,64500.0,46200.0
VEH_000369,YV1XZG883415470,XC60,PHEV,Plus,18.8,69660.0,49896.0
VEH_000370,YV1XZG435569630,EX30,Pure_EV,Plus,69.0,45900.0,33696.0
VEH_000371,YV1XZF263894795,V60,MHEV,Plus,0.0,48384.0,35532.0
VEH_000372,YV1XZB197951867,V60,MHEV,Plus,0.0,48384.0,35532.0
VEH_000373,YV1XZG203685265,EX30,Pure_EV,Core,69.0,42500.0,31200.0
VEH_000374,YV1XZF971630639,V60,MHEV,Ultimate,0.0,52864.0,38822.0
VEH_000375,YV1XZA729712082,EX90,Pure_EV,Ultimate,111.0,101480.0,73750.0
VEH_000376,YV1XZF819421270,XC90,PHEV,Ultimate,18.8,105020.0,75638.0
VEH_000377,YV1XZF814403943,EX30,Pure_EV,Plus,69.0,45900.0,33696.0
VEH_000378,YV1XZA408839723,XC60,PHEV,Ultimate,18.8,76110.0,54516.0
VEH_000379,YV1XZF211240259,XC90,PHEV,Plus,18.8,96120.0,69228.0
VEH_000380,YV1XZD266140258,XC90,PHEV,Ultimate,18.8,105020.0,75638.0
VEH_000381,YV1XZD216198604,V60,MHEV,Plus,0.0,48384.0,35532.0
VEH_000382,YV1XZF223357166,EC40,Pure_EV,Ultimate,82.0,63130.0,46964.0
VEH_000383,YV1XZD966747347,EC40,Pure_EV,Ultimate,82.0,63130.0,46964.0
VEH_000384,YV1XZA753903309,XC60,PHEV,Ultimate,18.8,76110.0,54516.0
VEH_000385,YV1XZE131088245,V60,MHEV,Ultimate,0.0,52864.0,38822.0
VEH_000386,YV1XZE464883950,EX90,Pure_EV,Plus,111.0,92880.0,67500.0
VEH_000387,YV1XZC253815116,EC40,Pure_EV,Core,82.0,53500.0,39800.0
VEH_000388,YV1XZG174716780,XC90,PHEV,Ultimate,18.8,105020.0,75638.0
VEH_000389,YV1XZA198524063,EX90,Pure_EV,Ultimate,111.0,101480.0,73750.0
VEH_000390,YV1XZD503935666,V60,MHEV,Ultimate,0.0,52864.0,38822.0
VEH_000391,YV1XZF269016920,XC60,PHEV,Plus,18.8,69660.0,49896.0
VEH_000392,YV1XZF934120892,EC40,Pure_EV,Plus,82.0,57780.0,42984.0
VEH_000393,YV1XZB156488296,XC90,PHEV,Ultimate,18.8,105020.0,75638.0
VEH_000394,YV1XZA823668399,EX90,Pure_EV,Core,111.0,86000.0,62500.0
VEH_000395,YV1XZH810751262,EX30,Pure_EV,Plus,69.0,45900.0,33696.0
VEH_000396,YV1XZH544726404,XC60,PHEV,Plus,18.8,69660.0,49896.0
VEH_000397,YV1XZB470626529,EC40,Pure_EV,Core,82.0,53500.0,39800.0
VEH_000398,YV1XZE828230915,XC60,PHEV,Core,18.8,64500.0,46200.0
VEH_000399,YV1XZH665791188,V60,MHEV,Ultimate,0.0,52864.0,38822.0
VEH_000400,YV1XZA336779871,V60,MHEV,Plus,0.0,48384.0,35532.0
VEH_000401,YV1XZA108253947,XC60,PHEV,Ultimate,18.8,76110.0,54516.0
VEH_000402,YV1XZD923935280,EX90,Pure_EV,Plus,111.0,92880.0,67500.0
VEH_000403,YV1XZE452318696,EX90,Pure_EV,Plus,111.0,92880.0,67500.0
VEH_000404,YV1XZH902100304,EX30,Pure_EV,Core,69.0,42500.0,31200.0
VEH_000405,YV1XZC508244633,XC60,PHEV,Core,18.8,64500.0,46200.0
VEH_000406,YV1XZD637152602,XC90,PHEV,Ultimate,18.8,105020.0,75638.0
VEH_000407,YV1XZF177390472,XC90,PHEV,Ultimate,18.8,105020.0,75638.0
VEH_000408,YV1XZA568387228,XC60,PHEV,Ultimate,18.8,76110.0,54516.0
VEH_000409,YV1XZB436146289,EX30,Pure_EV,Plus,69.0,45900.0,33696.0
VEH_000410,YV1XZG861818706,XC90,PHEV,Plus,18.8,96120.0,69228.0
VEH_000411,YV1XZE223666470,V60,MHEV,Plus,0.0,48384.0,35532.0
VEH_000412,YV1XZF284547422,XC60,PHEV,Core,18.8,64500.0,46200.0
VEH_000413,YV1XZF194628740,XC90,PHEV,Plus,18.8,96120.0,69228.0
VEH_000414,YV1XZD567804106,XC60,PHEV,Core,18.8,64500.0,46200.0
VEH_000415,YV1XZB524951250,XC90,PHEV,Plus,18.8,96120.0,69228.0
VEH_000416,YV1XZF337911187,EC40,Pure_EV,Ultimate,82.0,63130.0,46964.0
VEH_000417,YV1XZB648127255,EC40,Pure_EV,Core,82.0,53500.0,39800.0
VEH_000418,YV1XZD933468715,V60,MHEV,Core,0.0,44800.0,32900.0
VEH_000419,YV1XZC353691745,EC40,Pure_EV,Plus,82.0,57780.0,42984.0
VEH_000420,YV1XZE311818984,EX30,Pure_EV,Core,69.0,42500.0,31200.0
VEH_000421,YV1XZC916274954,EX90,Pure_EV,Ultimate,111.0,101480.0,73750.0
VEH_000422,YV1XZC929839316,V60,MHEV,Core,0.0,44800.0,32900.0
VEH_000423,YV1XZH910080036,V60,MHEV,Plus,0.0,48384.0,35532.0
VEH_000424,YV1XZH831361497,XC90,PHEV,Ultimate,18.8,105020.0,75638.0
VEH_000425,YV1XZF773469560,XC90,PHEV,Ultimate,18.8,105020.0,75638.0
VEH_000426,YV1XZH173321814,EC40,Pure_EV,Core,82.0,53500.0,39800.0
VEH_000427,YV1XZE955052486,XC60,PHEV,Plus,18.8,69660.0,49896.0
VEH_000428,YV1XZA477895080,EC40,Pure_EV,Ultimate,82.0,63130.0,46964.0
VEH_000429,YV1XZE595792218,XC90,PHEV,Core,18.8,89000.0,64100.0
VEH_000430,YV1XZA495928981,XC60,PHEV,Core,18.8,64500.0,46200.0
VEH_000431,YV1XZB760360225,EC40,Pure_EV,Core,82.0,53500.0,39800.0
VEH_000432,YV1XZG596832859,XC90,PHEV,Ultimate,18.8,105020.0,75638.0
VEH_000433,YV1XZA582897882,XC90,PHEV,Ultimate,18.8,105020.0,75638.0
VEH_000434,YV1XZD445236735,XC90,PHEV,Ultimate,18.8,105020.0,75638.0
VEH_000435,YV1XZC166436383,XC90,PHEV,Plus,18.8,96120.0,69228.0
VEH_000436,YV1XZF866990485,XC60,PHEV,Core,18.8,64500.0,46200.0
VEH_000437,YV1XZC142028540,EX30,Pure_EV,Ultimate,69.0,50150.0,36816.0
VEH_000438,YV1XZH571825556,EX90,Pure_EV,Ultimate,111.0,101480.0,73750.0
VEH_000439,YV1XZC490732457,XC90,PHEV,Ultimate,18.8,105020.0,75638.0
VEH_000440,YV1XZG538912794,EC40,Pure_EV,Plus,82.0,57780.0,42984.0
VEH_000441,YV1XZA947425963,EC40,Pure_EV,Ultimate,82.0,63130.0,46964.0
VEH_000442,YV1XZF170772317,V60,MHEV,Ultimate,0.0,52864.0,38822.0
VEH_000443,YV1XZG405100495,EC40,Pure_EV,Core,82.0,53500.0,39800.0
VEH_000444,YV1XZC457944766,EC40,Pure_EV,Ultimate,82.0,63130.0,46964.0
VEH_000445,YV1XZC475617211,EX30,Pure_EV,Ultimate,69.0,50150.0,36816.0
VEH_000446,YV1XZG238460786,EC40,Pure_EV,Ultimate,82.0,63130.0,46964.0
VEH_000447,YV1XZB432411019,XC90,PHEV,Ultimate,18.8,105020.0,75638.0
VEH_000448,YV1XZF973150512,XC90,PHEV,Plus,18.8,96120.0,69228.0
VEH_000449,YV1XZB793663866,EX90,Pure_EV,Ultimate,111.0,101480.0,73750.0
VEH_000450,YV1XZF119574893,V60,MHEV,Plus,0.0,48384.0,35532.0
VEH_000451,YV1XZC329987621,EC40,Pure_EV,Plus,82.0,57780.0,42984.0
VEH_000452,YV1XZD343248743,EC40,Pure_EV,Plus,82.0,57780.0,42984.0
VEH_000453,YV1XZB417604347,EX90,Pure_EV,Core,111.0,86000.0,62500.0
VEH_000454,YV1XZA810741110,EX30,Pure_EV,Ultimate,69.0,50150.0,36816.0
VEH_000455,YV1XZC741288486,EC40,Pure_EV,Ultimate,82.0,63130.0,46964.0
VEH_000456,YV1XZC294181873,XC60,PHEV,Core,18.8,64500.0,46200.0
VEH_000457,YV1XZC874364348,V60,MHEV,Ultimate,0.0,52864.0,38822.0
VEH_000458,YV1XZG491163514,XC60,PHEV,Core,18.8,64500.0,46200.0
VEH_000459,YV1XZD576954730,V60,MHEV,Ultimate,0.0,52864.0,38822.0
VEH_000460,YV1XZH351258749,XC90,PHEV,Plus,18.8,96120.0,69228.0
VEH_000461,YV1XZE968253265,XC90,PHEV,Core,18.8,89000.0,64100.0
VEH_000462,YV1XZF828326405,XC60,PHEV,Core,18.8,64500.0,46200.0
VEH_000463,YV1XZH926178355,XC90,PHEV,Plus,18.8,96120.0,69228.0
VEH_000464,YV1XZG274008639,EC40,Pure_EV,Plus,82.0,57780.0,42984.0
VEH_000465,YV1XZC368438908,EX90,Pure_EV,Ultimate,111.0,101480.0,73750.0
VEH_000466,YV1XZH498585961,EX30,Pure_EV,Ultimate,69.0,50150.0,36816.0
VEH_000467,YV1XZB406084084,XC90,PHEV,Core,18.8,89000.0,64100.0
VEH_000468,YV1XZE582452834,EX30,Pure_EV,Core,69.0,42500.0,31200.0
VEH_000469,YV1XZG198476695,XC90,PHEV,Core,18.8,89000.0,64100.0
VEH_000470,YV1XZF128636900,EX90,Pure_EV,Plus,111.0,92880.0,67500.0
VEH_000471,YV1XZG639026034,XC60,PHEV,Core,18.8,64500.0,46200.0
VEH_000472,YV1XZG187623171,EC40,Pure_EV,Core,82.0,53500.0,39800.0
VEH_000473,YV1XZA442185272,EC40,Pure_EV,Core,82.0,53500.0,39800.0
VEH_000474,YV1XZF949738493,EX30,Pure_EV,Ultimate,69.0,50150.0,36816.0
VEH_000475,YV1XZA408034406,EX90,Pure_EV,Core,111.0,86000.0,62500.0
VEH_000476,YV1XZC914799481,XC60,PHEV,Ultimate,18.8,76110.0,54516.0
VEH_000477,YV1XZH760725160,V60,MHEV,Plus,0.0,48384.0,35532.0
VEH_000478,YV1XZA374796224,EX30,Pure_EV,Core,69.0,42500.0,31200.0
VEH_000479,YV1XZG219385981,EX90,Pure_EV,Core,111.0,86000.0,62500.0
VEH_000480,YV1XZE230833665,EC40,Pure_EV,Core,82.0,53500.0,39800.0
VEH_000481,YV1XZG786069196,EX30,Pure_EV,Core,69.0,42500.0,31200.0
VEH_000482,YV1XZB219032752,XC90,PHEV,Plus,18.8,96120.0,69228.0
VEH_000483,YV1XZA778556450,XC60,PHEV,Ultimate,18.8,76110.0,54516.0
VEH_000484,YV1XZD871531100,XC90,PHEV,Ultimate,18.8,105020.0,75638.0
VEH_000485,YV1XZG101679695,EX90,Pure_EV,Plus,111.0,92880.0,67500.0
VEH_000486,YV1XZD712745501,XC90,PHEV,Plus,18.8,96120.0,69228.0
VEH_000487,YV1XZB662087258,XC60,PHEV,Core,18.8,64500.0,46200.0
VEH_000488,YV1XZA519246503,EC40,Pure_EV,Core,82.0,53500.0,39800.0
VEH_000489,YV1XZG500830389,XC60,PHEV,Core,18.8,64500.0,46200.0
VEH_000490,YV1XZA483426624,EC40,Pure_EV,Ultimate,82.0,63130.0,46964.0
VEH_000491,YV1XZD886989426,EX30,Pure_EV,Plus,69.0,45900.0,33696.0
VEH_000492,YV1XZB928393291,V60,MHEV,Ultimate,0.0,52864.0,38822.0
VEH_000493,YV1XZF243247463,XC90,PHEV,Ultimate,18.8,105020.0,75638.0
VEH_000494,YV1XZF973498494,EX30,Pure_EV,Plus,69.0,45900.0,33696.0
VEH_000495,YV1XZH846668526,V60,MHEV,Core,0.0,44800.0,32900.0
VEH_000496,YV1XZC971339002,XC60,PHEV,Ultimate,18.8,76110.0,54516.0
VEH_000497,YV1XZH139711044,EX90,Pure_EV,Core,111.0,86000.0,62500.0
VEH_000498,YV1XZA949447049,EC40,Pure_EV,Core,82.0,53500.0,39800.0
VEH_000499,YV1XZF432941445,EX90,Pure_EV,Core,111.0,86000.0,62500.0
VEH_000500,YV1XZH371993587,XC90,PHEV,Plus,18.8,96120.0,69228.0
VEH_000501,YV1XZD407209235,EX30,Pure_EV,Ultimate,69.0,50150.0,36816.0
VEH_000502,YV1XZF393364102,EC40,Pure_EV,Core,82.0,53500.0,39800.0
VEH_000503,YV1XZG529520110,EX30,Pure_EV,Plus,69.0,45900.0,33696.0
VEH_000504,YV1XZG464037804,V60,MHEV,Plus,0.0,48384.0,35532.0
VEH_000505,YV1XZH494435754,EX90,Pure_EV,Plus,111.0,92880.0,67500.0
VEH_000506,YV1XZB880697625,XC90,PHEV,Plus,18.8,96120.0,69228.0
VEH_000507,YV1XZG746879296,XC60,PHEV,Core,18.8,64500.0,46200.0
VEH_000508,YV1XZE444898148,EX90,Pure_EV,Ultimate,111.0,101480.0,73750.0
VEH_000509,YV1XZF809656613,EX30,Pure_EV,Core,69.0,42500.0,31200.0
VEH_000510,YV1XZH747060047,EC40,Pure_EV,Plus,82.0,57780.0,42984.0
VEH_000511,YV1XZC840629322,V60,MHEV,Plus,0.0,48384.0,35532.0
VEH_000512,YV1XZH145478504,XC60,PHEV,Plus,18.8,69660.0,49896.0
VEH_000513,YV1XZG394801573,V60,MHEV,Plus,0.0,48384.0,35532.0
VEH_000514,YV1XZB820678212,V60,MHEV,Core,0.0,44800.0,32900.0
VEH_000515,YV1XZF650921917,V60,MHEV,Plus,0.0,48384.0,35532.0
VEH_000516,YV1XZC133436988,V60,MHEV,Ultimate,0.0,52864.0,38822.0
VEH_000517,YV1XZH137365109,EX90,Pure_EV,Ultimate,111.0,101480.0,73750.0
VEH_000518,YV1XZD935924516,EX90,Pure_EV,Core,111.0,86000.0,62500.0
VEH_000519,YV1XZF511086777,V60,MHEV,Plus,0.0,48384.0,35532.0
VEH_000520,YV1XZC829137330,XC90,PHEV,Core,18.8,89000.0,64100.0
VEH_000521,YV1XZF576676179,XC60,PHEV,Plus,18.8,69660.0,49896.0
VEH_000522,YV1XZC668503222,EX30,Pure_EV,Ultimate,69.0,50150.0,36816.0
VEH_000523,YV1XZF797460535,EC40,Pure_EV,Plus,82.0,57780.0,42984.0
VEH_000524,YV1XZB127824235,EC40,Pure_EV,Core,82.0,53500.0,39800.0
VEH_000525,YV1XZH655924752,V60,MHEV,Core,0.0,44800.0,32900.0
VEH_000526,YV1XZB381080560,XC60,PHEV,Ultimate,18.8,76110.0,54516.0
VEH_000527,YV1XZH330393232,EC40,Pure_EV,Ultimate,82.0,63130.0,46964.0
VEH_000528,YV1XZH314939857,XC90,PHEV,Plus,18.8,96120.0,69228.0
VEH_000529,YV1XZB585377142,EX30,Pure_EV,Core,69.0,42500.0,31200.0
VEH_000530,YV1XZH194264587,EX90,Pure_EV,Ultimate,111.0,101480.0,73750.0
VEH_000531,YV1XZF861863296,V60,MHEV,Plus,0.0,48384.0,35532.0
VEH_000532,YV1XZE422076028,EX30,Pure_EV,Ultimate,69.0,50150.0,36816.0
VEH_000533,YV1XZC952225000,EX90,Pure_EV,Ultimate,111.0,101480.0,73750.0
VEH_000534,YV1XZD230311939,EC40,Pure_EV,Ultimate,82.0,63130.0,46964.0
VEH_000535,YV1XZD948656610,EX90,Pure_EV,Core,111.0,86000.0,62500.0
VEH_000536,YV1XZF694875990,XC60,PHEV,Core,18.8,64500.0,46200.0
VEH_000537,YV1XZH962925204,XC90,PHEV,Plus,18.8,96120.0,69228.0
VEH_000538,YV1XZB170596494,XC90,PHEV,Core,18.8,89000.0,64100.0
VEH_000539,YV1XZH664461415,EC40,Pure_EV,Plus,82.0,57780.0,42984.0
VEH_000540,YV1XZB234568604,XC60,PHEV,Plus,18.8,69660.0,49896.0
VEH_000541,YV1XZB583156434,EC40,Pure_EV,Ultimate,82.0,63130.0,46964.0
VEH_000542,YV1XZF237798236,XC60,PHEV,Ultimate,18.8,76110.0,54516.0
VEH_000543,YV1XZC924399252,XC90,PHEV,Ultimate,18.8,105020.0,75638.0
VEH_000544,YV1XZA992699085,EX90,Pure_EV,Plus,111.0,92880.0,67500.0
VEH_000545,YV1XZC426551245,EX30,Pure_EV,Ultimate,69.0,50150.0,36816.0
VEH_000546,YV1XZF861639583,EX90,Pure_EV,Core,111.0,86000.0,62500.0
VEH_000547,YV1XZE184675178,EX90,Pure_EV,Plus,111.0,92880.0,67500.0
VEH_000548,YV1XZE234400576,EC40,Pure_EV,Core,82.0,53500.0,39800.0
VEH_000549,YV1XZB639633807,V60,MHEV,Plus,0.0,48384.0,35532.0
VEH_000550,YV1XZC283825267,V60,MHEV,Core,0.0,44800.0,32900.0
VEH_000551,YV1XZF705180256,V60,MHEV,Ultimate,0.0,52864.0,38822.0
VEH_000552,YV1XZB148814238,EX30,Pure_EV,Core,69.0,42500.0,31200.0
VEH_000553,YV1XZE799145494,V60,MHEV,Ultimate,0.0,52864.0,38822.0
VEH_000554,YV1XZG763688866,EX90,Pure_EV,Ultimate,111.0,101480.0,73750.0
VEH_000555,YV1XZH773412230,V60,MHEV,Core,0.0,44800.0,32900.0
VEH_000556,YV1XZE618558050,XC90,PHEV,Plus,18.8,96120.0,69228.0
VEH_000557,YV1XZG419367188,EX90,Pure_EV,Ultimate,111.0,101480.0,73750.0
VEH_000558,YV1XZA269737590,XC60,PHEV,Core,18.8,64500.0,46200.0
VEH_000559,YV1XZH598690974,XC60,PHEV,Plus,18.8,69660.0,49896.0
VEH_000560,YV1XZC435632899,EX90,Pure_EV,Plus,111.0,92880.0,67500.0
VEH_000561,YV1XZF528118701,V60,MHEV,Plus,0.0,48384.0,35532.0
VEH_000562,YV1XZB442648079,EX90,Pure_EV,Plus,111.0,92880.0,67500.0
VEH_000563,YV1XZB387195524,EX90,Pure_EV,Plus,111.0,92880.0,67500.0
VEH_000564,YV1XZC203950725,XC60,PHEV,Core,18.8,64500.0,46200.0
VEH_000565,YV1XZG760756497,EX30,Pure_EV,Plus,69.0,45900.0,33696.0
VEH_000566,YV1XZC973465185,XC60,PHEV,Core,18.8,64500.0,46200.0
VEH_000567,YV1XZF303832812,EC40,Pure_EV,Ultimate,82.0,63130.0,46964.0
VEH_000568,YV1XZH635539154,EX90,Pure_EV,Plus,111.0,92880.0,67500.0
VEH_000569,YV1XZA196689473,EC40,Pure_EV,Plus,82.0,57780.0,42984.0
VEH_000570,YV1XZH358480413,XC60,PHEV,Ultimate,18.8,76110.0,54516.0
VEH_000571,YV1XZF152246275,EX90,Pure_EV,Ultimate,111.0,101480.0,73750.0
VEH_000572,YV1XZH741580895,EX30,Pure_EV,Plus,69.0,45900.0,33696.0
VEH_000573,YV1XZH406819991,V60,MHEV,Ultimate,0.0,52864.0,38822.0
VEH_000574,YV1XZB562705171,XC90,PHEV,Core,18.8,89000.0,64100.0
VEH_000575,YV1XZF920184955,EX90,Pure_EV,Plus,111.0,92880.0,67500.0
VEH_000576,YV1XZA530121245,XC60,PHEV,Plus,18.8,69660.0,49896.0
VEH_000577,YV1XZD489256938,EX30,Pure_EV,Ultimate,69.0,50150.0,36816.0
VEH_000578,YV1XZB514838889,XC90,PHEV,Plus,18.8,96120.0,69228.0
VEH_000579,YV1XZE986171278,XC90,PHEV,Plus,18.8,96120.0,69228.0
VEH_000580,YV1XZB238151258,XC90,PHEV,Ultimate,18.8,105020.0,75638.0
VEH_000581,YV1XZF953514394,EX30,Pure_EV,Plus,69.0,45900.0,33696.0
VEH_000582,YV1XZF910637681,EC40,Pure_EV,Ultimate,82.0,63130.0,46964.0
VEH_000583,YV1XZG636954564,EX90,Pure_EV,Core,111.0,86000.0,62500.0
VEH_000584,YV1XZA247141682,EX30,Pure_EV,Core,69.0,42500.0,31200.0
VEH_000585,YV1XZH657629251,V60,MHEV,Plus,0.0,48384.0,35532.0
VEH_000586,YV1XZC452150647,XC60,PHEV,Core,18.8,64500.0,46200.0
VEH_000587,YV1XZC521931770,XC90,PHEV,Plus,18.8,96120.0,69228.0
VEH_000588,YV1XZE737506993,XC90,PHEV,Ultimate,18.8,105020.0,75638.0
VEH_000589,YV1XZH861003571,EC40,Pure_EV,Ultimate,82.0,63130.0,46964.0
VEH_000590,YV1XZH975903641,XC90,PHEV,Plus,18.8,96120.0,69228.0
VEH_000591,YV1XZF823494111,EX30,Pure_EV,Plus,69.0,45900.0,33696.0
VEH_000592,YV1XZE955508961,EX30,Pure_EV,Plus,69.0,45900.0,33696.0
VEH_000593,YV1XZA740926818,V60,MHEV,Ultimate,0.0,52864.0,38822.0
VEH_000594,YV1XZD874597473,XC60,PHEV,Plus,18.8,69660.0,49896.0
VEH_000595,YV1XZH283085932,EX30,Pure_EV,Ultimate,69.0,50150.0,36816.0
VEH_000596,YV1XZG258672959,XC90,PHEV,Ultimate,18.8,105020.0,75638.0
VEH_000597,YV1XZA714792641,V60,MHEV,Core,0.0,44800.0,32900.0
VEH_000598,YV1XZD120333847,V60,MHEV,Core,0.0,44800.0,32900.0
VEH_000599,YV1XZG262598077,XC60,PHEV,Plus,18.8,69660.0,49896.0
VEH_000600,YV1XZD540639384,XC60,PHEV,Ultimate,18.8,76110.0,54516.0
VEH_000601,YV1XZH890099255,XC90,PHEV,Ultimate,18.8,105020.0,75638.0
VEH_000602,YV1XZC656931857,V60,MHEV,Core,0.0,44800.0,32900.0
VEH_000603,YV1XZF811060614,EX90,Pure_EV,Ultimate,111.0,101480.0,73750.0
VEH_000604,YV1XZG436889280,XC60,PHEV,Ultimate,18.8,76110.0,54516.0
VEH_000605,YV1XZF686556403,EX90,Pure_EV,Plus,111.0,92880.0,67500.0
VEH_000606,YV1XZE755064741,EC40,Pure_EV,Ultimate,82.0,63130.0,46964.0
VEH_000607,YV1XZD399580835,XC60,PHEV,Core,18.8,64500.0,46200.0
VEH_000608,YV1XZD419561201,XC90,PHEV,Plus,18.8,96120.0,69228.0
VEH_000609,YV1XZD841139461,EC40,Pure_EV,Ultimate,82.0,63130.0,46964.0
VEH_000610,YV1XZF615185000,V60,MHEV,Plus,0.0,48384.0,35532.0
VEH_000611,YV1XZE409011489,EC40,Pure_EV,Ultimate,82.0,63130.0,46964.0
VEH_000612,YV1XZG523625992,EX30,Pure_EV,Ultimate,69.0,50150.0,36816.0
VEH_000613,YV1XZE145168545,EC40,Pure_EV,Core,82.0,53500.0,39800.0
VEH_000614,YV1XZB471904990,EC40,Pure_EV,Ultimate,82.0,63130.0,46964.0
VEH_000615,YV1XZE902448600,XC60,PHEV,Ultimate,18.8,76110.0,54516.0
VEH_000616,YV1XZD989006374,XC60,PHEV,Core,18.8,64500.0,46200.0
VEH_000617,YV1XZE247395716,XC90,PHEV,Plus,18.8,96120.0,69228.0
VEH_000618,YV1XZD360337343,EX30,Pure_EV,Ultimate,69.0,50150.0,36816.0
VEH_000619,YV1XZD784987769,EX30,Pure_EV,Ultimate,69.0,50150.0,36816.0
VEH_000620,YV1XZB543778963,EX90,Pure_EV,Core,111.0,86000.0,62500.0
VEH_000621,YV1XZH207959268,EC40,Pure_EV,Ultimate,82.0,63130.0,46964.0
VEH_000622,YV1XZA690936560,V60,MHEV,Core,0.0,44800.0,32900.0
VEH_000623,YV1XZH612656440,EX90,Pure_EV,Plus,111.0,92880.0,67500.0
VEH_000624,YV1XZE444851196,V60,MHEV,Core,0.0,44800.0,32900.0
VEH_000625,YV1XZA925412179,EC40,Pure_EV,Ultimate,82.0,63130.0,46964.0
VEH_000626,YV1XZD674615376,EX30,Pure_EV,Ultimate,69.0,50150.0,36816.0
VEH_000627,YV1XZA287974375,V60,MHEV,Ultimate,0.0,52864.0,38822.0
VEH_000628,YV1XZA997866344,XC60,PHEV,Core,18.8,64500.0,46200.0
VEH_000629,YV1XZC904236062,XC60,PHEV,Plus,18.8,69660.0,49896.0
VEH_000630,YV1XZA420396197,EC40,Pure_EV,Core,82.0,53500.0,39800.0
VEH_000631,YV1XZB459748735,XC90,PHEV,Ultimate,18.8,105020.0,75638.0
VEH_000632,YV1XZH244096091,EC40,Pure_EV,Plus,82.0,57780.0,42984.0
VEH_000633,YV1XZE307029662,XC90,PHEV,Plus,18.8,96120.0,69228.0
VEH_000634,YV1XZC885033297,EX30,Pure_EV,Plus,69.0,45900.0,33696.0
VEH_000635,YV1XZE871588919,XC60,PHEV,Ultimate,18.8,76110.0,54516.0
VEH_000636,YV1XZF949080318,EX90,Pure_EV,Core,111.0,86000.0,62500.0
VEH_000637,YV1XZD288436227,EC40,Pure_EV,Ultimate,82.0,63130.0,46964.0
VEH_000638,YV1XZG987973565,XC90,PHEV,Ultimate,18.8,105020.0,75638.0
VEH_000639,YV1XZF193133974,XC60,PHEV,Ultimate,18.8,76110.0,54516.0
VEH_000640,YV1XZB298407302,XC60,PHEV,Ultimate,18.8,76110.0,54516.0
VEH_000641,YV1XZF366338529,EX90,Pure_EV,Plus,111.0,92880.0,67500.0
VEH_000642,YV1XZG352889019,EX30,Pure_EV,Plus,69.0,45900.0,33696.0
VEH_000643,YV1XZF424211872,XC60,PHEV,Plus,18.8,69660.0,49896.0
VEH_000644,YV1XZA380840558,XC90,PHEV,Ultimate,18.8,105020.0,75638.0
VEH_000645,YV1XZD166705490,V60,MHEV,Plus,0.0,48384.0,35532.0
VEH_000646,YV1XZH429430802,V60,MHEV,Core,0.0,44800.0,32900.0
VEH_000647,YV1XZE841193655,EX90,Pure_EV,Plus,111.0,92880.0,67500.0
VEH_000648,YV1XZE494647257,EX30,Pure_EV,Ultimate,69.0,50150.0,36816.0
VEH_000649,YV1XZD243418388,XC90,PHEV,Core,18.8,89000.0,64100.0
VEH_000650,YV1XZH902874167,XC60,PHEV,Core,18.8,64500.0,46200.0
VEH_000651,YV1XZG853703117,XC90,PHEV,Plus,18.8,96120.0,69228.0
VEH_000652,YV1XZD918040539,XC90,PHEV,Plus,18.8,96120.0,69228.0
VEH_000653,YV1XZB664258474,EX90,Pure_EV,Ultimate,111.0,101480.0,73750.0
VEH_000654,YV1XZF183862154,XC60,PHEV,Ultimate,18.8,76110.0,54516.0
VEH_000655,YV1XZA989889367,XC90,PHEV,Core,18.8,89000.0,64100.0
VEH_000656,YV1XZD714933740,XC90,PHEV,Ultimate,18.8,105020.0,75638.0
VEH_000657,YV1XZC452313624,XC90,PHEV,Core,18.8,89000.0,64100.0
VEH_000658,YV1XZB830461452,XC90,PHEV,Plus,18.8,96120.0,69228.0
VEH_000659,YV1XZH197647841,EX90,Pure_EV,Ultimate,111.0,101480.0,73750.0
VEH_000660,YV1XZA586869229,XC90,PHEV,Plus,18.8,96120.0,69228.0
VEH_000661,YV1XZG590483627,EX90,Pure_EV,Ultimate,111.0,101480.0,73750.0
VEH_000662,YV1XZH822378827,XC90,PHEV,Core,18.8,89000.0,64100.0
VEH_000663,YV1XZA525146690,EC40,Pure_EV,Ultimate,82.0,63130.0,46964.0
VEH_000664,YV1XZD720956992,EC40,Pure_EV,Core,82.0,53500.0,39800.0
VEH_000665,YV1XZG469935052,EX30,Pure_EV,Core,69.0,42500.0,31200.0
VEH_000666,YV1XZA174108740,V60,MHEV,Core,0.0,44800.0,32900.0
VEH_000667,YV1XZE539017530,XC60,PHEV,Core,18.8,64500.0,46200.0
VEH_000668,YV1XZG502074351,EX90,Pure_EV,Core,111.0,86000.0,62500.0
VEH_000669,YV1XZG503346325,XC60,PHEV,Plus,18.8,69660.0,49896.0
VEH_000670,YV1XZC801726890,EX30,Pure_EV,Ultimate,69.0,50150.0,36816.0
VEH_000671,YV1XZC676876906,EC40,Pure_EV,Core,82.0,53500.0,39800.0
VEH_000672,YV1XZC881531720,XC60,PHEV,Ultimate,18.8,76110.0,54516.0
VEH_000673,YV1XZA420364823,EX90,Pure_EV,Core,111.0,86000.0,62500.0
VEH_000674,YV1XZG671159367,XC60,PHEV,Ultimate,18.8,76110.0,54516.0
VEH_000675,YV1XZD594592624,XC60,PHEV,Core,18.8,64500.0,46200.0
VEH_000676,YV1XZE302379343,EC40,Pure_EV,Core,82.0,53500.0,39800.0
VEH_000677,YV1XZA969170578,V60,MHEV,Core,0.0,44800.0,32900.0
VEH_000678,YV1XZA358413465,V60,MHEV,Plus,0.0,48384.0,35532.0
VEH_000679,YV1XZB737742679,EX90,Pure_EV,Core,111.0,86000.0,62500.0
VEH_000680,YV1XZA362781292,EX30,Pure_EV,Plus,69.0,45900.0,33696.0
VEH_000681,YV1XZG571332733,V60,MHEV,Core,0.0,44800.0,32900.0
VEH_000682,YV1XZD910015485,EX90,Pure_EV,Ultimate,111.0,101480.0,73750.0
VEH_000683,YV1XZE351429015,EX30,Pure_EV,Core,69.0,42500.0,31200.0
VEH_000684,YV1XZF720058859,V60,MHEV,Ultimate,0.0,52864.0,38822.0
VEH_000685,YV1XZF354373770,XC90,PHEV,Ultimate,18.8,105020.0,75638.0
VEH_000686,YV1XZD544056890,EC40,Pure_EV,Core,82.0,53500.0,39800.0
VEH_000687,YV1XZA697771523,EC40,Pure_EV,Plus,82.0,57780.0,42984.0
VEH_000688,YV1XZC772155012,XC90,PHEV,Ultimate,18.8,105020.0,75638.0
VEH_000689,YV1XZH150341410,V60,MHEV,Plus,0.0,48384.0,35532.0
VEH_000690,YV1XZG943751263,EC40,Pure_EV,Ultimate,82.0,63130.0,46964.0
VEH_000691,YV1XZG538364955,XC90,PHEV,Plus,18.8,96120.0,69228.0
VEH_000692,YV1XZG297438548,EX90,Pure_EV,Plus,111.0,92880.0,67500.0
VEH_000693,YV1XZD341961866,XC90,PHEV,Plus,18.8,96120.0,69228.0
VEH_000694,YV1XZC965195567,EC40,Pure_EV,Ultimate,82.0,63130.0,46964.0
VEH_000695,YV1XZG547221915,XC60,PHEV,Core,18.8,64500.0,46200.0
VEH_000696,YV1XZC517061783,XC90,PHEV,Ultimate,18.8,105020.0,75638.0
VEH_000697,YV1XZD454617185,EX90,Pure_EV,Plus,111.0,92880.0,67500.0
VEH_000698,YV1XZH498441427,V60,MHEV,Core,0.0,44800.0,32900.0
VEH_000699,YV1XZD155337035,EX30,Pure_EV,Ultimate,69.0,50150.0,36816.0
VEH_000700,YV1XZA178151583,EC40,Pure_EV,Plus,82.0,57780.0,42984.0
VEH_000701,YV1XZD614745610,EX90,Pure_EV,Ultimate,111.0,101480.0,73750.0
VEH_000702,YV1XZE116464447,EX90,Pure_EV,Plus,111.0,92880.0,67500.0
VEH_000703,YV1XZB901955461,EX90,Pure_EV,Core,111.0,86000.0,62500.0
VEH_000704,YV1XZD525880424,XC60,PHEV,Core,18.8,64500.0,46200.0
VEH_000705,YV1XZF932701695,EX90,Pure_EV,Ultimate,111.0,101480.0,73750.0
VEH_000706,YV1XZH673002461,EC40,Pure_EV,Plus,82.0,57780.0,42984.0
VEH_000707,YV1XZE380849661,V60,MHEV,Plus,0.0,48384.0,35532.0
VEH_000708,YV1XZH600368062,EC40,Pure_EV,Ultimate,82.0,63130.0,46964.0
VEH_000709,YV1XZH917792874,EX30,Pure_EV,Ultimate,69.0,50150.0,36816.0
VEH_000710,YV1XZF435997460,EC40,Pure_EV,Core,82.0,53500.0,39800.0
VEH_000711,YV1XZD895913682,XC60,PHEV,Core,18.8,64500.0,46200.0
VEH_000712,YV1XZE694113766,EX90,Pure_EV,Core,111.0,86000.0,62500.0
VEH_000713,YV1XZG416960306,XC90,PHEV,Ultimate,18.8,105020.0,75638.0
VEH_000714,YV1XZF346980616,EX90,Pure_EV,Core,111.0,86000.0,62500.0
VEH_000715,YV1XZD636120880,XC60,PHEV,Ultimate,18.8,76110.0,54516.0
VEH_000716,YV1XZF376302498,XC90,PHEV,Ultimate,18.8,105020.0,75638.0
VEH_000717,YV1XZH594811370,XC60,PHEV,Ultimate,18.8,76110.0,54516.0
VEH_000718,YV1XZF281747678,EX90,Pure_EV,Ultimate,111.0,101480.0,73750.0
VEH_000719,YV1XZH297619784,EX90,Pure_EV,Ultimate,111.0,101480.0,73750.0
VEH_000720,YV1XZA662581035,XC90,PHEV,Ultimate,18.8,105020.0,75638.0
VEH_000721,YV1XZA920702588,EX30,Pure_EV,Core,69.0,42500.0,31200.0
VEH_000722,YV1XZC777210736,EX30,Pure_EV,Plus,69.0,45900.0,33696.0
VEH_000723,YV1XZC109815572,EX90,Pure_EV,Core,111.0,86000.0,62500.0
VEH_000724,YV1XZH500721199,EX90,Pure_EV,Ultimate,111.0,101480.0,73750.0
VEH_000725,YV1XZH807901168,EX30,Pure_EV,Ultimate,69.0,50150.0,36816.0
VEH_000726,YV1XZA671458801,XC60,PHEV,Core,18.8,64500.0,46200.0
VEH_000727,YV1XZA117959560,XC90,PHEV,Plus,18.8,96120.0,69228.0
VEH_000728,YV1XZE675244407,XC90,PHEV,Ultimate,18.8,105020.0,75638.0
VEH_000729,YV1XZG965615974,EC40,Pure_EV,Core,82.0,53500.0,39800.0
VEH_000730,YV1XZB663054538,EX90,Pure_EV,Core,111.0,86000.0,62500.0
VEH_000731,YV1XZD765484610,EX90,Pure_EV,Core,111.0,86000.0,62500.0
VEH_000732,YV1XZF387037751,XC90,PHEV,Plus,18.8,96120.0,69228.0
VEH_000733,YV1XZF535968611,XC60,PHEV,Core,18.8,64500.0,46200.0
VEH_000734,YV1XZD848651792,XC60,PHEV,Ultimate,18.8,76110.0,54516.0
VEH_000735,YV1XZB801943382,EX90,Pure_EV,Plus,111.0,92880.0,67500.0
VEH_000736,YV1XZB535164258,V60,MHEV,Core,0.0,44800.0,32900.0
VEH_000737,YV1XZH160252954,XC60,PHEV,Plus,18.8,69660.0,49896.0
VEH_000738,YV1XZC188783547,V60,MHEV,Core,0.0,44800.0,32900.0
VEH_000739,YV1XZF707583925,XC60,PHEV,Plus,18.8,69660.0,49896.0
VEH_000740,YV1XZA346709900,EX30,Pure_EV,Ultimate,69.0,50150.0,36816.0
VEH_000741,YV1XZH391086098,EX90,Pure_EV,Ultimate,111.0,101480.0,73750.0
VEH_000742,YV1XZE683074772,EX30,Pure_EV,Core,69.0,42500.0,31200.0
VEH_000743,YV1XZA292580427,XC90,PHEV,Ultimate,18.8,105020.0,75638.0
VEH_000744,YV1XZD730325223,EC40,Pure_EV,Core,82.0,53500.0,39800.0
VEH_000745,YV1XZG182611003,EX90,Pure_EV,Ultimate,111.0,101480.0,73750.0
VEH_000746,YV1XZD708485104,EC40,Pure_EV,Core,82.0,53500.0,39800.0
VEH_000747,YV1XZF512151733,XC60,PHEV,Ultimate,18.8,76110.0,54516.0
VEH_000748,YV1XZB637722224,V60,MHEV,Core,0.0,44800.0,32900.0
VEH_000749,YV1XZA204889313,V60,MHEV,Plus,0.0,48384.0,35532.0
VEH_000750,YV1XZB465708674,XC60,PHEV,Core,18.8,64500.0,46200.0
VEH_000751,YV1XZG930598266,XC90,PHEV,Ultimate,18.8,105020.0,75638.0
VEH_000752,YV1XZE941328406,EC40,Pure_EV,Core,82.0,53500.0,39800.0
VEH_000753,YV1XZD482049366,XC60,PHEV,Plus,18.8,69660.0,49896.0
VEH_000754,YV1XZG299434489,XC90,PHEV,Plus,18.8,96120.0,69228.0
VEH_000755,YV1XZG192013357,V60,MHEV,Ultimate,0.0,52864.0,38822.0
VEH_000756,YV1XZD865694462,XC90,PHEV,Plus,18.8,96120.0,69228.0
VEH_000757,YV1XZE265593497,EX30,Pure_EV,Core,69.0,42500.0,31200.0
VEH_000758,YV1XZC894198823,XC60,PHEV,Ultimate,18.8,76110.0,54516.0
VEH_000759,YV1XZF214408183,XC60,PHEV,Plus,18.8,69660.0,49896.0
VEH_000760,YV1XZE577531502,EX30,Pure_EV,Core,69.0,42500.0,31200.0
VEH_000761,YV1XZB242278314,EC40,Pure_EV,Plus,82.0,57780.0,42984.0
VEH_000762,YV1XZG581942228,EX30,Pure_EV,Core,69.0,42500.0,31200.0
VEH_000763,YV1XZG210909937,XC90,PHEV,Ultimate,18.8,105020.0,75638.0
VEH_000764,YV1XZF695088987,EX30,Pure_EV,Core,69.0,42500.0,31200.0
VEH_000765,YV1XZF513646070,EX30,Pure_EV,Ultimate,69.0,50150.0,36816.0
VEH_000766,YV1XZG516396603,EX30,Pure_EV,Plus,69.0,45900.0,33696.0
VEH_000767,YV1XZD714137833,EX30,Pure_EV,Ultimate,69.0,50150.0,36816.0
VEH_000768,YV1XZG282001119,XC90,PHEV,Core,18.8,89000.0,64100.0
VEH_000769,YV1XZE388199600,EX90,Pure_EV,Plus,111.0,92880.0,67500.0
VEH_000770,YV1XZB279537578,XC60,PHEV,Core,18.8,64500.0,46200.0
VEH_000771,YV1XZG421856529,XC60,PHEV,Plus,18.8,69660.0,49896.0
VEH_000772,YV1XZF370260533,XC60,PHEV,Core,18.8,64500.0,46200.0
VEH_000773,YV1XZH737594763,EX90,Pure_EV,Ultimate,111.0,101480.0,73750.0
VEH_000774,YV1XZH214860711,XC90,PHEV,Core,18.8,89000.0,64100.0
VEH_000775,YV1XZA524871030,EX90,Pure_EV,Plus,111.0,92880.0,67500.0
VEH_000776,YV1XZG963370520,EC40,Pure_EV,Ultimate,82.0,63130.0,46964.0
VEH_000777,YV1XZF562370643,EC40,Pure_EV,Plus,82.0,57780.0,42984.0
VEH_000778,YV1XZC422589929,V60,MHEV,Ultimate,0.0,52864.0,38822.0
VEH_000779,YV1XZD614332794,EC40,Pure_EV,Ultimate,82.0,63130.0,46964.0
VEH_000780,YV1XZG442671456,EC40,Pure_EV,Core,82.0,53500.0,39800.0
VEH_000781,YV1XZH718345671,EC40,Pure_EV,Ultimate,82.0,63130.0,46964.0
VEH_000782,YV1XZG400969989,EX90,Pure_EV,Plus,111.0,92880.0,67500.0
VEH_000783,YV1XZB705429879,XC60,PHEV,Plus,18.8,69660.0,49896.0
VEH_000784,YV1XZC831983367,EX90,Pure_EV,Ultimate,111.0,101480.0,73750.0
VEH_000785,YV1XZH860603328,XC90,PHEV,Core,18.8,89000.0,64100.0
VEH_000786,YV1XZE992582047,EX90,Pure_EV,Plus,111.0,92880.0,67500.0
VEH_000787,YV1XZG822604249,V60,MHEV,Core,0.0,44800.0,32900.0
VEH_000788,YV1XZE359868249,XC60,PHEV,Core,18.8,64500.0,46200.0
VEH_000789,YV1XZC867979226,EC40,Pure_EV,Ultimate,82.0,63130.0,46964.0
VEH_000790,YV1XZB582181718,XC60,PHEV,Plus,18.8,69660.0,49896.0
VEH_000791,YV1XZG673772626,XC90,PHEV,Plus,18.8,96120.0,69228.0
VEH_000792,YV1XZG683734594,XC90,PHEV,Ultimate,18.8,105020.0,75638.0
VEH_000793,YV1XZB217434526,EX30,Pure_EV,Plus,69.0,45900.0,33696.0
VEH_000794,YV1XZF278604592,EX90,Pure_EV,Ultimate,111.0,101480.0,73750.0
VEH_000795,YV1XZA704753177,V60,MHEV,Ultimate,0.0,52864.0,38822.0
VEH_000796,YV1XZG908186980,V60,MHEV,Ultimate,0.0,52864.0,38822.0
VEH_000797,YV1XZB111325589,EC40,Pure_EV,Plus,82.0,57780.0,42984.0
VEH_000798,YV1XZD648334433,EX30,Pure_EV,Plus,69.0,45900.0,33696.0
VEH_000799,YV1XZD578651079,V60,MHEV,Ultimate,0.0,52864.0,38822.0
VEH_000800,YV1XZH929296154,EC40,Pure_EV,Plus,82.0,57780.0,42984.0
VEH_000801,YV1XZC470405910,V60,MHEV,Ultimate,0.0,52864.0,38822.0
VEH_000802,YV1XZB417217932,EX30,Pure_EV,Plus,69.0,45900.0,33696.0
VEH_000803,YV1XZB992620629,XC60,PHEV,Core,18.8,64500.0,46200.0
VEH_000804,YV1XZF434889710,V60,MHEV,Core,0.0,44800.0,32900.0
VEH_000805,YV1XZD659542785,EC40,Pure_EV,Plus,82.0,57780.0,42984.0
VEH_000806,YV1XZH204821934,XC60,PHEV,Plus,18.8,69660.0,49896.0
VEH_000807,YV1XZH442426442,XC60,PHEV,Ultimate,18.8,76110.0,54516.0
VEH_000808,YV1XZA969930526,EX30,Pure_EV,Plus,69.0,45900.0,33696.0
VEH_000809,YV1XZA468377143,V60,MHEV,Core,0.0,44800.0,32900.0
VEH_000810,YV1XZC895094534,V60,MHEV,Core,0.0,44800.0,32900.0
VEH_000811,YV1XZC692609167,EX90,Pure_EV,Ultimate,111.0,101480.0,73750.0
VEH_000812,YV1XZG596126873,EX90,Pure_EV,Plus,111.0,92880.0,67500.0
VEH_000813,YV1XZC300131434,EX90,Pure_EV,Plus,111.0,92880.0,67500.0
VEH_000814,YV1XZG524753348,V60,MHEV,Ultimate,0.0,52864.0,38822.0
VEH_000815,YV1XZD582727494,EX30,Pure_EV,Ultimate,69.0,50150.0,36816.0
VEH_000816,YV1XZG104778194,XC90,PHEV,Plus,18.8,96120.0,69228.0
VEH_000817,YV1XZD398870482,V60,MHEV,Core,0.0,44800.0,32900.0
VEH_000818,YV1XZB958459117,V60,MHEV,Core,0.0,44800.0,32900.0
VEH_000819,YV1XZF450023635,XC90,PHEV,Core,18.8,89000.0,64100.0
VEH_000820,YV1XZB381699808,EX90,Pure_EV,Plus,111.0,92880.0,67500.0
VEH_000821,YV1XZF740992546,V60,MHEV,Plus,0.0,48384.0,35532.0
VEH_000822,YV1XZG730291513,XC60,PHEV,Ultimate,18.8,76110.0,54516.0
VEH_000823,YV1XZF591624059,EX30,Pure_EV,Plus,69.0,45900.0,33696.0
VEH_000824,YV1XZE759797724,XC90,PHEV,Core,18.8,89000.0,64100.0
VEH_000825,YV1XZC436280635,XC90,PHEV,Core,18.8,89000.0,64100.0
VEH_000826,YV1XZE225572934,EX30,Pure_EV,Core,69.0,42500.0,31200.0
VEH_000827,YV1XZC648494024,EX90,Pure_EV,Plus,111.0,92880.0,67500.0
VEH_000828,YV1XZC717193289,XC60,PHEV,Plus,18.8,69660.0,49896.0
VEH_000829,YV1XZC622558165,XC60,PHEV,Plus,18.8,69660.0,49896.0
VEH_000830,YV1XZC695832844,V60,MHEV,Ultimate,0.0,52864.0,38822.0
VEH_000831,YV1XZE250642261,EX90,Pure_EV,Plus,111.0,92880.0,67500.0
VEH_000832,YV1XZH765086407,EX90,Pure_EV,Plus,111.0,92880.0,67500.0
VEH_000833,YV1XZA620344871,EX30,Pure_EV,Plus,69.0,45900.0,33696.0
VEH_000834,YV1XZG702994164,EX90,Pure_EV,Core,111.0,86000.0,62500.0
VEH_000835,YV1XZH539304662,XC90,PHEV,Ultimate,18.8,105020.0,75638.0
VEH_000836,YV1XZG862509565,V60,MHEV,Plus,0.0,48384.0,35532.0
VEH_000837,YV1XZC188766909,XC60,PHEV,Plus,18.8,69660.0,49896.0
VEH_000838,YV1XZD413629152,XC90,PHEV,Core,18.8,89000.0,64100.0
VEH_000839,YV1XZD677252858,EX30,Pure_EV,Plus,69.0,45900.0,33696.0
VEH_000840,YV1XZH707362554,EC40,Pure_EV,Core,82.0,53500.0,39800.0
VEH_000841,YV1XZB714947037,V60,MHEV,Plus,0.0,48384.0,35532.0
VEH_000842,YV1XZF682014641,EX30,Pure_EV,Plus,69.0,45900.0,33696.0
VEH_000843,YV1XZH686642360,EX30,Pure_EV,Ultimate,69.0,50150.0,36816.0
VEH_000844,YV1XZB890261845,EX90,Pure_EV,Plus,111.0,92880.0,67500.0
VEH_000845,YV1XZE134607126,V60,MHEV,Core,0.0,44800.0,32900.0
VEH_000846,YV1XZF976955647,XC60,PHEV,Plus,18.8,69660.0,49896.0
VEH_000847,YV1XZB932828137,EX30,Pure_EV,Plus,69.0,45900.0,33696.0
VEH_000848,YV1XZF863166250,EX90,Pure_EV,Core,111.0,86000.0,62500.0
VEH_000849,YV1XZG278221407,XC90,PHEV,Ultimate,18.8,105020.0,75638.0
VEH_000850,YV1XZD973521043,XC90,PHEV,Core,18.8,89000.0,64100.0
VEH_000851,YV1XZF671532152,EX90,Pure_EV,Core,111.0,86000.0,62500.0
VEH_000852,YV1XZC447520416,EC40,Pure_EV,Ultimate,82.0,63130.0,46964.0
VEH_000853,YV1XZE714970148,V60,MHEV,Plus,0.0,48384.0,35532.0
VEH_000854,YV1XZB245587477,EC40,Pure_EV,Ultimate,82.0,63130.0,46964.0
VEH_000855,YV1XZE804263267,XC60,PHEV,Core,18.8,64500.0,46200.0
VEH_000856,YV1XZC368088898,EX90,Pure_EV,Ultimate,111.0,101480.0,73750.0
VEH_000857,YV1XZF989575564,EX90,Pure_EV,Ultimate,111.0,101480.0,73750.0
VEH_000858,YV1XZG625552311,EX90,Pure_EV,Ultimate,111.0,101480.0,73750.0
VEH_000859,YV1XZE774108885,EX90,Pure_EV,Ultimate,111.0,101480.0,73750.0
VEH_000860,YV1XZH181084980,XC60,PHEV,Plus,18.8,69660.0,49896.0
VEH_000861,YV1XZG653635749,V60,MHEV,Core,0.0,44800.0,32900.0
VEH_000862,YV1XZF588225728,V60,MHEV,Plus,0.0,48384.0,35532.0
VEH_000863,YV1XZA931221434,XC60,PHEV,Plus,18.8,69660.0,49896.0
VEH_000864,YV1XZH781654847,V60,MHEV,Core,0.0,44800.0,32900.0
VEH_000865,YV1XZF168000803,V60,MHEV,Ultimate,0.0,52864.0,38822.0
VEH_000866,YV1XZD561325766,XC90,PHEV,Plus,18.8,96120.0,69228.0
VEH_000867,YV1XZE446673808,EX90,Pure_EV,Plus,111.0,92880.0,67500.0
VEH_000868,YV1XZC707890457,EC40,Pure_EV,Plus,82.0,57780.0,42984.0
VEH_000869,YV1XZA149330844,XC60,PHEV,Plus,18.8,69660.0,49896.0
VEH_000870,YV1XZH117481970,EX30,Pure_EV,Ultimate,69.0,50150.0,36816.0
VEH_000871,YV1XZH590182620,EX30,Pure_EV,Core,69.0,42500.0,31200.0
VEH_000872,YV1XZD839369897,EX30,Pure_EV,Plus,69.0,45900.0,33696.0
VEH_000873,YV1XZE270700744,EX90,Pure_EV,Ultimate,111.0,101480.0,73750.0
VEH_000874,YV1XZF368853440,EC40,Pure_EV,Core,82.0,53500.0,39800.0
VEH_000875,YV1XZC155606161,EX30,Pure_EV,Plus,69.0,45900.0,33696.0
VEH_000876,YV1XZE879524067,XC60,PHEV,Ultimate,18.8,76110.0,54516.0
VEH_000877,YV1XZG803821904,V60,MHEV,Core,0.0,44800.0,32900.0
VEH_000878,YV1XZB101166414,EX30,Pure_EV,Ultimate,69.0,50150.0,36816.0
VEH_000879,YV1XZB242485313,EX90,Pure_EV,Plus,111.0,92880.0,67500.0
VEH_000880,YV1XZH109971784,XC90,PHEV,Core,18.8,89000.0,64100.0
VEH_000881,YV1XZF977364141,EX30,Pure_EV,Ultimate,69.0,50150.0,36816.0
VEH_000882,YV1XZC612926731,EX30,Pure_EV,Plus,69.0,45900.0,33696.0
VEH_000883,YV1XZG195918514,EX30,Pure_EV,Core,69.0,42500.0,31200.0
VEH_000884,YV1XZB436458586,V60,MHEV,Core,0.0,44800.0,32900.0
VEH_000885,YV1XZC510943598,EC40,Pure_EV,Plus,82.0,57780.0,42984.0
VEH_000886,YV1XZC173456403,EX90,Pure_EV,Ultimate,111.0,101480.0,73750.0
VEH_000887,YV1XZA755325292,XC90,PHEV,Ultimate,18.8,105020.0,75638.0
VEH_000888,YV1XZH477084942,V60,MHEV,Core,0.0,44800.0,32900.0
VEH_000889,YV1XZC542070132,V60,MHEV,Core,0.0,44800.0,32900.0
VEH_000890,YV1XZH333264702,XC90,PHEV,Ultimate,18.8,105020.0,75638.0
VEH_000891,YV1XZC907932366,EX30,Pure_EV,Core,69.0,42500.0,31200.0
VEH_000892,YV1XZG477458516,EX30,Pure_EV,Ultimate,69.0,50150.0,36816.0
VEH_000893,YV1XZC366058599,XC60,PHEV,Plus,18.8,69660.0,49896.0
VEH_000894,YV1XZB366467312,EC40,Pure_EV,Ultimate,82.0,63130.0,46964.0
VEH_000895,YV1XZE936412291,XC90,PHEV,Ultimate,18.8,105020.0,75638.0
VEH_000896,YV1XZE320595661,V60,MHEV,Core,0.0,44800.0,32900.0
VEH_000897,YV1XZD902990996,XC90,PHEV,Ultimate,18.8,105020.0,75638.0
VEH_000898,YV1XZA941600554,XC60,PHEV,Plus,18.8,69660.0,49896.0
VEH_000899,YV1XZG221057584,EX90,Pure_EV,Plus,111.0,92880.0,67500.0
VEH_000900,YV1XZB667243311,EX90,Pure_EV,Plus,111.0,92880.0,67500.0
VEH_000901,YV1XZF241715543,EX30,Pure_EV,Plus,69.0,45900.0,33696.0
VEH_000902,YV1XZG492358645,XC60,PHEV,Ultimate,18.8,76110.0,54516.0
VEH_000903,YV1XZC918970742,XC90,PHEV,Ultimate,18.8,105020.0,75638.0
VEH_000904,YV1XZA730676755,XC60,PHEV,Core,18.8,64500.0,46200.0
VEH_000905,YV1XZE331652222,EX30,Pure_EV,Core,69.0,42500.0,31200.0
VEH_000906,YV1XZG643968992,EX30,Pure_EV,Core,69.0,42500.0,31200.0
VEH_000907,YV1XZG554810443,EC40,Pure_EV,Ultimate,82.0,63130.0,46964.0
VEH_000908,YV1XZB787771674,V60,MHEV,Plus,0.0,48384.0,35532.0
VEH_000909,YV1XZC397928718,XC90,PHEV,Ultimate,18.8,105020.0,75638.0
VEH_000910,YV1XZB649009234,EX30,Pure_EV,Plus,69.0,45900.0,33696.0
VEH_000911,YV1XZF519544755,EX90,Pure_EV,Core,111.0,86000.0,62500.0
VEH_000912,YV1XZB433041955,XC90,PHEV,Ultimate,18.8,105020.0,75638.0
VEH_000913,YV1XZD162176039,V60,MHEV,Plus,0.0,48384.0,35532.0
VEH_000914,YV1XZG224539647,EX90,Pure_EV,Core,111.0,86000.0,62500.0
VEH_000915,YV1XZA432097676,XC60,PHEV,Ultimate,18.8,76110.0,54516.0
VEH_000916,YV1XZC228250953,V60,MHEV,Ultimate,0.0,52864.0,38822.0
VEH_000917,YV1XZC853229478,EX30,Pure_EV,Ultimate,69.0,50150.0,36816.0
VEH_000918,YV1XZH472271797,EX30,Pure_EV,Core,69.0,42500.0,31200.0
VEH_000919,YV1XZE279275105,XC90,PHEV,Ultimate,18.8,105020.0,75638.0
VEH_000920,YV1XZE886983862,EC40,Pure_EV,Core,82.0,53500.0,39800.0
VEH_000921,YV1XZF966625455,EX30,Pure_EV,Core,69.0,42500.0,31200.0
VEH_000922,YV1XZB382340033,XC60,PHEV,Plus,18.8,69660.0,49896.0
VEH_000923,YV1XZB632734398,V60,MHEV,Ultimate,0.0,52864.0,38822.0
VEH_000924,YV1XZF159527291,XC60,PHEV,Ultimate,18.8,76110.0,54516.0
VEH_000925,YV1XZC494801749,XC60,PHEV,Ultimate,18.8,76110.0,54516.0
VEH_000926,YV1XZB716233644,EX90,Pure_EV,Plus,111.0,92880.0,67500.0
VEH_000927,YV1XZB345247378,V60,MHEV,Ultimate,0.0,52864.0,38822.0
VEH_000928,YV1XZA147285340,V60,MHEV,Ultimate,0.0,52864.0,38822.0
VEH_000929,YV1XZA606553372,EX30,Pure_EV,Core,69.0,42500.0,31200.0
VEH_000930,YV1XZC292157835,EC40,Pure_EV,Plus,82.0,57780.0,42984.0
VEH_000931,YV1XZG341071485,EX30,Pure_EV,Ultimate,69.0,50150.0,36816.0
VEH_000932,YV1XZG873403266,EC40,Pure_EV,Core,82.0,53500.0,39800.0
VEH_000933,YV1XZB713682070,EC40,Pure_EV,Plus,82.0,57780.0,42984.0
VEH_000934,YV1XZA292569534,EC40,Pure_EV,Core,82.0,53500.0,39800.0
VEH_000935,YV1XZA530489781,EX90,Pure_EV,Ultimate,111.0,101480.0,73750.0
VEH_000936,YV1XZE930568802,EX30,Pure_EV,Plus,69.0,45900.0,33696.0
VEH_000937,YV1XZB693877361,EC40,Pure_EV,Plus,82.0,57780.0,42984.0
VEH_000938,YV1XZF315469014,XC60,PHEV,Core,18.8,64500.0,46200.0
VEH_000939,YV1XZE894113665,EC40,Pure_EV,Ultimate,82.0,63130.0,46964.0
VEH_000940,YV1XZH495430792,XC90,PHEV,Core,18.8,89000.0,64100.0
VEH_000941,YV1XZD886476517,XC90,PHEV,Plus,18.8,96120.0,69228.0
VEH_000942,YV1XZC106848195,XC90,PHEV,Core,18.8,89000.0,64100.0
VEH_000943,YV1XZD681479730,XC60,PHEV,Core,18.8,64500.0,46200.0
VEH_000944,YV1XZA459722166,EC40,Pure_EV,Ultimate,82.0,63130.0,46964.0
VEH_000945,YV1XZG892510222,EX30,Pure_EV,Ultimate,69.0,50150.0,36816.0
VEH_000946,YV1XZB320325776,V60,MHEV,Plus,0.0,48384.0,35532.0
VEH_000947,YV1XZG628311983,XC90,PHEV,Core,18.8,89000.0,64100.0
VEH_000948,YV1XZE199886596,EX30,Pure_EV,Core,69.0,42500.0,31200.0
VEH_000949,YV1XZG852528635,EX30,Pure_EV,Core,69.0,42500.0,31200.0
VEH_000950,YV1XZB723597716,EC40,Pure_EV,Plus,82.0,57780.0,42984.0
VEH_000951,YV1XZC784205125,EX30,Pure_EV,Ultimate,69.0,50150.0,36816.0
VEH_000952,YV1XZA567059305,XC60,PHEV,Core,18.8,64500.0,46200.0
VEH_000953,YV1XZD413184748,V60,MHEV,Core,0.0,44800.0,32900.0
VEH_000954,YV1XZG852398388,EC40,Pure_EV,Plus,82.0,57780.0,42984.0
VEH_000955,YV1XZF586145040,V60,MHEV,Plus,0.0,48384.0,35532.0
VEH_000956,YV1XZB317661025,EC40,Pure_EV,Core,82.0,53500.0,39800.0
VEH_000957,YV1XZB266870811,EX90,Pure_EV,Ultimate,111.0,101480.0,73750.0
VEH_000958,YV1XZH600422869,EX30,Pure_EV,Core,69.0,42500.0,31200.0
VEH_000959,YV1XZB675444604,EC40,Pure_EV,Plus,82.0,57780.0,42984.0
VEH_000960,YV1XZH431042889,EC40,Pure_EV,Core,82.0,53500.0,39800.0
VEH_000961,YV1XZB197088689,XC60,PHEV,Plus,18.8,69660.0,49896.0
VEH_000962,YV1XZE987325945,EX90,Pure_EV,Ultimate,111.0,101480.0,73750.0
VEH_000963,YV1XZA330876810,V60,MHEV,Ultimate,0.0,52864.0,38822.0
VEH_000964,YV1XZB863599447,EC40,Pure_EV,Core,82.0,53500.0,39800.0
VEH_000965,YV1XZG651323128,EX90,Pure_EV,Plus,111.0,92880.0,67500.0
VEH_000966,YV1XZE379351967,EX30,Pure_EV,Ultimate,69.0,50150.0,36816.0
VEH_000967,YV1XZG585547305,EX90,Pure_EV,Core,111.0,86000.0,62500.0
VEH_000968,YV1XZD201710492,XC90,PHEV,Ultimate,18.8,105020.0,75638.0
VEH_000969,YV1XZC230409444,XC60,PHEV,Core,18.8,64500.0,46200.0
VEH_000970,YV1XZD240354421,EX30,Pure_EV,Core,69.0,42500.0,31200.0
VEH_000971,YV1XZF836893185,EX90,Pure_EV,Plus,111.0,92880.0,67500.0
VEH_000972,YV1XZB725265416,V60,MHEV,Ultimate,0.0,52864.0,38822.0
VEH_000973,YV1XZB123407763,XC90,PHEV,Plus,18.8,96120.0,69228.0
VEH_000974,YV1XZH968977829,EX30,Pure_EV,Core,69.0,42500.0,31200.0
VEH_000975,YV1XZF231563076,EX90,Pure_EV,Core,111.0,86000.0,62500.0
VEH_000976,YV1XZA280377032,EX30,Pure_EV,Plus,69.0,45900.0,33696.0
VEH_000977,YV1XZG632711663,XC90,PHEV,Plus,18.8,96120.0,69228.0
VEH_000978,YV1XZG285550328,EX30,Pure_EV,Plus,69.0,45900.0,33696.0
VEH_000979,YV1XZC395259429,EC40,Pure_EV,Core,82.0,53500.0,39800.0
VEH_000980,YV1XZC137204552,EC40,Pure_EV,Plus,82.0,57780.0,42984.0
VEH_000981,YV1XZD795009888,XC90,PHEV,Ultimate,18.8,105020.0,75638.0
VEH_000982,YV1XZG691297450,EC40,Pure_EV,Plus,82.0,57780.0,42984.0
VEH_000983,YV1XZB400407178,XC60,PHEV,Core,18.8,64500.0,46200.0
VEH_000984,YV1XZG314166184,XC60,PHEV,Core,18.8,64500.0,46200.0
VEH_000985,YV1XZD777267364,V60,MHEV,Ultimate,0.0,52864.0,38822.0
VEH_000986,YV1XZG939575663,XC90,PHEV,Core,18.8,89000.0,64100.0
VEH_000987,YV1XZH684671539,V60,MHEV,Plus,0.0,48384.0,35532.0
VEH_000988,YV1XZF517021222,XC60,PHEV,Plus,18.8,69660.0,49896.0
VEH_000989,YV1XZA442392183,EC40,Pure_EV,Core,82.0,53500.0,39800.0
VEH_000990,YV1XZA970471079,XC90,PHEV,Core,18.8,89000.0,64100.0
VEH_000991,YV1XZH668473595,EC40,Pure_EV,Core,82.0,53500.0,39800.0
VEH_000992,YV1XZD271395839,EC40,Pure_EV,Ultimate,82.0,63130.0,46964.0
VEH_000993,YV1XZD386181187,EX30,Pure_EV,Core,69.0,42500.0,31200.0
VEH_000994,YV1XZA920392140,XC90,PHEV,Ultimate,18.8,105020.0,75638.0
VEH_000995,YV1XZG480968571,EX90,Pure_EV,Ultimate,111.0,101480.0,73750.0
VEH_000996,YV1XZD736212983,EX90,Pure_EV,Core,111.0,86000.0,62500.0
VEH_000997,YV1XZF735185398,EC40,Pure_EV,Ultimate,82.0,63130.0,46964.0
VEH_000998,YV1XZF709511014,EX30,Pure_EV,Ultimate,69.0,50150.0,36816.0
VEH_000999,YV1XZD998396384,XC90,PHEV,Core,18.8,89000.0,64100.0
VEH_001000,YV1XZE288502642,XC60,PHEV,Ultimate,18.8,76110.0,54516.0
VEH_001001,YV1XZB160309911,XC60,PHEV,Core,18.8,64500.0,46200.0
VEH_001002,YV1XZD121397518,EX90,Pure_EV,Ultimate,111.0,101480.0,73750.0
VEH_001003,YV1XZA456196659,XC90,PHEV,Plus,18.8,96120.0,69228.0
VEH_001004,YV1XZC465887237,XC90,PHEV,Core,18.8,89000.0,64100.0
VEH_001005,YV1XZF163947730,V60,MHEV,Core,0.0,44800.0,32900.0
VEH_001006,YV1XZC931469703,EX30,Pure_EV,Core,69.0,42500.0,31200.0
VEH_001007,YV1XZF177880216,EX30,Pure_EV,Ultimate,69.0,50150.0,36816.0
VEH_001008,YV1XZG729230605,EC40,Pure_EV,Ultimate,82.0,63130.0,46964.0
VEH_001009,YV1XZE446392556,EX30,Pure_EV,Plus,69.0,45900.0,33696.0
VEH_001010,YV1XZG950234433,EX90,Pure_EV,Core,111.0,86000.0,62500.0
VEH_001011,YV1XZF287048690,V60,MHEV,Plus,0.0,48384.0,35532.0
VEH_001012,YV1XZF339699130,V60,MHEV,Ultimate,0.0,52864.0,38822.0
VEH_001013,YV1XZC506286844,V60,MHEV,Ultimate,0.0,52864.0,38822.0
VEH_001014,YV1XZE236739271,EC40,Pure_EV,Ultimate,82.0,63130.0,46964.0
VEH_001015,YV1XZA853775825,EX90,Pure_EV,Ultimate,111.0,101480.0,73750.0
VEH_001016,YV1XZA295508799,XC90,PHEV,Plus,18.8,96120.0,69228.0
VEH_001017,YV1XZD786815488,XC90,PHEV,Plus,18.8,96120.0,69228.0
VEH_001018,YV1XZH251014666,XC90,PHEV,Core,18.8,89000.0,64100.0
VEH_001019,YV1XZB355546183,EC40,Pure_EV,Ultimate,82.0,63130.0,46964.0
VEH_001020,YV1XZC783100341,EC40,Pure_EV,Plus,82.0,57780.0,42984.0
VEH_001021,YV1XZF579565240,EX30,Pure_EV,Ultimate,69.0,50150.0,36816.0
VEH_001022,YV1XZD367942460,EX30,Pure_EV,Plus,69.0,45900.0,33696.0
VEH_001023,YV1XZF375584366,V60,MHEV,Core,0.0,44800.0,32900.0
VEH_001024,YV1XZA151697938,EX30,Pure_EV,Ultimate,69.0,50150.0,36816.0
VEH_001025,YV1XZG278604541,XC60,PHEV,Plus,18.8,69660.0,49896.0
VEH_001026,YV1XZG477131597,XC60,PHEV,Plus,18.8,69660.0,49896.0
VEH_001027,YV1XZB989924715,XC90,PHEV,Plus,18.8,96120.0,69228.0
VEH_001028,YV1XZD274651099,XC60,PHEV,Ultimate,18.8,76110.0,54516.0
VEH_001029,YV1XZA416655712,XC60,PHEV,Core,18.8,64500.0,46200.0
VEH_001030,YV1XZE212447665,EX30,Pure_EV,Plus,69.0,45900.0,33696.0
VEH_001031,YV1XZC503144836,EX30,Pure_EV,Plus,69.0,45900.0,33696.0
VEH_001032,YV1XZB687386446,EX90,Pure_EV,Ultimate,111.0,101480.0,73750.0
VEH_001033,YV1XZH856456108,EX30,Pure_EV,Plus,69.0,45900.0,33696.0
VEH_001034,YV1XZC752102334,EX30,Pure_EV,Plus,69.0,45900.0,33696.0
VEH_001035,YV1XZA208724746,XC60,PHEV,Core,18.8,64500.0,46200.0
VEH_001036,YV1XZD539460908,EC40,Pure_EV,Core,82.0,53500.0,39800.0
VEH_001037,YV1XZE809311588,V60,MHEV,Ultimate,0.0,52864.0,38822.0
VEH_001038,YV1XZD202988942,EC40,Pure_EV,Plus,82.0,57780.0,42984.0
VEH_001039,YV1XZH264915937,EX30,Pure_EV,Plus,69.0,45900.0,33696.0
VEH_001040,YV1XZA559138405,EX30,Pure_EV,Plus,69.0,45900.0,33696.0
VEH_001041,YV1XZH314399191,EX30,Pure_EV,Plus,69.0,45900.0,33696.0
VEH_001042,YV1XZD283429671,EX30,Pure_EV,Core,69.0,42500.0,31200.0
VEH_001043,YV1XZB608492614,V60,MHEV,Plus,0.0,48384.0,35532.0
VEH_001044,YV1XZG605672755,EX30,Pure_EV,Plus,69.0,45900.0,33696.0
VEH_001045,YV1XZE197857474,XC60,PHEV,Ultimate,18.8,76110.0,54516.0
VEH_001046,YV1XZG298514700,V60,MHEV,Ultimate,0.0,52864.0,38822.0
VEH_001047,YV1XZF300341906,EC40,Pure_EV,Plus,82.0,57780.0,42984.0
VEH_001048,YV1XZE572167680,XC60,PHEV,Core,18.8,64500.0,46200.0
VEH_001049,YV1XZD998806471,XC60,PHEV,Plus,18.8,69660.0,49896.0
VEH_001050,YV1XZA262275325,EC40,Pure_EV,Ultimate,82.0,63130.0,46964.0
VEH_001051,YV1XZB192027526,V60,MHEV,Ultimate,0.0,52864.0,38822.0
VEH_001052,YV1XZG912239392,V60,MHEV,Plus,0.0,48384.0,35532.0
VEH_001053,YV1XZA515652006,XC90,PHEV,Core,18.8,89000.0,64100.0
VEH_001054,YV1XZH714947283,XC90,PHEV,Plus,18.8,96120.0,69228.0
VEH_001055,YV1XZE184777341,EX90,Pure_EV,Plus,111.0,92880.0,67500.0
VEH_001056,YV1XZA639127345,XC60,PHEV,Ultimate,18.8,76110.0,54516.0
VEH_001057,YV1XZC229151674,XC90,PHEV,Ultimate,18.8,105020.0,75638.0
VEH_001058,YV1XZC327515325,XC60,PHEV,Core,18.8,64500.0,46200.0
VEH_001059,YV1XZA554595339,EX90,Pure_EV,Core,111.0,86000.0,62500.0
VEH_001060,YV1XZG316809172,EX30,Pure_EV,Ultimate,69.0,50150.0,36816.0
VEH_001061,YV1XZE443328397,V60,MHEV,Core,0.0,44800.0,32900.0
VEH_001062,YV1XZB516718295,V60,MHEV,Core,0.0,44800.0,32900.0
VEH_001063,YV1XZF396568375,XC90,PHEV,Plus,18.8,96120.0,69228.0
VEH_001064,YV1XZA944552318,XC90,PHEV,Plus,18.8,96120.0,69228.0
VEH_001065,YV1XZG220816186,V60,MHEV,Ultimate,0.0,52864.0,38822.0
VEH_001066,YV1XZC708375597,XC60,PHEV,Core,18.8,64500.0,46200.0
VEH_001067,YV1XZB213424523,XC90,PHEV,Ultimate,18.8,105020.0,75638.0
VEH_001068,YV1XZE675132064,XC90,PHEV,Core,18.8,89000.0,64100.0
VEH_001069,YV1XZE511289794,EC40,Pure_EV,Plus,82.0,57780.0,42984.0
VEH_001070,YV1XZH140228456,V60,MHEV,Plus,0.0,48384.0,35532.0
VEH_001071,YV1XZG254460628,EX90,Pure_EV,Plus,111.0,92880.0,67500.0
VEH_001072,YV1XZG141642429,XC90,PHEV,Ultimate,18.8,105020.0,75638.0
VEH_001073,YV1XZD152925780,XC60,PHEV,Plus,18.8,69660.0,49896.0
VEH_001074,YV1XZE499905152,V60,MHEV,Plus,0.0,48384.0,35532.0
VEH_001075,YV1XZE433879270,EX30,Pure_EV,Plus,69.0,45900.0,33696.0
VEH_001076,YV1XZB344767409,EC40,Pure_EV,Plus,82.0,57780.0,42984.0
VEH_001077,YV1XZH931109347,EX90,Pure_EV,Plus,111.0,92880.0,67500.0
VEH_001078,YV1XZG749591392,EC40,Pure_EV,Plus,82.0,57780.0,42984.0
VEH_001079,YV1XZD574289591,V60,MHEV,Core,0.0,44800.0,32900.0
VEH_001080,YV1XZH915499713,EX90,Pure_EV,Plus,111.0,92880.0,67500.0
VEH_001081,YV1XZA653266624,XC90,PHEV,Plus,18.8,96120.0,69228.0
VEH_001082,YV1XZE861894343,EX90,Pure_EV,Core,111.0,86000.0,62500.0
VEH_001083,YV1XZC938073130,XC90,PHEV,Plus,18.8,96120.0,69228.0
VEH_001084,YV1XZA286549068,XC90,PHEV,Ultimate,18.8,105020.0,75638.0
VEH_001085,YV1XZA367888133,EX90,Pure_EV,Core,111.0,86000.0,62500.0
VEH_001086,YV1XZA486949792,EX30,Pure_EV,Plus,69.0,45900.0,33696.0
VEH_001087,YV1XZE495514868,V60,MHEV,Core,0.0,44800.0,32900.0
VEH_001088,YV1XZG782266083,XC60,PHEV,Ultimate,18.8,76110.0,54516.0
VEH_001089,YV1XZA359779054,EX30,Pure_EV,Ultimate,69.0,50150.0,36816.0
VEH_001090,YV1XZH290679038,EC40,Pure_EV,Plus,82.0,57780.0,42984.0
VEH_001091,YV1XZF469634556,XC60,PHEV,Ultimate,18.8,76110.0,54516.0
VEH_001092,YV1XZB406090918,EX90,Pure_EV,Plus,111.0,92880.0,67500.0
VEH_001093,YV1XZA274920492,EX30,Pure_EV,Plus,69.0,45900.0,33696.0
VEH_001094,YV1XZD795118868,XC90,PHEV,Core,18.8,89000.0,64100.0
VEH_001095,YV1XZD388926290,EX90,Pure_EV,Ultimate,111.0,101480.0,73750.0
VEH_001096,YV1XZA937844678,V60,MHEV,Plus,0.0,48384.0,35532.0
VEH_001097,YV1XZH242071170,V60,MHEV,Core,0.0,44800.0,32900.0
VEH_001098,YV1XZA340271240,V60,MHEV,Core,0.0,44800.0,32900.0
VEH_001099,YV1XZE865299271,EC40,Pure_EV,Ultimate,82.0,63130.0,46964.0
VEH_001100,YV1XZE555059083,V60,MHEV,Ultimate,0.0,52864.0,38822.0
VEH_001101,YV1XZH370581558,XC60,PHEV,Plus,18.8,69660.0,49896.0
VEH_001102,YV1XZE827133833,EX90,Pure_EV,Plus,111.0,92880.0,67500.0
VEH_001103,YV1XZG727588309,XC90,PHEV,Ultimate,18.8,105020.0,75638.0
VEH_001104,YV1XZF702859986,EX30,Pure_EV,Core,69.0,42500.0,31200.0
VEH_001105,YV1XZE420486085,V60,MHEV,Ultimate,0.0,52864.0,38822.0
VEH_001106,YV1XZH168544512,V60,MHEV,Core,0.0,44800.0,32900.0
VEH_001107,YV1XZF397302928,EC40,Pure_EV,Plus,82.0,57780.0,42984.0
VEH_001108,YV1XZE302250101,EC40,Pure_EV,Ultimate,82.0,63130.0,46964.0
VEH_001109,YV1XZD160961339,EX90,Pure_EV,Ultimate,111.0,101480.0,73750.0
VEH_001110,YV1XZF830955923,XC90,PHEV,Plus,18.8,96120.0,69228.0
VEH_001111,YV1XZA803731001,EX90,Pure_EV,Ultimate,111.0,101480.0,73750.0
VEH_001112,YV1XZE549431487,XC60,PHEV,Plus,18.8,69660.0,49896.0
VEH_001113,YV1XZA726016935,XC60,PHEV,Plus,18.8,69660.0,49896.0
VEH_001114,YV1XZD468472812,V60,MHEV,Ultimate,0.0,52864.0,38822.0
VEH_001115,YV1XZD836928463,V60,MHEV,Ultimate,0.0,52864.0,38822.0
VEH_001116,YV1XZH821413281,XC90,PHEV,Ultimate,18.8,105020.0,75638.0
VEH_001117,YV1XZE282521788,EC40,Pure_EV,Ultimate,82.0,63130.0,46964.0
VEH_001118,YV1XZC415448230,V60,MHEV,Ultimate,0.0,52864.0,38822.0
VEH_001119,YV1XZC895555607,EX30,Pure_EV,Plus,69.0,45900.0,33696.0
VEH_001120,YV1XZC829835592,EC40,Pure_EV,Ultimate,82.0,63130.0,46964.0
VEH_001121,YV1XZB338642889,EC40,Pure_EV,Ultimate,82.0,63130.0,46964.0
VEH_001122,YV1XZE551478978,EC40,Pure_EV,Core,82.0,53500.0,39800.0
VEH_001123,YV1XZE728751749,EC40,Pure_EV,Plus,82.0,57780.0,42984.0
VEH_001124,YV1XZB605234798,EC40,Pure_EV,Plus,82.0,57780.0,42984.0
VEH_001125,YV1XZB607042021,EX30,Pure_EV,Ultimate,69.0,50150.0,36816.0
VEH_001126,YV1XZB830893658,EX90,Pure_EV,Ultimate,111.0,101480.0,73750.0
VEH_001127,YV1XZE543570539,XC60,PHEV,Ultimate,18.8,76110.0,54516.0
VEH_001128,YV1XZC315066828,EX30,Pure_EV,Core,69.0,42500.0,31200.0
VEH_001129,YV1XZH253785761,EC40,Pure_EV,Plus,82.0,57780.0,42984.0
VEH_001130,YV1XZC936381727,EC40,Pure_EV,Ultimate,82.0,63130.0,46964.0
VEH_001131,YV1XZF777566277,EX30,Pure_EV,Plus,69.0,45900.0,33696.0
VEH_001132,YV1XZA105061082,EX90,Pure_EV,Plus,111.0,92880.0,67500.0
VEH_001133,YV1XZD917325063,XC60,PHEV,Plus,18.8,69660.0,49896.0
VEH_001134,YV1XZC625679392,EX90,Pure_EV,Ultimate,111.0,101480.0,73750.0
VEH_001135,YV1XZG780202067,EX30,Pure_EV,Core,69.0,42500.0,31200.0
VEH_001136,YV1XZG612604642,XC60,PHEV,Plus,18.8,69660.0,49896.0
VEH_001137,YV1XZA673144707,XC60,PHEV,Core,18.8,64500.0,46200.0
VEH_001138,YV1XZF115115189,EX90,Pure_EV,Ultimate,111.0,101480.0,73750.0
VEH_001139,YV1XZD119237294,EC40,Pure_EV,Ultimate,82.0,63130.0,46964.0
VEH_001140,YV1XZD342950952,V60,MHEV,Core,0.0,44800.0,32900.0
VEH_001141,YV1XZE238438399,V60,MHEV,Plus,0.0,48384.0,35532.0
VEH_001142,YV1XZE279336562,EX30,Pure_EV,Plus,69.0,45900.0,33696.0
VEH_001143,YV1XZE412273967,EX30,Pure_EV,Core,69.0,42500.0,31200.0
VEH_001144,YV1XZF565644493,XC60,PHEV,Ultimate,18.8,76110.0,54516.0
VEH_001145,YV1XZF626325353,V60,MHEV,Core,0.0,44800.0,32900.0
VEH_001146,YV1XZC971887294,EC40,Pure_EV,Core,82.0,53500.0,39800.0
VEH_001147,YV1XZD340863230,XC60,PHEV,Core,18.8,64500.0,46200.0
VEH_001148,YV1XZD888208775,V60,MHEV,Core,0.0,44800.0,32900.0
VEH_001149,YV1XZC232244172,EX30,Pure_EV,Ultimate,69.0,50150.0,36816.0
VEH_001150,YV1XZA502859804,EC40,Pure_EV,Ultimate,82.0,63130.0,46964.0
VEH_001151,YV1XZA737721108,V60,MHEV,Plus,0.0,48384.0,35532.0
VEH_001152,YV1XZB801762883,EX30,Pure_EV,Ultimate,69.0,50150.0,36816.0
VEH_001153,YV1XZB547509357,EX30,Pure_EV,Core,69.0,42500.0,31200.0
VEH_001154,YV1XZB687639985,XC60,PHEV,Plus,18.8,69660.0,49896.0
VEH_001155,YV1XZC320648482,EC40,Pure_EV,Plus,82.0,57780.0,42984.0
VEH_001156,YV1XZA423321334,V60,MHEV,Ultimate,0.0,52864.0,38822.0
VEH_001157,YV1XZB811335671,XC60,PHEV,Ultimate,18.8,76110.0,54516.0
VEH_001158,YV1XZC549710722,XC90,PHEV,Plus,18.8,96120.0,69228.0
VEH_001159,YV1XZB403554082,EX30,Pure_EV,Ultimate,69.0,50150.0,36816.0
VEH_001160,YV1XZH313295228,EX30,Pure_EV,Core,69.0,42500.0,31200.0
VEH_001161,YV1XZE992815061,XC90,PHEV,Core,18.8,89000.0,64100.0
VEH_001162,YV1XZF855309458,XC90,PHEV,Core,18.8,89000.0,64100.0
VEH_001163,YV1XZC142311558,XC60,PHEV,Plus,18.8,69660.0,49896.0
VEH_001164,YV1XZD838953322,XC90,PHEV,Plus,18.8,96120.0,69228.0
VEH_001165,YV1XZD102939907,XC60,PHEV,Plus,18.8,69660.0,49896.0
VEH_001166,YV1XZB218574293,EX30,Pure_EV,Ultimate,69.0,50150.0,36816.0
VEH_001167,YV1XZH260142678,XC90,PHEV,Ultimate,18.8,105020.0,75638.0
VEH_001168,YV1XZB876920515,EX30,Pure_EV,Ultimate,69.0,50150.0,36816.0
VEH_001169,YV1XZE791851361,V60,MHEV,Core,0.0,44800.0,32900.0
VEH_001170,YV1XZE383602087,EX90,Pure_EV,Plus,111.0,92880.0,67500.0
VEH_001171,YV1XZB973143678,XC60,PHEV,Core,18.8,64500.0,46200.0
VEH_001172,YV1XZE486777550,EX90,Pure_EV,Core,111.0,86000.0,62500.0
VEH_001173,YV1XZG893001503,V60,MHEV,Plus,0.0,48384.0,35532.0
VEH_001174,YV1XZA110385578,EX30,Pure_EV,Core,69.0,42500.0,31200.0
VEH_001175,YV1XZC452896879,EX90,Pure_EV,Ultimate,111.0,101480.0,73750.0
VEH_001176,YV1XZE887125715,EC40,Pure_EV,Plus,82.0,57780.0,42984.0
VEH_001177,YV1XZF296354549,EX30,Pure_EV,Plus,69.0,45900.0,33696.0
VEH_001178,YV1XZG590204687,EX30,Pure_EV,Plus,69.0,45900.0,33696.0
VEH_001179,YV1XZH958885115,EC40,Pure_EV,Plus,82.0,57780.0,42984.0
VEH_001180,YV1XZC221393557,XC60,PHEV,Ultimate,18.8,76110.0,54516.0
VEH_001181,YV1XZA271149511,EX90,Pure_EV,Ultimate,111.0,101480.0,73750.0
VEH_001182,YV1XZH961425250,EX30,Pure_EV,Plus,69.0,45900.0,33696.0
VEH_001183,YV1XZH294627041,XC90,PHEV,Ultimate,18.8,105020.0,75638.0
VEH_001184,YV1XZF756441105,XC90,PHEV,Plus,18.8,96120.0,69228.0
VEH_001185,YV1XZC618702826,EX30,Pure_EV,Ultimate,69.0,50150.0,36816.0
VEH_001186,YV1XZG573185010,XC60,PHEV,Core,18.8,64500.0,46200.0
VEH_001187,YV1XZE803272515,EX30,Pure_EV,Core,69.0,42500.0,31200.0
VEH_001188,YV1XZD819239897,EC40,Pure_EV,Core,82.0,53500.0,39800.0
VEH_001189,YV1XZB564766900,EC40,Pure_EV,Ultimate,82.0,63130.0,46964.0
VEH_001190,YV1XZD617468048,V60,MHEV,Ultimate,0.0,52864.0,38822.0
VEH_001191,YV1XZG259616499,EC40,Pure_EV,Ultimate,82.0,63130.0,46964.0
VEH_001192,YV1XZA112503578,XC90,PHEV,Ultimate,18.8,105020.0,75638.0
VEH_001193,YV1XZH632398698,V60,MHEV,Core,0.0,44800.0,32900.0
VEH_001194,YV1XZH444277942,EX90,Pure_EV,Core,111.0,86000.0,62500.0
VEH_001195,YV1XZE154063666,EX90,Pure_EV,Plus,111.0,92880.0,67500.0
VEH_001196,YV1XZG533015368,XC90,PHEV,Core,18.8,89000.0,64100.0
VEH_001197,YV1XZH576944168,EX90,Pure_EV,Core,111.0,86000.0,62500.0
VEH_001198,YV1XZB635213213,XC90,PHEV,Plus,18.8,96120.0,69228.0
VEH_001199,YV1XZB634050562,XC60,PHEV,Plus,18.8,69660.0,49896.0
VEH_001200,YV1XZA210212429,V60,MHEV,Ultimate,0.0,52864.0,38822.0
VEH_001201,YV1XZA698214865,XC60,PHEV,Plus,18.8,69660.0,49896.0
VEH_001202,YV1XZB950170825,XC90,PHEV,Core,18.8,89000.0,64100.0
VEH_001203,YV1XZE645823493,XC90,PHEV,Ultimate,18.8,105020.0,75638.0
VEH_001204,YV1XZH465989408,XC90,PHEV,Core,18.8,89000.0,64100.0
VEH_001205,YV1XZD587972689,EC40,Pure_EV,Core,82.0,53500.0,39800.0
VEH_001206,YV1XZH869505738,EC40,Pure_EV,Ultimate,82.0,63130.0,46964.0
VEH_001207,YV1XZH222431652,V60,MHEV,Plus,0.0,48384.0,35532.0
VEH_001208,YV1XZD102358958,EX30,Pure_EV,Ultimate,69.0,50150.0,36816.0
VEH_001209,YV1XZE688078280,EC40,Pure_EV,Plus,82.0,57780.0,42984.0
VEH_001210,YV1XZB149153870,XC90,PHEV,Plus,18.8,96120.0,69228.0
VEH_001211,YV1XZC982442542,EX90,Pure_EV,Plus,111.0,92880.0,67500.0
VEH_001212,YV1XZG214849044,V60,MHEV,Ultimate,0.0,52864.0,38822.0
VEH_001213,YV1XZD301373196,EC40,Pure_EV,Ultimate,82.0,63130.0,46964.0
VEH_001214,YV1XZD590749409,EX30,Pure_EV,Plus,69.0,45900.0,33696.0
VEH_001215,YV1XZF215712585,EX90,Pure_EV,Ultimate,111.0,101480.0,73750.0
VEH_001216,YV1XZB929084565,XC60,PHEV,Core,18.8,64500.0,46200.0
VEH_001217,YV1XZC635613177,XC60,PHEV,Plus,18.8,69660.0,49896.0
VEH_001218,YV1XZA694022242,EX30,Pure_EV,Ultimate,69.0,50150.0,36816.0
VEH_001219,YV1XZH645818292,XC60,PHEV,Ultimate,18.8,76110.0,54516.0
VEH_001220,YV1XZC884362665,EX90,Pure_EV,Ultimate,111.0,101480.0,73750.0
VEH_001221,YV1XZG806008664,EX90,Pure_EV,Core,111.0,86000.0,62500.0
VEH_001222,YV1XZF641284117,XC90,PHEV,Ultimate,18.8,105020.0,75638.0
VEH_001223,YV1XZD393771337,XC60,PHEV,Plus,18.8,69660.0,49896.0
VEH_001224,YV1XZE586239368,XC60,PHEV,Plus,18.8,69660.0,49896.0
VEH_001225,YV1XZG746955700,EX90,Pure_EV,Core,111.0,86000.0,62500.0
VEH_001226,YV1XZE853223780,V60,MHEV,Ultimate,0.0,52864.0,38822.0
VEH_001227,YV1XZD315703009,XC90,PHEV,Plus,18.8,96120.0,69228.0
VEH_001228,YV1XZE837243267,EX90,Pure_EV,Ultimate,111.0,101480.0,73750.0
VEH_001229,YV1XZC862782374,EC40,Pure_EV,Ultimate,82.0,63130.0,46964.0
VEH_001230,YV1XZF862735437,V60,MHEV,Core,0.0,44800.0,32900.0
VEH_001231,YV1XZH725783470,EX30,Pure_EV,Plus,69.0,45900.0,33696.0
VEH_001232,YV1XZG823963430,XC90,PHEV,Ultimate,18.8,105020.0,75638.0
VEH_001233,YV1XZE553533911,V60,MHEV,Ultimate,0.0,52864.0,38822.0
VEH_001234,YV1XZB127135757,EX30,Pure_EV,Ultimate,69.0,50150.0,36816.0
VEH_001235,YV1XZA819679947,XC60,PHEV,Core,18.8,64500.0,46200.0
VEH_001236,YV1XZE905505027,EX30,Pure_EV,Core,69.0,42500.0,31200.0
VEH_001237,YV1XZE257226287,EX90,Pure_EV,Plus,111.0,92880.0,67500.0
VEH_001238,YV1XZE319044298,EX30,Pure_EV,Ultimate,69.0,50150.0,36816.0
VEH_001239,YV1XZF974053994,XC90,PHEV,Core,18.8,89000.0,64100.0
VEH_001240,YV1XZD897159606,XC60,PHEV,Core,18.8,64500.0,46200.0
VEH_001241,YV1XZG355116198,V60,MHEV,Ultimate,0.0,52864.0,38822.0
VEH_001242,YV1XZE844034445,XC90,PHEV,Ultimate,18.8,105020.0,75638.0
VEH_001243,YV1XZG516133637,V60,MHEV,Core,0.0,44800.0,32900.0
VEH_001244,YV1XZF692839277,XC60,PHEV,Ultimate,18.8,76110.0,54516.0
VEH_001245,YV1XZE318063243,EX30,Pure_EV,Core,69.0,42500.0,31200.0
VEH_001246,YV1XZD780525215,XC90,PHEV,Plus,18.8,96120.0,69228.0
VEH_001247,YV1XZF910790724,V60,MHEV,Ultimate,0.0,52864.0,38822.0
VEH_001248,YV1XZD933381221,XC90,PHEV,Ultimate,18.8,105020.0,75638.0
VEH_001249,YV1XZE581911354,V60,MHEV,Core,0.0,44800.0,32900.0
VEH_001250,YV1XZB300764570,EX90,Pure_EV,Ultimate,111.0,101480.0,73750.0
VEH_001251,YV1XZB505013519,EX90,Pure_EV,Ultimate,111.0,101480.0,73750.0
VEH_001252,YV1XZE697643222,EX30,Pure_EV,Plus,69.0,45900.0,33696.0
VEH_001253,YV1XZC727050254,EC40,Pure_EV,Core,82.0,53500.0,39800.0
VEH_001254,YV1XZF600719456,EC40,Pure_EV,Core,82.0,53500.0,39800.0
VEH_001255,YV1XZA265037749,V60,MHEV,Core,0.0,44800.0,32900.0
VEH_001256,YV1XZA930712117,EC40,Pure_EV,Ultimate,82.0,63130.0,46964.0
VEH_001257,YV1XZE626725060,V60,MHEV,Ultimate,0.0,52864.0,38822.0
VEH_001258,YV1XZF178255153,XC90,PHEV,Ultimate,18.8,105020.0,75638.0
VEH_001259,YV1XZD297427943,V60,MHEV,Plus,0.0,48384.0,35532.0
VEH_001260,YV1XZC546602768,XC90,PHEV,Core,18.8,89000.0,64100.0
VEH_001261,YV1XZG198725784,XC90,PHEV,Ultimate,18.8,105020.0,75638.0
VEH_001262,YV1XZD812249975,EC40,Pure_EV,Core,82.0,53500.0,39800.0
VEH_001263,YV1XZF415223070,EC40,Pure_EV,Plus,82.0,57780.0,42984.0
VEH_001264,YV1XZH702728525,EX90,Pure_EV,Ultimate,111.0,101480.0,73750.0
VEH_001265,YV1XZB818267208,V60,MHEV,Core,0.0,44800.0,32900.0
VEH_001266,YV1XZD789626099,EC40,Pure_EV,Plus,82.0,57780.0,42984.0
VEH_001267,YV1XZD142817871,XC90,PHEV,Ultimate,18.8,105020.0,75638.0
VEH_001268,YV1XZG954920307,V60,MHEV,Plus,0.0,48384.0,35532.0
VEH_001269,YV1XZE680075399,EX30,Pure_EV,Plus,69.0,45900.0,33696.0
VEH_001270,YV1XZA654982592,V60,MHEV,Plus,0.0,48384.0,35532.0
VEH_001271,YV1XZH622702576,EC40,Pure_EV,Ultimate,82.0,63130.0,46964.0
VEH_001272,YV1XZD443933202,EX30,Pure_EV,Plus,69.0,45900.0,33696.0
VEH_001273,YV1XZB279738803,XC90,PHEV,Core,18.8,89000.0,64100.0
VEH_001274,YV1XZA773164268,XC90,PHEV,Ultimate,18.8,105020.0,75638.0
VEH_001275,YV1XZD835948208,EX30,Pure_EV,Core,69.0,42500.0,31200.0
VEH_001276,YV1XZD677409188,XC60,PHEV,Core,18.8,64500.0,46200.0
VEH_001277,YV1XZG794239754,V60,MHEV,Ultimate,0.0,52864.0,38822.0
VEH_001278,YV1XZC125504528,EX30,Pure_EV,Ultimate,69.0,50150.0,36816.0
VEH_001279,YV1XZF140680121,XC60,PHEV,Ultimate,18.8,76110.0,54516.0
VEH_001280,YV1XZA291117627,EX30,Pure_EV,Core,69.0,42500.0,31200.0
VEH_001281,YV1XZB717361056,EC40,Pure_EV,Ultimate,82.0,63130.0,46964.0
VEH_001282,YV1XZG516646839,EX90,Pure_EV,Plus,111.0,92880.0,67500.0
VEH_001283,YV1XZG564957091,XC60,PHEV,Ultimate,18.8,76110.0,54516.0
VEH_001284,YV1XZG822949013,EC40,Pure_EV,Core,82.0,53500.0,39800.0
VEH_001285,YV1XZA788722430,EX30,Pure_EV,Ultimate,69.0,50150.0,36816.0
VEH_001286,YV1XZB911706504,V60,MHEV,Ultimate,0.0,52864.0,38822.0
VEH_001287,YV1XZA852566344,V60,MHEV,Ultimate,0.0,52864.0,38822.0
VEH_001288,YV1XZB411209672,EX30,Pure_EV,Plus,69.0,45900.0,33696.0
VEH_001289,YV1XZB402277050,V60,MHEV,Plus,0.0,48384.0,35532.0
VEH_001290,YV1XZG982747173,XC60,PHEV,Plus,18.8,69660.0,49896.0
VEH_001291,YV1XZH267851051,V60,MHEV,Core,0.0,44800.0,32900.0
VEH_001292,YV1XZC901820909,XC90,PHEV,Core,18.8,89000.0,64100.0
VEH_001293,YV1XZE780801356,XC60,PHEV,Ultimate,18.8,76110.0,54516.0
VEH_001294,YV1XZF111972445,EX90,Pure_EV,Plus,111.0,92880.0,67500.0
VEH_001295,YV1XZC232322744,XC90,PHEV,Ultimate,18.8,105020.0,75638.0
VEH_001296,YV1XZG676762622,EX30,Pure_EV,Core,69.0,42500.0,31200.0
VEH_001297,YV1XZE325542573,XC90,PHEV,Core,18.8,89000.0,64100.0
VEH_001298,YV1XZF327350811,V60,MHEV,Ultimate,0.0,52864.0,38822.0
VEH_001299,YV1XZC272823429,XC60,PHEV,Ultimate,18.8,76110.0,54516.0
VEH_001300,YV1XZE308656189,EX90,Pure_EV,Core,111.0,86000.0,62500.0
VEH_001301,YV1XZA906425007,EX30,Pure_EV,Core,69.0,42500.0,31200.0
VEH_001302,YV1XZB412085927,XC90,PHEV,Plus,18.8,96120.0,69228.0
VEH_001303,YV1XZE205444031,V60,MHEV,Core,0.0,44800.0,32900.0
VEH_001304,YV1XZH455248480,EX90,Pure_EV,Ultimate,111.0,101480.0,73750.0
VEH_001305,YV1XZD207422565,EC40,Pure_EV,Core,82.0,53500.0,39800.0
VEH_001306,YV1XZB307767506,EC40,Pure_EV,Ultimate,82.0,63130.0,46964.0
VEH_001307,YV1XZH452558912,EC40,Pure_EV,Plus,82.0,57780.0,42984.0
VEH_001308,YV1XZE844594995,XC90,PHEV,Ultimate,18.8,105020.0,75638.0
VEH_001309,YV1XZF967261018,XC90,PHEV,Core,18.8,89000.0,64100.0
VEH_001310,YV1XZC105188198,EC40,Pure_EV,Plus,82.0,57780.0,42984.0
VEH_001311,YV1XZD864717990,EC40,Pure_EV,Core,82.0,53500.0,39800.0
VEH_001312,YV1XZG397082704,V60,MHEV,Ultimate,0.0,52864.0,38822.0
VEH_001313,YV1XZF615346649,EC40,Pure_EV,Core,82.0,53500.0,39800.0
VEH_001314,YV1XZF931899691,XC60,PHEV,Plus,18.8,69660.0,49896.0
VEH_001315,YV1XZB288731774,EC40,Pure_EV,Plus,82.0,57780.0,42984.0
VEH_001316,YV1XZB401309071,V60,MHEV,Ultimate,0.0,52864.0,38822.0
VEH_001317,YV1XZD382646055,EX90,Pure_EV,Ultimate,111.0,101480.0,73750.0
VEH_001318,YV1XZB881067043,V60,MHEV,Ultimate,0.0,52864.0,38822.0
VEH_001319,YV1XZA972568129,EX30,Pure_EV,Core,69.0,42500.0,31200.0
VEH_001320,YV1XZG925922483,XC90,PHEV,Ultimate,18.8,105020.0,75638.0
VEH_001321,YV1XZA692269551,XC90,PHEV,Core,18.8,89000.0,64100.0
VEH_001322,YV1XZH802128517,EC40,Pure_EV,Ultimate,82.0,63130.0,46964.0
VEH_001323,YV1XZG339773681,EX90,Pure_EV,Plus,111.0,92880.0,67500.0
VEH_001324,YV1XZE243753906,XC90,PHEV,Ultimate,18.8,105020.0,75638.0
VEH_001325,YV1XZB526044822,XC60,PHEV,Ultimate,18.8,76110.0,54516.0
VEH_001326,YV1XZA811545609,EC40,Pure_EV,Ultimate,82.0,63130.0,46964.0
VEH_001327,YV1XZC913043828,EX90,Pure_EV,Ultimate,111.0,101480.0,73750.0
VEH_001328,YV1XZH270963770,XC90,PHEV,Core,18.8,89000.0,64100.0
VEH_001329,YV1XZC890187877,EX90,Pure_EV,Ultimate,111.0,101480.0,73750.0
VEH_001330,YV1XZF143400463,V60,MHEV,Plus,0.0,48384.0,35532.0
VEH_001331,YV1XZD167496657,EX90,Pure_EV,Plus,111.0,92880.0,67500.0
VEH_001332,YV1XZD145965208,EC40,Pure_EV,Plus,82.0,57780.0,42984.0
VEH_001333,YV1XZF516711804,V60,MHEV,Core,0.0,44800.0,32900.0
VEH_001334,YV1XZA142847338,XC60,PHEV,Plus,18.8,69660.0,49896.0
VEH_001335,YV1XZB855631043,V60,MHEV,Plus,0.0,48384.0,35532.0
VEH_001336,YV1XZE996437267,XC90,PHEV,Ultimate,18.8,105020.0,75638.0
VEH_001337,YV1XZC504435133,V60,MHEV,Plus,0.0,48384.0,35532.0
VEH_001338,YV1XZF731015334,V60,MHEV,Plus,0.0,48384.0,35532.0
VEH_001339,YV1XZE504079950,V60,MHEV,Core,0.0,44800.0,32900.0
VEH_001340,YV1XZG478921345,EX90,Pure_EV,Ultimate,111.0,101480.0,73750.0
VEH_001341,YV1XZH748766605,EC40,Pure_EV,Plus,82.0,57780.0,42984.0
VEH_001342,YV1XZC572337634,EX30,Pure_EV,Ultimate,69.0,50150.0,36816.0
VEH_001343,YV1XZB652484481,EX90,Pure_EV,Core,111.0,86000.0,62500.0
VEH_001344,YV1XZD261319410,V60,MHEV,Plus,0.0,48384.0,35532.0
VEH_001345,YV1XZF746414349,EX90,Pure_EV,Core,111.0,86000.0,62500.0
VEH_001346,YV1XZD545188049,V60,MHEV,Core,0.0,44800.0,32900.0
VEH_001347,YV1XZB617024564,EC40,Pure_EV,Ultimate,82.0,63130.0,46964.0
VEH_001348,YV1XZH326241647,V60,MHEV,Plus,0.0,48384.0,35532.0
VEH_001349,YV1XZG124101254,XC90,PHEV,Core,18.8,89000.0,64100.0
VEH_001350,YV1XZC715776454,EX90,Pure_EV,Core,111.0,86000.0,62500.0
VEH_001351,YV1XZC775963880,XC90,PHEV,Core,18.8,89000.0,64100.0
VEH_001352,YV1XZC160035062,XC90,PHEV,Core,18.8,89000.0,64100.0
VEH_001353,YV1XZC654738715,EX90,Pure_EV,Plus,111.0,92880.0,67500.0
VEH_001354,YV1XZA872608028,XC60,PHEV,Ultimate,18.8,76110.0,54516.0
VEH_001355,YV1XZE192071758,V60,MHEV,Ultimate,0.0,52864.0,38822.0
VEH_001356,YV1XZH617187507,EX90,Pure_EV,Plus,111.0,92880.0,67500.0
VEH_001357,YV1XZG745145663,EX90,Pure_EV,Core,111.0,86000.0,62500.0
VEH_001358,YV1XZC769168506,EX90,Pure_EV,Ultimate,111.0,101480.0,73750.0
VEH_001359,YV1XZE280089806,V60,MHEV,Ultimate,0.0,52864.0,38822.0
VEH_001360,YV1XZF586909856,V60,MHEV,Ultimate,0.0,52864.0,38822.0
VEH_001361,YV1XZB346760672,XC90,PHEV,Ultimate,18.8,105020.0,75638.0
VEH_001362,YV1XZC216576275,XC60,PHEV,Plus,18.8,69660.0,49896.0
VEH_001363,YV1XZG987462850,EX30,Pure_EV,Core,69.0,42500.0,31200.0
VEH_001364,YV1XZB290505619,EX90,Pure_EV,Ultimate,111.0,101480.0,73750.0
VEH_001365,YV1XZA941672107,XC60,PHEV,Ultimate,18.8,76110.0,54516.0
VEH_001366,YV1XZB200061963,XC90,PHEV,Ultimate,18.8,105020.0,75638.0
VEH_001367,YV1XZC747975975,XC60,PHEV,Ultimate,18.8,76110.0,54516.0
VEH_001368,YV1XZG660540722,XC90,PHEV,Core,18.8,89000.0,64100.0
VEH_001369,YV1XZA849088260,XC60,PHEV,Plus,18.8,69660.0,49896.0
VEH_001370,YV1XZD961463274,XC90,PHEV,Plus,18.8,96120.0,69228.0
VEH_001371,YV1XZF732485566,XC60,PHEV,Plus,18.8,69660.0,49896.0
VEH_001372,YV1XZB556865760,V60,MHEV,Ultimate,0.0,52864.0,38822.0
VEH_001373,YV1XZH922334721,EX90,Pure_EV,Plus,111.0,92880.0,67500.0
VEH_001374,YV1XZE742411514,EX90,Pure_EV,Core,111.0,86000.0,62500.0
VEH_001375,YV1XZE302959775,XC90,PHEV,Plus,18.8,96120.0,69228.0
VEH_001376,YV1XZA720608968,EX30,Pure_EV,Ultimate,69.0,50150.0,36816.0
VEH_001377,YV1XZA502685267,XC90,PHEV,Core,18.8,89000.0,64100.0
VEH_001378,YV1XZF538994061,V60,MHEV,Core,0.0,44800.0,32900.0
VEH_001379,YV1XZC557490881,EC40,Pure_EV,Core,82.0,53500.0,39800.0
VEH_001380,YV1XZE380571840,V60,MHEV,Ultimate,0.0,52864.0,38822.0
VEH_001381,YV1XZF757001875,XC90,PHEV,Plus,18.8,96120.0,69228.0
VEH_001382,YV1XZG910644910,EC40,Pure_EV,Ultimate,82.0,63130.0,46964.0
VEH_001383,YV1XZH291898710,EX90,Pure_EV,Plus,111.0,92880.0,67500.0
VEH_001384,YV1XZH372491666,EC40,Pure_EV,Ultimate,82.0,63130.0,46964.0
VEH_001385,YV1XZF931284997,EC40,Pure_EV,Ultimate,82.0,63130.0,46964.0
VEH_001386,YV1XZC807899575,V60,MHEV,Plus,0.0,48384.0,35532.0
VEH_001387,YV1XZD579527597,EX30,Pure_EV,Ultimate,69.0,50150.0,36816.0
VEH_001388,YV1XZB330272673,V60,MHEV,Core,0.0,44800.0,32900.0
VEH_001389,YV1XZF959910144,XC90,PHEV,Plus,18.8,96120.0,69228.0
VEH_001390,YV1XZA272591127,XC90,PHEV,Ultimate,18.8,105020.0,75638.0
VEH_001391,YV1XZA963685029,XC60,PHEV,Ultimate,18.8,76110.0,54516.0
VEH_001392,YV1XZH744508634,EX30,Pure_EV,Core,69.0,42500.0,31200.0
VEH_001393,YV1XZB382492880,XC60,PHEV,Core,18.8,64500.0,46200.0
VEH_001394,YV1XZB753939761,EX90,Pure_EV,Plus,111.0,92880.0,67500.0
VEH_001395,YV1XZG530189140,EX30,Pure_EV,Ultimate,69.0,50150.0,36816.0
VEH_001396,YV1XZE864080940,XC90,PHEV,Ultimate,18.8,105020.0,75638.0
VEH_001397,YV1XZC787507560,XC90,PHEV,Core,18.8,89000.0,64100.0
VEH_001398,YV1XZA316581500,XC60,PHEV,Plus,18.8,69660.0,49896.0
VEH_001399,YV1XZE309107461,V60,MHEV,Ultimate,0.0,52864.0,38822.0
VEH_001400,YV1XZD760555221,EX30,Pure_EV,Ultimate,69.0,50150.0,36816.0
VEH_001401,YV1XZA486267885,EX90,Pure_EV,Ultimate,111.0,101480.0,73750.0
VEH_001402,YV1XZA269055029,EX90,Pure_EV,Ultimate,111.0,101480.0,73750.0
VEH_001403,YV1XZG479167941,EX30,Pure_EV,Plus,69.0,45900.0,33696.0
VEH_001404,YV1XZG729298787,V60,MHEV,Plus,0.0,48384.0,35532.0
VEH_001405,YV1XZA891267770,EX90,Pure_EV,Ultimate,111.0,101480.0,73750.0
VEH_001406,YV1XZB690120616,V60,MHEV,Core,0.0,44800.0,32900.0
VEH_001407,YV1XZF473098534,EC40,Pure_EV,Ultimate,82.0,63130.0,46964.0
VEH_001408,YV1XZD588293766,EC40,Pure_EV,Core,82.0,53500.0,39800.0
VEH_001409,YV1XZA380362052,XC60,PHEV,Ultimate,18.8,76110.0,54516.0
VEH_001410,YV1XZB699825163,EX90,Pure_EV,Plus,111.0,92880.0,67500.0
VEH_001411,YV1XZE465035599,EX30,Pure_EV,Ultimate,69.0,50150.0,36816.0
VEH_001412,YV1XZE677569362,EX30,Pure_EV,Ultimate,69.0,50150.0,36816.0
VEH_001413,YV1XZH504886868,XC90,PHEV,Plus,18.8,96120.0,69228.0
VEH_001414,YV1XZD913330750,XC90,PHEV,Plus,18.8,96120.0,69228.0
VEH_001415,YV1XZH730100172,EC40,Pure_EV,Plus,82.0,57780.0,42984.0
VEH_001416,YV1XZB376831869,EX30,Pure_EV,Plus,69.0,45900.0,33696.0
VEH_001417,YV1XZD826829775,EX30,Pure_EV,Plus,69.0,45900.0,33696.0
VEH_001418,YV1XZF542839009,V60,MHEV,Core,0.0,44800.0,32900.0
VEH_001419,YV1XZA852498189,EC40,Pure_EV,Ultimate,82.0,63130.0,46964.0
VEH_001420,YV1XZE199868119,EC40,Pure_EV,Core,82.0,53500.0,39800.0
VEH_001421,YV1XZF181635326,XC60,PHEV,Ultimate,18.8,76110.0,54516.0
VEH_001422,YV1XZH437018334,XC90,PHEV,Core,18.8,89000.0,64100.0
VEH_001423,YV1XZE296263306,EC40,Pure_EV,Core,82.0,53500.0,39800.0
VEH_001424,YV1XZD635796460,V60,MHEV,Ultimate,0.0,52864.0,38822.0
VEH_001425,YV1XZD889660946,V60,MHEV,Core,0.0,44800.0,32900.0
VEH_001426,YV1XZD346109712,EX90,Pure_EV,Plus,111.0,92880.0,67500.0
VEH_001427,YV1XZF267498965,EX90,Pure_EV,Core,111.0,86000.0,62500.0
VEH_001428,YV1XZB825647741,EX30,Pure_EV,Core,69.0,42500.0,31200.0
VEH_001429,YV1XZA920600973,V60,MHEV,Plus,0.0,48384.0,35532.0
VEH_001430,YV1XZH498569245,XC90,PHEV,Core,18.8,89000.0,64100.0
VEH_001431,YV1XZH716885481,XC90,PHEV,Plus,18.8,96120.0,69228.0
VEH_001432,YV1XZC920620417,EC40,Pure_EV,Plus,82.0,57780.0,42984.0
VEH_001433,YV1XZG338470307,XC90,PHEV,Plus,18.8,96120.0,69228.0
VEH_001434,YV1XZA664504128,XC90,PHEV,Core,18.8,89000.0,64100.0
VEH_001435,YV1XZA639528648,XC60,PHEV,Plus,18.8,69660.0,49896.0
VEH_001436,YV1XZC590910502,EC40,Pure_EV,Plus,82.0,57780.0,42984.0
VEH_001437,YV1XZH438927967,EX30,Pure_EV,Ultimate,69.0,50150.0,36816.0
VEH_001438,YV1XZA823812653,V60,MHEV,Core,0.0,44800.0,32900.0
VEH_001439,YV1XZB449434459,EX90,Pure_EV,Plus,111.0,92880.0,67500.0
VEH_001440,YV1XZE300953401,EC40,Pure_EV,Ultimate,82.0,63130.0,46964.0
VEH_001441,YV1XZD389274886,XC90,PHEV,Plus,18.8,96120.0,69228.0
VEH_001442,YV1XZF492908067,XC60,PHEV,Ultimate,18.8,76110.0,54516.0
VEH_001443,YV1XZG326057528,EX90,Pure_EV,Plus,111.0,92880.0,67500.0
VEH_001444,YV1XZF491999503,XC60,PHEV,Ultimate,18.8,76110.0,54516.0
VEH_001445,YV1XZH293154584,XC60,PHEV,Plus,18.8,69660.0,49896.0
VEH_001446,YV1XZD974230575,XC90,PHEV,Core,18.8,89000.0,64100.0
VEH_001447,YV1XZE963382466,EX30,Pure_EV,Ultimate,69.0,50150.0,36816.0
VEH_001448,YV1XZG508970423,EX90,Pure_EV,Ultimate,111.0,101480.0,73750.0
VEH_001449,YV1XZC607865951,EX90,Pure_EV,Core,111.0,86000.0,62500.0
VEH_001450,YV1XZG636439085,EX30,Pure_EV,Core,69.0,42500.0,31200.0
VEH_001451,YV1XZF943244821,EX90,Pure_EV,Ultimate,111.0,101480.0,73750.0
VEH_001452,YV1XZE703591560,XC60,PHEV,Plus,18.8,69660.0,49896.0
VEH_001453,YV1XZG206273380,XC90,PHEV,Core,18.8,89000.0,64100.0
VEH_001454,YV1XZA331356272,V60,MHEV,Core,0.0,44800.0,32900.0
VEH_001455,YV1XZB583027931,EC40,Pure_EV,Plus,82.0,57780.0,42984.0
VEH_001456,YV1XZE487580021,V60,MHEV,Plus,0.0,48384.0,35532.0
VEH_001457,YV1XZE469517811,EC40,Pure_EV,Ultimate,82.0,63130.0,46964.0
VEH_001458,YV1XZB476980538,EX30,Pure_EV,Plus,69.0,45900.0,33696.0
VEH_001459,YV1XZD719392003,V60,MHEV,Ultimate,0.0,52864.0,38822.0
VEH_001460,YV1XZC937850514,XC90,PHEV,Ultimate,18.8,105020.0,75638.0
VEH_001461,YV1XZF822835305,EC40,Pure_EV,Plus,82.0,57780.0,42984.0
VEH_001462,YV1XZH184189438,XC90,PHEV,Plus,18.8,96120.0,69228.0
VEH_001463,YV1XZE597950004,XC60,PHEV,Ultimate,18.8,76110.0,54516.0
VEH_001464,YV1XZC787818236,V60,MHEV,Core,0.0,44800.0,32900.0
VEH_001465,YV1XZG176605123,EC40,Pure_EV,Plus,82.0,57780.0,42984.0
VEH_001466,YV1XZF345047145,EX30,Pure_EV,Core,69.0,42500.0,31200.0
VEH_001467,YV1XZE862822145,EC40,Pure_EV,Plus,82.0,57780.0,42984.0
VEH_001468,YV1XZG391250425,EC40,Pure_EV,Ultimate,82.0,63130.0,46964.0
VEH_001469,YV1XZH544517369,XC60,PHEV,Plus,18.8,69660.0,49896.0
VEH_001470,YV1XZA234260583,EX90,Pure_EV,Core,111.0,86000.0,62500.0
VEH_001471,YV1XZE898730065,V60,MHEV,Core,0.0,44800.0,32900.0
VEH_001472,YV1XZB326099417,V60,MHEV,Ultimate,0.0,52864.0,38822.0
VEH_001473,YV1XZB202600029,EX90,Pure_EV,Plus,111.0,92880.0,67500.0
VEH_001474,YV1XZA128309105,EX30,Pure_EV,Plus,69.0,45900.0,33696.0
VEH_001475,YV1XZB211592272,XC60,PHEV,Ultimate,18.8,76110.0,54516.0
VEH_001476,YV1XZC190528528,EC40,Pure_EV,Ultimate,82.0,63130.0,46964.0
VEH_001477,YV1XZE346269087,V60,MHEV,Plus,0.0,48384.0,35532.0
VEH_001478,YV1XZE575839885,EX90,Pure_EV,Ultimate,111.0,101480.0,73750.0
VEH_001479,YV1XZC665585273,V60,MHEV,Core,0.0,44800.0,32900.0
VEH_001480,YV1XZA812480457,EX90,Pure_EV,Core,111.0,86000.0,62500.0
VEH_001481,YV1XZH601645174,EC40,Pure_EV,Plus,82.0,57780.0,42984.0
VEH_001482,YV1XZH245078524,XC90,PHEV,Plus,18.8,96120.0,69228.0
VEH_001483,YV1XZC734399876,V60,MHEV,Ultimate,0.0,52864.0,38822.0
VEH_001484,YV1XZG662060684,XC90,PHEV,Plus,18.8,96120.0,69228.0
VEH_001485,YV1XZE472769123,V60,MHEV,Ultimate,0.0,52864.0,38822.0
VEH_001486,YV1XZD964048388,XC60,PHEV,Ultimate,18.8,76110.0,54516.0
VEH_001487,YV1XZE492756851,EX30,Pure_EV,Plus,69.0,45900.0,33696.0
VEH_001488,YV1XZC425958941,XC60,PHEV,Plus,18.8,69660.0,49896.0
VEH_001489,YV1XZC469243620,EX30,Pure_EV,Core,69.0,42500.0,31200.0
VEH_001490,YV1XZA838487369,EC40,Pure_EV,Plus,82.0,57780.0,42984.0
VEH_001491,YV1XZE109806050,XC60,PHEV,Plus,18.8,69660.0,49896.0
VEH_001492,YV1XZD955522471,XC60,PHEV,Plus,18.8,69660.0,49896.0
VEH_001493,YV1XZF302476546,EX30,Pure_EV,Ultimate,69.0,50150.0,36816.0
VEH_001494,YV1XZG523861817,XC60,PHEV,Ultimate,18.8,76110.0,54516.0
VEH_001495,YV1XZG989516564,EX90,Pure_EV,Core,111.0,86000.0,62500.0
VEH_001496,YV1XZE185050803,XC60,PHEV,Core,18.8,64500.0,46200.0
VEH_001497,YV1XZD654705830,XC60,PHEV,Ultimate,18.8,76110.0,54516.0
VEH_001498,YV1XZE405669440,XC90,PHEV,Ultimate,18.8,105020.0,75638.0
VEH_001499,YV1XZE543352165,V60,MHEV,Ultimate,0.0,52864.0,38822.0
VEH_001500,YV1XZC246698943,EX90,Pure_EV,Core,111.0,86000.0,62500.0
VEH_001501,YV1XZH763281908,EC40,Pure_EV,Core,82.0,53500.0,39800.0
VEH_001502,YV1XZH301637382,XC60,PHEV,Plus,18.8,69660.0,49896.0
VEH_001503,YV1XZC153292024,EC40,Pure_EV,Core,82.0,53500.0,39800.0
VEH_001504,YV1XZC209815321,XC90,PHEV,Core,18.8,89000.0,64100.0
VEH_001505,YV1XZC867935795,EC40,Pure_EV,Plus,82.0,57780.0,42984.0
VEH_001506,YV1XZA349978373,XC60,PHEV,Ultimate,18.8,76110.0,54516.0
VEH_001507,YV1XZA629977010,EX30,Pure_EV,Core,69.0,42500.0,31200.0
VEH_001508,YV1XZG434552915,EX90,Pure_EV,Plus,111.0,92880.0,67500.0
VEH_001509,YV1XZH848328041,XC60,PHEV,Plus,18.8,69660.0,49896.0
VEH_001510,YV1XZB905917946,EX30,Pure_EV,Plus,69.0,45900.0,33696.0
VEH_001511,YV1XZE932850970,EX90,Pure_EV,Core,111.0,86000.0,62500.0
VEH_001512,YV1XZH294995530,XC60,PHEV,Core,18.8,64500.0,46200.0
VEH_001513,YV1XZG989328868,EX90,Pure_EV,Plus,111.0,92880.0,67500.0
VEH_001514,YV1XZD513173592,EX30,Pure_EV,Core,69.0,42500.0,31200.0
VEH_001515,YV1XZA313867761,XC60,PHEV,Core,18.8,64500.0,46200.0
VEH_001516,YV1XZB659568869,XC60,PHEV,Ultimate,18.8,76110.0,54516.0
VEH_001517,YV1XZH517817593,V60,MHEV,Core,0.0,44800.0,32900.0
VEH_001518,YV1XZF270307732,V60,MHEV,Plus,0.0,48384.0,35532.0
VEH_001519,YV1XZA899641923,V60,MHEV,Ultimate,0.0,52864.0,38822.0
VEH_001520,YV1XZB371992483,XC90,PHEV,Ultimate,18.8,105020.0,75638.0
VEH_001521,YV1XZE313377873,XC60,PHEV,Ultimate,18.8,76110.0,54516.0
VEH_001522,YV1XZD221256011,EC40,Pure_EV,Core,82.0,53500.0,39800.0
VEH_001523,YV1XZG448443704,EX90,Pure_EV,Ultimate,111.0,101480.0,73750.0
VEH_001524,YV1XZE727813474,EX30,Pure_EV,Core,69.0,42500.0,31200.0
VEH_001525,YV1XZD109588354,EX30,Pure_EV,Plus,69.0,45900.0,33696.0
VEH_001526,YV1XZH839170893,EX30,Pure_EV,Ultimate,69.0,50150.0,36816.0
VEH_001527,YV1XZF927636977,XC90,PHEV,Core,18.8,89000.0,64100.0
VEH_001528,YV1XZC636784164,EX30,Pure_EV,Core,69.0,42500.0,31200.0
VEH_001529,YV1XZF915571513,EX30,Pure_EV,Ultimate,69.0,50150.0,36816.0
VEH_001530,YV1XZA481734198,V60,MHEV,Core,0.0,44800.0,32900.0
VEH_001531,YV1XZB235106204,V60,MHEV,Core,0.0,44800.0,32900.0
VEH_001532,YV1XZF699524216,XC60,PHEV,Core,18.8,64500.0,46200.0
VEH_001533,YV1XZH887255513,V60,MHEV,Plus,0.0,48384.0,35532.0
VEH_001534,YV1XZG484579421,EX90,Pure_EV,Core,111.0,86000.0,62500.0
VEH_001535,YV1XZE142400500,V60,MHEV,Core,0.0,44800.0,32900.0
VEH_001536,YV1XZH700248296,XC60,PHEV,Ultimate,18.8,76110.0,54516.0
VEH_001537,YV1XZH303770248,EC40,Pure_EV,Ultimate,82.0,63130.0,46964.0
VEH_001538,YV1XZF447549695,XC90,PHEV,Core,18.8,89000.0,64100.0
VEH_001539,YV1XZE992654825,V60,MHEV,Plus,0.0,48384.0,35532.0
VEH_001540,YV1XZC173955669,XC90,PHEV,Ultimate,18.8,105020.0,75638.0
VEH_001541,YV1XZH417476097,XC90,PHEV,Core,18.8,89000.0,64100.0
VEH_001542,YV1XZF587563596,EC40,Pure_EV,Ultimate,82.0,63130.0,46964.0
VEH_001543,YV1XZG887759003,EX30,Pure_EV,Ultimate,69.0,50150.0,36816.0
VEH_001544,YV1XZF933241446,EX90,Pure_EV,Core,111.0,86000.0,62500.0
VEH_001545,YV1XZF874171682,XC90,PHEV,Core,18.8,89000.0,64100.0
VEH_001546,YV1XZG303870775,EX30,Pure_EV,Ultimate,69.0,50150.0,36816.0
VEH_001547,YV1XZH922200725,XC90,PHEV,Ultimate,18.8,105020.0,75638.0
VEH_001548,YV1XZE446389157,XC90,PHEV,Core,18.8,89000.0,64100.0
VEH_001549,YV1XZF218609961,XC60,PHEV,Ultimate,18.8,76110.0,54516.0
VEH_001550,YV1XZB147005473,EX30,Pure_EV,Ultimate,69.0,50150.0,36816.0
VEH_001551,YV1XZA316980704,EX90,Pure_EV,Core,111.0,86000.0,62500.0
VEH_001552,YV1XZD206035856,EX30,Pure_EV,Plus,69.0,45900.0,33696.0
VEH_001553,YV1XZG806437569,EX30,Pure_EV,Ultimate,69.0,50150.0,36816.0
VEH_001554,YV1XZE152705290,XC60,PHEV,Ultimate,18.8,76110.0,54516.0
VEH_001555,YV1XZB114051099,EC40,Pure_EV,Core,82.0,53500.0,39800.0
VEH_001556,YV1XZH993436624,EX90,Pure_EV,Ultimate,111.0,101480.0,73750.0
VEH_001557,YV1XZA487541399,EX30,Pure_EV,Plus,69.0,45900.0,33696.0
VEH_001558,YV1XZG982644252,XC90,PHEV,Ultimate,18.8,105020.0,75638.0
VEH_001559,YV1XZA984379899,EC40,Pure_EV,Ultimate,82.0,63130.0,46964.0
VEH_001560,YV1XZA888448988,XC90,PHEV,Plus,18.8,96120.0,69228.0
VEH_001561,YV1XZB331820924,EX30,Pure_EV,Plus,69.0,45900.0,33696.0
VEH_001562,YV1XZB878647434,XC90,PHEV,Core,18.8,89000.0,64100.0
VEH_001563,YV1XZG303431575,EX90,Pure_EV,Ultimate,111.0,101480.0,73750.0
VEH_001564,YV1XZD712062546,EX90,Pure_EV,Ultimate,111.0,101480.0,73750.0
VEH_001565,YV1XZG901127771,V60,MHEV,Core,0.0,44800.0,32900.0
VEH_001566,YV1XZF824230874,EX30,Pure_EV,Ultimate,69.0,50150.0,36816.0
VEH_001567,YV1XZG211779101,XC60,PHEV,Ultimate,18.8,76110.0,54516.0
VEH_001568,YV1XZG641909751,EX90,Pure_EV,Core,111.0,86000.0,62500.0
VEH_001569,YV1XZC673271266,EC40,Pure_EV,Ultimate,82.0,63130.0,46964.0
VEH_001570,YV1XZF438395096,XC90,PHEV,Plus,18.8,96120.0,69228.0
VEH_001571,YV1XZF542750235,XC90,PHEV,Plus,18.8,96120.0,69228.0
VEH_001572,YV1XZF753278884,V60,MHEV,Plus,0.0,48384.0,35532.0
VEH_001573,YV1XZD502720908,EX90,Pure_EV,Ultimate,111.0,101480.0,73750.0
VEH_001574,YV1XZE486556226,XC90,PHEV,Ultimate,18.8,105020.0,75638.0
VEH_001575,YV1XZG100210054,XC60,PHEV,Plus,18.8,69660.0,49896.0
VEH_001576,YV1XZE739695468,V60,MHEV,Core,0.0,44800.0,32900.0
VEH_001577,YV1XZC424100009,EX30,Pure_EV,Ultimate,69.0,50150.0,36816.0
VEH_001578,YV1XZD330664237,EX30,Pure_EV,Plus,69.0,45900.0,33696.0
VEH_001579,YV1XZE694491286,EC40,Pure_EV,Core,82.0,53500.0,39800.0
VEH_001580,YV1XZC201240032,XC90,PHEV,Ultimate,18.8,105020.0,75638.0
VEH_001581,YV1XZF267618731,EX30,Pure_EV,Plus,69.0,45900.0,33696.0
VEH_001582,YV1XZF725084928,EX90,Pure_EV,Plus,111.0,92880.0,67500.0
VEH_001583,YV1XZE970884334,EX90,Pure_EV,Core,111.0,86000.0,62500.0
VEH_001584,YV1XZG711028819,EC40,Pure_EV,Core,82.0,53500.0,39800.0
VEH_001585,YV1XZB876938677,EX90,Pure_EV,Ultimate,111.0,101480.0,73750.0
VEH_001586,YV1XZC624282788,EC40,Pure_EV,Plus,82.0,57780.0,42984.0
VEH_001587,YV1XZB739124632,V60,MHEV,Ultimate,0.0,52864.0,38822.0
VEH_001588,YV1XZA884679098,V60,MHEV,Plus,0.0,48384.0,35532.0
VEH_001589,YV1XZB937649523,XC90,PHEV,Plus,18.8,96120.0,69228.0
VEH_001590,YV1XZF977399222,EX30,Pure_EV,Plus,69.0,45900.0,33696.0
VEH_001591,YV1XZB927200028,XC60,PHEV,Plus,18.8,69660.0,49896.0
VEH_001592,YV1XZA780631093,EX90,Pure_EV,Ultimate,111.0,101480.0,73750.0
VEH_001593,YV1XZA427258676,V60,MHEV,Plus,0.0,48384.0,35532.0
VEH_001594,YV1XZF679745130,XC90,PHEV,Core,18.8,89000.0,64100.0
VEH_001595,YV1XZF639449617,XC90,PHEV,Core,18.8,89000.0,64100.0
VEH_001596,YV1XZC154245232,V60,MHEV,Core,0.0,44800.0,32900.0
VEH_001597,YV1XZG578476787,V60,MHEV,Ultimate,0.0,52864.0,38822.0
VEH_001598,YV1XZB338462628,XC90,PHEV,Ultimate,18.8,105020.0,75638.0
VEH_001599,YV1XZG258927104,XC60,PHEV,Plus,18.8,69660.0,49896.0
VEH_001600,YV1XZB610945043,EX90,Pure_EV,Plus,111.0,92880.0,67500.0
VEH_001601,YV1XZA688574163,XC90,PHEV,Ultimate,18.8,105020.0,75638.0
VEH_001602,YV1XZB527915151,XC60,PHEV,Plus,18.8,69660.0,49896.0
VEH_001603,YV1XZC918226618,XC90,PHEV,Plus,18.8,96120.0,69228.0
VEH_001604,YV1XZD623836867,EX90,Pure_EV,Plus,111.0,92880.0,67500.0
VEH_001605,YV1XZD702549133,XC60,PHEV,Ultimate,18.8,76110.0,54516.0
VEH_001606,YV1XZD360183853,XC90,PHEV,Ultimate,18.8,105020.0,75638.0
VEH_001607,YV1XZG447260600,EX30,Pure_EV,Plus,69.0,45900.0,33696.0
VEH_001608,YV1XZB220828027,V60,MHEV,Ultimate,0.0,52864.0,38822.0
VEH_001609,YV1XZG492203150,V60,MHEV,Plus,0.0,48384.0,35532.0
VEH_001610,YV1XZF469930807,EC40,Pure_EV,Core,82.0,53500.0,39800.0
VEH_001611,YV1XZA926438998,XC90,PHEV,Ultimate,18.8,105020.0,75638.0
VEH_001612,YV1XZF761662253,EC40,Pure_EV,Core,82.0,53500.0,39800.0
VEH_001613,YV1XZC572944000,XC60,PHEV,Ultimate,18.8,76110.0,54516.0
VEH_001614,YV1XZD835898867,EX30,Pure_EV,Core,69.0,42500.0,31200.0
VEH_001615,YV1XZB220658235,EC40,Pure_EV,Core,82.0,53500.0,39800.0
VEH_001616,YV1XZD766796289,V60,MHEV,Core,0.0,44800.0,32900.0
VEH_001617,YV1XZA468584828,EX90,Pure_EV,Plus,111.0,92880.0,67500.0
VEH_001618,YV1XZE583249931,V60,MHEV,Core,0.0,44800.0,32900.0
VEH_001619,YV1XZF324422284,XC60,PHEV,Core,18.8,64500.0,46200.0
VEH_001620,YV1XZD318830034,V60,MHEV,Ultimate,0.0,52864.0,38822.0
VEH_001621,YV1XZE689269569,XC90,PHEV,Ultimate,18.8,105020.0,75638.0
VEH_001622,YV1XZC846326954,XC60,PHEV,Ultimate,18.8,76110.0,54516.0
VEH_001623,YV1XZA504378331,V60,MHEV,Ultimate,0.0,52864.0,38822.0
VEH_001624,YV1XZA374294163,XC90,PHEV,Ultimate,18.8,105020.0,75638.0
VEH_001625,YV1XZE315495749,EX90,Pure_EV,Core,111.0,86000.0,62500.0
VEH_001626,YV1XZE156999852,V60,MHEV,Ultimate,0.0,52864.0,38822.0
VEH_001627,YV1XZA171508836,XC60,PHEV,Ultimate,18.8,76110.0,54516.0
VEH_001628,YV1XZE811871111,XC60,PHEV,Ultimate,18.8,76110.0,54516.0
VEH_001629,YV1XZB120485196,V60,MHEV,Plus,0.0,48384.0,35532.0
VEH_001630,YV1XZG348215410,EC40,Pure_EV,Ultimate,82.0,63130.0,46964.0
VEH_001631,YV1XZB438718269,XC60,PHEV,Ultimate,18.8,76110.0,54516.0
VEH_001632,YV1XZB300164147,XC60,PHEV,Ultimate,18.8,76110.0,54516.0
VEH_001633,YV1XZH702033662,EX90,Pure_EV,Ultimate,111.0,101480.0,73750.0
VEH_001634,YV1XZA365635280,V60,MHEV,Core,0.0,44800.0,32900.0
VEH_001635,YV1XZF626061386,XC90,PHEV,Plus,18.8,96120.0,69228.0
VEH_001636,YV1XZC119727026,XC60,PHEV,Ultimate,18.8,76110.0,54516.0
VEH_001637,YV1XZF481584364,EC40,Pure_EV,Ultimate,82.0,63130.0,46964.0
VEH_001638,YV1XZD638214657,V60,MHEV,Plus,0.0,48384.0,35532.0
VEH_001639,YV1XZE515721250,EC40,Pure_EV,Core,82.0,53500.0,39800.0
VEH_001640,YV1XZE342217581,EX30,Pure_EV,Ultimate,69.0,50150.0,36816.0
VEH_001641,YV1XZG805375110,EX90,Pure_EV,Plus,111.0,92880.0,67500.0
VEH_001642,YV1XZG659116527,EX90,Pure_EV,Core,111.0,86000.0,62500.0
VEH_001643,YV1XZD548108259,V60,MHEV,Ultimate,0.0,52864.0,38822.0
VEH_001644,YV1XZC557913296,EX90,Pure_EV,Ultimate,111.0,101480.0,73750.0
VEH_001645,YV1XZF582291740,EC40,Pure_EV,Ultimate,82.0,63130.0,46964.0
VEH_001646,YV1XZD800587168,XC90,PHEV,Core,18.8,89000.0,64100.0
VEH_001647,YV1XZD248294102,EX90,Pure_EV,Ultimate,111.0,101480.0,73750.0
VEH_001648,YV1XZC561778017,EC40,Pure_EV,Ultimate,82.0,63130.0,46964.0
VEH_001649,YV1XZC440908961,EX90,Pure_EV,Ultimate,111.0,101480.0,73750.0
VEH_001650,YV1XZB297713683,EX30,Pure_EV,Ultimate,69.0,50150.0,36816.0
VEH_001651,YV1XZA921879587,EC40,Pure_EV,Core,82.0,53500.0,39800.0
VEH_001652,YV1XZG425717549,EC40,Pure_EV,Plus,82.0,57780.0,42984.0
VEH_001653,YV1XZE263162642,XC60,PHEV,Ultimate,18.8,76110.0,54516.0
VEH_001654,YV1XZC298370042,EX90,Pure_EV,Core,111.0,86000.0,62500.0
VEH_001655,YV1XZE750262890,EX30,Pure_EV,Ultimate,69.0,50150.0,36816.0
VEH_001656,YV1XZD740337419,XC90,PHEV,Ultimate,18.8,105020.0,75638.0
VEH_001657,YV1XZA485753927,EX90,Pure_EV,Core,111.0,86000.0,62500.0
VEH_001658,YV1XZH243974416,EX30,Pure_EV,Ultimate,69.0,50150.0,36816.0
VEH_001659,YV1XZH864524716,XC90,PHEV,Ultimate,18.8,105020.0,75638.0
VEH_001660,YV1XZC516032315,V60,MHEV,Plus,0.0,48384.0,35532.0
VEH_001661,YV1XZC275864280,XC60,PHEV,Plus,18.8,69660.0,49896.0
VEH_001662,YV1XZA538719265,EX90,Pure_EV,Core,111.0,86000.0,62500.0
VEH_001663,YV1XZG338965760,EX30,Pure_EV,Plus,69.0,45900.0,33696.0
VEH_001664,YV1XZD913656416,V60,MHEV,Ultimate,0.0,52864.0,38822.0
VEH_001665,YV1XZC571678892,EX90,Pure_EV,Core,111.0,86000.0,62500.0
VEH_001666,YV1XZF591285126,XC90,PHEV,Plus,18.8,96120.0,69228.0
VEH_001667,YV1XZG933454210,EX90,Pure_EV,Plus,111.0,92880.0,67500.0
VEH_001668,YV1XZG873309842,EX30,Pure_EV,Ultimate,69.0,50150.0,36816.0
VEH_001669,YV1XZA659042709,EC40,Pure_EV,Plus,82.0,57780.0,42984.0
VEH_001670,YV1XZH987995334,EX30,Pure_EV,Plus,69.0,45900.0,33696.0
VEH_001671,YV1XZG889382867,EX30,Pure_EV,Core,69.0,42500.0,31200.0
VEH_001672,YV1XZG654186806,EX30,Pure_EV,Ultimate,69.0,50150.0,36816.0
VEH_001673,YV1XZD412651461,V60,MHEV,Core,0.0,44800.0,32900.0
VEH_001674,YV1XZE930729364,XC60,PHEV,Plus,18.8,69660.0,49896.0
VEH_001675,YV1XZC553615317,EC40,Pure_EV,Plus,82.0,57780.0,42984.0
VEH_001676,YV1XZA840831347,EC40,Pure_EV,Ultimate,82.0,63130.0,46964.0
VEH_001677,YV1XZH991091361,XC90,PHEV,Core,18.8,89000.0,64100.0
VEH_001678,YV1XZB875936087,V60,MHEV,Plus,0.0,48384.0,35532.0
VEH_001679,YV1XZC936156197,XC90,PHEV,Core,18.8,89000.0,64100.0
VEH_001680,YV1XZC522052175,XC90,PHEV,Ultimate,18.8,105020.0,75638.0
VEH_001681,YV1XZH126749178,XC60,PHEV,Plus,18.8,69660.0,49896.0
VEH_001682,YV1XZD588212379,EX90,Pure_EV,Plus,111.0,92880.0,67500.0
VEH_001683,YV1XZF842725930,EX30,Pure_EV,Plus,69.0,45900.0,33696.0
VEH_001684,YV1XZC871348981,V60,MHEV,Ultimate,0.0,52864.0,38822.0
VEH_001685,YV1XZB222583664,V60,MHEV,Core,0.0,44800.0,32900.0
VEH_001686,YV1XZF191597206,V60,MHEV,Plus,0.0,48384.0,35532.0
VEH_001687,YV1XZG880474837,XC90,PHEV,Ultimate,18.8,105020.0,75638.0
VEH_001688,YV1XZC506603082,XC90,PHEV,Ultimate,18.8,105020.0,75638.0
VEH_001689,YV1XZA924913247,XC90,PHEV,Plus,18.8,96120.0,69228.0
VEH_001690,YV1XZC274079423,EX90,Pure_EV,Plus,111.0,92880.0,67500.0
VEH_001691,YV1XZA550522411,EX90,Pure_EV,Core,111.0,86000.0,62500.0
VEH_001692,YV1XZH410075739,EC40,Pure_EV,Plus,82.0,57780.0,42984.0
VEH_001693,YV1XZB241273318,V60,MHEV,Core,0.0,44800.0,32900.0
VEH_001694,YV1XZE113107987,EX90,Pure_EV,Core,111.0,86000.0,62500.0
VEH_001695,YV1XZH683579921,XC60,PHEV,Plus,18.8,69660.0,49896.0
VEH_001696,YV1XZH355419939,EX30,Pure_EV,Ultimate,69.0,50150.0,36816.0
VEH_001697,YV1XZH587197988,EX90,Pure_EV,Ultimate,111.0,101480.0,73750.0
VEH_001698,YV1XZB745551372,XC60,PHEV,Plus,18.8,69660.0,49896.0
VEH_001699,YV1XZD687703577,XC90,PHEV,Core,18.8,89000.0,64100.0
VEH_001700,YV1XZD152526165,EC40,Pure_EV,Ultimate,82.0,63130.0,46964.0
VEH_001701,YV1XZA801450705,EX90,Pure_EV,Core,111.0,86000.0,62500.0
VEH_001702,YV1XZC134823688,EC40,Pure_EV,Core,82.0,53500.0,39800.0
VEH_001703,YV1XZE455527819,V60,MHEV,Ultimate,0.0,52864.0,38822.0
VEH_001704,YV1XZB547704086,EX30,Pure_EV,Core,69.0,42500.0,31200.0
VEH_001705,YV1XZE756152630,EX90,Pure_EV,Core,111.0,86000.0,62500.0
VEH_001706,YV1XZC588915267,V60,MHEV,Ultimate,0.0,52864.0,38822.0
VEH_001707,YV1XZF138482956,V60,MHEV,Ultimate,0.0,52864.0,38822.0
VEH_001708,YV1XZF495748400,EX30,Pure_EV,Plus,69.0,45900.0,33696.0
VEH_001709,YV1XZG691063829,XC60,PHEV,Core,18.8,64500.0,46200.0
VEH_001710,YV1XZH244467442,EX30,Pure_EV,Plus,69.0,45900.0,33696.0
VEH_001711,YV1XZE453484964,EX30,Pure_EV,Ultimate,69.0,50150.0,36816.0
VEH_001712,YV1XZD847141233,XC90,PHEV,Plus,18.8,96120.0,69228.0
VEH_001713,YV1XZA217362383,EX90,Pure_EV,Ultimate,111.0,101480.0,73750.0
VEH_001714,YV1XZB619329173,XC90,PHEV,Ultimate,18.8,105020.0,75638.0
VEH_001715,YV1XZE558545314,V60,MHEV,Ultimate,0.0,52864.0,38822.0
VEH_001716,YV1XZE664134530,XC90,PHEV,Plus,18.8,96120.0,69228.0
VEH_001717,YV1XZF239278422,XC90,PHEV,Ultimate,18.8,105020.0,75638.0
VEH_001718,YV1XZH658029852,XC90,PHEV,Ultimate,18.8,105020.0,75638.0
VEH_001719,YV1XZH628822629,V60,MHEV,Ultimate,0.0,52864.0,38822.0
VEH_001720,YV1XZD860839571,EX90,Pure_EV,Ultimate,111.0,101480.0,73750.0
VEH_001721,YV1XZA226923950,EC40,Pure_EV,Core,82.0,53500.0,39800.0
VEH_001722,YV1XZB891850638,EX30,Pure_EV,Plus,69.0,45900.0,33696.0
VEH_001723,YV1XZG544573290,EX90,Pure_EV,Ultimate,111.0,101480.0,73750.0
VEH_001724,YV1XZF701741560,EX30,Pure_EV,Plus,69.0,45900.0,33696.0
VEH_001725,YV1XZA787858676,V60,MHEV,Core,0.0,44800.0,32900.0
VEH_001726,YV1XZE373178728,EX90,Pure_EV,Ultimate,111.0,101480.0,73750.0
VEH_001727,YV1XZE644053844,EX30,Pure_EV,Plus,69.0,45900.0,33696.0
VEH_001728,YV1XZA222231288,XC90,PHEV,Plus,18.8,96120.0,69228.0
VEH_001729,YV1XZF525254727,V60,MHEV,Plus,0.0,48384.0,35532.0
VEH_001730,YV1XZA993399121,V60,MHEV,Ultimate,0.0,52864.0,38822.0
VEH_001731,YV1XZF995313101,EX90,Pure_EV,Core,111.0,86000.0,62500.0
VEH_001732,YV1XZH609490977,EC40,Pure_EV,Ultimate,82.0,63130.0,46964.0
VEH_001733,YV1XZC617001884,EX30,Pure_EV,Ultimate,69.0,50150.0,36816.0
VEH_001734,YV1XZH676564508,EX90,Pure_EV,Ultimate,111.0,101480.0,73750.0
VEH_001735,YV1XZG897344195,EC40,Pure_EV,Plus,82.0,57780.0,42984.0
VEH_001736,YV1XZE706602538,EX30,Pure_EV,Ultimate,69.0,50150.0,36816.0
VEH_001737,YV1XZF696116984,V60,MHEV,Ultimate,0.0,52864.0,38822.0
VEH_001738,YV1XZD719975993,XC90,PHEV,Core,18.8,89000.0,64100.0
VEH_001739,YV1XZF171095709,V60,MHEV,Plus,0.0,48384.0,35532.0
VEH_001740,YV1XZA464162131,EX90,Pure_EV,Plus,111.0,92880.0,67500.0
VEH_001741,YV1XZC713086866,XC60,PHEV,Ultimate,18.8,76110.0,54516.0
VEH_001742,YV1XZC739082402,XC90,PHEV,Plus,18.8,96120.0,69228.0
VEH_001743,YV1XZF862184916,EX30,Pure_EV,Plus,69.0,45900.0,33696.0
VEH_001744,YV1XZG193198413,EX30,Pure_EV,Plus,69.0,45900.0,33696.0
VEH_001745,YV1XZF585230723,XC60,PHEV,Core,18.8,64500.0,46200.0
VEH_001746,YV1XZE287918507,EC40,Pure_EV,Core,82.0,53500.0,39800.0
VEH_001747,YV1XZA935146073,EX30,Pure_EV,Plus,69.0,45900.0,33696.0
VEH_001748,YV1XZH643307666,EX90,Pure_EV,Core,111.0,86000.0,62500.0
VEH_001749,YV1XZC304238238,EX30,Pure_EV,Plus,69.0,45900.0,33696.0
VEH_001750,YV1XZE932722445,EC40,Pure_EV,Plus,82.0,57780.0,42984.0
VEH_001751,YV1XZB982764505,EC40,Pure_EV,Core,82.0,53500.0,39800.0
VEH_001752,YV1XZC320317979,XC90,PHEV,Ultimate,18.8,105020.0,75638.0
VEH_001753,YV1XZH516169674,V60,MHEV,Core,0.0,44800.0,32900.0
VEH_001754,YV1XZB104412943,V60,MHEV,Ultimate,0.0,52864.0,38822.0
VEH_001755,YV1XZB457867151,EC40,Pure_EV,Core,82.0,53500.0,39800.0
VEH_001756,YV1XZB658966058,XC60,PHEV,Core,18.8,64500.0,46200.0
VEH_001757,YV1XZE124137992,V60,MHEV,Ultimate,0.0,52864.0,38822.0
VEH_001758,YV1XZD444542674,XC90,PHEV,Plus,18.8,96120.0,69228.0
VEH_001759,YV1XZE397050178,EX90,Pure_EV,Core,111.0,86000.0,62500.0
VEH_001760,YV1XZH820613955,XC90,PHEV,Plus,18.8,96120.0,69228.0
VEH_001761,YV1XZC269110063,EX30,Pure_EV,Plus,69.0,45900.0,33696.0
VEH_001762,YV1XZA768882058,EC40,Pure_EV,Core,82.0,53500.0,39800.0
VEH_001763,YV1XZB321810768,XC90,PHEV,Ultimate,18.8,105020.0,75638.0
VEH_001764,YV1XZF391039983,XC90,PHEV,Plus,18.8,96120.0,69228.0
VEH_001765,YV1XZE716416868,EX90,Pure_EV,Ultimate,111.0,101480.0,73750.0
VEH_001766,YV1XZB434339109,EX90,Pure_EV,Core,111.0,86000.0,62500.0
VEH_001767,YV1XZH154466824,XC90,PHEV,Plus,18.8,96120.0,69228.0
VEH_001768,YV1XZH825308245,EX90,Pure_EV,Core,111.0,86000.0,62500.0
VEH_001769,YV1XZG157767179,EX30,Pure_EV,Core,69.0,42500.0,31200.0
VEH_001770,YV1XZG292181526,EX30,Pure_EV,Plus,69.0,45900.0,33696.0
VEH_001771,YV1XZH761763552,V60,MHEV,Ultimate,0.0,52864.0,38822.0
VEH_001772,YV1XZF977721640,EC40,Pure_EV,Plus,82.0,57780.0,42984.0
VEH_001773,YV1XZB911472797,EX90,Pure_EV,Ultimate,111.0,101480.0,73750.0
VEH_001774,YV1XZC199767978,XC60,PHEV,Ultimate,18.8,76110.0,54516.0
VEH_001775,YV1XZB589179779,V60,MHEV,Plus,0.0,48384.0,35532.0
VEH_001776,YV1XZH605244785,EC40,Pure_EV,Ultimate,82.0,63130.0,46964.0
VEH_001777,YV1XZC762436526,EX90,Pure_EV,Core,111.0,86000.0,62500.0
VEH_001778,YV1XZG296873862,EC40,Pure_EV,Plus,82.0,57780.0,42984.0
VEH_001779,YV1XZF946944681,V60,MHEV,Ultimate,0.0,52864.0,38822.0
VEH_001780,YV1XZH132495867,EC40,Pure_EV,Plus,82.0,57780.0,42984.0
VEH_001781,YV1XZB477356707,EX30,Pure_EV,Plus,69.0,45900.0,33696.0
VEH_001782,YV1XZC403071541,XC60,PHEV,Plus,18.8,69660.0,49896.0
VEH_001783,YV1XZC645406800,EC40,Pure_EV,Ultimate,82.0,63130.0,46964.0
VEH_001784,YV1XZB449899956,EX30,Pure_EV,Plus,69.0,45900.0,33696.0
VEH_001785,YV1XZB950866243,XC90,PHEV,Ultimate,18.8,105020.0,75638.0
VEH_001786,YV1XZH530373413,EC40,Pure_EV,Ultimate,82.0,63130.0,46964.0
VEH_001787,YV1XZD766659283,XC90,PHEV,Plus,18.8,96120.0,69228.0
VEH_001788,YV1XZC617945843,EX90,Pure_EV,Ultimate,111.0,101480.0,73750.0
VEH_001789,YV1XZF323594003,XC60,PHEV,Core,18.8,64500.0,46200.0
VEH_001790,YV1XZG942150718,V60,MHEV,Ultimate,0.0,52864.0,38822.0
VEH_001791,YV1XZF684681287,XC60,PHEV,Ultimate,18.8,76110.0,54516.0
VEH_001792,YV1XZC811474491,V60,MHEV,Core,0.0,44800.0,32900.0
VEH_001793,YV1XZH222753236,V60,MHEV,Core,0.0,44800.0,32900.0
VEH_001794,YV1XZH449372065,XC90,PHEV,Ultimate,18.8,105020.0,75638.0
VEH_001795,YV1XZH289165396,XC90,PHEV,Core,18.8,89000.0,64100.0
VEH_001796,YV1XZB742375910,EC40,Pure_EV,Plus,82.0,57780.0,42984.0
VEH_001797,YV1XZG451551922,EX30,Pure_EV,Ultimate,69.0,50150.0,36816.0
VEH_001798,YV1XZA197209076,XC60,PHEV,Ultimate,18.8,76110.0,54516.0
VEH_001799,YV1XZA912906014,EX90,Pure_EV,Core,111.0,86000.0,62500.0
VEH_001800,YV1XZC586377578,EX90,Pure_EV,Ultimate,111.0,101480.0,73750.0
VEH_001801,YV1XZG760965579,XC90,PHEV,Plus,18.8,96120.0,69228.0
VEH_001802,YV1XZD320827549,XC90,PHEV,Plus,18.8,96120.0,69228.0
VEH_001803,YV1XZE712329631,V60,MHEV,Plus,0.0,48384.0,35532.0
VEH_001804,YV1XZG870722451,V60,MHEV,Plus,0.0,48384.0,35532.0
VEH_001805,YV1XZA756583196,EC40,Pure_EV,Core,82.0,53500.0,39800.0
VEH_001806,YV1XZC415878379,XC90,PHEV,Plus,18.8,96120.0,69228.0
VEH_001807,YV1XZA100905503,EX30,Pure_EV,Plus,69.0,45900.0,33696.0
VEH_001808,YV1XZF217787669,V60,MHEV,Ultimate,0.0,52864.0,38822.0
VEH_001809,YV1XZD563550988,EC40,Pure_EV,Core,82.0,53500.0,39800.0
VEH_001810,YV1XZG771318744,V60,MHEV,Ultimate,0.0,52864.0,38822.0
VEH_001811,YV1XZG535974242,EC40,Pure_EV,Ultimate,82.0,63130.0,46964.0
VEH_001812,YV1XZD811340600,XC60,PHEV,Plus,18.8,69660.0,49896.0
VEH_001813,YV1XZC302107025,EX90,Pure_EV,Plus,111.0,92880.0,67500.0
VEH_001814,YV1XZF548003203,XC90,PHEV,Plus,18.8,96120.0,69228.0
VEH_001815,YV1XZC244179313,EX90,Pure_EV,Plus,111.0,92880.0,67500.0
VEH_001816,YV1XZA254614401,EX30,Pure_EV,Core,69.0,42500.0,31200.0
VEH_001817,YV1XZG245788098,V60,MHEV,Plus,0.0,48384.0,35532.0
VEH_001818,YV1XZG589657032,EX30,Pure_EV,Core,69.0,42500.0,31200.0
VEH_001819,YV1XZG769207967,V60,MHEV,Ultimate,0.0,52864.0,38822.0
VEH_001820,YV1XZG692759204,EX90,Pure_EV,Plus,111.0,92880.0,67500.0
VEH_001821,YV1XZF342387465,XC60,PHEV,Plus,18.8,69660.0,49896.0
VEH_001822,YV1XZA720556736,EX90,Pure_EV,Plus,111.0,92880.0,67500.0
VEH_001823,YV1XZD864643763,XC60,PHEV,Ultimate,18.8,76110.0,54516.0
VEH_001824,YV1XZG686441554,XC90,PHEV,Plus,18.8,96120.0,69228.0
VEH_001825,YV1XZA140657269,XC90,PHEV,Plus,18.8,96120.0,69228.0
VEH_001826,YV1XZF221509314,XC90,PHEV,Plus,18.8,96120.0,69228.0
VEH_001827,YV1XZB252565264,XC90,PHEV,Plus,18.8,96120.0,69228.0
VEH_001828,YV1XZE599221581,V60,MHEV,Ultimate,0.0,52864.0,38822.0
VEH_001829,YV1XZB363315107,XC90,PHEV,Core,18.8,89000.0,64100.0
VEH_001830,YV1XZB834518883,XC60,PHEV,Ultimate,18.8,76110.0,54516.0
VEH_001831,YV1XZE758245742,V60,MHEV,Ultimate,0.0,52864.0,38822.0
VEH_001832,YV1XZA603444049,EX30,Pure_EV,Plus,69.0,45900.0,33696.0
VEH_001833,YV1XZH716290544,XC60,PHEV,Ultimate,18.8,76110.0,54516.0
VEH_001834,YV1XZG478939097,V60,MHEV,Plus,0.0,48384.0,35532.0
VEH_001835,YV1XZC137931259,EC40,Pure_EV,Plus,82.0,57780.0,42984.0
VEH_001836,YV1XZE880579928,V60,MHEV,Ultimate,0.0,52864.0,38822.0
VEH_001837,YV1XZA775705787,XC90,PHEV,Plus,18.8,96120.0,69228.0
VEH_001838,YV1XZC715103737,XC60,PHEV,Ultimate,18.8,76110.0,54516.0
VEH_001839,YV1XZE968545231,EX30,Pure_EV,Ultimate,69.0,50150.0,36816.0
VEH_001840,YV1XZA407965966,V60,MHEV,Ultimate,0.0,52864.0,38822.0
VEH_001841,YV1XZC642879692,XC60,PHEV,Core,18.8,64500.0,46200.0
VEH_001842,YV1XZE242312411,EX30,Pure_EV,Plus,69.0,45900.0,33696.0
VEH_001843,YV1XZE375904108,XC90,PHEV,Plus,18.8,96120.0,69228.0
VEH_001844,YV1XZB748348443,EX30,Pure_EV,Ultimate,69.0,50150.0,36816.0
VEH_001845,YV1XZC807762976,EX90,Pure_EV,Ultimate,111.0,101480.0,73750.0
VEH_001846,YV1XZC380517824,XC60,PHEV,Plus,18.8,69660.0,49896.0
VEH_001847,YV1XZH294142387,V60,MHEV,Core,0.0,44800.0,32900.0
VEH_001848,YV1XZF190625378,XC90,PHEV,Core,18.8,89000.0,64100.0
VEH_001849,YV1XZC999381416,EX90,Pure_EV,Ultimate,111.0,101480.0,73750.0
VEH_001850,YV1XZG355494114,XC60,PHEV,Plus,18.8,69660.0,49896.0
VEH_001851,YV1XZC326405706,V60,MHEV,Plus,0.0,48384.0,35532.0
VEH_001852,YV1XZF158331864,XC90,PHEV,Ultimate,18.8,105020.0,75638.0
VEH_001853,YV1XZB156396358,V60,MHEV,Plus,0.0,48384.0,35532.0
VEH_001854,YV1XZG611350152,EX90,Pure_EV,Plus,111.0,92880.0,67500.0
VEH_001855,YV1XZD507807998,EC40,Pure_EV,Plus,82.0,57780.0,42984.0
VEH_001856,YV1XZG609586681,V60,MHEV,Ultimate,0.0,52864.0,38822.0
VEH_001857,YV1XZG112737840,EC40,Pure_EV,Core,82.0,53500.0,39800.0
VEH_001858,YV1XZG828526750,EC40,Pure_EV,Plus,82.0,57780.0,42984.0
VEH_001859,YV1XZA204544138,EC40,Pure_EV,Ultimate,82.0,63130.0,46964.0
VEH_001860,YV1XZF563626557,XC90,PHEV,Ultimate,18.8,105020.0,75638.0
VEH_001861,YV1XZE459668515,XC90,PHEV,Ultimate,18.8,105020.0,75638.0
VEH_001862,YV1XZB374173441,EC40,Pure_EV,Plus,82.0,57780.0,42984.0
VEH_001863,YV1XZG595111580,V60,MHEV,Ultimate,0.0,52864.0,38822.0
VEH_001864,YV1XZD888463067,V60,MHEV,Ultimate,0.0,52864.0,38822.0
VEH_001865,YV1XZD658294552,V60,MHEV,Ultimate,0.0,52864.0,38822.0
VEH_001866,YV1XZC436370919,EC40,Pure_EV,Ultimate,82.0,63130.0,46964.0
VEH_001867,YV1XZA993019801,XC90,PHEV,Core,18.8,89000.0,64100.0
VEH_001868,YV1XZG204903246,EX30,Pure_EV,Core,69.0,42500.0,31200.0
VEH_001869,YV1XZH477437882,XC90,PHEV,Core,18.8,89000.0,64100.0
VEH_001870,YV1XZE370471388,EX90,Pure_EV,Ultimate,111.0,101480.0,73750.0
VEH_001871,YV1XZA765072705,EX90,Pure_EV,Core,111.0,86000.0,62500.0
VEH_001872,YV1XZD743584714,EX30,Pure_EV,Core,69.0,42500.0,31200.0
VEH_001873,YV1XZB192756659,V60,MHEV,Core,0.0,44800.0,32900.0
VEH_001874,YV1XZG804798365,XC90,PHEV,Core,18.8,89000.0,64100.0
VEH_001875,YV1XZC219019007,V60,MHEV,Ultimate,0.0,52864.0,38822.0
VEH_001876,YV1XZE416290643,V60,MHEV,Core,0.0,44800.0,32900.0
VEH_001877,YV1XZB785885348,XC60,PHEV,Ultimate,18.8,76110.0,54516.0
VEH_001878,YV1XZG843267161,XC60,PHEV,Plus,18.8,69660.0,49896.0
VEH_001879,YV1XZE273909699,V60,MHEV,Plus,0.0,48384.0,35532.0
VEH_001880,YV1XZA511027302,EX30,Pure_EV,Plus,69.0,45900.0,33696.0
VEH_001881,YV1XZA377281586,XC60,PHEV,Plus,18.8,69660.0,49896.0
VEH_001882,YV1XZH174516050,EC40,Pure_EV,Core,82.0,53500.0,39800.0
VEH_001883,YV1XZG291600816,XC60,PHEV,Core,18.8,64500.0,46200.0
VEH_001884,YV1XZB254482024,V60,MHEV,Plus,0.0,48384.0,35532.0
VEH_001885,YV1XZD759241286,XC90,PHEV,Plus,18.8,96120.0,69228.0
VEH_001886,YV1XZH868155245,V60,MHEV,Core,0.0,44800.0,32900.0
VEH_001887,YV1XZA178296722,EC40,Pure_EV,Core,82.0,53500.0,39800.0
VEH_001888,YV1XZE934552051,EX30,Pure_EV,Ultimate,69.0,50150.0,36816.0
VEH_001889,YV1XZH259831058,XC60,PHEV,Core,18.8,64500.0,46200.0
VEH_001890,YV1XZA140625696,V60,MHEV,Ultimate,0.0,52864.0,38822.0
VEH_001891,YV1XZE262787284,V60,MHEV,Plus,0.0,48384.0,35532.0
VEH_001892,YV1XZG717015275,V60,MHEV,Plus,0.0,48384.0,35532.0
VEH_001893,YV1XZH613398300,EX30,Pure_EV,Ultimate,69.0,50150.0,36816.0
VEH_001894,YV1XZB679958795,XC60,PHEV,Plus,18.8,69660.0,49896.0
VEH_001895,YV1XZG840088692,EX90,Pure_EV,Core,111.0,86000.0,62500.0
VEH_001896,YV1XZF458028166,XC60,PHEV,Core,18.8,64500.0,46200.0
VEH_001897,YV1XZG159264825,V60,MHEV,Plus,0.0,48384.0,35532.0
VEH_001898,YV1XZB492297332,V60,MHEV,Ultimate,0.0,52864.0,38822.0
VEH_001899,YV1XZB593533996,XC90,PHEV,Plus,18.8,96120.0,69228.0
VEH_001900,YV1XZD289642463,EC40,Pure_EV,Ultimate,82.0,63130.0,46964.0
VEH_001901,YV1XZG809457825,XC90,PHEV,Core,18.8,89000.0,64100.0
VEH_001902,YV1XZG214641286,EX90,Pure_EV,Plus,111.0,92880.0,67500.0
VEH_001903,YV1XZF622379207,V60,MHEV,Ultimate,0.0,52864.0,38822.0
VEH_001904,YV1XZH889548331,EX30,Pure_EV,Ultimate,69.0,50150.0,36816.0
VEH_001905,YV1XZA307331729,EX90,Pure_EV,Core,111.0,86000.0,62500.0
VEH_001906,YV1XZD625309452,EX30,Pure_EV,Ultimate,69.0,50150.0,36816.0
VEH_001907,YV1XZE636531772,XC60,PHEV,Core,18.8,64500.0,46200.0
VEH_001908,YV1XZA139774278,XC90,PHEV,Plus,18.8,96120.0,69228.0
VEH_001909,YV1XZF945870756,EC40,Pure_EV,Core,82.0,53500.0,39800.0
VEH_001910,YV1XZG226902446,V60,MHEV,Core,0.0,44800.0,32900.0
VEH_001911,YV1XZH828080516,EX90,Pure_EV,Ultimate,111.0,101480.0,73750.0
VEH_001912,YV1XZD177345357,XC90,PHEV,Core,18.8,89000.0,64100.0
VEH_001913,YV1XZC624946696,EX30,Pure_EV,Ultimate,69.0,50150.0,36816.0
VEH_001914,YV1XZH763971973,V60,MHEV,Core,0.0,44800.0,32900.0
VEH_001915,YV1XZC115424523,EX30,Pure_EV,Core,69.0,42500.0,31200.0
VEH_001916,YV1XZA430000948,EX90,Pure_EV,Ultimate,111.0,101480.0,73750.0
VEH_001917,YV1XZC996952545,EX30,Pure_EV,Plus,69.0,45900.0,33696.0
VEH_001918,YV1XZB222599500,XC90,PHEV,Core,18.8,89000.0,64100.0
VEH_001919,YV1XZD167763965,XC60,PHEV,Ultimate,18.8,76110.0,54516.0
VEH_001920,YV1XZF971364069,EX90,Pure_EV,Plus,111.0,92880.0,67500.0
VEH_001921,YV1XZG448144622,V60,MHEV,Ultimate,0.0,52864.0,38822.0
VEH_001922,YV1XZC445304509,EX30,Pure_EV,Ultimate,69.0,50150.0,36816.0
VEH_001923,YV1XZC460244389,EX90,Pure_EV,Core,111.0,86000.0,62500.0
VEH_001924,YV1XZE251651862,EX30,Pure_EV,Core,69.0,42500.0,31200.0
VEH_001925,YV1XZF694217027,XC60,PHEV,Core,18.8,64500.0,46200.0
VEH_001926,YV1XZD724902501,EX90,Pure_EV,Plus,111.0,92880.0,67500.0
VEH_001927,YV1XZB949385932,EX30,Pure_EV,Core,69.0,42500.0,31200.0
VEH_001928,YV1XZG935007826,V60,MHEV,Ultimate,0.0,52864.0,38822.0
VEH_001929,YV1XZH186675240,EX90,Pure_EV,Core,111.0,86000.0,62500.0
VEH_001930,YV1XZC195714674,EX30,Pure_EV,Core,69.0,42500.0,31200.0
VEH_001931,YV1XZE546915228,V60,MHEV,Ultimate,0.0,52864.0,38822.0
VEH_001932,YV1XZC321362854,V60,MHEV,Plus,0.0,48384.0,35532.0
VEH_001933,YV1XZE661660243,EX90,Pure_EV,Ultimate,111.0,101480.0,73750.0
VEH_001934,YV1XZD287420491,XC60,PHEV,Plus,18.8,69660.0,49896.0
VEH_001935,YV1XZA740242156,XC90,PHEV,Ultimate,18.8,105020.0,75638.0
VEH_001936,YV1XZH757183487,EX90,Pure_EV,Ultimate,111.0,101480.0,73750.0
VEH_001937,YV1XZE473504921,EX30,Pure_EV,Ultimate,69.0,50150.0,36816.0
VEH_001938,YV1XZD306054135,XC60,PHEV,Core,18.8,64500.0,46200.0
VEH_001939,YV1XZB764561301,EX30,Pure_EV,Ultimate,69.0,50150.0,36816.0
VEH_001940,YV1XZD598448142,EC40,Pure_EV,Ultimate,82.0,63130.0,46964.0
VEH_001941,YV1XZD396810789,V60,MHEV,Ultimate,0.0,52864.0,38822.0
VEH_001942,YV1XZB955356664,EX30,Pure_EV,Core,69.0,42500.0,31200.0
VEH_001943,YV1XZH634202492,EX90,Pure_EV,Ultimate,111.0,101480.0,73750.0
VEH_001944,YV1XZA158011705,EX90,Pure_EV,Core,111.0,86000.0,62500.0
VEH_001945,YV1XZE325045286,V60,MHEV,Plus,0.0,48384.0,35532.0
VEH_001946,YV1XZF762304734,XC60,PHEV,Plus,18.8,69660.0,49896.0
VEH_001947,YV1XZB895016576,XC60,PHEV,Core,18.8,64500.0,46200.0
VEH_001948,YV1XZC269700183,EX30,Pure_EV,Ultimate,69.0,50150.0,36816.0
VEH_001949,YV1XZB176084801,EX30,Pure_EV,Plus,69.0,45900.0,33696.0
VEH_001950,YV1XZH736413935,EX90,Pure_EV,Ultimate,111.0,101480.0,73750.0
VEH_001951,YV1XZG313407685,XC90,PHEV,Plus,18.8,96120.0,69228.0
VEH_001952,YV1XZF347028515,V60,MHEV,Ultimate,0.0,52864.0,38822.0
VEH_001953,YV1XZD205295567,EX30,Pure_EV,Plus,69.0,45900.0,33696.0
VEH_001954,YV1XZG314700940,EX90,Pure_EV,Ultimate,111.0,101480.0,73750.0
VEH_001955,YV1XZB605721937,XC60,PHEV,Core,18.8,64500.0,46200.0
VEH_001956,YV1XZA568006548,XC90,PHEV,Plus,18.8,96120.0,69228.0
VEH_001957,YV1XZH291191291,EX90,Pure_EV,Core,111.0,86000.0,62500.0
VEH_001958,YV1XZC591494788,XC60,PHEV,Plus,18.8,69660.0,49896.0
VEH_001959,YV1XZF389582299,V60,MHEV,Core,0.0,44800.0,32900.0
VEH_001960,YV1XZC134461310,EX90,Pure_EV,Plus,111.0,92880.0,67500.0
VEH_001961,YV1XZA401296420,V60,MHEV,Ultimate,0.0,52864.0,38822.0
VEH_001962,YV1XZH592395371,EX90,Pure_EV,Core,111.0,86000.0,62500.0
VEH_001963,YV1XZF336065965,XC60,PHEV,Core,18.8,64500.0,46200.0
VEH_001964,YV1XZC947769596,EC40,Pure_EV,Ultimate,82.0,63130.0,46964.0
VEH_001965,YV1XZC720753175,V60,MHEV,Ultimate,0.0,52864.0,38822.0
VEH_001966,YV1XZB542055365,XC90,PHEV,Core,18.8,89000.0,64100.0
VEH_001967,YV1XZD735205122,XC90,PHEV,Plus,18.8,96120.0,69228.0
VEH_001968,YV1XZE115573397,XC60,PHEV,Plus,18.8,69660.0,49896.0
VEH_001969,YV1XZD366106987,V60,MHEV,Plus,0.0,48384.0,35532.0
VEH_001970,YV1XZD735409949,EC40,Pure_EV,Plus,82.0,57780.0,42984.0
VEH_001971,YV1XZA548579110,EX90,Pure_EV,Ultimate,111.0,101480.0,73750.0
VEH_001972,YV1XZH887564180,EX30,Pure_EV,Core,69.0,42500.0,31200.0
VEH_001973,YV1XZG670287614,XC90,PHEV,Core,18.8,89000.0,64100.0
VEH_001974,YV1XZB585805219,XC60,PHEV,Plus,18.8,69660.0,49896.0
VEH_001975,YV1XZB699670808,XC60,PHEV,Core,18.8,64500.0,46200.0
VEH_001976,YV1XZG334082685,EX30,Pure_EV,Ultimate,69.0,50150.0,36816.0
VEH_001977,YV1XZE356691289,EX90,Pure_EV,Plus,111.0,92880.0,67500.0
VEH_001978,YV1XZA615163018,V60,MHEV,Core,0.0,44800.0,32900.0
VEH_001979,YV1XZC855167444,V60,MHEV,Plus,0.0,48384.0,35532.0
VEH_001980,YV1XZA588381587,XC60,PHEV,Ultimate,18.8,76110.0,54516.0
VEH_001981,YV1XZG298583968,XC60,PHEV,Core,18.8,64500.0,46200.0
VEH_001982,YV1XZH855809082,EC40,Pure_EV,Ultimate,82.0,63130.0,46964.0
VEH_001983,YV1XZB513260967,V60,MHEV,Core,0.0,44800.0,32900.0
VEH_001984,YV1XZA418461071,V60,MHEV,Plus,0.0,48384.0,35532.0
VEH_001985,YV1XZD945777677,XC60,PHEV,Plus,18.8,69660.0,49896.0
VEH_001986,YV1XZF890017125,V60,MHEV,Core,0.0,44800.0,32900.0
VEH_001987,YV1XZF155364901,EX30,Pure_EV,Ultimate,69.0,50150.0,36816.0
VEH_001988,YV1XZF599668842,EX30,Pure_EV,Plus,69.0,45900.0,33696.0
VEH_001989,YV1XZF493454438,XC90,PHEV,Core,18.8,89000.0,64100.0
VEH_001990,YV1XZB702109541,EX90,Pure_EV,Ultimate,111.0,101480.0,73750.0
VEH_001991,YV1XZC459628007,V60,MHEV,Core,0.0,44800.0,32900.0
VEH_001992,YV1XZB796899673,EX90,Pure_EV,Ultimate,111.0,101480.0,73750.0
VEH_001993,YV1XZD908713884,XC60,PHEV,Ultimate,18.8,76110.0,54516.0
VEH_001994,YV1XZF478721270,V60,MHEV,Core,0.0,44800.0,32900.0
VEH_001995,YV1XZG397582542,EC40,Pure_EV,Ultimate,82.0,63130.0,46964.0
VEH_001996,YV1XZF470684221,EX30,Pure_EV,Core,69.0,42500.0,31200.0
VEH_001997,YV1XZB604834590,XC60,PHEV,Plus,18.8,69660.0,49896.0
VEH_001998,YV1XZE585308092,V60,MHEV,Ultimate,0.0,52864.0,38822.0
VEH_001999,YV1XZB302243117,XC90,PHEV,Plus,18.8,96120.0,69228.0
VEH_002000,YV1XZB519492143,XC60,PHEV,Core,18.8,64500.0,46200.0
VEH_002001,YV1XZB217429693,EX90,Pure_EV,Plus,111.0,92880.0,67500.0
VEH_002002,YV1XZB848486223,EX90,Pure_EV,Plus,111.0,92880.0,67500.0
VEH_002003,YV1XZC319318381,EX90,Pure_EV,Plus,111.0,92880.0,67500.0
VEH_002004,YV1XZA414788293,XC90,PHEV,Ultimate,18.8,105020.0,75638.0
VEH_002005,YV1XZC608851530,XC60,PHEV,Ultimate,18.8,76110.0,54516.0
VEH_002006,YV1XZH892109271,EC40,Pure_EV,Plus,82.0,57780.0,42984.0
VEH_002007,YV1XZE303002339,V60,MHEV,Core,0.0,44800.0,32900.0
VEH_002008,YV1XZD996518070,EX30,Pure_EV,Core,69.0,42500.0,31200.0
VEH_002009,YV1XZF542050628,XC90,PHEV,Ultimate,18.8,105020.0,75638.0
VEH_002010,YV1XZF621997861,XC90,PHEV,Plus,18.8,96120.0,69228.0
VEH_002011,YV1XZH591781368,XC90,PHEV,Ultimate,18.8,105020.0,75638.0
VEH_002012,YV1XZC947556242,EC40,Pure_EV,Ultimate,82.0,63130.0,46964.0
VEH_002013,YV1XZE343505251,EC40,Pure_EV,Core,82.0,53500.0,39800.0
VEH_002014,YV1XZE926512485,XC60,PHEV,Plus,18.8,69660.0,49896.0
VEH_002015,YV1XZF405352880,EX30,Pure_EV,Core,69.0,42500.0,31200.0
VEH_002016,YV1XZC864302503,XC60,PHEV,Core,18.8,64500.0,46200.0
VEH_002017,YV1XZC288290663,XC90,PHEV,Plus,18.8,96120.0,69228.0
VEH_002018,YV1XZC273145929,V60,MHEV,Ultimate,0.0,52864.0,38822.0
VEH_002019,YV1XZA439974407,EX90,Pure_EV,Core,111.0,86000.0,62500.0
VEH_002020,YV1XZH379610097,XC90,PHEV,Core,18.8,89000.0,64100.0
VEH_002021,YV1XZD703966077,EC40,Pure_EV,Core,82.0,53500.0,39800.0
VEH_002022,YV1XZF469202923,V60,MHEV,Core,0.0,44800.0,32900.0
VEH_002023,YV1XZH679677338,EX90,Pure_EV,Plus,111.0,92880.0,67500.0
VEH_002024,YV1XZE230448918,EX90,Pure_EV,Ultimate,111.0,101480.0,73750.0
VEH_002025,YV1XZH925190102,EX30,Pure_EV,Plus,69.0,45900.0,33696.0
VEH_002026,YV1XZF267560926,EX90,Pure_EV,Plus,111.0,92880.0,67500.0
VEH_002027,YV1XZF794972902,EX30,Pure_EV,Ultimate,69.0,50150.0,36816.0
VEH_002028,YV1XZH411199562,V60,MHEV,Plus,0.0,48384.0,35532.0
VEH_002029,YV1XZC958538383,XC90,PHEV,Ultimate,18.8,105020.0,75638.0
VEH_002030,YV1XZH463659637,XC90,PHEV,Ultimate,18.8,105020.0,75638.0
VEH_002031,YV1XZH143036559,V60,MHEV,Core,0.0,44800.0,32900.0
VEH_002032,YV1XZB430800749,EX90,Pure_EV,Ultimate,111.0,101480.0,73750.0
VEH_002033,YV1XZD578859534,EX30,Pure_EV,Plus,69.0,45900.0,33696.0
VEH_002034,YV1XZF159091919,EC40,Pure_EV,Core,82.0,53500.0,39800.0
VEH_002035,YV1XZD726454737,XC90,PHEV,Ultimate,18.8,105020.0,75638.0
VEH_002036,YV1XZE310148111,XC90,PHEV,Core,18.8,89000.0,64100.0
VEH_002037,YV1XZH826991279,EX30,Pure_EV,Core,69.0,42500.0,31200.0
VEH_002038,YV1XZG308789137,V60,MHEV,Core,0.0,44800.0,32900.0
VEH_002039,YV1XZA815934958,XC60,PHEV,Plus,18.8,69660.0,49896.0
VEH_002040,YV1XZC868760242,EC40,Pure_EV,Plus,82.0,57780.0,42984.0
VEH_002041,YV1XZG500324401,XC60,PHEV,Plus,18.8,69660.0,49896.0
VEH_002042,YV1XZF477264595,EX30,Pure_EV,Plus,69.0,45900.0,33696.0
VEH_002043,YV1XZB331600910,EC40,Pure_EV,Plus,82.0,57780.0,42984.0
VEH_002044,YV1XZG962950738,V60,MHEV,Plus,0.0,48384.0,35532.0
VEH_002045,YV1XZC965084562,XC60,PHEV,Plus,18.8,69660.0,49896.0
VEH_002046,YV1XZG249859658,V60,MHEV,Plus,0.0,48384.0,35532.0
VEH_002047,YV1XZB254231505,XC90,PHEV,Ultimate,18.8,105020.0,75638.0
VEH_002048,YV1XZH664037702,EX90,Pure_EV,Plus,111.0,92880.0,67500.0
VEH_002049,YV1XZG194970622,EC40,Pure_EV,Core,82.0,53500.0,39800.0
VEH_002050,YV1XZE545081036,EX30,Pure_EV,Plus,69.0,45900.0,33696.0
VEH_002051,YV1XZH862621919,EX90,Pure_EV,Ultimate,111.0,101480.0,73750.0
VEH_002052,YV1XZD299722870,XC90,PHEV,Core,18.8,89000.0,64100.0
VEH_002053,YV1XZH145347243,XC60,PHEV,Plus,18.8,69660.0,49896.0
VEH_002054,YV1XZE630536354,EC40,Pure_EV,Ultimate,82.0,63130.0,46964.0
VEH_002055,YV1XZH341076755,XC90,PHEV,Ultimate,18.8,105020.0,75638.0
VEH_002056,YV1XZC382047307,EX30,Pure_EV,Core,69.0,42500.0,31200.0
VEH_002057,YV1XZH233333957,EC40,Pure_EV,Ultimate,82.0,63130.0,46964.0
VEH_002058,YV1XZE547918677,V60,MHEV,Ultimate,0.0,52864.0,38822.0
VEH_002059,YV1XZD130539998,EX90,Pure_EV,Plus,111.0,92880.0,67500.0
VEH_002060,YV1XZH171645238,EX30,Pure_EV,Plus,69.0,45900.0,33696.0
VEH_002061,YV1XZF723914616,XC90,PHEV,Ultimate,18.8,105020.0,75638.0
VEH_002062,YV1XZG376930400,XC60,PHEV,Ultimate,18.8,76110.0,54516.0
VEH_002063,YV1XZH845439994,V60,MHEV,Ultimate,0.0,52864.0,38822.0
VEH_002064,YV1XZA378675934,EX30,Pure_EV,Plus,69.0,45900.0,33696.0
VEH_002065,YV1XZA256913540,EX90,Pure_EV,Ultimate,111.0,101480.0,73750.0
VEH_002066,YV1XZC483739723,EC40,Pure_EV,Plus,82.0,57780.0,42984.0
VEH_002067,YV1XZE487796299,EX90,Pure_EV,Core,111.0,86000.0,62500.0
VEH_002068,YV1XZF152307230,XC60,PHEV,Ultimate,18.8,76110.0,54516.0
VEH_002069,YV1XZB651759949,EC40,Pure_EV,Plus,82.0,57780.0,42984.0
VEH_002070,YV1XZC921078969,EX90,Pure_EV,Ultimate,111.0,101480.0,73750.0
VEH_002071,YV1XZC683806675,EX30,Pure_EV,Ultimate,69.0,50150.0,36816.0
VEH_002072,YV1XZE391476850,EC40,Pure_EV,Plus,82.0,57780.0,42984.0
VEH_002073,YV1XZF202900339,V60,MHEV,Ultimate,0.0,52864.0,38822.0
VEH_002074,YV1XZF984027553,XC90,PHEV,Ultimate,18.8,105020.0,75638.0
VEH_002075,YV1XZC656381604,EX90,Pure_EV,Core,111.0,86000.0,62500.0
VEH_002076,YV1XZH542375728,EC40,Pure_EV,Plus,82.0,57780.0,42984.0
VEH_002077,YV1XZB333942807,EC40,Pure_EV,Core,82.0,53500.0,39800.0
VEH_002078,YV1XZD992895309,EX90,Pure_EV,Ultimate,111.0,101480.0,73750.0
VEH_002079,YV1XZB548122132,EX90,Pure_EV,Ultimate,111.0,101480.0,73750.0
VEH_002080,YV1XZB979227852,XC60,PHEV,Core,18.8,64500.0,46200.0
VEH_002081,YV1XZH473887547,EX90,Pure_EV,Core,111.0,86000.0,62500.0
VEH_002082,YV1XZF249265120,EC40,Pure_EV,Ultimate,82.0,63130.0,46964.0
VEH_002083,YV1XZF284906027,XC60,PHEV,Ultimate,18.8,76110.0,54516.0
VEH_002084,YV1XZA899358066,V60,MHEV,Plus,0.0,48384.0,35532.0
VEH_002085,YV1XZC845439079,EX30,Pure_EV,Core,69.0,42500.0,31200.0
VEH_002086,YV1XZD430098648,EX90,Pure_EV,Ultimate,111.0,101480.0,73750.0
VEH_002087,YV1XZC184401435,EX90,Pure_EV,Core,111.0,86000.0,62500.0
VEH_002088,YV1XZB183467647,XC60,PHEV,Ultimate,18.8,76110.0,54516.0
VEH_002089,YV1XZG145652216,EX30,Pure_EV,Plus,69.0,45900.0,33696.0
VEH_002090,YV1XZA951536517,EX90,Pure_EV,Core,111.0,86000.0,62500.0
VEH_002091,YV1XZA603673335,V60,MHEV,Ultimate,0.0,52864.0,38822.0
VEH_002092,YV1XZA171132564,EX30,Pure_EV,Plus,69.0,45900.0,33696.0
VEH_002093,YV1XZA910192189,EC40,Pure_EV,Ultimate,82.0,63130.0,46964.0
VEH_002094,YV1XZD730933965,EX30,Pure_EV,Core,69.0,42500.0,31200.0
VEH_002095,YV1XZF131416738,EX90,Pure_EV,Core,111.0,86000.0,62500.0
VEH_002096,YV1XZE722503273,EX30,Pure_EV,Core,69.0,42500.0,31200.0
VEH_002097,YV1XZC637552108,EC40,Pure_EV,Plus,82.0,57780.0,42984.0
VEH_002098,YV1XZD642142157,V60,MHEV,Ultimate,0.0,52864.0,38822.0
VEH_002099,YV1XZB980024307,XC90,PHEV,Core,18.8,89000.0,64100.0
VEH_002100,YV1XZD868596889,XC90,PHEV,Core,18.8,89000.0,64100.0
VEH_002101,YV1XZC909620527,EX90,Pure_EV,Plus,111.0,92880.0,67500.0
VEH_002102,YV1XZB329797269,XC90,PHEV,Core,18.8,89000.0,64100.0
VEH_002103,YV1XZH493486679,XC90,PHEV,Ultimate,18.8,105020.0,75638.0
VEH_002104,YV1XZC572087589,V60,MHEV,Ultimate,0.0,52864.0,38822.0
VEH_002105,YV1XZC996297562,V60,MHEV,Core,0.0,44800.0,32900.0
VEH_002106,YV1XZG330074958,EC40,Pure_EV,Plus,82.0,57780.0,42984.0
VEH_002107,YV1XZG221166907,XC90,PHEV,Core,18.8,89000.0,64100.0
VEH_002108,YV1XZH218451078,EC40,Pure_EV,Core,82.0,53500.0,39800.0
VEH_002109,YV1XZH918485133,XC90,PHEV,Core,18.8,89000.0,64100.0
VEH_002110,YV1XZE698216060,EC40,Pure_EV,Ultimate,82.0,63130.0,46964.0
VEH_002111,YV1XZB452311239,V60,MHEV,Core,0.0,44800.0,32900.0
VEH_002112,YV1XZG404525471,XC60,PHEV,Core,18.8,64500.0,46200.0
VEH_002113,YV1XZE837710623,XC60,PHEV,Ultimate,18.8,76110.0,54516.0
VEH_002114,YV1XZG412017904,XC60,PHEV,Core,18.8,64500.0,46200.0
VEH_002115,YV1XZB961609527,XC60,PHEV,Core,18.8,64500.0,46200.0
VEH_002116,YV1XZF292518998,XC60,PHEV,Ultimate,18.8,76110.0,54516.0
VEH_002117,YV1XZH821657025,EX30,Pure_EV,Ultimate,69.0,50150.0,36816.0
VEH_002118,YV1XZH661204449,EX30,Pure_EV,Plus,69.0,45900.0,33696.0
VEH_002119,YV1XZB228009184,V60,MHEV,Ultimate,0.0,52864.0,38822.0
VEH_002120,YV1XZG846290420,EX90,Pure_EV,Plus,111.0,92880.0,67500.0
VEH_002121,YV1XZC169482279,XC90,PHEV,Core,18.8,89000.0,64100.0
VEH_002122,YV1XZF315031290,EC40,Pure_EV,Core,82.0,53500.0,39800.0
VEH_002123,YV1XZB350041868,XC90,PHEV,Plus,18.8,96120.0,69228.0
VEH_002124,YV1XZH399056778,XC60,PHEV,Ultimate,18.8,76110.0,54516.0
VEH_002125,YV1XZE912074097,V60,MHEV,Ultimate,0.0,52864.0,38822.0
VEH_002126,YV1XZF610914579,V60,MHEV,Plus,0.0,48384.0,35532.0
VEH_002127,YV1XZG620263193,V60,MHEV,Ultimate,0.0,52864.0,38822.0
VEH_002128,YV1XZC924633240,XC90,PHEV,Plus,18.8,96120.0,69228.0
VEH_002129,YV1XZB369176186,XC60,PHEV,Core,18.8,64500.0,46200.0
VEH_002130,YV1XZD774708255,XC60,PHEV,Plus,18.8,69660.0,49896.0
VEH_002131,YV1XZB892204952,EX90,Pure_EV,Core,111.0,86000.0,62500.0
VEH_002132,YV1XZH828112320,EX30,Pure_EV,Core,69.0,42500.0,31200.0
VEH_002133,YV1XZG749167041,EX30,Pure_EV,Core,69.0,42500.0,31200.0
VEH_002134,YV1XZC425078141,V60,MHEV,Plus,0.0,48384.0,35532.0
VEH_002135,YV1XZB916227875,XC90,PHEV,Ultimate,18.8,105020.0,75638.0
VEH_002136,YV1XZH951188873,EX30,Pure_EV,Ultimate,69.0,50150.0,36816.0
VEH_002137,YV1XZE810917196,XC60,PHEV,Core,18.8,64500.0,46200.0
VEH_002138,YV1XZE682438493,XC60,PHEV,Plus,18.8,69660.0,49896.0
VEH_002139,YV1XZA920301073,EC40,Pure_EV,Ultimate,82.0,63130.0,46964.0
VEH_002140,YV1XZB511919441,EX30,Pure_EV,Plus,69.0,45900.0,33696.0
VEH_002141,YV1XZG575191040,XC60,PHEV,Plus,18.8,69660.0,49896.0
VEH_002142,YV1XZA289911827,XC60,PHEV,Core,18.8,64500.0,46200.0
VEH_002143,YV1XZE858125303,XC90,PHEV,Ultimate,18.8,105020.0,75638.0
VEH_002144,YV1XZG244405651,EX90,Pure_EV,Plus,111.0,92880.0,67500.0
VEH_002145,YV1XZG623400737,EC40,Pure_EV,Ultimate,82.0,63130.0,46964.0
VEH_002146,YV1XZH808753985,EX30,Pure_EV,Ultimate,69.0,50150.0,36816.0
VEH_002147,YV1XZH611005607,XC90,PHEV,Ultimate,18.8,105020.0,75638.0
VEH_002148,YV1XZA520246255,XC90,PHEV,Core,18.8,89000.0,64100.0
VEH_002149,YV1XZG762433935,EC40,Pure_EV,Plus,82.0,57780.0,42984.0
VEH_002150,YV1XZE444115773,V60,MHEV,Plus,0.0,48384.0,35532.0
VEH_002151,YV1XZA237651619,EX30,Pure_EV,Core,69.0,42500.0,31200.0
VEH_002152,YV1XZA921620818,EC40,Pure_EV,Plus,82.0,57780.0,42984.0
VEH_002153,YV1XZG204528821,V60,MHEV,Plus,0.0,48384.0,35532.0
VEH_002154,YV1XZF542306042,XC60,PHEV,Plus,18.8,69660.0,49896.0
VEH_002155,YV1XZD365873433,EC40,Pure_EV,Core,82.0,53500.0,39800.0
VEH_002156,YV1XZE736226035,EX90,Pure_EV,Ultimate,111.0,101480.0,73750.0
VEH_002157,YV1XZB427397259,EX30,Pure_EV,Ultimate,69.0,50150.0,36816.0
VEH_002158,YV1XZC121165586,EX30,Pure_EV,Plus,69.0,45900.0,33696.0
VEH_002159,YV1XZA594897685,XC90,PHEV,Plus,18.8,96120.0,69228.0
VEH_002160,YV1XZG386279849,V60,MHEV,Plus,0.0,48384.0,35532.0
VEH_002161,YV1XZH731348637,EX30,Pure_EV,Ultimate,69.0,50150.0,36816.0
VEH_002162,YV1XZG712412455,EX30,Pure_EV,Plus,69.0,45900.0,33696.0
VEH_002163,YV1XZB967934041,XC60,PHEV,Plus,18.8,69660.0,49896.0
VEH_002164,YV1XZD460742313,XC60,PHEV,Core,18.8,64500.0,46200.0
VEH_002165,YV1XZF278914614,XC60,PHEV,Ultimate,18.8,76110.0,54516.0
VEH_002166,YV1XZF568141917,XC90,PHEV,Plus,18.8,96120.0,69228.0
VEH_002167,YV1XZB675347404,EX90,Pure_EV,Plus,111.0,92880.0,67500.0
VEH_002168,YV1XZE151036409,EX90,Pure_EV,Plus,111.0,92880.0,67500.0
VEH_002169,YV1XZG963935915,EC40,Pure_EV,Ultimate,82.0,63130.0,46964.0
VEH_002170,YV1XZB870631850,EX90,Pure_EV,Ultimate,111.0,101480.0,73750.0
VEH_002171,YV1XZF393523362,XC90,PHEV,Core,18.8,89000.0,64100.0
VEH_002172,YV1XZH558601461,EX30,Pure_EV,Ultimate,69.0,50150.0,36816.0
VEH_002173,YV1XZB799582326,EX90,Pure_EV,Plus,111.0,92880.0,67500.0
VEH_002174,YV1XZE564834095,EC40,Pure_EV,Ultimate,82.0,63130.0,46964.0
VEH_002175,YV1XZF314831026,V60,MHEV,Ultimate,0.0,52864.0,38822.0
VEH_002176,YV1XZE771049849,XC60,PHEV,Plus,18.8,69660.0,49896.0
VEH_002177,YV1XZC119975163,XC90,PHEV,Plus,18.8,96120.0,69228.0
VEH_002178,YV1XZC719380774,V60,MHEV,Ultimate,0.0,52864.0,38822.0
VEH_002179,YV1XZH387694035,XC60,PHEV,Core,18.8,64500.0,46200.0
VEH_002180,YV1XZG707862900,V60,MHEV,Ultimate,0.0,52864.0,38822.0
VEH_002181,YV1XZA660782698,V60,MHEV,Ultimate,0.0,52864.0,38822.0
VEH_002182,YV1XZH258638580,EX90,Pure_EV,Plus,111.0,92880.0,67500.0
VEH_002183,YV1XZE567495148,EX90,Pure_EV,Core,111.0,86000.0,62500.0
VEH_002184,YV1XZB780674456,XC60,PHEV,Plus,18.8,69660.0,49896.0
VEH_002185,YV1XZE984452639,EX90,Pure_EV,Plus,111.0,92880.0,67500.0
VEH_002186,YV1XZC375357476,EC40,Pure_EV,Ultimate,82.0,63130.0,46964.0
VEH_002187,YV1XZD535795238,V60,MHEV,Ultimate,0.0,52864.0,38822.0
VEH_002188,YV1XZC306068248,EX90,Pure_EV,Core,111.0,86000.0,62500.0
VEH_002189,YV1XZE598387685,EX30,Pure_EV,Core,69.0,42500.0,31200.0
VEH_002190,YV1XZG553139585,XC60,PHEV,Ultimate,18.8,76110.0,54516.0
VEH_002191,YV1XZD271109874,V60,MHEV,Core,0.0,44800.0,32900.0
VEH_002192,YV1XZA377451497,EC40,Pure_EV,Core,82.0,53500.0,39800.0
VEH_002193,YV1XZC791805218,EC40,Pure_EV,Ultimate,82.0,63130.0,46964.0
VEH_002194,YV1XZH939917094,EX30,Pure_EV,Ultimate,69.0,50150.0,36816.0
VEH_002195,YV1XZB437052680,EX30,Pure_EV,Core,69.0,42500.0,31200.0
VEH_002196,YV1XZB537020273,XC90,PHEV,Plus,18.8,96120.0,69228.0
VEH_002197,YV1XZB526162812,EC40,Pure_EV,Ultimate,82.0,63130.0,46964.0
VEH_002198,YV1XZD220186460,V60,MHEV,Core,0.0,44800.0,32900.0
VEH_002199,YV1XZB660447662,XC90,PHEV,Ultimate,18.8,105020.0,75638.0
VEH_002200,YV1XZE633060309,V60,MHEV,Ultimate,0.0,52864.0,38822.0
VEH_002201,YV1XZB930207388,EX30,Pure_EV,Core,69.0,42500.0,31200.0
VEH_002202,YV1XZG965265838,EC40,Pure_EV,Plus,82.0,57780.0,42984.0
VEH_002203,YV1XZD554052132,V60,MHEV,Ultimate,0.0,52864.0,38822.0
VEH_002204,YV1XZB288070455,EX90,Pure_EV,Core,111.0,86000.0,62500.0
VEH_002205,YV1XZH538489918,EX90,Pure_EV,Plus,111.0,92880.0,67500.0
VEH_002206,YV1XZA626518516,EC40,Pure_EV,Ultimate,82.0,63130.0,46964.0
VEH_002207,YV1XZB439828493,XC90,PHEV,Plus,18.8,96120.0,69228.0
VEH_002208,YV1XZH833084825,XC90,PHEV,Plus,18.8,96120.0,69228.0
VEH_002209,YV1XZC489766149,EX90,Pure_EV,Plus,111.0,92880.0,67500.0
VEH_002210,YV1XZF981934350,XC60,PHEV,Ultimate,18.8,76110.0,54516.0
VEH_002211,YV1XZA893978083,EC40,Pure_EV,Core,82.0,53500.0,39800.0
VEH_002212,YV1XZD371638319,V60,MHEV,Core,0.0,44800.0,32900.0
VEH_002213,YV1XZE786066323,XC90,PHEV,Plus,18.8,96120.0,69228.0
VEH_002214,YV1XZB674355978,V60,MHEV,Plus,0.0,48384.0,35532.0
VEH_002215,YV1XZG108446160,EX90,Pure_EV,Plus,111.0,92880.0,67500.0
VEH_002216,YV1XZE196905548,XC60,PHEV,Plus,18.8,69660.0,49896.0
VEH_002217,YV1XZD272042677,EX90,Pure_EV,Plus,111.0,92880.0,67500.0
VEH_002218,YV1XZF972144388,XC60,PHEV,Ultimate,18.8,76110.0,54516.0
VEH_002219,YV1XZA394244475,V60,MHEV,Plus,0.0,48384.0,35532.0
VEH_002220,YV1XZH891285408,EX30,Pure_EV,Plus,69.0,45900.0,33696.0
VEH_002221,YV1XZG980727404,XC60,PHEV,Plus,18.8,69660.0,49896.0
VEH_002222,YV1XZE643672548,EX30,Pure_EV,Core,69.0,42500.0,31200.0
VEH_002223,YV1XZG746517065,EX30,Pure_EV,Plus,69.0,45900.0,33696.0
VEH_002224,YV1XZF586686097,V60,MHEV,Ultimate,0.0,52864.0,38822.0
VEH_002225,YV1XZA788668793,V60,MHEV,Core,0.0,44800.0,32900.0
VEH_002226,YV1XZH949350526,V60,MHEV,Core,0.0,44800.0,32900.0
VEH_002227,YV1XZA530207385,V60,MHEV,Core,0.0,44800.0,32900.0
VEH_002228,YV1XZE436856223,EX90,Pure_EV,Ultimate,111.0,101480.0,73750.0
VEH_002229,YV1XZB269460558,XC90,PHEV,Core,18.8,89000.0,64100.0
VEH_002230,YV1XZC737819952,EX90,Pure_EV,Ultimate,111.0,101480.0,73750.0
VEH_002231,YV1XZF584783589,V60,MHEV,Plus,0.0,48384.0,35532.0
VEH_002232,YV1XZC379902891,XC60,PHEV,Ultimate,18.8,76110.0,54516.0
VEH_002233,YV1XZF958487371,EX90,Pure_EV,Ultimate,111.0,101480.0,73750.0
VEH_002234,YV1XZB545062150,EC40,Pure_EV,Core,82.0,53500.0,39800.0
VEH_002235,YV1XZG505144293,EC40,Pure_EV,Core,82.0,53500.0,39800.0
VEH_002236,YV1XZA124663947,XC90,PHEV,Core,18.8,89000.0,64100.0
VEH_002237,YV1XZD195537862,XC90,PHEV,Ultimate,18.8,105020.0,75638.0
VEH_002238,YV1XZE852973431,XC60,PHEV,Core,18.8,64500.0,46200.0
VEH_002239,YV1XZG763576795,EX90,Pure_EV,Core,111.0,86000.0,62500.0
VEH_002240,YV1XZE260257262,XC60,PHEV,Ultimate,18.8,76110.0,54516.0
VEH_002241,YV1XZC709072427,EX30,Pure_EV,Plus,69.0,45900.0,33696.0
VEH_002242,YV1XZG930388241,EX30,Pure_EV,Core,69.0,42500.0,31200.0
VEH_002243,YV1XZH227251665,XC60,PHEV,Ultimate,18.8,76110.0,54516.0
VEH_002244,YV1XZD304595238,EX90,Pure_EV,Ultimate,111.0,101480.0,73750.0
VEH_002245,YV1XZH510248318,EC40,Pure_EV,Plus,82.0,57780.0,42984.0
VEH_002246,YV1XZD744333988,EX90,Pure_EV,Plus,111.0,92880.0,67500.0
VEH_002247,YV1XZD549179485,EX90,Pure_EV,Plus,111.0,92880.0,67500.0
VEH_002248,YV1XZC130894901,EX90,Pure_EV,Plus,111.0,92880.0,67500.0
VEH_002249,YV1XZD763229105,EC40,Pure_EV,Plus,82.0,57780.0,42984.0
VEH_002250,YV1XZF725887408,XC60,PHEV,Core,18.8,64500.0,46200.0
VEH_002251,YV1XZH192061206,V60,MHEV,Ultimate,0.0,52864.0,38822.0
VEH_002252,YV1XZC447082726,EX30,Pure_EV,Plus,69.0,45900.0,33696.0
VEH_002253,YV1XZD865938642,V60,MHEV,Plus,0.0,48384.0,35532.0
VEH_002254,YV1XZG890385760,XC60,PHEV,Ultimate,18.8,76110.0,54516.0
VEH_002255,YV1XZB202305498,XC90,PHEV,Plus,18.8,96120.0,69228.0
VEH_002256,YV1XZA457408429,XC90,PHEV,Core,18.8,89000.0,64100.0
VEH_002257,YV1XZF751089619,EX90,Pure_EV,Plus,111.0,92880.0,67500.0
VEH_002258,YV1XZA105756315,V60,MHEV,Ultimate,0.0,52864.0,38822.0
VEH_002259,YV1XZG424814794,EC40,Pure_EV,Ultimate,82.0,63130.0,46964.0
VEH_002260,YV1XZF241989740,XC60,PHEV,Ultimate,18.8,76110.0,54516.0
VEH_002261,YV1XZC379486036,XC90,PHEV,Core,18.8,89000.0,64100.0
VEH_002262,YV1XZH464188244,EX90,Pure_EV,Ultimate,111.0,101480.0,73750.0
VEH_002263,YV1XZB440716951,XC60,PHEV,Core,18.8,64500.0,46200.0
VEH_002264,YV1XZG252252010,V60,MHEV,Ultimate,0.0,52864.0,38822.0
VEH_002265,YV1XZF147418754,EC40,Pure_EV,Core,82.0,53500.0,39800.0
VEH_002266,YV1XZE902969226,EX90,Pure_EV,Plus,111.0,92880.0,67500.0
VEH_002267,YV1XZE382626443,EC40,Pure_EV,Plus,82.0,57780.0,42984.0
VEH_002268,YV1XZF567910238,XC90,PHEV,Plus,18.8,96120.0,69228.0
VEH_002269,YV1XZH919990226,EX90,Pure_EV,Plus,111.0,92880.0,67500.0
VEH_002270,YV1XZH157146895,EX90,Pure_EV,Ultimate,111.0,101480.0,73750.0
VEH_002271,YV1XZA346810881,EX90,Pure_EV,Core,111.0,86000.0,62500.0
VEH_002272,YV1XZH379413359,EX90,Pure_EV,Core,111.0,86000.0,62500.0
VEH_002273,YV1XZH568613005,EX90,Pure_EV,Ultimate,111.0,101480.0,73750.0
VEH_002274,YV1XZA574078155,EX30,Pure_EV,Plus,69.0,45900.0,33696.0
VEH_002275,YV1XZH591515743,EC40,Pure_EV,Ultimate,82.0,63130.0,46964.0
VEH_002276,YV1XZC232772727,XC60,PHEV,Core,18.8,64500.0,46200.0
VEH_002277,YV1XZD405067716,EC40,Pure_EV,Core,82.0,53500.0,39800.0
VEH_002278,YV1XZE704782275,EX90,Pure_EV,Core,111.0,86000.0,62500.0
VEH_002279,YV1XZD726579237,V60,MHEV,Ultimate,0.0,52864.0,38822.0
VEH_002280,YV1XZC547126482,EX30,Pure_EV,Ultimate,69.0,50150.0,36816.0
VEH_002281,YV1XZH826824988,EX30,Pure_EV,Core,69.0,42500.0,31200.0
VEH_002282,YV1XZA405244667,EX30,Pure_EV,Plus,69.0,45900.0,33696.0
VEH_002283,YV1XZB523236607,V60,MHEV,Ultimate,0.0,52864.0,38822.0
VEH_002284,YV1XZB998697433,EC40,Pure_EV,Ultimate,82.0,63130.0,46964.0
VEH_002285,YV1XZA187040987,EC40,Pure_EV,Core,82.0,53500.0,39800.0
VEH_002286,YV1XZH587538394,XC60,PHEV,Ultimate,18.8,76110.0,54516.0
VEH_002287,YV1XZA453719460,V60,MHEV,Plus,0.0,48384.0,35532.0
VEH_002288,YV1XZH448875327,EX30,Pure_EV,Ultimate,69.0,50150.0,36816.0
VEH_002289,YV1XZC326953436,V60,MHEV,Ultimate,0.0,52864.0,38822.0
VEH_002290,YV1XZE447002051,EX30,Pure_EV,Ultimate,69.0,50150.0,36816.0
VEH_002291,YV1XZB687504515,EX30,Pure_EV,Ultimate,69.0,50150.0,36816.0
VEH_002292,YV1XZB528271054,XC90,PHEV,Plus,18.8,96120.0,69228.0
VEH_002293,YV1XZD927723397,EC40,Pure_EV,Core,82.0,53500.0,39800.0
VEH_002294,YV1XZA323577467,XC60,PHEV,Core,18.8,64500.0,46200.0
VEH_002295,YV1XZG405947579,EX90,Pure_EV,Plus,111.0,92880.0,67500.0
VEH_002296,YV1XZC229495399,V60,MHEV,Ultimate,0.0,52864.0,38822.0
VEH_002297,YV1XZG890155099,EC40,Pure_EV,Plus,82.0,57780.0,42984.0
VEH_002298,YV1XZC485520835,EC40,Pure_EV,Ultimate,82.0,63130.0,46964.0
VEH_002299,YV1XZF650457212,V60,MHEV,Core,0.0,44800.0,32900.0
VEH_002300,YV1XZH516707955,EX90,Pure_EV,Plus,111.0,92880.0,67500.0
VEH_002301,YV1XZG196875511,XC60,PHEV,Plus,18.8,69660.0,49896.0
VEH_002302,YV1XZC566117682,XC60,PHEV,Plus,18.8,69660.0,49896.0
VEH_002303,YV1XZB143420070,V60,MHEV,Plus,0.0,48384.0,35532.0
VEH_002304,YV1XZH826321952,XC90,PHEV,Plus,18.8,96120.0,69228.0
VEH_002305,YV1XZC631848216,EX90,Pure_EV,Ultimate,111.0,101480.0,73750.0
VEH_002306,YV1XZB412139994,XC90,PHEV,Ultimate,18.8,105020.0,75638.0
VEH_002307,YV1XZB960652062,XC60,PHEV,Plus,18.8,69660.0,49896.0
VEH_002308,YV1XZC237213199,XC60,PHEV,Plus,18.8,69660.0,49896.0
VEH_002309,YV1XZD661665819,V60,MHEV,Plus,0.0,48384.0,35532.0
VEH_002310,YV1XZA691625661,XC60,PHEV,Plus,18.8,69660.0,49896.0
VEH_002311,YV1XZB648307963,EX30,Pure_EV,Core,69.0,42500.0,31200.0
VEH_002312,YV1XZB598921108,XC60,PHEV,Plus,18.8,69660.0,49896.0
VEH_002313,YV1XZE481669733,V60,MHEV,Ultimate,0.0,52864.0,38822.0
VEH_002314,YV1XZB925328186,EC40,Pure_EV,Ultimate,82.0,63130.0,46964.0
VEH_002315,YV1XZB895123177,XC90,PHEV,Core,18.8,89000.0,64100.0
VEH_002316,YV1XZC944151226,V60,MHEV,Plus,0.0,48384.0,35532.0
VEH_002317,YV1XZA189432561,EX90,Pure_EV,Plus,111.0,92880.0,67500.0
VEH_002318,YV1XZE437097333,XC60,PHEV,Ultimate,18.8,76110.0,54516.0
VEH_002319,YV1XZH913202948,XC90,PHEV,Ultimate,18.8,105020.0,75638.0
VEH_002320,YV1XZE466504998,V60,MHEV,Plus,0.0,48384.0,35532.0
VEH_002321,YV1XZC183988650,EX90,Pure_EV,Core,111.0,86000.0,62500.0
VEH_002322,YV1XZE823067158,V60,MHEV,Ultimate,0.0,52864.0,38822.0
VEH_002323,YV1XZA106278247,EX30,Pure_EV,Plus,69.0,45900.0,33696.0
VEH_002324,YV1XZA284399429,XC60,PHEV,Core,18.8,64500.0,46200.0
VEH_002325,YV1XZH842821285,V60,MHEV,Plus,0.0,48384.0,35532.0
VEH_002326,YV1XZH425129005,XC60,PHEV,Ultimate,18.8,76110.0,54516.0
VEH_002327,YV1XZF841592991,XC90,PHEV,Ultimate,18.8,105020.0,75638.0
VEH_002328,YV1XZG963976413,V60,MHEV,Ultimate,0.0,52864.0,38822.0
VEH_002329,YV1XZC245077501,EC40,Pure_EV,Core,82.0,53500.0,39800.0
VEH_002330,YV1XZB976139210,EX30,Pure_EV,Core,69.0,42500.0,31200.0
VEH_002331,YV1XZD128792710,EX30,Pure_EV,Ultimate,69.0,50150.0,36816.0
VEH_002332,YV1XZC797652827,EX90,Pure_EV,Plus,111.0,92880.0,67500.0
VEH_002333,YV1XZD192442244,EX90,Pure_EV,Plus,111.0,92880.0,67500.0
VEH_002334,YV1XZC608941911,EC40,Pure_EV,Plus,82.0,57780.0,42984.0
VEH_002335,YV1XZB278354412,XC60,PHEV,Core,18.8,64500.0,46200.0
VEH_002336,YV1XZH620815076,EX90,Pure_EV,Ultimate,111.0,101480.0,73750.0
VEH_002337,YV1XZH728381921,XC60,PHEV,Core,18.8,64500.0,46200.0
VEH_002338,YV1XZE711421299,EX90,Pure_EV,Core,111.0,86000.0,62500.0
VEH_002339,YV1XZF108454944,XC60,PHEV,Core,18.8,64500.0,46200.0
VEH_002340,YV1XZG546339338,EX30,Pure_EV,Ultimate,69.0,50150.0,36816.0
VEH_002341,YV1XZE139746932,XC60,PHEV,Ultimate,18.8,76110.0,54516.0
VEH_002342,YV1XZH651211504,XC60,PHEV,Plus,18.8,69660.0,49896.0
VEH_002343,YV1XZH349006937,XC90,PHEV,Ultimate,18.8,105020.0,75638.0
VEH_002344,YV1XZA553123931,V60,MHEV,Core,0.0,44800.0,32900.0
VEH_002345,YV1XZB387600528,XC90,PHEV,Plus,18.8,96120.0,69228.0
VEH_002346,YV1XZH225564160,V60,MHEV,Plus,0.0,48384.0,35532.0
VEH_002347,YV1XZF581385722,XC60,PHEV,Ultimate,18.8,76110.0,54516.0
VEH_002348,YV1XZA273230463,V60,MHEV,Plus,0.0,48384.0,35532.0
VEH_002349,YV1XZD603843081,EC40,Pure_EV,Ultimate,82.0,63130.0,46964.0
VEH_002350,YV1XZD645069951,EC40,Pure_EV,Plus,82.0,57780.0,42984.0
VEH_002351,YV1XZF746500088,EX90,Pure_EV,Ultimate,111.0,101480.0,73750.0
VEH_002352,YV1XZH240830436,V60,MHEV,Ultimate,0.0,52864.0,38822.0
VEH_002353,YV1XZG547601168,EC40,Pure_EV,Ultimate,82.0,63130.0,46964.0
VEH_002354,YV1XZF954669136,V60,MHEV,Ultimate,0.0,52864.0,38822.0
VEH_002355,YV1XZD403286126,XC60,PHEV,Core,18.8,64500.0,46200.0
VEH_002356,YV1XZB816246415,V60,MHEV,Ultimate,0.0,52864.0,38822.0
VEH_002357,YV1XZC314194552,XC60,PHEV,Core,18.8,64500.0,46200.0
VEH_002358,YV1XZH208344550,EX90,Pure_EV,Ultimate,111.0,101480.0,73750.0
VEH_002359,YV1XZE352027504,XC60,PHEV,Plus,18.8,69660.0,49896.0
VEH_002360,YV1XZA119467577,EX90,Pure_EV,Ultimate,111.0,101480.0,73750.0
VEH_002361,YV1XZF826845755,EC40,Pure_EV,Plus,82.0,57780.0,42984.0
VEH_002362,YV1XZA966311592,EX90,Pure_EV,Core,111.0,86000.0,62500.0
VEH_002363,YV1XZG222373596,EX30,Pure_EV,Plus,69.0,45900.0,33696.0
VEH_002364,YV1XZB703422986,XC90,PHEV,Core,18.8,89000.0,64100.0
VEH_002365,YV1XZE465420342,EX90,Pure_EV,Plus,111.0,92880.0,67500.0
VEH_002366,YV1XZE262326542,EC40,Pure_EV,Core,82.0,53500.0,39800.0
VEH_002367,YV1XZB858496505,V60,MHEV,Ultimate,0.0,52864.0,38822.0
VEH_002368,YV1XZH911495781,EX30,Pure_EV,Plus,69.0,45900.0,33696.0
VEH_002369,YV1XZB984344748,EX30,Pure_EV,Core,69.0,42500.0,31200.0
VEH_002370,YV1XZB279364596,XC90,PHEV,Core,18.8,89000.0,64100.0
VEH_002371,YV1XZD488306318,V60,MHEV,Core,0.0,44800.0,32900.0
VEH_002372,YV1XZE860384622,EX90,Pure_EV,Ultimate,111.0,101480.0,73750.0
VEH_002373,YV1XZH886571603,XC60,PHEV,Ultimate,18.8,76110.0,54516.0
VEH_002374,YV1XZF459282088,EX30,Pure_EV,Core,69.0,42500.0,31200.0
VEH_002375,YV1XZD571489117,EX90,Pure_EV,Core,111.0,86000.0,62500.0
VEH_002376,YV1XZD996374030,XC60,PHEV,Core,18.8,64500.0,46200.0
VEH_002377,YV1XZE642264030,XC60,PHEV,Plus,18.8,69660.0,49896.0
VEH_002378,YV1XZE499900489,EX90,Pure_EV,Core,111.0,86000.0,62500.0
VEH_002379,YV1XZF775856484,V60,MHEV,Plus,0.0,48384.0,35532.0
VEH_002380,YV1XZC908749062,V60,MHEV,Core,0.0,44800.0,32900.0
VEH_002381,YV1XZD248170281,XC90,PHEV,Plus,18.8,96120.0,69228.0
VEH_002382,YV1XZG592582348,XC60,PHEV,Plus,18.8,69660.0,49896.0
VEH_002383,YV1XZF131957698,XC90,PHEV,Ultimate,18.8,105020.0,75638.0
VEH_002384,YV1XZA870544763,XC60,PHEV,Core,18.8,64500.0,46200.0
VEH_002385,YV1XZB463250759,XC90,PHEV,Core,18.8,89000.0,64100.0
VEH_002386,YV1XZC566081562,EC40,Pure_EV,Plus,82.0,57780.0,42984.0
VEH_002387,YV1XZA808858764,EX30,Pure_EV,Plus,69.0,45900.0,33696.0
VEH_002388,YV1XZA778183455,V60,MHEV,Core,0.0,44800.0,32900.0
VEH_002389,YV1XZE550225634,V60,MHEV,Ultimate,0.0,52864.0,38822.0
VEH_002390,YV1XZE874759532,XC60,PHEV,Ultimate,18.8,76110.0,54516.0
VEH_002391,YV1XZF108484954,V60,MHEV,Plus,0.0,48384.0,35532.0
VEH_002392,YV1XZC851936102,EC40,Pure_EV,Ultimate,82.0,63130.0,46964.0
VEH_002393,YV1XZD684572202,XC60,PHEV,Plus,18.8,69660.0,49896.0
VEH_002394,YV1XZH848903745,XC90,PHEV,Ultimate,18.8,105020.0,75638.0
VEH_002395,YV1XZG932579769,EC40,Pure_EV,Ultimate,82.0,63130.0,46964.0
VEH_002396,YV1XZB139696423,EX90,Pure_EV,Plus,111.0,92880.0,67500.0
VEH_002397,YV1XZG878568781,XC90,PHEV,Plus,18.8,96120.0,69228.0
VEH_002398,YV1XZC658850084,V60,MHEV,Ultimate,0.0,52864.0,38822.0
VEH_002399,YV1XZD199664255,XC90,PHEV,Plus,18.8,96120.0,69228.0
VEH_002400,YV1XZE659780124,XC90,PHEV,Ultimate,18.8,105020.0,75638.0
VEH_002401,YV1XZC125148911,EC40,Pure_EV,Ultimate,82.0,63130.0,46964.0
VEH_002402,YV1XZE359136615,EX30,Pure_EV,Ultimate,69.0,50150.0,36816.0
VEH_002403,YV1XZG642534457,EC40,Pure_EV,Ultimate,82.0,63130.0,46964.0
VEH_002404,YV1XZA500483008,EX30,Pure_EV,Ultimate,69.0,50150.0,36816.0
VEH_002405,YV1XZF232943217,EC40,Pure_EV,Ultimate,82.0,63130.0,46964.0
VEH_002406,YV1XZB581827565,EX30,Pure_EV,Ultimate,69.0,50150.0,36816.0
VEH_002407,YV1XZA586563056,EC40,Pure_EV,Ultimate,82.0,63130.0,46964.0
VEH_002408,YV1XZD476171636,EC40,Pure_EV,Core,82.0,53500.0,39800.0
VEH_002409,YV1XZC867028521,EC40,Pure_EV,Plus,82.0,57780.0,42984.0
VEH_002410,YV1XZD212986551,XC60,PHEV,Ultimate,18.8,76110.0,54516.0
VEH_002411,YV1XZD983520645,EC40,Pure_EV,Ultimate,82.0,63130.0,46964.0
VEH_002412,YV1XZB257360353,EC40,Pure_EV,Plus,82.0,57780.0,42984.0
VEH_002413,YV1XZG187990100,V60,MHEV,Plus,0.0,48384.0,35532.0
VEH_002414,YV1XZG239654428,EX30,Pure_EV,Core,69.0,42500.0,31200.0
VEH_002415,YV1XZH183829919,XC60,PHEV,Core,18.8,64500.0,46200.0
VEH_002416,YV1XZG731617307,EC40,Pure_EV,Ultimate,82.0,63130.0,46964.0
VEH_002417,YV1XZG383138961,XC90,PHEV,Ultimate,18.8,105020.0,75638.0
VEH_002418,YV1XZG572532253,XC90,PHEV,Plus,18.8,96120.0,69228.0
VEH_002419,YV1XZG984561220,V60,MHEV,Plus,0.0,48384.0,35532.0
VEH_002420,YV1XZC620511813,EX90,Pure_EV,Core,111.0,86000.0,62500.0
VEH_002421,YV1XZC856477620,V60,MHEV,Plus,0.0,48384.0,35532.0
VEH_002422,YV1XZB845682242,XC90,PHEV,Ultimate,18.8,105020.0,75638.0
VEH_002423,YV1XZH135011913,EX90,Pure_EV,Plus,111.0,92880.0,67500.0
VEH_002424,YV1XZF227524085,V60,MHEV,Core,0.0,44800.0,32900.0
VEH_002425,YV1XZB229779337,XC90,PHEV,Plus,18.8,96120.0,69228.0
VEH_002426,YV1XZE143252622,EC40,Pure_EV,Ultimate,82.0,63130.0,46964.0
VEH_002427,YV1XZB498860032,XC90,PHEV,Core,18.8,89000.0,64100.0
VEH_002428,YV1XZE415660014,EC40,Pure_EV,Plus,82.0,57780.0,42984.0
VEH_002429,YV1XZC252621455,XC60,PHEV,Core,18.8,64500.0,46200.0
VEH_002430,YV1XZA427667311,XC90,PHEV,Plus,18.8,96120.0,69228.0
VEH_002431,YV1XZC979528847,EC40,Pure_EV,Core,82.0,53500.0,39800.0
VEH_002432,YV1XZA231348586,V60,MHEV,Plus,0.0,48384.0,35532.0
VEH_002433,YV1XZB147977445,XC90,PHEV,Plus,18.8,96120.0,69228.0
VEH_002434,YV1XZE707484447,XC60,PHEV,Plus,18.8,69660.0,49896.0
VEH_002435,YV1XZG610271691,XC60,PHEV,Plus,18.8,69660.0,49896.0
VEH_002436,YV1XZC918138906,V60,MHEV,Ultimate,0.0,52864.0,38822.0
VEH_002437,YV1XZH917846365,EX90,Pure_EV,Ultimate,111.0,101480.0,73750.0
VEH_002438,YV1XZH259968838,XC60,PHEV,Ultimate,18.8,76110.0,54516.0
VEH_002439,YV1XZB958791185,V60,MHEV,Plus,0.0,48384.0,35532.0
VEH_002440,YV1XZG515790548,XC90,PHEV,Ultimate,18.8,105020.0,75638.0
VEH_002441,YV1XZF680888371,EX90,Pure_EV,Plus,111.0,92880.0,67500.0
VEH_002442,YV1XZH890180346,EX30,Pure_EV,Ultimate,69.0,50150.0,36816.0
VEH_002443,YV1XZB277827512,EC40,Pure_EV,Ultimate,82.0,63130.0,46964.0
VEH_002444,YV1XZE702416787,V60,MHEV,Core,0.0,44800.0,32900.0
VEH_002445,YV1XZB306616625,V60,MHEV,Core,0.0,44800.0,32900.0
VEH_002446,YV1XZA712295241,XC90,PHEV,Ultimate,18.8,105020.0,75638.0
VEH_002447,YV1XZH639704301,XC90,PHEV,Core,18.8,89000.0,64100.0
VEH_002448,YV1XZC120372732,EX30,Pure_EV,Core,69.0,42500.0,31200.0
VEH_002449,YV1XZD990873441,EC40,Pure_EV,Core,82.0,53500.0,39800.0
VEH_002450,YV1XZH190890036,V60,MHEV,Ultimate,0.0,52864.0,38822.0
VEH_002451,YV1XZF531427170,XC90,PHEV,Ultimate,18.8,105020.0,75638.0
VEH_002452,YV1XZH124978726,XC90,PHEV,Core,18.8,89000.0,64100.0
VEH_002453,YV1XZC545534593,EC40,Pure_EV,Plus,82.0,57780.0,42984.0
VEH_002454,YV1XZF510181168,EX30,Pure_EV,Ultimate,69.0,50150.0,36816.0
VEH_002455,YV1XZB206658672,EC40,Pure_EV,Core,82.0,53500.0,39800.0
VEH_002456,YV1XZE254655603,XC90,PHEV,Core,18.8,89000.0,64100.0
VEH_002457,YV1XZB265600378,EX90,Pure_EV,Plus,111.0,92880.0,67500.0
VEH_002458,YV1XZC163258139,EC40,Pure_EV,Plus,82.0,57780.0,42984.0
VEH_002459,YV1XZC129174843,XC90,PHEV,Plus,18.8,96120.0,69228.0
VEH_002460,YV1XZE518694576,V60,MHEV,Core,0.0,44800.0,32900.0
VEH_002461,YV1XZC543265118,EX30,Pure_EV,Plus,69.0,45900.0,33696.0
VEH_002462,YV1XZG988780552,EC40,Pure_EV,Plus,82.0,57780.0,42984.0
VEH_002463,YV1XZD357293193,EX30,Pure_EV,Core,69.0,42500.0,31200.0
VEH_002464,YV1XZD629332643,XC90,PHEV,Ultimate,18.8,105020.0,75638.0
VEH_002465,YV1XZG223567680,XC90,PHEV,Ultimate,18.8,105020.0,75638.0
VEH_002466,YV1XZF599100469,EC40,Pure_EV,Core,82.0,53500.0,39800.0
VEH_002467,YV1XZB619875201,XC90,PHEV,Plus,18.8,96120.0,69228.0
VEH_002468,YV1XZD119996117,EX30,Pure_EV,Plus,69.0,45900.0,33696.0
VEH_002469,YV1XZB364479890,EC40,Pure_EV,Ultimate,82.0,63130.0,46964.0
VEH_002470,YV1XZC427075547,XC90,PHEV,Ultimate,18.8,105020.0,75638.0
VEH_002471,YV1XZH190095909,XC90,PHEV,Plus,18.8,96120.0,69228.0
VEH_002472,YV1XZD940612700,V60,MHEV,Ultimate,0.0,52864.0,38822.0
VEH_002473,YV1XZC939691516,EX90,Pure_EV,Plus,111.0,92880.0,67500.0
VEH_002474,YV1XZG696090185,EX90,Pure_EV,Ultimate,111.0,101480.0,73750.0
VEH_002475,YV1XZA972569546,XC60,PHEV,Core,18.8,64500.0,46200.0
VEH_002476,YV1XZE801216599,XC60,PHEV,Ultimate,18.8,76110.0,54516.0
VEH_002477,YV1XZA617743557,EX90,Pure_EV,Core,111.0,86000.0,62500.0
VEH_002478,YV1XZE830142077,EC40,Pure_EV,Ultimate,82.0,63130.0,46964.0
VEH_002479,YV1XZD728309864,XC60,PHEV,Plus,18.8,69660.0,49896.0
VEH_002480,YV1XZA273319432,XC90,PHEV,Plus,18.8,96120.0,69228.0
VEH_002481,YV1XZB422807973,V60,MHEV,Ultimate,0.0,52864.0,38822.0
VEH_002482,YV1XZB991740555,EX30,Pure_EV,Plus,69.0,45900.0,33696.0
VEH_002483,YV1XZE563816134,EX90,Pure_EV,Ultimate,111.0,101480.0,73750.0
VEH_002484,YV1XZF832400367,EX90,Pure_EV,Ultimate,111.0,101480.0,73750.0
VEH_002485,YV1XZE908199028,EC40,Pure_EV,Ultimate,82.0,63130.0,46964.0
VEH_002486,YV1XZE364063487,V60,MHEV,Plus,0.0,48384.0,35532.0
VEH_002487,YV1XZF326155683,V60,MHEV,Plus,0.0,48384.0,35532.0
VEH_002488,YV1XZF117045236,XC60,PHEV,Ultimate,18.8,76110.0,54516.0
VEH_002489,YV1XZA753679794,V60,MHEV,Core,0.0,44800.0,32900.0
VEH_002490,YV1XZA822313006,XC60,PHEV,Core,18.8,64500.0,46200.0
VEH_002491,YV1XZH918690821,EX90,Pure_EV,Plus,111.0,92880.0,67500.0
VEH_002492,YV1XZB945362558,XC60,PHEV,Ultimate,18.8,76110.0,54516.0
VEH_002493,YV1XZB678370314,V60,MHEV,Ultimate,0.0,52864.0,38822.0
VEH_002494,YV1XZH821818558,EX30,Pure_EV,Ultimate,69.0,50150.0,36816.0
VEH_002495,YV1XZG988485748,EX30,Pure_EV,Plus,69.0,45900.0,33696.0
VEH_002496,YV1XZG290252696,XC90,PHEV,Plus,18.8,96120.0,69228.0
VEH_002497,YV1XZB596812325,V60,MHEV,Core,0.0,44800.0,32900.0
VEH_002498,YV1XZH110053768,EC40,Pure_EV,Core,82.0,53500.0,39800.0
VEH_002499,YV1XZA914348348,EX90,Pure_EV,Ultimate,111.0,101480.0,73750.0
VEH_002500,YV1XZF305634099,EC40,Pure_EV,Ultimate,82.0,63130.0,46964.0
VEH_002501,YV1XZE968028454,EX30,Pure_EV,Ultimate,69.0,50150.0,36816.0
VEH_002502,YV1XZD630223017,V60,MHEV,Core,0.0,44800.0,32900.0
VEH_002503,YV1XZE629180636,EC40,Pure_EV,Core,82.0,53500.0,39800.0
VEH_002504,YV1XZD107661580,V60,MHEV,Ultimate,0.0,52864.0,38822.0
VEH_002505,YV1XZG219127926,EX90,Pure_EV,Ultimate,111.0,101480.0,73750.0
VEH_002506,YV1XZH283048386,EC40,Pure_EV,Ultimate,82.0,63130.0,46964.0
VEH_002507,YV1XZC170180435,XC90,PHEV,Core,18.8,89000.0,64100.0
VEH_002508,YV1XZB236827900,XC90,PHEV,Core,18.8,89000.0,64100.0
VEH_002509,YV1XZD661652825,EC40,Pure_EV,Ultimate,82.0,63130.0,46964.0
VEH_002510,YV1XZD827974104,V60,MHEV,Plus,0.0,48384.0,35532.0
VEH_002511,YV1XZE830874965,EX30,Pure_EV,Ultimate,69.0,50150.0,36816.0
VEH_002512,YV1XZA558610676,XC90,PHEV,Plus,18.8,96120.0,69228.0
VEH_002513,YV1XZA446817822,V60,MHEV,Ultimate,0.0,52864.0,38822.0
VEH_002514,YV1XZE230693381,XC60,PHEV,Plus,18.8,69660.0,49896.0
VEH_002515,YV1XZH632119301,V60,MHEV,Ultimate,0.0,52864.0,38822.0
VEH_002516,YV1XZA874404381,EC40,Pure_EV,Ultimate,82.0,63130.0,46964.0
VEH_002517,YV1XZE551038208,EX90,Pure_EV,Core,111.0,86000.0,62500.0
VEH_002518,YV1XZF105539736,XC90,PHEV,Plus,18.8,96120.0,69228.0
VEH_002519,YV1XZF187841636,XC60,PHEV,Core,18.8,64500.0,46200.0
VEH_002520,YV1XZD840397560,XC90,PHEV,Core,18.8,89000.0,64100.0
VEH_002521,YV1XZD311394879,XC60,PHEV,Core,18.8,64500.0,46200.0
VEH_002522,YV1XZE167478361,EX90,Pure_EV,Plus,111.0,92880.0,67500.0
VEH_002523,YV1XZB129928143,V60,MHEV,Ultimate,0.0,52864.0,38822.0
VEH_002524,YV1XZA736225068,XC60,PHEV,Plus,18.8,69660.0,49896.0
VEH_002525,YV1XZE365379125,V60,MHEV,Plus,0.0,48384.0,35532.0
VEH_002526,YV1XZD465933326,EX30,Pure_EV,Plus,69.0,45900.0,33696.0
VEH_002527,YV1XZD178287411,EX30,Pure_EV,Plus,69.0,45900.0,33696.0
VEH_002528,YV1XZH920444599,XC90,PHEV,Ultimate,18.8,105020.0,75638.0
VEH_002529,YV1XZH721626156,EX30,Pure_EV,Ultimate,69.0,50150.0,36816.0
VEH_002530,YV1XZA135802499,EX30,Pure_EV,Core,69.0,42500.0,31200.0
VEH_002531,YV1XZB940360006,XC60,PHEV,Plus,18.8,69660.0,49896.0
VEH_002532,YV1XZH158829061,EX90,Pure_EV,Core,111.0,86000.0,62500.0
VEH_002533,YV1XZG170641753,EC40,Pure_EV,Ultimate,82.0,63130.0,46964.0
VEH_002534,YV1XZA700498762,EX30,Pure_EV,Ultimate,69.0,50150.0,36816.0
VEH_002535,YV1XZG531303909,EX30,Pure_EV,Plus,69.0,45900.0,33696.0
VEH_002536,YV1XZG350302083,EX30,Pure_EV,Ultimate,69.0,50150.0,36816.0
VEH_002537,YV1XZA586846620,XC90,PHEV,Ultimate,18.8,105020.0,75638.0
VEH_002538,YV1XZG765946168,XC60,PHEV,Plus,18.8,69660.0,49896.0
VEH_002539,YV1XZF798921553,XC90,PHEV,Core,18.8,89000.0,64100.0
VEH_002540,YV1XZH655353112,V60,MHEV,Core,0.0,44800.0,32900.0
VEH_002541,YV1XZD215971195,EC40,Pure_EV,Ultimate,82.0,63130.0,46964.0
VEH_002542,YV1XZB736607029,EX30,Pure_EV,Core,69.0,42500.0,31200.0
VEH_002543,YV1XZC784364101,EX90,Pure_EV,Ultimate,111.0,101480.0,73750.0
VEH_002544,YV1XZF552052831,XC90,PHEV,Plus,18.8,96120.0,69228.0
VEH_002545,YV1XZH299633740,XC60,PHEV,Ultimate,18.8,76110.0,54516.0
VEH_002546,YV1XZA164951915,EX90,Pure_EV,Core,111.0,86000.0,62500.0
VEH_002547,YV1XZG650964560,EX90,Pure_EV,Plus,111.0,92880.0,67500.0
VEH_002548,YV1XZE726706507,V60,MHEV,Plus,0.0,48384.0,35532.0
VEH_002549,YV1XZC604147303,XC90,PHEV,Core,18.8,89000.0,64100.0
VEH_002550,YV1XZF412527533,EC40,Pure_EV,Ultimate,82.0,63130.0,46964.0
VEH_002551,YV1XZC161544356,EC40,Pure_EV,Core,82.0,53500.0,39800.0
VEH_002552,YV1XZA553184702,EX90,Pure_EV,Ultimate,111.0,101480.0,73750.0
VEH_002553,YV1XZD787790466,EC40,Pure_EV,Core,82.0,53500.0,39800.0
VEH_002554,YV1XZF303318997,EX90,Pure_EV,Core,111.0,86000.0,62500.0
VEH_002555,YV1XZH743989866,V60,MHEV,Plus,0.0,48384.0,35532.0
VEH_002556,YV1XZF761535711,V60,MHEV,Plus,0.0,48384.0,35532.0
VEH_002557,YV1XZF274246814,EC40,Pure_EV,Plus,82.0,57780.0,42984.0
VEH_002558,YV1XZA632501508,EX30,Pure_EV,Plus,69.0,45900.0,33696.0
VEH_002559,YV1XZD844339911,EX90,Pure_EV,Core,111.0,86000.0,62500.0
VEH_002560,YV1XZD356644737,EX90,Pure_EV,Plus,111.0,92880.0,67500.0
VEH_002561,YV1XZF966800964,XC60,PHEV,Ultimate,18.8,76110.0,54516.0
VEH_002562,YV1XZD529832349,V60,MHEV,Plus,0.0,48384.0,35532.0
VEH_002563,YV1XZF110621558,EX90,Pure_EV,Core,111.0,86000.0,62500.0
VEH_002564,YV1XZA695595576,EX30,Pure_EV,Plus,69.0,45900.0,33696.0
VEH_002565,YV1XZE572884620,EX30,Pure_EV,Core,69.0,42500.0,31200.0
VEH_002566,YV1XZF147142443,EX90,Pure_EV,Ultimate,111.0,101480.0,73750.0
VEH_002567,YV1XZD405051006,EX30,Pure_EV,Core,69.0,42500.0,31200.0
VEH_002568,YV1XZE871845007,EX90,Pure_EV,Core,111.0,86000.0,62500.0
VEH_002569,YV1XZD291707402,EX90,Pure_EV,Plus,111.0,92880.0,67500.0
VEH_002570,YV1XZC381093372,EX90,Pure_EV,Core,111.0,86000.0,62500.0
VEH_002571,YV1XZC506865213,EX30,Pure_EV,Core,69.0,42500.0,31200.0
VEH_002572,YV1XZF325740666,V60,MHEV,Core,0.0,44800.0,32900.0
VEH_002573,YV1XZD496898624,EC40,Pure_EV,Plus,82.0,57780.0,42984.0
VEH_002574,YV1XZC665783275,EC40,Pure_EV,Ultimate,82.0,63130.0,46964.0
VEH_002575,YV1XZB227231238,XC90,PHEV,Plus,18.8,96120.0,69228.0
VEH_002576,YV1XZD305816222,EX90,Pure_EV,Core,111.0,86000.0,62500.0
VEH_002577,YV1XZF441397938,XC90,PHEV,Plus,18.8,96120.0,69228.0
VEH_002578,YV1XZD149601706,XC90,PHEV,Plus,18.8,96120.0,69228.0
VEH_002579,YV1XZD674954759,XC90,PHEV,Ultimate,18.8,105020.0,75638.0
VEH_002580,YV1XZF365398542,EC40,Pure_EV,Core,82.0,53500.0,39800.0
VEH_002581,YV1XZE235783814,EX30,Pure_EV,Ultimate,69.0,50150.0,36816.0
VEH_002582,YV1XZH324667128,XC90,PHEV,Ultimate,18.8,105020.0,75638.0
VEH_002583,YV1XZH949326796,V60,MHEV,Core,0.0,44800.0,32900.0
VEH_002584,YV1XZB279780397,V60,MHEV,Ultimate,0.0,52864.0,38822.0
VEH_002585,YV1XZF635354547,XC90,PHEV,Plus,18.8,96120.0,69228.0
VEH_002586,YV1XZC445554954,XC90,PHEV,Plus,18.8,96120.0,69228.0
VEH_002587,YV1XZH868423193,V60,MHEV,Plus,0.0,48384.0,35532.0
VEH_002588,YV1XZE724044455,XC60,PHEV,Plus,18.8,69660.0,49896.0
VEH_002589,YV1XZA322478872,XC60,PHEV,Ultimate,18.8,76110.0,54516.0
VEH_002590,YV1XZH351668540,EX90,Pure_EV,Core,111.0,86000.0,62500.0
VEH_002591,YV1XZE556364808,XC60,PHEV,Core,18.8,64500.0,46200.0
VEH_002592,YV1XZC501694717,XC60,PHEV,Ultimate,18.8,76110.0,54516.0
VEH_002593,YV1XZB244236074,EC40,Pure_EV,Ultimate,82.0,63130.0,46964.0
VEH_002594,YV1XZH657079511,EX30,Pure_EV,Plus,69.0,45900.0,33696.0
VEH_002595,YV1XZA599561727,EC40,Pure_EV,Core,82.0,53500.0,39800.0
VEH_002596,YV1XZF557523905,XC90,PHEV,Ultimate,18.8,105020.0,75638.0
VEH_002597,YV1XZG539109702,XC60,PHEV,Plus,18.8,69660.0,49896.0
VEH_002598,YV1XZF393152423,EC40,Pure_EV,Plus,82.0,57780.0,42984.0
VEH_002599,YV1XZC574259410,XC60,PHEV,Core,18.8,64500.0,46200.0
VEH_002600,YV1XZB485573103,EX90,Pure_EV,Plus,111.0,92880.0,67500.0
VEH_002601,YV1XZB943825024,EX30,Pure_EV,Plus,69.0,45900.0,33696.0
VEH_002602,YV1XZB227332770,EC40,Pure_EV,Core,82.0,53500.0,39800.0
VEH_002603,YV1XZA686291021,EX30,Pure_EV,Plus,69.0,45900.0,33696.0
VEH_002604,YV1XZD824890971,EX90,Pure_EV,Plus,111.0,92880.0,67500.0
VEH_002605,YV1XZE900164591,EC40,Pure_EV,Plus,82.0,57780.0,42984.0
VEH_002606,YV1XZD857678011,V60,MHEV,Plus,0.0,48384.0,35532.0
VEH_002607,YV1XZE109163182,XC90,PHEV,Core,18.8,89000.0,64100.0
VEH_002608,YV1XZF940877558,EC40,Pure_EV,Plus,82.0,57780.0,42984.0
VEH_002609,YV1XZA606810427,XC60,PHEV,Plus,18.8,69660.0,49896.0
VEH_002610,YV1XZC526818051,V60,MHEV,Ultimate,0.0,52864.0,38822.0
VEH_002611,YV1XZD609424194,EX90,Pure_EV,Core,111.0,86000.0,62500.0
VEH_002612,YV1XZH875789582,EX90,Pure_EV,Ultimate,111.0,101480.0,73750.0
VEH_002613,YV1XZB436161542,XC60,PHEV,Plus,18.8,69660.0,49896.0
VEH_002614,YV1XZG325039914,EX90,Pure_EV,Plus,111.0,92880.0,67500.0
VEH_002615,YV1XZA502331243,XC60,PHEV,Plus,18.8,69660.0,49896.0
VEH_002616,YV1XZC428105366,EX90,Pure_EV,Ultimate,111.0,101480.0,73750.0
VEH_002617,YV1XZH970161858,V60,MHEV,Core,0.0,44800.0,32900.0
VEH_002618,YV1XZF342118734,V60,MHEV,Plus,0.0,48384.0,35532.0
VEH_002619,YV1XZG919094911,XC60,PHEV,Plus,18.8,69660.0,49896.0
VEH_002620,YV1XZE450125214,V60,MHEV,Ultimate,0.0,52864.0,38822.0
VEH_002621,YV1XZA249394788,XC90,PHEV,Core,18.8,89000.0,64100.0
VEH_002622,YV1XZG509437695,EX90,Pure_EV,Plus,111.0,92880.0,67500.0
VEH_002623,YV1XZB673904893,EX90,Pure_EV,Plus,111.0,92880.0,67500.0
VEH_002624,YV1XZH216649547,XC60,PHEV,Core,18.8,64500.0,46200.0
VEH_002625,YV1XZH786124569,EC40,Pure_EV,Ultimate,82.0,63130.0,46964.0
VEH_002626,YV1XZC212005417,EC40,Pure_EV,Core,82.0,53500.0,39800.0
VEH_002627,YV1XZC134423255,V60,MHEV,Ultimate,0.0,52864.0,38822.0
VEH_002628,YV1XZH128817630,V60,MHEV,Ultimate,0.0,52864.0,38822.0
VEH_002629,YV1XZB514350655,EX90,Pure_EV,Core,111.0,86000.0,62500.0
VEH_002630,YV1XZD412572176,EC40,Pure_EV,Core,82.0,53500.0,39800.0
VEH_002631,YV1XZB588191420,V60,MHEV,Ultimate,0.0,52864.0,38822.0
VEH_002632,YV1XZA284496457,EX30,Pure_EV,Plus,69.0,45900.0,33696.0
VEH_002633,YV1XZG268615534,EC40,Pure_EV,Plus,82.0,57780.0,42984.0
VEH_002634,YV1XZG613518249,EX30,Pure_EV,Core,69.0,42500.0,31200.0
VEH_002635,YV1XZG321705882,V60,MHEV,Core,0.0,44800.0,32900.0
VEH_002636,YV1XZE564071937,EX90,Pure_EV,Core,111.0,86000.0,62500.0
VEH_002637,YV1XZH270490067,V60,MHEV,Ultimate,0.0,52864.0,38822.0
VEH_002638,YV1XZE730814687,XC90,PHEV,Ultimate,18.8,105020.0,75638.0
VEH_002639,YV1XZH395752497,EX90,Pure_EV,Ultimate,111.0,101480.0,73750.0
VEH_002640,YV1XZC578600641,EX90,Pure_EV,Core,111.0,86000.0,62500.0
VEH_002641,YV1XZD664634125,EX30,Pure_EV,Plus,69.0,45900.0,33696.0
VEH_002642,YV1XZH594140885,EC40,Pure_EV,Ultimate,82.0,63130.0,46964.0
VEH_002643,YV1XZA891659872,XC60,PHEV,Ultimate,18.8,76110.0,54516.0
VEH_002644,YV1XZH472354161,EX30,Pure_EV,Plus,69.0,45900.0,33696.0
VEH_002645,YV1XZE519930083,V60,MHEV,Ultimate,0.0,52864.0,38822.0
VEH_002646,YV1XZG367506478,XC90,PHEV,Core,18.8,89000.0,64100.0
VEH_002647,YV1XZG591589232,EX90,Pure_EV,Ultimate,111.0,101480.0,73750.0
VEH_002648,YV1XZC850032322,XC60,PHEV,Ultimate,18.8,76110.0,54516.0
VEH_002649,YV1XZG850164093,XC90,PHEV,Core,18.8,89000.0,64100.0
VEH_002650,YV1XZC393965039,EX30,Pure_EV,Core,69.0,42500.0,31200.0
VEH_002651,YV1XZE815817439,V60,MHEV,Ultimate,0.0,52864.0,38822.0
VEH_002652,YV1XZD629878254,EX30,Pure_EV,Ultimate,69.0,50150.0,36816.0
VEH_002653,YV1XZB495923044,XC60,PHEV,Ultimate,18.8,76110.0,54516.0
VEH_002654,YV1XZF540337297,EX30,Pure_EV,Core,69.0,42500.0,31200.0
VEH_002655,YV1XZE322664095,XC60,PHEV,Core,18.8,64500.0,46200.0
VEH_002656,YV1XZH128688105,XC90,PHEV,Core,18.8,89000.0,64100.0
VEH_002657,YV1XZH509262673,EX30,Pure_EV,Ultimate,69.0,50150.0,36816.0
VEH_002658,YV1XZG308739262,EC40,Pure_EV,Ultimate,82.0,63130.0,46964.0
VEH_002659,YV1XZA369085856,XC60,PHEV,Core,18.8,64500.0,46200.0
VEH_002660,YV1XZC451232074,EX30,Pure_EV,Ultimate,69.0,50150.0,36816.0
VEH_002661,YV1XZH620506264,V60,MHEV,Ultimate,0.0,52864.0,38822.0
VEH_002662,YV1XZB688870662,XC60,PHEV,Core,18.8,64500.0,46200.0
VEH_002663,YV1XZH250598472,V60,MHEV,Core,0.0,44800.0,32900.0
VEH_002664,YV1XZC283168644,XC60,PHEV,Plus,18.8,69660.0,49896.0
VEH_002665,YV1XZB290306358,EX30,Pure_EV,Ultimate,69.0,50150.0,36816.0
VEH_002666,YV1XZG280875434,EC40,Pure_EV,Core,82.0,53500.0,39800.0
VEH_002667,YV1XZA827334609,EX30,Pure_EV,Ultimate,69.0,50150.0,36816.0
VEH_002668,YV1XZH484492979,EC40,Pure_EV,Core,82.0,53500.0,39800.0
VEH_002669,YV1XZA824823116,EX90,Pure_EV,Core,111.0,86000.0,62500.0
VEH_002670,YV1XZH848121420,XC90,PHEV,Core,18.8,89000.0,64100.0
VEH_002671,YV1XZB519423299,EX30,Pure_EV,Ultimate,69.0,50150.0,36816.0
VEH_002672,YV1XZH156280451,V60,MHEV,Plus,0.0,48384.0,35532.0
VEH_002673,YV1XZA929368594,XC90,PHEV,Core,18.8,89000.0,64100.0
VEH_002674,YV1XZD502271684,XC60,PHEV,Core,18.8,64500.0,46200.0
VEH_002675,YV1XZB117221150,EX90,Pure_EV,Core,111.0,86000.0,62500.0
VEH_002676,YV1XZA461976234,XC60,PHEV,Core,18.8,64500.0,46200.0
VEH_002677,YV1XZB336832921,EX90,Pure_EV,Ultimate,111.0,101480.0,73750.0
VEH_002678,YV1XZC877401428,EX30,Pure_EV,Ultimate,69.0,50150.0,36816.0
VEH_002679,YV1XZG650292797,EX90,Pure_EV,Core,111.0,86000.0,62500.0
VEH_002680,YV1XZF703501011,EX30,Pure_EV,Plus,69.0,45900.0,33696.0
VEH_002681,YV1XZD681648793,V60,MHEV,Core,0.0,44800.0,32900.0
VEH_002682,YV1XZB349546342,XC60,PHEV,Plus,18.8,69660.0,49896.0
VEH_002683,YV1XZF447213567,EX90,Pure_EV,Core,111.0,86000.0,62500.0
VEH_002684,YV1XZG802219378,EX90,Pure_EV,Core,111.0,86000.0,62500.0
VEH_002685,YV1XZG328457837,EC40,Pure_EV,Core,82.0,53500.0,39800.0
VEH_002686,YV1XZB806480997,XC60,PHEV,Core,18.8,64500.0,46200.0
VEH_002687,YV1XZF147179086,EC40,Pure_EV,Ultimate,82.0,63130.0,46964.0
VEH_002688,YV1XZG423769928,EX30,Pure_EV,Core,69.0,42500.0,31200.0
VEH_002689,YV1XZB865074455,XC90,PHEV,Plus,18.8,96120.0,69228.0
VEH_002690,YV1XZC370518677,XC90,PHEV,Ultimate,18.8,105020.0,75638.0
VEH_002691,YV1XZF777395712,EX30,Pure_EV,Ultimate,69.0,50150.0,36816.0
VEH_002692,YV1XZC456532271,V60,MHEV,Plus,0.0,48384.0,35532.0
VEH_002693,YV1XZF815509975,EX90,Pure_EV,Ultimate,111.0,101480.0,73750.0
VEH_002694,YV1XZF118950252,XC60,PHEV,Core,18.8,64500.0,46200.0
VEH_002695,YV1XZH510568162,XC90,PHEV,Ultimate,18.8,105020.0,75638.0
VEH_002696,YV1XZD640543154,XC90,PHEV,Ultimate,18.8,105020.0,75638.0
VEH_002697,YV1XZA349758689,XC90,PHEV,Ultimate,18.8,105020.0,75638.0
VEH_002698,YV1XZB431623688,EX30,Pure_EV,Ultimate,69.0,50150.0,36816.0
VEH_002699,YV1XZG913086431,EX90,Pure_EV,Ultimate,111.0,101480.0,73750.0
VEH_002700,YV1XZB164341850,EX90,Pure_EV,Ultimate,111.0,101480.0,73750.0
VEH_002701,YV1XZH418487640,EX90,Pure_EV,Plus,111.0,92880.0,67500.0
VEH_002702,YV1XZG319457073,EX90,Pure_EV,Core,111.0,86000.0,62500.0
VEH_002703,YV1XZD878793986,V60,MHEV,Core,0.0,44800.0,32900.0
VEH_002704,YV1XZF244168106,XC90,PHEV,Plus,18.8,96120.0,69228.0
VEH_002705,YV1XZA659282971,EC40,Pure_EV,Plus,82.0,57780.0,42984.0
VEH_002706,YV1XZE905897904,XC60,PHEV,Ultimate,18.8,76110.0,54516.0
VEH_002707,YV1XZF468001834,EX30,Pure_EV,Core,69.0,42500.0,31200.0
VEH_002708,YV1XZA814044769,EX90,Pure_EV,Core,111.0,86000.0,62500.0
VEH_002709,YV1XZD752902881,EX90,Pure_EV,Ultimate,111.0,101480.0,73750.0
VEH_002710,YV1XZF297080451,XC60,PHEV,Ultimate,18.8,76110.0,54516.0
VEH_002711,YV1XZA169381847,XC60,PHEV,Ultimate,18.8,76110.0,54516.0
VEH_002712,YV1XZD155949312,XC60,PHEV,Core,18.8,64500.0,46200.0
VEH_002713,YV1XZD234820097,V60,MHEV,Core,0.0,44800.0,32900.0
VEH_002714,YV1XZD353736066,EX30,Pure_EV,Core,69.0,42500.0,31200.0
VEH_002715,YV1XZG878451124,XC90,PHEV,Core,18.8,89000.0,64100.0
VEH_002716,YV1XZC874891307,XC60,PHEV,Plus,18.8,69660.0,49896.0
VEH_002717,YV1XZG289446179,EX90,Pure_EV,Core,111.0,86000.0,62500.0
VEH_002718,YV1XZE406395333,XC90,PHEV,Core,18.8,89000.0,64100.0
VEH_002719,YV1XZD391908293,XC90,PHEV,Plus,18.8,96120.0,69228.0
VEH_002720,YV1XZF527611745,XC60,PHEV,Core,18.8,64500.0,46200.0
VEH_002721,YV1XZH573923944,XC60,PHEV,Core,18.8,64500.0,46200.0
VEH_002722,YV1XZG916392182,XC60,PHEV,Ultimate,18.8,76110.0,54516.0
VEH_002723,YV1XZA918115357,EX90,Pure_EV,Plus,111.0,92880.0,67500.0
VEH_002724,YV1XZB914817912,XC60,PHEV,Plus,18.8,69660.0,49896.0
VEH_002725,YV1XZC693620463,EC40,Pure_EV,Ultimate,82.0,63130.0,46964.0
VEH_002726,YV1XZE508505332,V60,MHEV,Core,0.0,44800.0,32900.0
VEH_002727,YV1XZH404111334,XC60,PHEV,Plus,18.8,69660.0,49896.0
VEH_002728,YV1XZH177244613,XC60,PHEV,Ultimate,18.8,76110.0,54516.0
VEH_002729,YV1XZH310148188,EC40,Pure_EV,Core,82.0,53500.0,39800.0
VEH_002730,YV1XZA113780688,EX90,Pure_EV,Core,111.0,86000.0,62500.0
VEH_002731,YV1XZF627694409,XC90,PHEV,Ultimate,18.8,105020.0,75638.0
VEH_002732,YV1XZG896924722,XC60,PHEV,Plus,18.8,69660.0,49896.0
VEH_002733,YV1XZH430509354,EC40,Pure_EV,Plus,82.0,57780.0,42984.0
VEH_002734,YV1XZB538932325,V60,MHEV,Ultimate,0.0,52864.0,38822.0
VEH_002735,YV1XZG707317600,EX30,Pure_EV,Core,69.0,42500.0,31200.0
VEH_002736,YV1XZG374081636,EX90,Pure_EV,Core,111.0,86000.0,62500.0
VEH_002737,YV1XZH781804304,V60,MHEV,Plus,0.0,48384.0,35532.0
VEH_002738,YV1XZA798905354,V60,MHEV,Plus,0.0,48384.0,35532.0
VEH_002739,YV1XZD360224411,XC60,PHEV,Plus,18.8,69660.0,49896.0
VEH_002740,YV1XZF777480312,XC60,PHEV,Core,18.8,64500.0,46200.0
VEH_002741,YV1XZA848904238,V60,MHEV,Ultimate,0.0,52864.0,38822.0
VEH_002742,YV1XZC380601699,V60,MHEV,Ultimate,0.0,52864.0,38822.0
VEH_002743,YV1XZC373039702,XC90,PHEV,Plus,18.8,96120.0,69228.0
VEH_002744,YV1XZC113247168,EX90,Pure_EV,Ultimate,111.0,101480.0,73750.0
VEH_002745,YV1XZG526991604,EX30,Pure_EV,Core,69.0,42500.0,31200.0
VEH_002746,YV1XZB656774907,V60,MHEV,Ultimate,0.0,52864.0,38822.0
VEH_002747,YV1XZC990936811,EX90,Pure_EV,Plus,111.0,92880.0,67500.0
VEH_002748,YV1XZE637565427,XC60,PHEV,Plus,18.8,69660.0,49896.0
VEH_002749,YV1XZG729298362,XC90,PHEV,Ultimate,18.8,105020.0,75638.0
VEH_002750,YV1XZG907950191,EC40,Pure_EV,Ultimate,82.0,63130.0,46964.0
VEH_002751,YV1XZB783093341,V60,MHEV,Core,0.0,44800.0,32900.0
VEH_002752,YV1XZC388859459,XC90,PHEV,Plus,18.8,96120.0,69228.0
VEH_002753,YV1XZG850555192,V60,MHEV,Core,0.0,44800.0,32900.0
VEH_002754,YV1XZC976591420,EC40,Pure_EV,Core,82.0,53500.0,39800.0
VEH_002755,YV1XZB174991729,XC60,PHEV,Core,18.8,64500.0,46200.0
VEH_002756,YV1XZG802786783,V60,MHEV,Plus,0.0,48384.0,35532.0
VEH_002757,YV1XZG283217137,EC40,Pure_EV,Ultimate,82.0,63130.0,46964.0
VEH_002758,YV1XZC855964923,EX90,Pure_EV,Plus,111.0,92880.0,67500.0
VEH_002759,YV1XZH295404184,EX90,Pure_EV,Core,111.0,86000.0,62500.0
VEH_002760,YV1XZH708910536,XC90,PHEV,Core,18.8,89000.0,64100.0
VEH_002761,YV1XZD163331510,EX90,Pure_EV,Core,111.0,86000.0,62500.0
VEH_002762,YV1XZD378476998,V60,MHEV,Core,0.0,44800.0,32900.0
VEH_002763,YV1XZB783365422,XC60,PHEV,Plus,18.8,69660.0,49896.0
VEH_002764,YV1XZE192027258,EX90,Pure_EV,Core,111.0,86000.0,62500.0
VEH_002765,YV1XZE169001266,XC60,PHEV,Core,18.8,64500.0,46200.0
VEH_002766,YV1XZD613138122,EC40,Pure_EV,Core,82.0,53500.0,39800.0
VEH_002767,YV1XZB110207613,XC60,PHEV,Ultimate,18.8,76110.0,54516.0
VEH_002768,YV1XZA814384353,EX30,Pure_EV,Plus,69.0,45900.0,33696.0
VEH_002769,YV1XZB326632925,XC90,PHEV,Core,18.8,89000.0,64100.0
VEH_002770,YV1XZG747450075,XC90,PHEV,Core,18.8,89000.0,64100.0
VEH_002771,YV1XZH608128757,XC90,PHEV,Plus,18.8,96120.0,69228.0
VEH_002772,YV1XZG461368026,EC40,Pure_EV,Ultimate,82.0,63130.0,46964.0
VEH_002773,YV1XZF438468976,EC40,Pure_EV,Ultimate,82.0,63130.0,46964.0
VEH_002774,YV1XZG506342236,EX90,Pure_EV,Plus,111.0,92880.0,67500.0
VEH_002775,YV1XZF454608877,XC90,PHEV,Core,18.8,89000.0,64100.0
VEH_002776,YV1XZH849802793,EX30,Pure_EV,Core,69.0,42500.0,31200.0
VEH_002777,YV1XZC127574144,XC60,PHEV,Ultimate,18.8,76110.0,54516.0
VEH_002778,YV1XZE850829666,XC90,PHEV,Core,18.8,89000.0,64100.0
VEH_002779,YV1XZH763950073,EX90,Pure_EV,Plus,111.0,92880.0,67500.0
VEH_002780,YV1XZH652884702,V60,MHEV,Ultimate,0.0,52864.0,38822.0
VEH_002781,YV1XZD103359850,XC60,PHEV,Ultimate,18.8,76110.0,54516.0
VEH_002782,YV1XZA780513199,V60,MHEV,Plus,0.0,48384.0,35532.0
VEH_002783,YV1XZF827921175,EC40,Pure_EV,Core,82.0,53500.0,39800.0
VEH_002784,YV1XZH529674103,XC60,PHEV,Core,18.8,64500.0,46200.0
VEH_002785,YV1XZB474020739,V60,MHEV,Ultimate,0.0,52864.0,38822.0
VEH_002786,YV1XZB888424722,XC60,PHEV,Plus,18.8,69660.0,49896.0
VEH_002787,YV1XZD864441874,XC60,PHEV,Plus,18.8,69660.0,49896.0
VEH_002788,YV1XZA237290086,EX90,Pure_EV,Ultimate,111.0,101480.0,73750.0
VEH_002789,YV1XZE993733419,XC60,PHEV,Core,18.8,64500.0,46200.0
VEH_002790,YV1XZH280445368,V60,MHEV,Ultimate,0.0,52864.0,38822.0
VEH_002791,YV1XZH811506547,XC60,PHEV,Core,18.8,64500.0,46200.0
VEH_002792,YV1XZD327247605,XC90,PHEV,Core,18.8,89000.0,64100.0
VEH_002793,YV1XZB213247207,EX90,Pure_EV,Ultimate,111.0,101480.0,73750.0
VEH_002794,YV1XZA272051317,XC60,PHEV,Ultimate,18.8,76110.0,54516.0
VEH_002795,YV1XZE336626964,EC40,Pure_EV,Plus,82.0,57780.0,42984.0
VEH_002796,YV1XZH820052632,V60,MHEV,Plus,0.0,48384.0,35532.0
VEH_002797,YV1XZC673961503,EX30,Pure_EV,Ultimate,69.0,50150.0,36816.0
VEH_002798,YV1XZH197111094,V60,MHEV,Ultimate,0.0,52864.0,38822.0
VEH_002799,YV1XZD718445315,V60,MHEV,Plus,0.0,48384.0,35532.0
VEH_002800,YV1XZF504811746,XC90,PHEV,Core,18.8,89000.0,64100.0
VEH_002801,YV1XZG802140873,V60,MHEV,Ultimate,0.0,52864.0,38822.0
VEH_002802,YV1XZG968063877,V60,MHEV,Ultimate,0.0,52864.0,38822.0
VEH_002803,YV1XZE224221153,EX90,Pure_EV,Core,111.0,86000.0,62500.0
VEH_002804,YV1XZB195712730,EC40,Pure_EV,Core,82.0,53500.0,39800.0
VEH_002805,YV1XZD899527218,EC40,Pure_EV,Ultimate,82.0,63130.0,46964.0
VEH_002806,YV1XZF236813458,EX30,Pure_EV,Ultimate,69.0,50150.0,36816.0
VEH_002807,YV1XZA433717796,EC40,Pure_EV,Plus,82.0,57780.0,42984.0
VEH_002808,YV1XZD516768084,EX30,Pure_EV,Ultimate,69.0,50150.0,36816.0
VEH_002809,YV1XZF956328583,XC60,PHEV,Plus,18.8,69660.0,49896.0
VEH_002810,YV1XZD214445764,V60,MHEV,Core,0.0,44800.0,32900.0
VEH_002811,YV1XZH439223200,XC60,PHEV,Core,18.8,64500.0,46200.0
VEH_002812,YV1XZD636691235,EX90,Pure_EV,Plus,111.0,92880.0,67500.0
VEH_002813,YV1XZC745818574,V60,MHEV,Plus,0.0,48384.0,35532.0
VEH_002814,YV1XZA743042838,EC40,Pure_EV,Core,82.0,53500.0,39800.0
VEH_002815,YV1XZB393617431,EC40,Pure_EV,Plus,82.0,57780.0,42984.0
VEH_002816,YV1XZH777613840,V60,MHEV,Ultimate,0.0,52864.0,38822.0
VEH_002817,YV1XZE856065079,EX90,Pure_EV,Plus,111.0,92880.0,67500.0
VEH_002818,YV1XZF263962774,XC60,PHEV,Core,18.8,64500.0,46200.0
VEH_002819,YV1XZD852056728,V60,MHEV,Core,0.0,44800.0,32900.0
VEH_002820,YV1XZC623454129,V60,MHEV,Core,0.0,44800.0,32900.0
VEH_002821,YV1XZE975112646,V60,MHEV,Plus,0.0,48384.0,35532.0
VEH_002822,YV1XZA688349223,V60,MHEV,Core,0.0,44800.0,32900.0
VEH_002823,YV1XZG827888175,XC60,PHEV,Plus,18.8,69660.0,49896.0
VEH_002824,YV1XZG519900806,XC60,PHEV,Plus,18.8,69660.0,49896.0
VEH_002825,YV1XZE403186123,EX30,Pure_EV,Ultimate,69.0,50150.0,36816.0
VEH_002826,YV1XZG204496093,V60,MHEV,Core,0.0,44800.0,32900.0
VEH_002827,YV1XZA861913813,EX90,Pure_EV,Plus,111.0,92880.0,67500.0
VEH_002828,YV1XZC719718049,EC40,Pure_EV,Plus,82.0,57780.0,42984.0
VEH_002829,YV1XZH412546455,EX90,Pure_EV,Plus,111.0,92880.0,67500.0
VEH_002830,YV1XZD963673300,EX90,Pure_EV,Core,111.0,86000.0,62500.0
VEH_002831,YV1XZA488936964,V60,MHEV,Core,0.0,44800.0,32900.0
VEH_002832,YV1XZB828338194,V60,MHEV,Ultimate,0.0,52864.0,38822.0
VEH_002833,YV1XZG829548792,EX90,Pure_EV,Plus,111.0,92880.0,67500.0
VEH_002834,YV1XZB481805252,EX90,Pure_EV,Core,111.0,86000.0,62500.0
VEH_002835,YV1XZA226000213,XC60,PHEV,Core,18.8,64500.0,46200.0
VEH_002836,YV1XZF737150229,XC90,PHEV,Ultimate,18.8,105020.0,75638.0
VEH_002837,YV1XZG363067825,XC60,PHEV,Core,18.8,64500.0,46200.0
VEH_002838,YV1XZD525894109,EX30,Pure_EV,Core,69.0,42500.0,31200.0
VEH_002839,YV1XZC800935401,XC60,PHEV,Plus,18.8,69660.0,49896.0
VEH_002840,YV1XZB935082100,V60,MHEV,Plus,0.0,48384.0,35532.0
VEH_002841,YV1XZG395510969,XC60,PHEV,Ultimate,18.8,76110.0,54516.0
VEH_002842,YV1XZH494410130,V60,MHEV,Ultimate,0.0,52864.0,38822.0
VEH_002843,YV1XZB188730795,EX30,Pure_EV,Core,69.0,42500.0,31200.0
VEH_002844,YV1XZD124724799,EX30,Pure_EV,Plus,69.0,45900.0,33696.0
VEH_002845,YV1XZH393909769,XC90,PHEV,Ultimate,18.8,105020.0,75638.0
VEH_002846,YV1XZB952920067,V60,MHEV,Ultimate,0.0,52864.0,38822.0
VEH_002847,YV1XZG619896637,XC90,PHEV,Core,18.8,89000.0,64100.0
VEH_002848,YV1XZG420365200,V60,MHEV,Ultimate,0.0,52864.0,38822.0
VEH_002849,YV1XZB449211955,XC90,PHEV,Core,18.8,89000.0,64100.0
VEH_002850,YV1XZC535220327,EX30,Pure_EV,Ultimate,69.0,50150.0,36816.0
VEH_002851,YV1XZG697065054,V60,MHEV,Core,0.0,44800.0,32900.0
VEH_002852,YV1XZH168646103,XC90,PHEV,Ultimate,18.8,105020.0,75638.0
VEH_002853,YV1XZB909073286,XC90,PHEV,Ultimate,18.8,105020.0,75638.0
VEH_002854,YV1XZB293986672,EX90,Pure_EV,Ultimate,111.0,101480.0,73750.0
VEH_002855,YV1XZC105716605,XC90,PHEV,Ultimate,18.8,105020.0,75638.0
VEH_002856,YV1XZF232118892,XC90,PHEV,Plus,18.8,96120.0,69228.0
VEH_002857,YV1XZD800767402,EX30,Pure_EV,Core,69.0,42500.0,31200.0
VEH_002858,YV1XZE908601398,EX90,Pure_EV,Core,111.0,86000.0,62500.0
VEH_002859,YV1XZB643472611,EX30,Pure_EV,Core,69.0,42500.0,31200.0
VEH_002860,YV1XZC554247901,EC40,Pure_EV,Plus,82.0,57780.0,42984.0
VEH_002861,YV1XZD422766775,V60,MHEV,Core,0.0,44800.0,32900.0
VEH_002862,YV1XZE807765063,EX30,Pure_EV,Ultimate,69.0,50150.0,36816.0
VEH_002863,YV1XZC719625768,XC90,PHEV,Plus,18.8,96120.0,69228.0
VEH_002864,YV1XZF661208623,XC60,PHEV,Ultimate,18.8,76110.0,54516.0
VEH_002865,YV1XZD838659551,EC40,Pure_EV,Ultimate,82.0,63130.0,46964.0
VEH_002866,YV1XZA354584572,EX30,Pure_EV,Ultimate,69.0,50150.0,36816.0
VEH_002867,YV1XZC421810334,EX30,Pure_EV,Core,69.0,42500.0,31200.0
VEH_002868,YV1XZD735422310,EX90,Pure_EV,Core,111.0,86000.0,62500.0
VEH_002869,YV1XZC882869895,EC40,Pure_EV,Plus,82.0,57780.0,42984.0
VEH_002870,YV1XZB690395452,XC90,PHEV,Plus,18.8,96120.0,69228.0
VEH_002871,YV1XZG797684086,EC40,Pure_EV,Plus,82.0,57780.0,42984.0
VEH_002872,YV1XZH189393380,EX90,Pure_EV,Plus,111.0,92880.0,67500.0
VEH_002873,YV1XZG845730200,EC40,Pure_EV,Ultimate,82.0,63130.0,46964.0
VEH_002874,YV1XZD175761121,EX90,Pure_EV,Ultimate,111.0,101480.0,73750.0
VEH_002875,YV1XZE779807255,V60,MHEV,Ultimate,0.0,52864.0,38822.0
VEH_002876,YV1XZD867129446,V60,MHEV,Ultimate,0.0,52864.0,38822.0
VEH_002877,YV1XZC550634913,EC40,Pure_EV,Ultimate,82.0,63130.0,46964.0
VEH_002878,YV1XZG506885773,EX90,Pure_EV,Plus,111.0,92880.0,67500.0
VEH_002879,YV1XZD183241401,EX30,Pure_EV,Ultimate,69.0,50150.0,36816.0
VEH_002880,YV1XZB834417124,EC40,Pure_EV,Core,82.0,53500.0,39800.0
VEH_002881,YV1XZB453644935,XC90,PHEV,Plus,18.8,96120.0,69228.0
VEH_002882,YV1XZF458111525,V60,MHEV,Core,0.0,44800.0,32900.0
VEH_002883,YV1XZD393826004,EC40,Pure_EV,Core,82.0,53500.0,39800.0
VEH_002884,YV1XZG338612895,EX30,Pure_EV,Core,69.0,42500.0,31200.0
VEH_002885,YV1XZB288690127,XC60,PHEV,Core,18.8,64500.0,46200.0
VEH_002886,YV1XZE732248231,XC90,PHEV,Ultimate,18.8,105020.0,75638.0
VEH_002887,YV1XZF852108407,XC60,PHEV,Core,18.8,64500.0,46200.0
VEH_002888,YV1XZE752262668,XC90,PHEV,Plus,18.8,96120.0,69228.0
VEH_002889,YV1XZC441446020,EX30,Pure_EV,Core,69.0,42500.0,31200.0
VEH_002890,YV1XZF965527175,XC60,PHEV,Core,18.8,64500.0,46200.0
VEH_002891,YV1XZG612026532,V60,MHEV,Ultimate,0.0,52864.0,38822.0
VEH_002892,YV1XZE110197828,XC90,PHEV,Core,18.8,89000.0,64100.0
VEH_002893,YV1XZC806052829,V60,MHEV,Ultimate,0.0,52864.0,38822.0
VEH_002894,YV1XZG709413742,EX90,Pure_EV,Core,111.0,86000.0,62500.0
VEH_002895,YV1XZA878913009,V60,MHEV,Plus,0.0,48384.0,35532.0
VEH_002896,YV1XZD828228055,V60,MHEV,Plus,0.0,48384.0,35532.0
VEH_002897,YV1XZH296606987,XC90,PHEV,Plus,18.8,96120.0,69228.0
VEH_002898,YV1XZH639264550,XC60,PHEV,Plus,18.8,69660.0,49896.0
VEH_002899,YV1XZG658984263,EC40,Pure_EV,Plus,82.0,57780.0,42984.0
VEH_002900,YV1XZE782508147,V60,MHEV,Core,0.0,44800.0,32900.0
VEH_002901,YV1XZG927402258,EX30,Pure_EV,Plus,69.0,45900.0,33696.0
VEH_002902,YV1XZB182348704,EC40,Pure_EV,Core,82.0,53500.0,39800.0
VEH_002903,YV1XZB277288866,V60,MHEV,Core,0.0,44800.0,32900.0
VEH_002904,YV1XZB898229824,XC90,PHEV,Core,18.8,89000.0,64100.0
VEH_002905,YV1XZH967955890,EC40,Pure_EV,Ultimate,82.0,63130.0,46964.0
VEH_002906,YV1XZC615026653,EX30,Pure_EV,Plus,69.0,45900.0,33696.0
VEH_002907,YV1XZB535371662,XC60,PHEV,Ultimate,18.8,76110.0,54516.0
VEH_002908,YV1XZD992706183,EX30,Pure_EV,Ultimate,69.0,50150.0,36816.0
VEH_002909,YV1XZG854402110,V60,MHEV,Core,0.0,44800.0,32900.0
VEH_002910,YV1XZF362235929,XC90,PHEV,Ultimate,18.8,105020.0,75638.0
VEH_002911,YV1XZA752162382,V60,MHEV,Ultimate,0.0,52864.0,38822.0
VEH_002912,YV1XZD287705313,XC60,PHEV,Core,18.8,64500.0,46200.0
VEH_002913,YV1XZC651564517,EX30,Pure_EV,Plus,69.0,45900.0,33696.0
VEH_002914,YV1XZG632047514,EC40,Pure_EV,Core,82.0,53500.0,39800.0
VEH_002915,YV1XZF221583552,XC60,PHEV,Core,18.8,64500.0,46200.0
VEH_002916,YV1XZD993059429,EC40,Pure_EV,Ultimate,82.0,63130.0,46964.0
VEH_002917,YV1XZE421239920,XC90,PHEV,Core,18.8,89000.0,64100.0
VEH_002918,YV1XZE328777818,XC60,PHEV,Plus,18.8,69660.0,49896.0
VEH_002919,YV1XZG333499326,EX30,Pure_EV,Ultimate,69.0,50150.0,36816.0
VEH_002920,YV1XZA597203646,EC40,Pure_EV,Ultimate,82.0,63130.0,46964.0
VEH_002921,YV1XZA481977286,XC90,PHEV,Plus,18.8,96120.0,69228.0
VEH_002922,YV1XZH452779815,EX30,Pure_EV,Ultimate,69.0,50150.0,36816.0
VEH_002923,YV1XZB105534508,EC40,Pure_EV,Plus,82.0,57780.0,42984.0
VEH_002924,YV1XZC531717324,EC40,Pure_EV,Ultimate,82.0,63130.0,46964.0
VEH_002925,YV1XZB562572075,EC40,Pure_EV,Core,82.0,53500.0,39800.0
VEH_002926,YV1XZB668113106,XC60,PHEV,Core,18.8,64500.0,46200.0
VEH_002927,YV1XZG232975024,XC90,PHEV,Core,18.8,89000.0,64100.0
VEH_002928,YV1XZC926188073,XC60,PHEV,Core,18.8,64500.0,46200.0
VEH_002929,YV1XZD605408862,V60,MHEV,Plus,0.0,48384.0,35532.0
VEH_002930,YV1XZE491374277,XC60,PHEV,Plus,18.8,69660.0,49896.0
VEH_002931,YV1XZE216710352,XC60,PHEV,Core,18.8,64500.0,46200.0
VEH_002932,YV1XZH273768263,XC60,PHEV,Ultimate,18.8,76110.0,54516.0
VEH_002933,YV1XZG106238675,EX90,Pure_EV,Plus,111.0,92880.0,67500.0
VEH_002934,YV1XZD218826331,EC40,Pure_EV,Ultimate,82.0,63130.0,46964.0
VEH_002935,YV1XZA243538161,EX90,Pure_EV,Plus,111.0,92880.0,67500.0
VEH_002936,YV1XZF133937268,XC60,PHEV,Plus,18.8,69660.0,49896.0
VEH_002937,YV1XZD614639071,EX90,Pure_EV,Ultimate,111.0,101480.0,73750.0
VEH_002938,YV1XZB552147658,V60,MHEV,Plus,0.0,48384.0,35532.0
VEH_002939,YV1XZH958800276,XC60,PHEV,Ultimate,18.8,76110.0,54516.0
VEH_002940,YV1XZC448845506,V60,MHEV,Ultimate,0.0,52864.0,38822.0
VEH_002941,YV1XZG241108650,XC60,PHEV,Ultimate,18.8,76110.0,54516.0
VEH_002942,YV1XZA235424162,EX30,Pure_EV,Core,69.0,42500.0,31200.0
VEH_002943,YV1XZA923973312,EX90,Pure_EV,Plus,111.0,92880.0,67500.0
VEH_002944,YV1XZA828330158,V60,MHEV,Core,0.0,44800.0,32900.0
VEH_002945,YV1XZA566356688,EC40,Pure_EV,Plus,82.0,57780.0,42984.0
VEH_002946,YV1XZE621762558,XC60,PHEV,Plus,18.8,69660.0,49896.0
VEH_002947,YV1XZD763157083,EX30,Pure_EV,Plus,69.0,45900.0,33696.0
VEH_002948,YV1XZC367862922,EX90,Pure_EV,Ultimate,111.0,101480.0,73750.0
VEH_002949,YV1XZE852645523,EC40,Pure_EV,Core,82.0,53500.0,39800.0
VEH_002950,YV1XZG313043758,EX90,Pure_EV,Ultimate,111.0,101480.0,73750.0
VEH_002951,YV1XZB852848656,XC60,PHEV,Ultimate,18.8,76110.0,54516.0
VEH_002952,YV1XZC302581790,V60,MHEV,Ultimate,0.0,52864.0,38822.0
VEH_002953,YV1XZC346299407,XC90,PHEV,Ultimate,18.8,105020.0,75638.0
VEH_002954,YV1XZG141195640,EX30,Pure_EV,Core,69.0,42500.0,31200.0
VEH_002955,YV1XZC557739343,EC40,Pure_EV,Core,82.0,53500.0,39800.0
VEH_002956,YV1XZD197641175,EX30,Pure_EV,Ultimate,69.0,50150.0,36816.0
VEH_002957,YV1XZG663683515,EX30,Pure_EV,Plus,69.0,45900.0,33696.0
VEH_002958,YV1XZD338129347,EC40,Pure_EV,Ultimate,82.0,63130.0,46964.0
VEH_002959,YV1XZH165873766,EC40,Pure_EV,Plus,82.0,57780.0,42984.0
VEH_002960,YV1XZA426728893,XC90,PHEV,Plus,18.8,96120.0,69228.0
VEH_002961,YV1XZF401244644,EX30,Pure_EV,Plus,69.0,45900.0,33696.0
VEH_002962,YV1XZG365180555,EC40,Pure_EV,Ultimate,82.0,63130.0,46964.0
VEH_002963,YV1XZC143904371,EC40,Pure_EV,Core,82.0,53500.0,39800.0
VEH_002964,YV1XZF327609166,EX30,Pure_EV,Core,69.0,42500.0,31200.0
VEH_002965,YV1XZE751247855,EC40,Pure_EV,Plus,82.0,57780.0,42984.0
VEH_002966,YV1XZC370865381,EX30,Pure_EV,Plus,69.0,45900.0,33696.0
VEH_002967,YV1XZF426800512,XC60,PHEV,Plus,18.8,69660.0,49896.0
VEH_002968,YV1XZA833324339,EX30,Pure_EV,Core,69.0,42500.0,31200.0
VEH_002969,YV1XZF487157696,XC90,PHEV,Core,18.8,89000.0,64100.0
VEH_002970,YV1XZF355821370,V60,MHEV,Plus,0.0,48384.0,35532.0
VEH_002971,YV1XZD727416570,V60,MHEV,Plus,0.0,48384.0,35532.0
VEH_002972,YV1XZB240107634,XC60,PHEV,Core,18.8,64500.0,46200.0
VEH_002973,YV1XZB144065218,V60,MHEV,Ultimate,0.0,52864.0,38822.0
VEH_002974,YV1XZD307154333,XC90,PHEV,Ultimate,18.8,105020.0,75638.0
VEH_002975,YV1XZB180401357,V60,MHEV,Plus,0.0,48384.0,35532.0
VEH_002976,YV1XZF423707839,XC90,PHEV,Ultimate,18.8,105020.0,75638.0
VEH_002977,YV1XZD672903058,V60,MHEV,Plus,0.0,48384.0,35532.0
VEH_002978,YV1XZA237258508,V60,MHEV,Core,0.0,44800.0,32900.0
VEH_002979,YV1XZE915351389,EX90,Pure_EV,Plus,111.0,92880.0,67500.0
VEH_002980,YV1XZF581554115,XC90,PHEV,Plus,18.8,96120.0,69228.0
VEH_002981,YV1XZB568286479,V60,MHEV,Ultimate,0.0,52864.0,38822.0
VEH_002982,YV1XZG662385981,EX30,Pure_EV,Plus,69.0,45900.0,33696.0
VEH_002983,YV1XZC743336344,XC90,PHEV,Core,18.8,89000.0,64100.0
VEH_002984,YV1XZC411016150,EC40,Pure_EV,Ultimate,82.0,63130.0,46964.0
VEH_002985,YV1XZA952970175,EX30,Pure_EV,Ultimate,69.0,50150.0,36816.0
VEH_002986,YV1XZG631530009,V60,MHEV,Core,0.0,44800.0,32900.0
VEH_002987,YV1XZB277723833,V60,MHEV,Ultimate,0.0,52864.0,38822.0
VEH_002988,YV1XZG703978257,XC60,PHEV,Ultimate,18.8,76110.0,54516.0
VEH_002989,YV1XZE322183597,XC60,PHEV,Plus,18.8,69660.0,49896.0
VEH_002990,YV1XZC714070777,EX90,Pure_EV,Core,111.0,86000.0,62500.0
VEH_002991,YV1XZA948950616,EX90,Pure_EV,Ultimate,111.0,101480.0,73750.0
VEH_002992,YV1XZE425784189,XC90,PHEV,Plus,18.8,96120.0,69228.0
VEH_002993,YV1XZE692867539,EX90,Pure_EV,Plus,111.0,92880.0,67500.0
VEH_002994,YV1XZD148976013,EX30,Pure_EV,Core,69.0,42500.0,31200.0
VEH_002995,YV1XZE141973293,XC90,PHEV,Core,18.8,89000.0,64100.0
VEH_002996,YV1XZE242776948,V60,MHEV,Core,0.0,44800.0,32900.0
VEH_002997,YV1XZD984130042,EC40,Pure_EV,Core,82.0,53500.0,39800.0
VEH_002998,YV1XZB101503196,EX90,Pure_EV,Ultimate,111.0,101480.0,73750.0
VEH_002999,YV1XZF448495661,V60,MHEV,Plus,0.0,48384.0,35532.0
VEH_003000,YV1XZE875327062,EX30,Pure_EV,Ultimate,69.0,50150.0,36816.0
VEH_003001,YV1XZE448574326,EX90,Pure_EV,Plus,111.0,92880.0,67500.0
VEH_003002,YV1XZA984690021,EX30,Pure_EV,Ultimate,69.0,50150.0,36816.0
VEH_003003,YV1XZE289768018,EC40,Pure_EV,Core,82.0,53500.0,39800.0
VEH_003004,YV1XZB875888196,EC40,Pure_EV,Core,82.0,53500.0,39800.0
VEH_003005,YV1XZG802038944,V60,MHEV,Ultimate,0.0,52864.0,38822.0
VEH_003006,YV1XZD977082820,EC40,Pure_EV,Ultimate,82.0,63130.0,46964.0
VEH_003007,YV1XZF388614830,XC60,PHEV,Core,18.8,64500.0,46200.0
VEH_003008,YV1XZG267118760,EX90,Pure_EV,Ultimate,111.0,101480.0,73750.0
VEH_003009,YV1XZG495824195,XC60,PHEV,Core,18.8,64500.0,46200.0
VEH_003010,YV1XZB632534262,EX90,Pure_EV,Plus,111.0,92880.0,67500.0
VEH_003011,YV1XZC975741671,EX90,Pure_EV,Plus,111.0,92880.0,67500.0
VEH_003012,YV1XZH883273181,EX90,Pure_EV,Core,111.0,86000.0,62500.0
VEH_003013,YV1XZE122599372,EX90,Pure_EV,Ultimate,111.0,101480.0,73750.0
VEH_003014,YV1XZC977783087,EC40,Pure_EV,Core,82.0,53500.0,39800.0
VEH_003015,YV1XZD174575794,XC60,PHEV,Ultimate,18.8,76110.0,54516.0
VEH_003016,YV1XZG363339299,EX90,Pure_EV,Core,111.0,86000.0,62500.0
VEH_003017,YV1XZG207625222,XC60,PHEV,Ultimate,18.8,76110.0,54516.0
VEH_003018,YV1XZC880357575,V60,MHEV,Ultimate,0.0,52864.0,38822.0
VEH_003019,YV1XZB505740335,EX30,Pure_EV,Ultimate,69.0,50150.0,36816.0
VEH_003020,YV1XZB987514459,XC60,PHEV,Core,18.8,64500.0,46200.0
VEH_003021,YV1XZA241926172,EX30,Pure_EV,Ultimate,69.0,50150.0,36816.0
VEH_003022,YV1XZE253153814,EX90,Pure_EV,Core,111.0,86000.0,62500.0
VEH_003023,YV1XZA950833480,V60,MHEV,Ultimate,0.0,52864.0,38822.0
VEH_003024,YV1XZF859624835,EX30,Pure_EV,Core,69.0,42500.0,31200.0
VEH_003025,YV1XZC615852872,EX30,Pure_EV,Core,69.0,42500.0,31200.0
VEH_003026,YV1XZC430052121,XC90,PHEV,Plus,18.8,96120.0,69228.0
VEH_003027,YV1XZC361787772,EC40,Pure_EV,Plus,82.0,57780.0,42984.0
VEH_003028,YV1XZE773757807,EX30,Pure_EV,Ultimate,69.0,50150.0,36816.0
VEH_003029,YV1XZA985756373,XC90,PHEV,Core,18.8,89000.0,64100.0
VEH_003030,YV1XZE210129503,EX30,Pure_EV,Core,69.0,42500.0,31200.0
VEH_003031,YV1XZC101299672,XC90,PHEV,Plus,18.8,96120.0,69228.0
VEH_003032,YV1XZD558633176,EX90,Pure_EV,Core,111.0,86000.0,62500.0
VEH_003033,YV1XZF803692376,XC60,PHEV,Core,18.8,64500.0,46200.0
VEH_003034,YV1XZG837409683,EC40,Pure_EV,Core,82.0,53500.0,39800.0
VEH_003035,YV1XZH282062648,V60,MHEV,Core,0.0,44800.0,32900.0
VEH_003036,YV1XZB402595772,EX30,Pure_EV,Core,69.0,42500.0,31200.0
VEH_003037,YV1XZF227078391,EC40,Pure_EV,Core,82.0,53500.0,39800.0
VEH_003038,YV1XZA749083785,EC40,Pure_EV,Core,82.0,53500.0,39800.0
VEH_003039,YV1XZG669599249,EX90,Pure_EV,Core,111.0,86000.0,62500.0
VEH_003040,YV1XZC829535965,EC40,Pure_EV,Ultimate,82.0,63130.0,46964.0
VEH_003041,YV1XZE770829086,XC60,PHEV,Core,18.8,64500.0,46200.0
VEH_003042,YV1XZB391084190,EC40,Pure_EV,Plus,82.0,57780.0,42984.0
VEH_003043,YV1XZF384972125,XC60,PHEV,Ultimate,18.8,76110.0,54516.0
VEH_003044,YV1XZA259604146,V60,MHEV,Core,0.0,44800.0,32900.0
VEH_003045,YV1XZF258677766,V60,MHEV,Core,0.0,44800.0,32900.0
VEH_003046,YV1XZH974723527,XC60,PHEV,Plus,18.8,69660.0,49896.0
VEH_003047,YV1XZG880296481,EX30,Pure_EV,Core,69.0,42500.0,31200.0
VEH_003048,YV1XZB446875956,EC40,Pure_EV,Core,82.0,53500.0,39800.0
VEH_003049,YV1XZG478610768,EX90,Pure_EV,Core,111.0,86000.0,62500.0
VEH_003050,YV1XZG616779646,EC40,Pure_EV,Plus,82.0,57780.0,42984.0
VEH_003051,YV1XZF248413965,V60,MHEV,Plus,0.0,48384.0,35532.0
VEH_003052,YV1XZG549532354,V60,MHEV,Core,0.0,44800.0,32900.0
VEH_003053,YV1XZH671740071,XC90,PHEV,Plus,18.8,96120.0,69228.0
VEH_003054,YV1XZG189783843,XC90,PHEV,Core,18.8,89000.0,64100.0
VEH_003055,YV1XZG665803901,XC90,PHEV,Ultimate,18.8,105020.0,75638.0
VEH_003056,YV1XZD854940701,XC90,PHEV,Ultimate,18.8,105020.0,75638.0
VEH_003057,YV1XZF103077456,EX30,Pure_EV,Core,69.0,42500.0,31200.0
VEH_003058,YV1XZF699550021,EX90,Pure_EV,Core,111.0,86000.0,62500.0
VEH_003059,YV1XZB163970728,XC60,PHEV,Core,18.8,64500.0,46200.0
VEH_003060,YV1XZC416428807,EC40,Pure_EV,Plus,82.0,57780.0,42984.0
VEH_003061,YV1XZG360379610,XC60,PHEV,Core,18.8,64500.0,46200.0
VEH_003062,YV1XZA902080160,EX90,Pure_EV,Core,111.0,86000.0,62500.0
VEH_003063,YV1XZC505295431,EX90,Pure_EV,Core,111.0,86000.0,62500.0
VEH_003064,YV1XZG499092905,V60,MHEV,Core,0.0,44800.0,32900.0
VEH_003065,YV1XZB811619517,EX30,Pure_EV,Ultimate,69.0,50150.0,36816.0
VEH_003066,YV1XZH999191343,XC90,PHEV,Core,18.8,89000.0,64100.0
VEH_003067,YV1XZA257718363,XC90,PHEV,Core,18.8,89000.0,64100.0
VEH_003068,YV1XZB363115935,EC40,Pure_EV,Core,82.0,53500.0,39800.0
VEH_003069,YV1XZG260757642,EX30,Pure_EV,Core,69.0,42500.0,31200.0
VEH_003070,YV1XZC903273909,EX90,Pure_EV,Plus,111.0,92880.0,67500.0
VEH_003071,YV1XZE604856763,XC90,PHEV,Ultimate,18.8,105020.0,75638.0
VEH_003072,YV1XZF576713058,XC60,PHEV,Ultimate,18.8,76110.0,54516.0
VEH_003073,YV1XZA407915944,V60,MHEV,Ultimate,0.0,52864.0,38822.0
VEH_003074,YV1XZA789830038,EX30,Pure_EV,Core,69.0,42500.0,31200.0
VEH_003075,YV1XZC640409345,EX30,Pure_EV,Ultimate,69.0,50150.0,36816.0
VEH_003076,YV1XZG994083442,EX90,Pure_EV,Core,111.0,86000.0,62500.0
VEH_003077,YV1XZH695020389,XC60,PHEV,Ultimate,18.8,76110.0,54516.0
VEH_003078,YV1XZE861661789,V60,MHEV,Plus,0.0,48384.0,35532.0
VEH_003079,YV1XZC391872669,EX90,Pure_EV,Plus,111.0,92880.0,67500.0
VEH_003080,YV1XZG234360915,EX30,Pure_EV,Ultimate,69.0,50150.0,36816.0
VEH_003081,YV1XZG764693183,V60,MHEV,Core,0.0,44800.0,32900.0
VEH_003082,YV1XZG297239684,EX30,Pure_EV,Core,69.0,42500.0,31200.0
VEH_003083,YV1XZB976773369,V60,MHEV,Ultimate,0.0,52864.0,38822.0
VEH_003084,YV1XZH436284832,V60,MHEV,Plus,0.0,48384.0,35532.0
VEH_003085,YV1XZG988256872,V60,MHEV,Ultimate,0.0,52864.0,38822.0
VEH_003086,YV1XZA962578964,XC60,PHEV,Core,18.8,64500.0,46200.0
VEH_003087,YV1XZG309090380,EC40,Pure_EV,Ultimate,82.0,63130.0,46964.0
VEH_003088,YV1XZB183546326,EC40,Pure_EV,Core,82.0,53500.0,39800.0
VEH_003089,YV1XZF130117239,EC40,Pure_EV,Ultimate,82.0,63130.0,46964.0
VEH_003090,YV1XZC681504122,EX90,Pure_EV,Plus,111.0,92880.0,67500.0
VEH_003091,YV1XZD741142796,EX30,Pure_EV,Core,69.0,42500.0,31200.0
VEH_003092,YV1XZD692374111,EX30,Pure_EV,Plus,69.0,45900.0,33696.0
VEH_003093,YV1XZA358057908,EX90,Pure_EV,Ultimate,111.0,101480.0,73750.0
VEH_003094,YV1XZA705310487,EC40,Pure_EV,Core,82.0,53500.0,39800.0
VEH_003095,YV1XZA437778016,XC60,PHEV,Core,18.8,64500.0,46200.0
VEH_003096,YV1XZA482949103,EX30,Pure_EV,Plus,69.0,45900.0,33696.0
VEH_003097,YV1XZD437662209,EC40,Pure_EV,Plus,82.0,57780.0,42984.0
VEH_003098,YV1XZF239067697,XC60,PHEV,Ultimate,18.8,76110.0,54516.0
VEH_003099,YV1XZB455750197,V60,MHEV,Ultimate,0.0,52864.0,38822.0
VEH_003100,YV1XZB639208572,XC60,PHEV,Ultimate,18.8,76110.0,54516.0
VEH_003101,YV1XZG612124417,EX90,Pure_EV,Core,111.0,86000.0,62500.0
VEH_003102,YV1XZE273111886,XC90,PHEV,Core,18.8,89000.0,64100.0
VEH_003103,YV1XZH184560232,EX90,Pure_EV,Ultimate,111.0,101480.0,73750.0
VEH_003104,YV1XZD331549411,V60,MHEV,Core,0.0,44800.0,32900.0
VEH_003105,YV1XZC925520324,V60,MHEV,Ultimate,0.0,52864.0,38822.0
VEH_003106,YV1XZF580478208,V60,MHEV,Core,0.0,44800.0,32900.0
VEH_003107,YV1XZE486886743,EX90,Pure_EV,Plus,111.0,92880.0,67500.0
VEH_003108,YV1XZA865322884,XC90,PHEV,Plus,18.8,96120.0,69228.0
VEH_003109,YV1XZD324219451,V60,MHEV,Plus,0.0,48384.0,35532.0
VEH_003110,YV1XZB263639767,XC90,PHEV,Ultimate,18.8,105020.0,75638.0
VEH_003111,YV1XZH204588938,XC90,PHEV,Ultimate,18.8,105020.0,75638.0
VEH_003112,YV1XZE687482857,EX30,Pure_EV,Core,69.0,42500.0,31200.0
VEH_003113,YV1XZB588346218,EX30,Pure_EV,Plus,69.0,45900.0,33696.0
VEH_003114,YV1XZE273379761,EC40,Pure_EV,Core,82.0,53500.0,39800.0
VEH_003115,YV1XZF479426514,EX30,Pure_EV,Plus,69.0,45900.0,33696.0
VEH_003116,YV1XZC863060026,EX30,Pure_EV,Core,69.0,42500.0,31200.0
VEH_003117,YV1XZH374906146,XC60,PHEV,Plus,18.8,69660.0,49896.0
VEH_003118,YV1XZC233107713,XC60,PHEV,Ultimate,18.8,76110.0,54516.0
VEH_003119,YV1XZA490275201,XC90,PHEV,Plus,18.8,96120.0,69228.0
VEH_003120,YV1XZG765380090,EC40,Pure_EV,Plus,82.0,57780.0,42984.0
VEH_003121,YV1XZH493775775,V60,MHEV,Core,0.0,44800.0,32900.0
VEH_003122,YV1XZF501239174,XC90,PHEV,Ultimate,18.8,105020.0,75638.0
VEH_003123,YV1XZG643251546,EX30,Pure_EV,Ultimate,69.0,50150.0,36816.0
VEH_003124,YV1XZA766378908,XC60,PHEV,Plus,18.8,69660.0,49896.0
VEH_003125,YV1XZD851345788,V60,MHEV,Core,0.0,44800.0,32900.0
VEH_003126,YV1XZC213062876,XC90,PHEV,Core,18.8,89000.0,64100.0
VEH_003127,YV1XZC712176430,EC40,Pure_EV,Plus,82.0,57780.0,42984.0
VEH_003128,YV1XZD516851266,XC60,PHEV,Core,18.8,64500.0,46200.0
VEH_003129,YV1XZB474669284,XC60,PHEV,Ultimate,18.8,76110.0,54516.0
VEH_003130,YV1XZH217165692,XC60,PHEV,Plus,18.8,69660.0,49896.0
VEH_003131,YV1XZB526216314,EX30,Pure_EV,Core,69.0,42500.0,31200.0
VEH_003132,YV1XZG452961097,XC60,PHEV,Core,18.8,64500.0,46200.0
VEH_003133,YV1XZF748936722,EX30,Pure_EV,Plus,69.0,45900.0,33696.0
VEH_003134,YV1XZH222757072,XC60,PHEV,Core,18.8,64500.0,46200.0
VEH_003135,YV1XZA685276505,EC40,Pure_EV,Plus,82.0,57780.0,42984.0
VEH_003136,YV1XZC787427108,EX90,Pure_EV,Plus,111.0,92880.0,67500.0
VEH_003137,YV1XZA745401958,EX90,Pure_EV,Plus,111.0,92880.0,67500.0
VEH_003138,YV1XZF947782657,XC60,PHEV,Core,18.8,64500.0,46200.0
VEH_003139,YV1XZD158065294,XC60,PHEV,Plus,18.8,69660.0,49896.0
VEH_003140,YV1XZG389747205,EX90,Pure_EV,Core,111.0,86000.0,62500.0
VEH_003141,YV1XZC189755462,EC40,Pure_EV,Ultimate,82.0,63130.0,46964.0
VEH_003142,YV1XZE534938971,EX90,Pure_EV,Core,111.0,86000.0,62500.0
VEH_003143,YV1XZH550672916,EX30,Pure_EV,Plus,69.0,45900.0,33696.0
VEH_003144,YV1XZE297652556,XC90,PHEV,Core,18.8,89000.0,64100.0
VEH_003145,YV1XZG467240263,EX30,Pure_EV,Core,69.0,42500.0,31200.0
VEH_003146,YV1XZD475032525,EC40,Pure_EV,Core,82.0,53500.0,39800.0
VEH_003147,YV1XZH674995501,XC60,PHEV,Plus,18.8,69660.0,49896.0
VEH_003148,YV1XZG480848036,V60,MHEV,Core,0.0,44800.0,32900.0
VEH_003149,YV1XZG983706382,V60,MHEV,Ultimate,0.0,52864.0,38822.0
VEH_003150,YV1XZD183546470,EX30,Pure_EV,Ultimate,69.0,50150.0,36816.0
VEH_003151,YV1XZC447605203,V60,MHEV,Ultimate,0.0,52864.0,38822.0
VEH_003152,YV1XZF115232939,V60,MHEV,Ultimate,0.0,52864.0,38822.0
VEH_003153,YV1XZC636275696,EX90,Pure_EV,Plus,111.0,92880.0,67500.0
VEH_003154,YV1XZG382182240,EC40,Pure_EV,Core,82.0,53500.0,39800.0
VEH_003155,YV1XZA583784000,XC90,PHEV,Ultimate,18.8,105020.0,75638.0
VEH_003156,YV1XZH786031253,EX90,Pure_EV,Ultimate,111.0,101480.0,73750.0
VEH_003157,YV1XZA334744410,XC90,PHEV,Core,18.8,89000.0,64100.0
VEH_003158,YV1XZG847803291,V60,MHEV,Core,0.0,44800.0,32900.0
VEH_003159,YV1XZG332075643,XC90,PHEV,Core,18.8,89000.0,64100.0
VEH_003160,YV1XZD829745265,EC40,Pure_EV,Core,82.0,53500.0,39800.0
VEH_003161,YV1XZF973788925,XC90,PHEV,Core,18.8,89000.0,64100.0
VEH_003162,YV1XZE429601610,EC40,Pure_EV,Core,82.0,53500.0,39800.0
VEH_003163,YV1XZH796763607,XC90,PHEV,Core,18.8,89000.0,64100.0
VEH_003164,YV1XZG477666117,XC60,PHEV,Plus,18.8,69660.0,49896.0
VEH_003165,YV1XZG661749319,EC40,Pure_EV,Ultimate,82.0,63130.0,46964.0
VEH_003166,YV1XZC592658048,EC40,Pure_EV,Core,82.0,53500.0,39800.0
VEH_003167,YV1XZC693514629,XC60,PHEV,Plus,18.8,69660.0,49896.0
VEH_003168,YV1XZG509700501,XC90,PHEV,Core,18.8,89000.0,64100.0
VEH_003169,YV1XZG780867460,EC40,Pure_EV,Ultimate,82.0,63130.0,46964.0
VEH_003170,YV1XZB194081451,EC40,Pure_EV,Ultimate,82.0,63130.0,46964.0
VEH_003171,YV1XZA761704528,EX30,Pure_EV,Core,69.0,42500.0,31200.0
VEH_003172,YV1XZH905245890,XC60,PHEV,Core,18.8,64500.0,46200.0
VEH_003173,YV1XZB780242454,XC90,PHEV,Ultimate,18.8,105020.0,75638.0
VEH_003174,YV1XZA816948303,XC60,PHEV,Ultimate,18.8,76110.0,54516.0
VEH_003175,YV1XZD339314901,EC40,Pure_EV,Plus,82.0,57780.0,42984.0
VEH_003176,YV1XZG222944626,XC60,PHEV,Ultimate,18.8,76110.0,54516.0
VEH_003177,YV1XZB476468571,EX90,Pure_EV,Plus,111.0,92880.0,67500.0
VEH_003178,YV1XZG108165949,XC60,PHEV,Plus,18.8,69660.0,49896.0
VEH_003179,YV1XZE387343124,EC40,Pure_EV,Core,82.0,53500.0,39800.0
VEH_003180,YV1XZE953773144,V60,MHEV,Plus,0.0,48384.0,35532.0
VEH_003181,YV1XZD104464143,XC60,PHEV,Ultimate,18.8,76110.0,54516.0
VEH_003182,YV1XZA128182306,XC60,PHEV,Core,18.8,64500.0,46200.0
VEH_003183,YV1XZF459800080,EX90,Pure_EV,Plus,111.0,92880.0,67500.0
VEH_003184,YV1XZG359664179,EX90,Pure_EV,Ultimate,111.0,101480.0,73750.0
VEH_003185,YV1XZD761712635,XC90,PHEV,Plus,18.8,96120.0,69228.0
VEH_003186,YV1XZA960423299,V60,MHEV,Plus,0.0,48384.0,35532.0
VEH_003187,YV1XZC783193458,XC90,PHEV,Plus,18.8,96120.0,69228.0
VEH_003188,YV1XZC532845746,XC60,PHEV,Ultimate,18.8,76110.0,54516.0
VEH_003189,YV1XZC569656381,EC40,Pure_EV,Ultimate,82.0,63130.0,46964.0
VEH_003190,YV1XZC641441883,EX90,Pure_EV,Core,111.0,86000.0,62500.0
VEH_003191,YV1XZG918375813,EX30,Pure_EV,Ultimate,69.0,50150.0,36816.0
VEH_003192,YV1XZC446179340,V60,MHEV,Plus,0.0,48384.0,35532.0
VEH_003193,YV1XZB127530985,EX90,Pure_EV,Core,111.0,86000.0,62500.0
VEH_003194,YV1XZC129869705,XC60,PHEV,Core,18.8,64500.0,46200.0
VEH_003195,YV1XZB713958957,XC90,PHEV,Ultimate,18.8,105020.0,75638.0
VEH_003196,YV1XZC587163385,XC60,PHEV,Core,18.8,64500.0,46200.0
VEH_003197,YV1XZF300312095,V60,MHEV,Ultimate,0.0,52864.0,38822.0
VEH_003198,YV1XZD418818117,EX90,Pure_EV,Ultimate,111.0,101480.0,73750.0
VEH_003199,YV1XZD879872234,EX90,Pure_EV,Ultimate,111.0,101480.0,73750.0
VEH_003200,YV1XZA395241238,XC60,PHEV,Plus,18.8,69660.0,49896.0
VEH_003201,YV1XZA785462357,EX30,Pure_EV,Core,69.0,42500.0,31200.0
VEH_003202,YV1XZB592984637,XC90,PHEV,Core,18.8,89000.0,64100.0
VEH_003203,YV1XZB252294589,XC90,PHEV,Core,18.8,89000.0,64100.0
VEH_003204,YV1XZC199618698,EC40,Pure_EV,Plus,82.0,57780.0,42984.0
VEH_003205,YV1XZF323308727,EX30,Pure_EV,Plus,69.0,45900.0,33696.0
VEH_003206,YV1XZH954098766,XC60,PHEV,Core,18.8,64500.0,46200.0
VEH_003207,YV1XZB622393962,EX30,Pure_EV,Plus,69.0,45900.0,33696.0
VEH_003208,YV1XZD838021853,V60,MHEV,Core,0.0,44800.0,32900.0
VEH_003209,YV1XZF780271060,XC60,PHEV,Plus,18.8,69660.0,49896.0
VEH_003210,YV1XZC420785720,XC60,PHEV,Core,18.8,64500.0,46200.0
VEH_003211,YV1XZA225850205,EX30,Pure_EV,Core,69.0,42500.0,31200.0
VEH_003212,YV1XZH759282845,EC40,Pure_EV,Plus,82.0,57780.0,42984.0
VEH_003213,YV1XZA270068104,XC90,PHEV,Ultimate,18.8,105020.0,75638.0
VEH_003214,YV1XZE230560149,XC90,PHEV,Ultimate,18.8,105020.0,75638.0
VEH_003215,YV1XZA675476417,EX90,Pure_EV,Ultimate,111.0,101480.0,73750.0
VEH_003216,YV1XZC332257365,EX30,Pure_EV,Ultimate,69.0,50150.0,36816.0
VEH_003217,YV1XZD131672825,EC40,Pure_EV,Core,82.0,53500.0,39800.0
VEH_003218,YV1XZD189595982,EC40,Pure_EV,Core,82.0,53500.0,39800.0
VEH_003219,YV1XZC387323147,V60,MHEV,Ultimate,0.0,52864.0,38822.0
VEH_003220,YV1XZD198751865,EC40,Pure_EV,Plus,82.0,57780.0,42984.0
VEH_003221,YV1XZE601484407,EC40,Pure_EV,Ultimate,82.0,63130.0,46964.0
VEH_003222,YV1XZG650460773,V60,MHEV,Plus,0.0,48384.0,35532.0
VEH_003223,YV1XZE285713869,XC60,PHEV,Core,18.8,64500.0,46200.0
VEH_003224,YV1XZE521793625,EX90,Pure_EV,Ultimate,111.0,101480.0,73750.0
VEH_003225,YV1XZE277868678,EX30,Pure_EV,Ultimate,69.0,50150.0,36816.0
VEH_003226,YV1XZH565436656,EX90,Pure_EV,Ultimate,111.0,101480.0,73750.0
VEH_003227,YV1XZE976057581,XC60,PHEV,Plus,18.8,69660.0,49896.0
VEH_003228,YV1XZB752078737,EC40,Pure_EV,Ultimate,82.0,63130.0,46964.0
VEH_003229,YV1XZD708964125,XC60,PHEV,Plus,18.8,69660.0,49896.0
VEH_003230,YV1XZB582543215,EC40,Pure_EV,Plus,82.0,57780.0,42984.0
VEH_003231,YV1XZE730146055,EX90,Pure_EV,Core,111.0,86000.0,62500.0
VEH_003232,YV1XZF527678529,XC60,PHEV,Plus,18.8,69660.0,49896.0
VEH_003233,YV1XZC968700591,EX30,Pure_EV,Core,69.0,42500.0,31200.0
VEH_003234,YV1XZC484125249,EC40,Pure_EV,Plus,82.0,57780.0,42984.0
VEH_003235,YV1XZD805399640,EX90,Pure_EV,Core,111.0,86000.0,62500.0
VEH_003236,YV1XZC936997381,EC40,Pure_EV,Plus,82.0,57780.0,42984.0
VEH_003237,YV1XZA442082485,EC40,Pure_EV,Core,82.0,53500.0,39800.0
VEH_003238,YV1XZF329536397,V60,MHEV,Core,0.0,44800.0,32900.0
VEH_003239,YV1XZF349804684,XC60,PHEV,Ultimate,18.8,76110.0,54516.0
VEH_003240,YV1XZG404528485,XC90,PHEV,Core,18.8,89000.0,64100.0
VEH_003241,YV1XZD210509713,XC90,PHEV,Core,18.8,89000.0,64100.0
VEH_003242,YV1XZB716272392,XC90,PHEV,Plus,18.8,96120.0,69228.0
VEH_003243,YV1XZG441217210,V60,MHEV,Plus,0.0,48384.0,35532.0
VEH_003244,YV1XZD153321738,EC40,Pure_EV,Core,82.0,53500.0,39800.0
VEH_003245,YV1XZA394651349,XC60,PHEV,Plus,18.8,69660.0,49896.0
VEH_003246,YV1XZB586174310,XC60,PHEV,Core,18.8,64500.0,46200.0
VEH_003247,YV1XZF734765132,EX90,Pure_EV,Ultimate,111.0,101480.0,73750.0
VEH_003248,YV1XZA406056061,XC60,PHEV,Core,18.8,64500.0,46200.0
VEH_003249,YV1XZA595823751,EX30,Pure_EV,Ultimate,69.0,50150.0,36816.0
VEH_003250,YV1XZG139737245,EC40,Pure_EV,Core,82.0,53500.0,39800.0
VEH_003251,YV1XZA462269610,XC90,PHEV,Ultimate,18.8,105020.0,75638.0
VEH_003252,YV1XZB604544144,V60,MHEV,Core,0.0,44800.0,32900.0
VEH_003253,YV1XZE394928476,EX30,Pure_EV,Plus,69.0,45900.0,33696.0
VEH_003254,YV1XZG185649391,EC40,Pure_EV,Plus,82.0,57780.0,42984.0
VEH_003255,YV1XZH757474294,XC90,PHEV,Plus,18.8,96120.0,69228.0
VEH_003256,YV1XZE847814942,EX30,Pure_EV,Plus,69.0,45900.0,33696.0
VEH_003257,YV1XZB501478598,XC60,PHEV,Plus,18.8,69660.0,49896.0
VEH_003258,YV1XZA340533586,XC90,PHEV,Core,18.8,89000.0,64100.0
VEH_003259,YV1XZC212888587,EX30,Pure_EV,Core,69.0,42500.0,31200.0
VEH_003260,YV1XZG343032073,EC40,Pure_EV,Ultimate,82.0,63130.0,46964.0
VEH_003261,YV1XZD877504949,EX90,Pure_EV,Core,111.0,86000.0,62500.0
VEH_003262,YV1XZA838993413,EC40,Pure_EV,Ultimate,82.0,63130.0,46964.0
VEH_003263,YV1XZA218974458,EX30,Pure_EV,Plus,69.0,45900.0,33696.0
VEH_003264,YV1XZB383174852,EX30,Pure_EV,Plus,69.0,45900.0,33696.0
VEH_003265,YV1XZG389815857,EC40,Pure_EV,Ultimate,82.0,63130.0,46964.0
VEH_003266,YV1XZC726478110,V60,MHEV,Core,0.0,44800.0,32900.0
VEH_003267,YV1XZC442880849,XC60,PHEV,Core,18.8,64500.0,46200.0
VEH_003268,YV1XZG783870083,EX90,Pure_EV,Ultimate,111.0,101480.0,73750.0
VEH_003269,YV1XZB660239511,XC60,PHEV,Ultimate,18.8,76110.0,54516.0
VEH_003270,YV1XZH810032153,XC90,PHEV,Core,18.8,89000.0,64100.0
VEH_003271,YV1XZF929620151,XC60,PHEV,Plus,18.8,69660.0,49896.0
VEH_003272,YV1XZD198568826,V60,MHEV,Plus,0.0,48384.0,35532.0
VEH_003273,YV1XZB479041274,EC40,Pure_EV,Plus,82.0,57780.0,42984.0
VEH_003274,YV1XZD846213062,XC90,PHEV,Core,18.8,89000.0,64100.0
VEH_003275,YV1XZH164711124,EX30,Pure_EV,Core,69.0,42500.0,31200.0
VEH_003276,YV1XZD602672650,EX90,Pure_EV,Core,111.0,86000.0,62500.0
VEH_003277,YV1XZH212243302,XC60,PHEV,Core,18.8,64500.0,46200.0
VEH_003278,YV1XZF916567721,EC40,Pure_EV,Core,82.0,53500.0,39800.0
VEH_003279,YV1XZH803611574,EC40,Pure_EV,Ultimate,82.0,63130.0,46964.0
VEH_003280,YV1XZB239651408,EX90,Pure_EV,Ultimate,111.0,101480.0,73750.0
VEH_003281,YV1XZG585795047,EX90,Pure_EV,Plus,111.0,92880.0,67500.0
VEH_003282,YV1XZD937541239,XC90,PHEV,Ultimate,18.8,105020.0,75638.0
VEH_003283,YV1XZB398326747,XC60,PHEV,Core,18.8,64500.0,46200.0
VEH_003284,YV1XZE719809183,XC60,PHEV,Core,18.8,64500.0,46200.0
VEH_003285,YV1XZC594945715,V60,MHEV,Core,0.0,44800.0,32900.0
VEH_003286,YV1XZB358301976,EX30,Pure_EV,Ultimate,69.0,50150.0,36816.0
VEH_003287,YV1XZC386427794,EX30,Pure_EV,Plus,69.0,45900.0,33696.0
VEH_003288,YV1XZH477910762,EX30,Pure_EV,Plus,69.0,45900.0,33696.0
VEH_003289,YV1XZB480562915,EC40,Pure_EV,Core,82.0,53500.0,39800.0
VEH_003290,YV1XZC526198198,XC60,PHEV,Core,18.8,64500.0,46200.0
VEH_003291,YV1XZF157076973,XC90,PHEV,Plus,18.8,96120.0,69228.0
VEH_003292,YV1XZF205025589,XC60,PHEV,Plus,18.8,69660.0,49896.0
VEH_003293,YV1XZG885980740,EX30,Pure_EV,Ultimate,69.0,50150.0,36816.0
VEH_003294,YV1XZE303419997,XC60,PHEV,Core,18.8,64500.0,46200.0
VEH_003295,YV1XZE668613679,XC60,PHEV,Core,18.8,64500.0,46200.0
VEH_003296,YV1XZG217236027,XC90,PHEV,Plus,18.8,96120.0,69228.0
VEH_003297,YV1XZD219274240,V60,MHEV,Core,0.0,44800.0,32900.0
VEH_003298,YV1XZA138319651,EX90,Pure_EV,Core,111.0,86000.0,62500.0
VEH_003299,YV1XZD170703095,XC90,PHEV,Plus,18.8,96120.0,69228.0
VEH_003300,YV1XZE343164953,XC90,PHEV,Core,18.8,89000.0,64100.0
VEH_003301,YV1XZG520808111,XC90,PHEV,Ultimate,18.8,105020.0,75638.0
VEH_003302,YV1XZD888045294,XC60,PHEV,Core,18.8,64500.0,46200.0
VEH_003303,YV1XZH320874465,V60,MHEV,Plus,0.0,48384.0,35532.0
VEH_003304,YV1XZF783865325,EX90,Pure_EV,Core,111.0,86000.0,62500.0
VEH_003305,YV1XZE888000093,EC40,Pure_EV,Ultimate,82.0,63130.0,46964.0
VEH_003306,YV1XZC640349998,EX30,Pure_EV,Core,69.0,42500.0,31200.0
VEH_003307,YV1XZH893592650,V60,MHEV,Ultimate,0.0,52864.0,38822.0
VEH_003308,YV1XZD282785838,EC40,Pure_EV,Ultimate,82.0,63130.0,46964.0
VEH_003309,YV1XZB278934197,EC40,Pure_EV,Ultimate,82.0,63130.0,46964.0
VEH_003310,YV1XZH252292721,EX90,Pure_EV,Plus,111.0,92880.0,67500.0
VEH_003311,YV1XZH559478337,EX30,Pure_EV,Ultimate,69.0,50150.0,36816.0
VEH_003312,YV1XZC383287655,EC40,Pure_EV,Core,82.0,53500.0,39800.0
VEH_003313,YV1XZA737808176,EX30,Pure_EV,Core,69.0,42500.0,31200.0
VEH_003314,YV1XZA624316008,EC40,Pure_EV,Plus,82.0,57780.0,42984.0
VEH_003315,YV1XZB148507919,EX90,Pure_EV,Plus,111.0,92880.0,67500.0
VEH_003316,YV1XZE996959935,EX30,Pure_EV,Ultimate,69.0,50150.0,36816.0
VEH_003317,YV1XZC910667004,EX90,Pure_EV,Ultimate,111.0,101480.0,73750.0
VEH_003318,YV1XZB427064197,EX90,Pure_EV,Core,111.0,86000.0,62500.0
VEH_003319,YV1XZH626844145,V60,MHEV,Plus,0.0,48384.0,35532.0
VEH_003320,YV1XZE812329472,V60,MHEV,Plus,0.0,48384.0,35532.0
VEH_003321,YV1XZF592579883,XC60,PHEV,Plus,18.8,69660.0,49896.0
VEH_003322,YV1XZE862525433,EX30,Pure_EV,Plus,69.0,45900.0,33696.0
VEH_003323,YV1XZH221076274,EC40,Pure_EV,Ultimate,82.0,63130.0,46964.0
VEH_003324,YV1XZA258806824,EC40,Pure_EV,Ultimate,82.0,63130.0,46964.0
VEH_003325,YV1XZC483534575,XC60,PHEV,Core,18.8,64500.0,46200.0
VEH_003326,YV1XZD720176314,XC60,PHEV,Core,18.8,64500.0,46200.0
VEH_003327,YV1XZG485924214,V60,MHEV,Ultimate,0.0,52864.0,38822.0
VEH_003328,YV1XZB308136381,EX90,Pure_EV,Ultimate,111.0,101480.0,73750.0
VEH_003329,YV1XZB394123530,XC60,PHEV,Ultimate,18.8,76110.0,54516.0
VEH_003330,YV1XZH665761958,V60,MHEV,Ultimate,0.0,52864.0,38822.0
VEH_003331,YV1XZF455618641,EX90,Pure_EV,Plus,111.0,92880.0,67500.0
VEH_003332,YV1XZG396618097,XC60,PHEV,Ultimate,18.8,76110.0,54516.0
VEH_003333,YV1XZA722251460,EC40,Pure_EV,Core,82.0,53500.0,39800.0
VEH_003334,YV1XZF995684903,XC90,PHEV,Ultimate,18.8,105020.0,75638.0
VEH_003335,YV1XZG953982207,XC90,PHEV,Core,18.8,89000.0,64100.0
VEH_003336,YV1XZF409676308,XC60,PHEV,Ultimate,18.8,76110.0,54516.0
VEH_003337,YV1XZH836078695,EX30,Pure_EV,Core,69.0,42500.0,31200.0
VEH_003338,YV1XZC661766871,EX90,Pure_EV,Plus,111.0,92880.0,67500.0
VEH_003339,YV1XZC426036979,EC40,Pure_EV,Ultimate,82.0,63130.0,46964.0
VEH_003340,YV1XZB958762678,XC60,PHEV,Plus,18.8,69660.0,49896.0
VEH_003341,YV1XZH143973049,EC40,Pure_EV,Core,82.0,53500.0,39800.0
VEH_003342,YV1XZB157115850,EX90,Pure_EV,Plus,111.0,92880.0,67500.0
VEH_003343,YV1XZA562055622,XC60,PHEV,Plus,18.8,69660.0,49896.0
VEH_003344,YV1XZA153581912,EC40,Pure_EV,Ultimate,82.0,63130.0,46964.0
VEH_003345,YV1XZF404154049,EC40,Pure_EV,Core,82.0,53500.0,39800.0
VEH_003346,YV1XZC192345517,XC90,PHEV,Ultimate,18.8,105020.0,75638.0
VEH_003347,YV1XZC887109809,V60,MHEV,Plus,0.0,48384.0,35532.0
VEH_003348,YV1XZB412246300,EX90,Pure_EV,Plus,111.0,92880.0,67500.0
VEH_003349,YV1XZH480783468,EX90,Pure_EV,Core,111.0,86000.0,62500.0
VEH_003350,YV1XZG553723877,EX90,Pure_EV,Ultimate,111.0,101480.0,73750.0
VEH_003351,YV1XZE424294358,XC60,PHEV,Core,18.8,64500.0,46200.0
VEH_003352,YV1XZC705491190,XC90,PHEV,Plus,18.8,96120.0,69228.0
VEH_003353,YV1XZF963696719,XC60,PHEV,Ultimate,18.8,76110.0,54516.0
VEH_003354,YV1XZD368457410,XC90,PHEV,Core,18.8,89000.0,64100.0
VEH_003355,YV1XZD423263148,EX90,Pure_EV,Plus,111.0,92880.0,67500.0
VEH_003356,YV1XZE708452006,EC40,Pure_EV,Core,82.0,53500.0,39800.0
VEH_003357,YV1XZC503690359,V60,MHEV,Plus,0.0,48384.0,35532.0
VEH_003358,YV1XZC665401733,XC60,PHEV,Core,18.8,64500.0,46200.0
VEH_003359,YV1XZF640967416,XC60,PHEV,Ultimate,18.8,76110.0,54516.0
VEH_003360,YV1XZF602917984,V60,MHEV,Ultimate,0.0,52864.0,38822.0
VEH_003361,YV1XZH551514516,EC40,Pure_EV,Plus,82.0,57780.0,42984.0
VEH_003362,YV1XZA700124081,XC60,PHEV,Plus,18.8,69660.0,49896.0
VEH_003363,YV1XZB911594694,EX30,Pure_EV,Plus,69.0,45900.0,33696.0
VEH_003364,YV1XZE944639764,EX90,Pure_EV,Ultimate,111.0,101480.0,73750.0
VEH_003365,YV1XZF236660341,EX90,Pure_EV,Ultimate,111.0,101480.0,73750.0
VEH_003366,YV1XZE157483870,XC90,PHEV,Ultimate,18.8,105020.0,75638.0
VEH_003367,YV1XZG819492101,XC60,PHEV,Core,18.8,64500.0,46200.0
VEH_003368,YV1XZH158353824,EX30,Pure_EV,Plus,69.0,45900.0,33696.0
VEH_003369,YV1XZE991092205,EX30,Pure_EV,Core,69.0,42500.0,31200.0
VEH_003370,YV1XZF738167383,V60,MHEV,Core,0.0,44800.0,32900.0
VEH_003371,YV1XZH841518482,EX30,Pure_EV,Plus,69.0,45900.0,33696.0
VEH_003372,YV1XZB895076763,EC40,Pure_EV,Core,82.0,53500.0,39800.0
VEH_003373,YV1XZA853307914,XC90,PHEV,Ultimate,18.8,105020.0,75638.0
VEH_003374,YV1XZC703495788,EX90,Pure_EV,Ultimate,111.0,101480.0,73750.0
VEH_003375,YV1XZC340028091,V60,MHEV,Plus,0.0,48384.0,35532.0
VEH_003376,YV1XZC423080544,V60,MHEV,Ultimate,0.0,52864.0,38822.0
VEH_003377,YV1XZA965024499,V60,MHEV,Plus,0.0,48384.0,35532.0
VEH_003378,YV1XZD223167705,XC60,PHEV,Ultimate,18.8,76110.0,54516.0
VEH_003379,YV1XZC748315285,EX30,Pure_EV,Core,69.0,42500.0,31200.0
VEH_003380,YV1XZB365435516,EX30,Pure_EV,Ultimate,69.0,50150.0,36816.0
VEH_003381,YV1XZH126474585,EX90,Pure_EV,Core,111.0,86000.0,62500.0
VEH_003382,YV1XZG159757124,XC90,PHEV,Plus,18.8,96120.0,69228.0
VEH_003383,YV1XZG619389882,EX30,Pure_EV,Plus,69.0,45900.0,33696.0
VEH_003384,YV1XZE982279119,EX90,Pure_EV,Core,111.0,86000.0,62500.0
VEH_003385,YV1XZH806693185,XC90,PHEV,Ultimate,18.8,105020.0,75638.0
VEH_003386,YV1XZG257030842,XC90,PHEV,Core,18.8,89000.0,64100.0
VEH_003387,YV1XZC252134379,V60,MHEV,Core,0.0,44800.0,32900.0
VEH_003388,YV1XZD283368785,V60,MHEV,Ultimate,0.0,52864.0,38822.0
VEH_003389,YV1XZD611271188,XC90,PHEV,Ultimate,18.8,105020.0,75638.0
VEH_003390,YV1XZE816760816,XC60,PHEV,Plus,18.8,69660.0,49896.0
VEH_003391,YV1XZH494427683,EX30,Pure_EV,Ultimate,69.0,50150.0,36816.0
VEH_003392,YV1XZG514271914,V60,MHEV,Plus,0.0,48384.0,35532.0
VEH_003393,YV1XZH547639171,V60,MHEV,Core,0.0,44800.0,32900.0
VEH_003394,YV1XZA404322294,XC60,PHEV,Core,18.8,64500.0,46200.0
VEH_003395,YV1XZG111832249,XC60,PHEV,Core,18.8,64500.0,46200.0
VEH_003396,YV1XZA792680500,XC90,PHEV,Plus,18.8,96120.0,69228.0
VEH_003397,YV1XZH145775539,V60,MHEV,Ultimate,0.0,52864.0,38822.0
VEH_003398,YV1XZH876385418,EC40,Pure_EV,Core,82.0,53500.0,39800.0
VEH_003399,YV1XZA269988928,XC60,PHEV,Plus,18.8,69660.0,49896.0
VEH_003400,YV1XZD474557738,EC40,Pure_EV,Ultimate,82.0,63130.0,46964.0
VEH_003401,YV1XZG650878040,V60,MHEV,Ultimate,0.0,52864.0,38822.0
VEH_003402,YV1XZC477814318,EX30,Pure_EV,Core,69.0,42500.0,31200.0
VEH_003403,YV1XZF593364765,V60,MHEV,Ultimate,0.0,52864.0,38822.0
VEH_003404,YV1XZE942845386,V60,MHEV,Core,0.0,44800.0,32900.0
VEH_003405,YV1XZG173240044,V60,MHEV,Plus,0.0,48384.0,35532.0
VEH_003406,YV1XZG606540191,V60,MHEV,Plus,0.0,48384.0,35532.0
VEH_003407,YV1XZC718517117,XC90,PHEV,Ultimate,18.8,105020.0,75638.0
VEH_003408,YV1XZE238965779,V60,MHEV,Ultimate,0.0,52864.0,38822.0
VEH_003409,YV1XZF727594817,V60,MHEV,Plus,0.0,48384.0,35532.0
VEH_003410,YV1XZB148242293,XC90,PHEV,Plus,18.8,96120.0,69228.0
VEH_003411,YV1XZC348790611,EX30,Pure_EV,Ultimate,69.0,50150.0,36816.0
VEH_003412,YV1XZB636263065,EX30,Pure_EV,Ultimate,69.0,50150.0,36816.0
VEH_003413,YV1XZF915946380,V60,MHEV,Plus,0.0,48384.0,35532.0
VEH_003414,YV1XZD213206543,EX90,Pure_EV,Ultimate,111.0,101480.0,73750.0
VEH_003415,YV1XZG911548967,EX90,Pure_EV,Ultimate,111.0,101480.0,73750.0
VEH_003416,YV1XZA757026515,XC60,PHEV,Core,18.8,64500.0,46200.0
VEH_003417,YV1XZA905236512,EC40,Pure_EV,Core,82.0,53500.0,39800.0
VEH_003418,YV1XZF751260172,EX30,Pure_EV,Plus,69.0,45900.0,33696.0
VEH_003419,YV1XZC444842082,V60,MHEV,Core,0.0,44800.0,32900.0
VEH_003420,YV1XZH505475993,EX30,Pure_EV,Ultimate,69.0,50150.0,36816.0
VEH_003421,YV1XZD310150544,EX90,Pure_EV,Ultimate,111.0,101480.0,73750.0
VEH_003422,YV1XZH828908586,EC40,Pure_EV,Plus,82.0,57780.0,42984.0
VEH_003423,YV1XZD896881694,EC40,Pure_EV,Core,82.0,53500.0,39800.0
VEH_003424,YV1XZD192361447,EX90,Pure_EV,Plus,111.0,92880.0,67500.0
VEH_003425,YV1XZB318548994,XC90,PHEV,Core,18.8,89000.0,64100.0
VEH_003426,YV1XZA486075687,EX30,Pure_EV,Core,69.0,42500.0,31200.0
VEH_003427,YV1XZB465835988,XC60,PHEV,Ultimate,18.8,76110.0,54516.0
VEH_003428,YV1XZH304157942,EX90,Pure_EV,Ultimate,111.0,101480.0,73750.0
VEH_003429,YV1XZH637783898,EX90,Pure_EV,Ultimate,111.0,101480.0,73750.0
VEH_003430,YV1XZC960707039,EC40,Pure_EV,Plus,82.0,57780.0,42984.0
VEH_003431,YV1XZG771594051,EX30,Pure_EV,Plus,69.0,45900.0,33696.0
VEH_003432,YV1XZB236571776,XC60,PHEV,Core,18.8,64500.0,46200.0
VEH_003433,YV1XZB226623684,XC90,PHEV,Plus,18.8,96120.0,69228.0
VEH_003434,YV1XZA745844522,XC60,PHEV,Core,18.8,64500.0,46200.0
VEH_003435,YV1XZA340540953,XC90,PHEV,Plus,18.8,96120.0,69228.0
VEH_003436,YV1XZG855133973,EC40,Pure_EV,Plus,82.0,57780.0,42984.0
VEH_003437,YV1XZC409311735,EC40,Pure_EV,Core,82.0,53500.0,39800.0
VEH_003438,YV1XZD655940297,EX30,Pure_EV,Ultimate,69.0,50150.0,36816.0
VEH_003439,YV1XZE528658847,XC90,PHEV,Ultimate,18.8,105020.0,75638.0
VEH_003440,YV1XZB725747220,XC90,PHEV,Core,18.8,89000.0,64100.0
VEH_003441,YV1XZA134654722,XC60,PHEV,Plus,18.8,69660.0,49896.0
VEH_003442,YV1XZE315297327,EC40,Pure_EV,Plus,82.0,57780.0,42984.0
VEH_003443,YV1XZC319293841,EC40,Pure_EV,Core,82.0,53500.0,39800.0
VEH_003444,YV1XZF913192746,XC90,PHEV,Ultimate,18.8,105020.0,75638.0
VEH_003445,YV1XZD629950772,V60,MHEV,Core,0.0,44800.0,32900.0
VEH_003446,YV1XZA471348848,EX30,Pure_EV,Ultimate,69.0,50150.0,36816.0
VEH_003447,YV1XZB692088353,EX30,Pure_EV,Plus,69.0,45900.0,33696.0
VEH_003448,YV1XZE876669432,XC60,PHEV,Core,18.8,64500.0,46200.0
VEH_003449,YV1XZA633216664,EX30,Pure_EV,Core,69.0,42500.0,31200.0
VEH_003450,YV1XZF563336308,XC90,PHEV,Core,18.8,89000.0,64100.0
VEH_003451,YV1XZD123024522,XC60,PHEV,Plus,18.8,69660.0,49896.0
VEH_003452,YV1XZD673577697,EX30,Pure_EV,Core,69.0,42500.0,31200.0
VEH_003453,YV1XZA693238019,XC90,PHEV,Plus,18.8,96120.0,69228.0
VEH_003454,YV1XZG922144268,XC60,PHEV,Core,18.8,64500.0,46200.0
VEH_003455,YV1XZC561406882,XC60,PHEV,Ultimate,18.8,76110.0,54516.0
VEH_003456,YV1XZC224106516,V60,MHEV,Plus,0.0,48384.0,35532.0
VEH_003457,YV1XZF477730669,XC60,PHEV,Core,18.8,64500.0,46200.0
VEH_003458,YV1XZG162193817,EX90,Pure_EV,Plus,111.0,92880.0,67500.0
VEH_003459,YV1XZB732023202,EX90,Pure_EV,Core,111.0,86000.0,62500.0
VEH_003460,YV1XZG902595907,EX30,Pure_EV,Core,69.0,42500.0,31200.0
VEH_003461,YV1XZA960890866,XC90,PHEV,Ultimate,18.8,105020.0,75638.0
VEH_003462,YV1XZD972546113,EX30,Pure_EV,Ultimate,69.0,50150.0,36816.0
VEH_003463,YV1XZA236060156,EX30,Pure_EV,Core,69.0,42500.0,31200.0
VEH_003464,YV1XZE146943379,XC60,PHEV,Core,18.8,64500.0,46200.0
VEH_003465,YV1XZD413975774,EC40,Pure_EV,Plus,82.0,57780.0,42984.0
VEH_003466,YV1XZG614001677,EX90,Pure_EV,Ultimate,111.0,101480.0,73750.0
VEH_003467,YV1XZB182010113,V60,MHEV,Core,0.0,44800.0,32900.0
VEH_003468,YV1XZD631426239,EC40,Pure_EV,Ultimate,82.0,63130.0,46964.0
VEH_003469,YV1XZF336531677,V60,MHEV,Ultimate,0.0,52864.0,38822.0
VEH_003470,YV1XZE493991984,XC60,PHEV,Ultimate,18.8,76110.0,54516.0
VEH_003471,YV1XZD665694639,XC90,PHEV,Plus,18.8,96120.0,69228.0
VEH_003472,YV1XZB157979408,EC40,Pure_EV,Plus,82.0,57780.0,42984.0
VEH_003473,YV1XZH400415621,EC40,Pure_EV,Plus,82.0,57780.0,42984.0
VEH_003474,YV1XZC659414065,EX30,Pure_EV,Core,69.0,42500.0,31200.0
VEH_003475,YV1XZD231799713,EX90,Pure_EV,Plus,111.0,92880.0,67500.0
VEH_003476,YV1XZC138512618,EC40,Pure_EV,Ultimate,82.0,63130.0,46964.0
VEH_003477,YV1XZH797833491,EX90,Pure_EV,Ultimate,111.0,101480.0,73750.0
VEH_003478,YV1XZA635697836,XC60,PHEV,Core,18.8,64500.0,46200.0
VEH_003479,YV1XZE731618060,EX30,Pure_EV,Plus,69.0,45900.0,33696.0
VEH_003480,YV1XZB164123910,XC60,PHEV,Plus,18.8,69660.0,49896.0
VEH_003481,YV1XZG631886065,EC40,Pure_EV,Ultimate,82.0,63130.0,46964.0
VEH_003482,YV1XZG576762564,EX30,Pure_EV,Plus,69.0,45900.0,33696.0
VEH_003483,YV1XZD507299242,EX30,Pure_EV,Core,69.0,42500.0,31200.0
VEH_003484,YV1XZG671758865,EX90,Pure_EV,Ultimate,111.0,101480.0,73750.0
VEH_003485,YV1XZE133614668,EX30,Pure_EV,Ultimate,69.0,50150.0,36816.0
VEH_003486,YV1XZA753628836,XC90,PHEV,Plus,18.8,96120.0,69228.0
VEH_003487,YV1XZD913093378,EC40,Pure_EV,Plus,82.0,57780.0,42984.0
VEH_003488,YV1XZG559077447,EX30,Pure_EV,Plus,69.0,45900.0,33696.0
VEH_003489,YV1XZA966935604,V60,MHEV,Ultimate,0.0,52864.0,38822.0
VEH_003490,YV1XZG874486781,EX30,Pure_EV,Ultimate,69.0,50150.0,36816.0
VEH_003491,YV1XZH555089389,V60,MHEV,Plus,0.0,48384.0,35532.0
VEH_003492,YV1XZE274535516,XC90,PHEV,Ultimate,18.8,105020.0,75638.0
VEH_003493,YV1XZD241597244,XC60,PHEV,Plus,18.8,69660.0,49896.0
VEH_003494,YV1XZE191844510,EX30,Pure_EV,Plus,69.0,45900.0,33696.0
VEH_003495,YV1XZE462422604,EX90,Pure_EV,Ultimate,111.0,101480.0,73750.0
VEH_003496,YV1XZA760938831,XC90,PHEV,Plus,18.8,96120.0,69228.0
VEH_003497,YV1XZE807842761,EC40,Pure_EV,Plus,82.0,57780.0,42984.0
VEH_003498,YV1XZA233472999,EC40,Pure_EV,Ultimate,82.0,63130.0,46964.0
VEH_003499,YV1XZF997647951,EC40,Pure_EV,Ultimate,82.0,63130.0,46964.0
VEH_003500,YV1XZH596846400,EC40,Pure_EV,Core,82.0,53500.0,39800.0
VEH_003501,YV1XZA600835600,EX30,Pure_EV,Plus,69.0,45900.0,33696.0
VEH_003502,YV1XZH784771439,EX30,Pure_EV,Plus,69.0,45900.0,33696.0
VEH_003503,YV1XZG162904986,XC90,PHEV,Core,18.8,89000.0,64100.0
VEH_003504,YV1XZE755335262,XC90,PHEV,Core,18.8,89000.0,64100.0
VEH_003505,YV1XZB572918333,XC90,PHEV,Plus,18.8,96120.0,69228.0
VEH_003506,YV1XZE378679814,EX90,Pure_EV,Plus,111.0,92880.0,67500.0
VEH_003507,YV1XZD776820465,XC60,PHEV,Core,18.8,64500.0,46200.0
VEH_003508,YV1XZA349830146,EX90,Pure_EV,Core,111.0,86000.0,62500.0
VEH_003509,YV1XZA297842828,EX30,Pure_EV,Ultimate,69.0,50150.0,36816.0
VEH_003510,YV1XZH722652915,V60,MHEV,Ultimate,0.0,52864.0,38822.0
VEH_003511,YV1XZD165297317,EC40,Pure_EV,Core,82.0,53500.0,39800.0
VEH_003512,YV1XZE117306759,V60,MHEV,Plus,0.0,48384.0,35532.0
VEH_003513,YV1XZA744866619,V60,MHEV,Plus,0.0,48384.0,35532.0
VEH_003514,YV1XZB183192595,EX90,Pure_EV,Plus,111.0,92880.0,67500.0
VEH_003515,YV1XZB648720210,XC90,PHEV,Plus,18.8,96120.0,69228.0
VEH_003516,YV1XZD449813326,EX30,Pure_EV,Core,69.0,42500.0,31200.0
VEH_003517,YV1XZG176657833,XC90,PHEV,Plus,18.8,96120.0,69228.0
VEH_003518,YV1XZE253630427,V60,MHEV,Plus,0.0,48384.0,35532.0
VEH_003519,YV1XZF459688246,EX30,Pure_EV,Plus,69.0,45900.0,33696.0
VEH_003520,YV1XZF605394202,XC60,PHEV,Ultimate,18.8,76110.0,54516.0
VEH_003521,YV1XZA272134580,EC40,Pure_EV,Ultimate,82.0,63130.0,46964.0
VEH_003522,YV1XZE261129188,EC40,Pure_EV,Core,82.0,53500.0,39800.0
VEH_003523,YV1XZB753949729,XC90,PHEV,Core,18.8,89000.0,64100.0
VEH_003524,YV1XZF330713535,EX90,Pure_EV,Plus,111.0,92880.0,67500.0
VEH_003525,YV1XZA805512080,XC60,PHEV,Ultimate,18.8,76110.0,54516.0
VEH_003526,YV1XZG918848216,V60,MHEV,Core,0.0,44800.0,32900.0
VEH_003527,YV1XZB341142023,V60,MHEV,Core,0.0,44800.0,32900.0
VEH_003528,YV1XZG678711823,XC90,PHEV,Ultimate,18.8,105020.0,75638.0
VEH_003529,YV1XZA751870820,V60,MHEV,Core,0.0,44800.0,32900.0
VEH_003530,YV1XZH440311040,XC60,PHEV,Ultimate,18.8,76110.0,54516.0
VEH_003531,YV1XZE362024137,EC40,Pure_EV,Core,82.0,53500.0,39800.0
VEH_003532,YV1XZF347917000,EC40,Pure_EV,Core,82.0,53500.0,39800.0
VEH_003533,YV1XZB844181609,XC60,PHEV,Plus,18.8,69660.0,49896.0
VEH_003534,YV1XZG488566940,EX90,Pure_EV,Plus,111.0,92880.0,67500.0
VEH_003535,YV1XZB489013433,EX30,Pure_EV,Plus,69.0,45900.0,33696.0
VEH_003536,YV1XZD582075743,V60,MHEV,Plus,0.0,48384.0,35532.0
VEH_003537,YV1XZC677260679,XC60,PHEV,Core,18.8,64500.0,46200.0
VEH_003538,YV1XZC750199707,EX90,Pure_EV,Plus,111.0,92880.0,67500.0
VEH_003539,YV1XZF436987794,EC40,Pure_EV,Plus,82.0,57780.0,42984.0
VEH_003540,YV1XZG552069565,EX30,Pure_EV,Core,69.0,42500.0,31200.0
VEH_003541,YV1XZH779281033,XC90,PHEV,Core,18.8,89000.0,64100.0
VEH_003542,YV1XZH116656158,EX90,Pure_EV,Core,111.0,86000.0,62500.0
VEH_003543,YV1XZG382797958,EX90,Pure_EV,Core,111.0,86000.0,62500.0
VEH_003544,YV1XZH897633403,XC90,PHEV,Ultimate,18.8,105020.0,75638.0
VEH_003545,YV1XZA995348812,EX30,Pure_EV,Core,69.0,42500.0,31200.0
VEH_003546,YV1XZC178398946,XC60,PHEV,Core,18.8,64500.0,46200.0
VEH_003547,YV1XZG553504191,EX90,Pure_EV,Ultimate,111.0,101480.0,73750.0
VEH_003548,YV1XZG848321488,EC40,Pure_EV,Core,82.0,53500.0,39800.0
VEH_003549,YV1XZE227807104,XC90,PHEV,Core,18.8,89000.0,64100.0
VEH_003550,YV1XZB875434424,EC40,Pure_EV,Plus,82.0,57780.0,42984.0
VEH_003551,YV1XZF581997700,EX30,Pure_EV,Core,69.0,42500.0,31200.0
VEH_003552,YV1XZH895317860,XC60,PHEV,Ultimate,18.8,76110.0,54516.0
VEH_003553,YV1XZH851741358,XC60,PHEV,Plus,18.8,69660.0,49896.0
VEH_003554,YV1XZC877074970,EX90,Pure_EV,Ultimate,111.0,101480.0,73750.0
VEH_003555,YV1XZB263484058,XC90,PHEV,Ultimate,18.8,105020.0,75638.0
VEH_003556,YV1XZF823602225,EX30,Pure_EV,Ultimate,69.0,50150.0,36816.0
VEH_003557,YV1XZG444066478,V60,MHEV,Plus,0.0,48384.0,35532.0
VEH_003558,YV1XZE930009221,XC60,PHEV,Core,18.8,64500.0,46200.0
VEH_003559,YV1XZE629669831,EX30,Pure_EV,Core,69.0,42500.0,31200.0
VEH_003560,YV1XZG406292586,EC40,Pure_EV,Core,82.0,53500.0,39800.0
VEH_003561,YV1XZF913144918,EC40,Pure_EV,Plus,82.0,57780.0,42984.0
VEH_003562,YV1XZA974012076,EX90,Pure_EV,Core,111.0,86000.0,62500.0
VEH_003563,YV1XZD562286280,V60,MHEV,Ultimate,0.0,52864.0,38822.0
VEH_003564,YV1XZF206801382,XC90,PHEV,Plus,18.8,96120.0,69228.0
VEH_003565,YV1XZC227293255,EC40,Pure_EV,Plus,82.0,57780.0,42984.0
VEH_003566,YV1XZH571283271,EC40,Pure_EV,Plus,82.0,57780.0,42984.0
VEH_003567,YV1XZE378559780,EX90,Pure_EV,Core,111.0,86000.0,62500.0
VEH_003568,YV1XZD815577646,XC90,PHEV,Core,18.8,89000.0,64100.0
VEH_003569,YV1XZB322096099,EC40,Pure_EV,Core,82.0,53500.0,39800.0
VEH_003570,YV1XZC129366972,XC90,PHEV,Ultimate,18.8,105020.0,75638.0
VEH_003571,YV1XZD107156607,XC90,PHEV,Core,18.8,89000.0,64100.0
VEH_003572,YV1XZF318120920,XC60,PHEV,Core,18.8,64500.0,46200.0
VEH_003573,YV1XZG886075025,EC40,Pure_EV,Ultimate,82.0,63130.0,46964.0
VEH_003574,YV1XZC992320057,XC60,PHEV,Ultimate,18.8,76110.0,54516.0
VEH_003575,YV1XZB869068553,XC60,PHEV,Plus,18.8,69660.0,49896.0
VEH_003576,YV1XZH564142028,V60,MHEV,Core,0.0,44800.0,32900.0
VEH_003577,YV1XZB246907242,XC60,PHEV,Plus,18.8,69660.0,49896.0
VEH_003578,YV1XZB479805207,EC40,Pure_EV,Ultimate,82.0,63130.0,46964.0
VEH_003579,YV1XZD880998560,EX30,Pure_EV,Ultimate,69.0,50150.0,36816.0
VEH_003580,YV1XZC644451715,EX30,Pure_EV,Plus,69.0,45900.0,33696.0
VEH_003581,YV1XZH777127299,EC40,Pure_EV,Plus,82.0,57780.0,42984.0
VEH_003582,YV1XZB858931242,V60,MHEV,Ultimate,0.0,52864.0,38822.0
VEH_003583,YV1XZA565335683,V60,MHEV,Plus,0.0,48384.0,35532.0
VEH_003584,YV1XZF304439023,EX30,Pure_EV,Ultimate,69.0,50150.0,36816.0
VEH_003585,YV1XZA781286134,XC90,PHEV,Ultimate,18.8,105020.0,75638.0
VEH_003586,YV1XZD246968057,V60,MHEV,Core,0.0,44800.0,32900.0
VEH_003587,YV1XZD823001513,XC90,PHEV,Plus,18.8,96120.0,69228.0
VEH_003588,YV1XZH262600063,EX90,Pure_EV,Plus,111.0,92880.0,67500.0
VEH_003589,YV1XZH403439088,XC60,PHEV,Core,18.8,64500.0,46200.0
VEH_003590,YV1XZB654379588,EX90,Pure_EV,Core,111.0,86000.0,62500.0
VEH_003591,YV1XZD103433519,V60,MHEV,Ultimate,0.0,52864.0,38822.0
VEH_003592,YV1XZH698865714,XC60,PHEV,Core,18.8,64500.0,46200.0
VEH_003593,YV1XZC141674854,XC90,PHEV,Core,18.8,89000.0,64100.0
VEH_003594,YV1XZE758609850,XC60,PHEV,Ultimate,18.8,76110.0,54516.0
VEH_003595,YV1XZD784740871,XC60,PHEV,Ultimate,18.8,76110.0,54516.0
VEH_003596,YV1XZC422230529,EC40,Pure_EV,Plus,82.0,57780.0,42984.0
VEH_003597,YV1XZH626371835,EX90,Pure_EV,Plus,111.0,92880.0,67500.0
VEH_003598,YV1XZF683485601,V60,MHEV,Plus,0.0,48384.0,35532.0
VEH_003599,YV1XZB335074866,XC60,PHEV,Plus,18.8,69660.0,49896.0
VEH_003600,YV1XZG580148263,EX30,Pure_EV,Plus,69.0,45900.0,33696.0
VEH_003601,YV1XZG224359899,EC40,Pure_EV,Core,82.0,53500.0,39800.0
VEH_003602,YV1XZF809327660,EX90,Pure_EV,Plus,111.0,92880.0,67500.0
VEH_003603,YV1XZG856793425,EX30,Pure_EV,Plus,69.0,45900.0,33696.0
VEH_003604,YV1XZH745381960,EX90,Pure_EV,Plus,111.0,92880.0,67500.0
VEH_003605,YV1XZD131098297,XC60,PHEV,Ultimate,18.8,76110.0,54516.0
VEH_003606,YV1XZD940555052,EC40,Pure_EV,Plus,82.0,57780.0,42984.0
VEH_003607,YV1XZF380896497,XC60,PHEV,Core,18.8,64500.0,46200.0
VEH_003608,YV1XZG520239344,V60,MHEV,Plus,0.0,48384.0,35532.0
VEH_003609,YV1XZG379923825,XC60,PHEV,Plus,18.8,69660.0,49896.0
VEH_003610,YV1XZH881884679,EX30,Pure_EV,Plus,69.0,45900.0,33696.0
VEH_003611,YV1XZA431260784,EX90,Pure_EV,Plus,111.0,92880.0,67500.0
VEH_003612,YV1XZD714723307,XC60,PHEV,Plus,18.8,69660.0,49896.0
VEH_003613,YV1XZD937037587,EX90,Pure_EV,Ultimate,111.0,101480.0,73750.0
VEH_003614,YV1XZF238743910,V60,MHEV,Core,0.0,44800.0,32900.0
VEH_003615,YV1XZA875487184,XC90,PHEV,Ultimate,18.8,105020.0,75638.0
VEH_003616,YV1XZB937984119,EX30,Pure_EV,Plus,69.0,45900.0,33696.0
VEH_003617,YV1XZF923390378,V60,MHEV,Plus,0.0,48384.0,35532.0
VEH_003618,YV1XZA656895122,XC90,PHEV,Core,18.8,89000.0,64100.0
VEH_003619,YV1XZD268569854,EX90,Pure_EV,Plus,111.0,92880.0,67500.0
VEH_003620,YV1XZD411586438,XC90,PHEV,Plus,18.8,96120.0,69228.0
VEH_003621,YV1XZF543879804,EX90,Pure_EV,Plus,111.0,92880.0,67500.0
VEH_003622,YV1XZD114646795,EX90,Pure_EV,Ultimate,111.0,101480.0,73750.0
VEH_003623,YV1XZB638480797,EX30,Pure_EV,Core,69.0,42500.0,31200.0
VEH_003624,YV1XZA268518952,XC60,PHEV,Plus,18.8,69660.0,49896.0
VEH_003625,YV1XZA346966247,EC40,Pure_EV,Plus,82.0,57780.0,42984.0
VEH_003626,YV1XZD136268864,V60,MHEV,Ultimate,0.0,52864.0,38822.0
VEH_003627,YV1XZB972947639,EC40,Pure_EV,Ultimate,82.0,63130.0,46964.0
VEH_003628,YV1XZG240867612,XC60,PHEV,Ultimate,18.8,76110.0,54516.0
VEH_003629,YV1XZB182170332,V60,MHEV,Plus,0.0,48384.0,35532.0
VEH_003630,YV1XZG121640386,EX30,Pure_EV,Ultimate,69.0,50150.0,36816.0
VEH_003631,YV1XZC202603195,EX30,Pure_EV,Ultimate,69.0,50150.0,36816.0
VEH_003632,YV1XZG308610937,V60,MHEV,Ultimate,0.0,52864.0,38822.0
VEH_003633,YV1XZF556504247,XC90,PHEV,Plus,18.8,96120.0,69228.0
VEH_003634,YV1XZA424435363,XC90,PHEV,Ultimate,18.8,105020.0,75638.0
VEH_003635,YV1XZD207029747,EC40,Pure_EV,Plus,82.0,57780.0,42984.0
VEH_003636,YV1XZH504350473,EC40,Pure_EV,Ultimate,82.0,63130.0,46964.0
VEH_003637,YV1XZB338642289,EC40,Pure_EV,Plus,82.0,57780.0,42984.0
VEH_003638,YV1XZE618992599,XC60,PHEV,Ultimate,18.8,76110.0,54516.0
VEH_003639,YV1XZD510607831,EC40,Pure_EV,Ultimate,82.0,63130.0,46964.0
VEH_003640,YV1XZG500224021,EX30,Pure_EV,Plus,69.0,45900.0,33696.0
VEH_003641,YV1XZB585621597,XC90,PHEV,Ultimate,18.8,105020.0,75638.0
VEH_003642,YV1XZA526649827,EX90,Pure_EV,Ultimate,111.0,101480.0,73750.0
VEH_003643,YV1XZF611966881,EX90,Pure_EV,Plus,111.0,92880.0,67500.0
VEH_003644,YV1XZE456949875,XC90,PHEV,Core,18.8,89000.0,64100.0
VEH_003645,YV1XZB202423196,EX90,Pure_EV,Ultimate,111.0,101480.0,73750.0
VEH_003646,YV1XZD625931052,XC90,PHEV,Core,18.8,89000.0,64100.0
VEH_003647,YV1XZB251752540,XC90,PHEV,Core,18.8,89000.0,64100.0
VEH_003648,YV1XZH662002554,XC60,PHEV,Ultimate,18.8,76110.0,54516.0
VEH_003649,YV1XZD163278782,V60,MHEV,Ultimate,0.0,52864.0,38822.0
VEH_003650,YV1XZG434422214,XC60,PHEV,Plus,18.8,69660.0,49896.0
VEH_003651,YV1XZC139202005,V60,MHEV,Plus,0.0,48384.0,35532.0
VEH_003652,YV1XZG105982646,EC40,Pure_EV,Ultimate,82.0,63130.0,46964.0
VEH_003653,YV1XZD910715800,EC40,Pure_EV,Ultimate,82.0,63130.0,46964.0
VEH_003654,YV1XZH436098559,XC90,PHEV,Plus,18.8,96120.0,69228.0
VEH_003655,YV1XZF595394442,V60,MHEV,Core,0.0,44800.0,32900.0
VEH_003656,YV1XZB212790003,V60,MHEV,Plus,0.0,48384.0,35532.0
VEH_003657,YV1XZB503389825,XC60,PHEV,Ultimate,18.8,76110.0,54516.0
VEH_003658,YV1XZC658280271,EX90,Pure_EV,Core,111.0,86000.0,62500.0
VEH_003659,YV1XZC311921856,V60,MHEV,Core,0.0,44800.0,32900.0
VEH_003660,YV1XZA555462192,XC60,PHEV,Core,18.8,64500.0,46200.0
VEH_003661,YV1XZH250179318,XC60,PHEV,Core,18.8,64500.0,46200.0
VEH_003662,YV1XZG528858563,V60,MHEV,Ultimate,0.0,52864.0,38822.0
VEH_003663,YV1XZB567592441,EX30,Pure_EV,Plus,69.0,45900.0,33696.0
VEH_003664,YV1XZE661008736,EC40,Pure_EV,Ultimate,82.0,63130.0,46964.0
VEH_003665,YV1XZF705386785,EC40,Pure_EV,Ultimate,82.0,63130.0,46964.0
VEH_003666,YV1XZC411596420,V60,MHEV,Core,0.0,44800.0,32900.0
VEH_003667,YV1XZD962014673,XC90,PHEV,Ultimate,18.8,105020.0,75638.0
VEH_003668,YV1XZF657679799,XC90,PHEV,Ultimate,18.8,105020.0,75638.0
VEH_003669,YV1XZH597013797,XC90,PHEV,Plus,18.8,96120.0,69228.0
VEH_003670,YV1XZC276349437,EX90,Pure_EV,Plus,111.0,92880.0,67500.0
VEH_003671,YV1XZH110545422,XC90,PHEV,Ultimate,18.8,105020.0,75638.0
VEH_003672,YV1XZC261436089,EC40,Pure_EV,Plus,82.0,57780.0,42984.0
VEH_003673,YV1XZA434836196,XC60,PHEV,Core,18.8,64500.0,46200.0
VEH_003674,YV1XZD845225335,V60,MHEV,Core,0.0,44800.0,32900.0
VEH_003675,YV1XZH455446264,EX30,Pure_EV,Ultimate,69.0,50150.0,36816.0
VEH_003676,YV1XZH738290623,EX30,Pure_EV,Core,69.0,42500.0,31200.0
VEH_003677,YV1XZF783268661,EX90,Pure_EV,Core,111.0,86000.0,62500.0
VEH_003678,YV1XZF775192217,XC90,PHEV,Core,18.8,89000.0,64100.0
VEH_003679,YV1XZE405144085,EX30,Pure_EV,Core,69.0,42500.0,31200.0
VEH_003680,YV1XZE494358316,XC60,PHEV,Ultimate,18.8,76110.0,54516.0
VEH_003681,YV1XZE702489740,XC90,PHEV,Plus,18.8,96120.0,69228.0
VEH_003682,YV1XZD183189355,XC90,PHEV,Ultimate,18.8,105020.0,75638.0
VEH_003683,YV1XZB884538138,XC90,PHEV,Core,18.8,89000.0,64100.0
VEH_003684,YV1XZC382327116,EX90,Pure_EV,Plus,111.0,92880.0,67500.0
VEH_003685,YV1XZC955648194,XC90,PHEV,Core,18.8,89000.0,64100.0
VEH_003686,YV1XZG454506806,XC90,PHEV,Ultimate,18.8,105020.0,75638.0
VEH_003687,YV1XZE966831325,XC90,PHEV,Ultimate,18.8,105020.0,75638.0
VEH_003688,YV1XZH324741375,V60,MHEV,Ultimate,0.0,52864.0,38822.0
VEH_003689,YV1XZD332404394,EX90,Pure_EV,Core,111.0,86000.0,62500.0
VEH_003690,YV1XZC253902993,EX30,Pure_EV,Ultimate,69.0,50150.0,36816.0
VEH_003691,YV1XZA447181400,EX90,Pure_EV,Plus,111.0,92880.0,67500.0
VEH_003692,YV1XZC649439339,EX30,Pure_EV,Core,69.0,42500.0,31200.0
VEH_003693,YV1XZH451209528,XC60,PHEV,Plus,18.8,69660.0,49896.0
VEH_003694,YV1XZB358527922,EC40,Pure_EV,Ultimate,82.0,63130.0,46964.0
VEH_003695,YV1XZG930989868,XC90,PHEV,Plus,18.8,96120.0,69228.0
VEH_003696,YV1XZH481169366,XC60,PHEV,Ultimate,18.8,76110.0,54516.0
VEH_003697,YV1XZF669819226,EC40,Pure_EV,Ultimate,82.0,63130.0,46964.0
VEH_003698,YV1XZD278366024,EX30,Pure_EV,Ultimate,69.0,50150.0,36816.0
VEH_003699,YV1XZC569486359,V60,MHEV,Plus,0.0,48384.0,35532.0
VEH_003700,YV1XZH846357679,XC90,PHEV,Plus,18.8,96120.0,69228.0
VEH_003701,YV1XZB699046021,EC40,Pure_EV,Ultimate,82.0,63130.0,46964.0
VEH_003702,YV1XZF291139369,XC60,PHEV,Ultimate,18.8,76110.0,54516.0
VEH_003703,YV1XZH927580907,EX30,Pure_EV,Plus,69.0,45900.0,33696.0
VEH_003704,YV1XZG329544484,V60,MHEV,Plus,0.0,48384.0,35532.0
VEH_003705,YV1XZD510660521,XC90,PHEV,Ultimate,18.8,105020.0,75638.0
VEH_003706,YV1XZA310277395,EC40,Pure_EV,Core,82.0,53500.0,39800.0
VEH_003707,YV1XZD106028563,XC60,PHEV,Plus,18.8,69660.0,49896.0
VEH_003708,YV1XZF201048210,XC90,PHEV,Plus,18.8,96120.0,69228.0
VEH_003709,YV1XZA751519070,EC40,Pure_EV,Plus,82.0,57780.0,42984.0
VEH_003710,YV1XZE788992272,EC40,Pure_EV,Core,82.0,53500.0,39800.0
VEH_003711,YV1XZA846786447,XC60,PHEV,Plus,18.8,69660.0,49896.0
VEH_003712,YV1XZE771378998,V60,MHEV,Plus,0.0,48384.0,35532.0
VEH_003713,YV1XZA870978314,EX30,Pure_EV,Ultimate,69.0,50150.0,36816.0
VEH_003714,YV1XZH626456141,XC60,PHEV,Ultimate,18.8,76110.0,54516.0
VEH_003715,YV1XZB141010063,EX90,Pure_EV,Plus,111.0,92880.0,67500.0
VEH_003716,YV1XZC857674720,EC40,Pure_EV,Core,82.0,53500.0,39800.0
VEH_003717,YV1XZC188932256,V60,MHEV,Core,0.0,44800.0,32900.0
VEH_003718,YV1XZA576073508,XC60,PHEV,Core,18.8,64500.0,46200.0
VEH_003719,YV1XZA437408933,V60,MHEV,Ultimate,0.0,52864.0,38822.0
VEH_003720,YV1XZE308501740,EX30,Pure_EV,Ultimate,69.0,50150.0,36816.0
VEH_003721,YV1XZA457196310,V60,MHEV,Ultimate,0.0,52864.0,38822.0
VEH_003722,YV1XZC730122695,V60,MHEV,Plus,0.0,48384.0,35532.0
VEH_003723,YV1XZA813496434,V60,MHEV,Plus,0.0,48384.0,35532.0
VEH_003724,YV1XZA169744792,XC60,PHEV,Plus,18.8,69660.0,49896.0
VEH_003725,YV1XZC882711695,EX90,Pure_EV,Ultimate,111.0,101480.0,73750.0
VEH_003726,YV1XZC576095915,EC40,Pure_EV,Core,82.0,53500.0,39800.0
VEH_003727,YV1XZD839503930,EX30,Pure_EV,Plus,69.0,45900.0,33696.0
VEH_003728,YV1XZC782147868,XC90,PHEV,Plus,18.8,96120.0,69228.0
VEH_003729,YV1XZE393950935,V60,MHEV,Core,0.0,44800.0,32900.0
VEH_003730,YV1XZB466631819,XC90,PHEV,Plus,18.8,96120.0,69228.0
VEH_003731,YV1XZB707941115,XC60,PHEV,Ultimate,18.8,76110.0,54516.0
VEH_003732,YV1XZB197239910,XC60,PHEV,Core,18.8,64500.0,46200.0
VEH_003733,YV1XZB299349714,EX90,Pure_EV,Ultimate,111.0,101480.0,73750.0
VEH_003734,YV1XZA923262095,EC40,Pure_EV,Ultimate,82.0,63130.0,46964.0
VEH_003735,YV1XZD784988889,EX90,Pure_EV,Core,111.0,86000.0,62500.0
VEH_003736,YV1XZB877686250,EC40,Pure_EV,Plus,82.0,57780.0,42984.0
VEH_003737,YV1XZD902523694,EX90,Pure_EV,Plus,111.0,92880.0,67500.0
VEH_003738,YV1XZE157268351,V60,MHEV,Core,0.0,44800.0,32900.0
VEH_003739,YV1XZE291130376,XC60,PHEV,Ultimate,18.8,76110.0,54516.0
VEH_003740,YV1XZF544510617,EC40,Pure_EV,Core,82.0,53500.0,39800.0
VEH_003741,YV1XZE313915836,EX90,Pure_EV,Core,111.0,86000.0,62500.0
VEH_003742,YV1XZE848997374,EX90,Pure_EV,Plus,111.0,92880.0,67500.0
VEH_003743,YV1XZB626010720,XC60,PHEV,Plus,18.8,69660.0,49896.0
VEH_003744,YV1XZF474584710,EC40,Pure_EV,Ultimate,82.0,63130.0,46964.0
VEH_003745,YV1XZH990668920,V60,MHEV,Ultimate,0.0,52864.0,38822.0
VEH_003746,YV1XZC139439705,V60,MHEV,Ultimate,0.0,52864.0,38822.0
VEH_003747,YV1XZC677618107,XC90,PHEV,Plus,18.8,96120.0,69228.0
VEH_003748,YV1XZG472504153,XC90,PHEV,Core,18.8,89000.0,64100.0
VEH_003749,YV1XZE322744472,V60,MHEV,Ultimate,0.0,52864.0,38822.0
VEH_003750,YV1XZE197450121,EC40,Pure_EV,Ultimate,82.0,63130.0,46964.0
VEH_003751,YV1XZE334349438,XC90,PHEV,Core,18.8,89000.0,64100.0
VEH_003752,YV1XZA223800483,XC60,PHEV,Plus,18.8,69660.0,49896.0
VEH_003753,YV1XZC610252663,XC90,PHEV,Ultimate,18.8,105020.0,75638.0
VEH_003754,YV1XZF499735559,EX90,Pure_EV,Plus,111.0,92880.0,67500.0
VEH_003755,YV1XZA446144349,XC90,PHEV,Plus,18.8,96120.0,69228.0
VEH_003756,YV1XZF108480736,V60,MHEV,Core,0.0,44800.0,32900.0
VEH_003757,YV1XZH459394784,EX90,Pure_EV,Plus,111.0,92880.0,67500.0
VEH_003758,YV1XZB300909460,EC40,Pure_EV,Ultimate,82.0,63130.0,46964.0
VEH_003759,YV1XZC601266959,EC40,Pure_EV,Plus,82.0,57780.0,42984.0
VEH_003760,YV1XZA571382013,XC90,PHEV,Core,18.8,89000.0,64100.0
VEH_003761,YV1XZG884856806,XC90,PHEV,Plus,18.8,96120.0,69228.0
VEH_003762,YV1XZD371200090,XC60,PHEV,Plus,18.8,69660.0,49896.0
VEH_003763,YV1XZF618142267,V60,MHEV,Plus,0.0,48384.0,35532.0
VEH_003764,YV1XZE143088147,V60,MHEV,Plus,0.0,48384.0,35532.0
VEH_003765,YV1XZB552030261,EX90,Pure_EV,Ultimate,111.0,101480.0,73750.0
VEH_003766,YV1XZG736810563,XC60,PHEV,Plus,18.8,69660.0,49896.0
VEH_003767,YV1XZC422748286,EX30,Pure_EV,Core,69.0,42500.0,31200.0
VEH_003768,YV1XZD709872762,XC90,PHEV,Ultimate,18.8,105020.0,75638.0
VEH_003769,YV1XZF946719967,EX90,Pure_EV,Core,111.0,86000.0,62500.0
VEH_003770,YV1XZE951330633,EX30,Pure_EV,Core,69.0,42500.0,31200.0
VEH_003771,YV1XZH525195177,EX90,Pure_EV,Plus,111.0,92880.0,67500.0
VEH_003772,YV1XZA807175601,EX90,Pure_EV,Plus,111.0,92880.0,67500.0
VEH_003773,YV1XZC423499443,EX90,Pure_EV,Core,111.0,86000.0,62500.0
VEH_003774,YV1XZC353600185,EC40,Pure_EV,Core,82.0,53500.0,39800.0
VEH_003775,YV1XZB877533383,EX90,Pure_EV,Plus,111.0,92880.0,67500.0
VEH_003776,YV1XZF105309416,EX90,Pure_EV,Core,111.0,86000.0,62500.0
VEH_003777,YV1XZF207281279,XC60,PHEV,Core,18.8,64500.0,46200.0
VEH_003778,YV1XZG850309046,XC60,PHEV,Ultimate,18.8,76110.0,54516.0
VEH_003779,YV1XZG992652034,EX90,Pure_EV,Plus,111.0,92880.0,67500.0
VEH_003780,YV1XZD919325320,XC60,PHEV,Ultimate,18.8,76110.0,54516.0
VEH_003781,YV1XZC441832901,EX30,Pure_EV,Plus,69.0,45900.0,33696.0
VEH_003782,YV1XZF404077884,EX90,Pure_EV,Plus,111.0,92880.0,67500.0
VEH_003783,YV1XZG740958232,V60,MHEV,Ultimate,0.0,52864.0,38822.0
VEH_003784,YV1XZB472445806,XC60,PHEV,Ultimate,18.8,76110.0,54516.0
VEH_003785,YV1XZA338042160,XC60,PHEV,Ultimate,18.8,76110.0,54516.0
VEH_003786,YV1XZD496353078,XC90,PHEV,Core,18.8,89000.0,64100.0
VEH_003787,YV1XZA755590808,EC40,Pure_EV,Plus,82.0,57780.0,42984.0
VEH_003788,YV1XZB793183317,XC90,PHEV,Plus,18.8,96120.0,69228.0
VEH_003789,YV1XZH301831842,EX90,Pure_EV,Core,111.0,86000.0,62500.0
VEH_003790,YV1XZE567507869,EX30,Pure_EV,Core,69.0,42500.0,31200.0
VEH_003791,YV1XZG802275407,EX30,Pure_EV,Plus,69.0,45900.0,33696.0
VEH_003792,YV1XZC405977902,EX90,Pure_EV,Plus,111.0,92880.0,67500.0
VEH_003793,YV1XZH137394844,EC40,Pure_EV,Plus,82.0,57780.0,42984.0
VEH_003794,YV1XZC275602826,EC40,Pure_EV,Plus,82.0,57780.0,42984.0
VEH_003795,YV1XZB599206945,XC60,PHEV,Ultimate,18.8,76110.0,54516.0
VEH_003796,YV1XZB804233550,EX30,Pure_EV,Plus,69.0,45900.0,33696.0
VEH_003797,YV1XZC442551325,XC60,PHEV,Core,18.8,64500.0,46200.0
VEH_003798,YV1XZG836907565,EX90,Pure_EV,Ultimate,111.0,101480.0,73750.0
VEH_003799,YV1XZH802030905,XC60,PHEV,Core,18.8,64500.0,46200.0
VEH_003800,YV1XZG928241129,V60,MHEV,Plus,0.0,48384.0,35532.0
VEH_003801,YV1XZG377722302,EX30,Pure_EV,Plus,69.0,45900.0,33696.0
VEH_003802,YV1XZB748149267,V60,MHEV,Ultimate,0.0,52864.0,38822.0
VEH_003803,YV1XZF938596152,XC60,PHEV,Ultimate,18.8,76110.0,54516.0
VEH_003804,YV1XZF674477822,XC60,PHEV,Ultimate,18.8,76110.0,54516.0
VEH_003805,YV1XZC555336460,EC40,Pure_EV,Core,82.0,53500.0,39800.0
VEH_003806,YV1XZB261477051,XC90,PHEV,Plus,18.8,96120.0,69228.0
VEH_003807,YV1XZE312185392,EX30,Pure_EV,Plus,69.0,45900.0,33696.0
VEH_003808,YV1XZH566957486,XC90,PHEV,Ultimate,18.8,105020.0,75638.0
VEH_003809,YV1XZE142782651,EX30,Pure_EV,Plus,69.0,45900.0,33696.0
VEH_003810,YV1XZH494175052,EX30,Pure_EV,Plus,69.0,45900.0,33696.0
VEH_003811,YV1XZF370933847,EX30,Pure_EV,Ultimate,69.0,50150.0,36816.0
VEH_003812,YV1XZE923381466,XC60,PHEV,Plus,18.8,69660.0,49896.0
VEH_003813,YV1XZE291907920,EX30,Pure_EV,Ultimate,69.0,50150.0,36816.0
VEH_003814,YV1XZG118810873,EC40,Pure_EV,Plus,82.0,57780.0,42984.0
VEH_003815,YV1XZE782881227,XC60,PHEV,Plus,18.8,69660.0,49896.0
VEH_003816,YV1XZB483588343,EX30,Pure_EV,Ultimate,69.0,50150.0,36816.0
VEH_003817,YV1XZG366960905,V60,MHEV,Core,0.0,44800.0,32900.0
VEH_003818,YV1XZB235350127,EX90,Pure_EV,Core,111.0,86000.0,62500.0
VEH_003819,YV1XZH562890681,V60,MHEV,Core,0.0,44800.0,32900.0
VEH_003820,YV1XZH839799487,EC40,Pure_EV,Plus,82.0,57780.0,42984.0
VEH_003821,YV1XZH143637924,XC90,PHEV,Core,18.8,89000.0,64100.0
VEH_003822,YV1XZF141110761,EX30,Pure_EV,Plus,69.0,45900.0,33696.0
VEH_003823,YV1XZB510075954,EX90,Pure_EV,Ultimate,111.0,101480.0,73750.0
VEH_003824,YV1XZB462680716,XC90,PHEV,Ultimate,18.8,105020.0,75638.0
VEH_003825,YV1XZE553688034,V60,MHEV,Ultimate,0.0,52864.0,38822.0
VEH_003826,YV1XZC901834996,XC60,PHEV,Core,18.8,64500.0,46200.0
VEH_003827,YV1XZB998564400,EC40,Pure_EV,Ultimate,82.0,63130.0,46964.0
VEH_003828,YV1XZD712993971,XC60,PHEV,Core,18.8,64500.0,46200.0
VEH_003829,YV1XZD845452922,EC40,Pure_EV,Plus,82.0,57780.0,42984.0
VEH_003830,YV1XZH331079186,EX30,Pure_EV,Plus,69.0,45900.0,33696.0
VEH_003831,YV1XZC397269519,XC60,PHEV,Plus,18.8,69660.0,49896.0
VEH_003832,YV1XZA749208541,XC90,PHEV,Ultimate,18.8,105020.0,75638.0
VEH_003833,YV1XZE392787282,XC60,PHEV,Core,18.8,64500.0,46200.0
VEH_003834,YV1XZD120099316,EX30,Pure_EV,Plus,69.0,45900.0,33696.0
VEH_003835,YV1XZC395030606,XC60,PHEV,Ultimate,18.8,76110.0,54516.0
VEH_003836,YV1XZF204311551,EC40,Pure_EV,Plus,82.0,57780.0,42984.0
VEH_003837,YV1XZA861292088,EX90,Pure_EV,Core,111.0,86000.0,62500.0
VEH_003838,YV1XZB756471019,EC40,Pure_EV,Core,82.0,53500.0,39800.0
VEH_003839,YV1XZH731268027,EC40,Pure_EV,Ultimate,82.0,63130.0,46964.0
VEH_003840,YV1XZF681386019,XC60,PHEV,Ultimate,18.8,76110.0,54516.0
VEH_003841,YV1XZA468240534,XC60,PHEV,Plus,18.8,69660.0,49896.0
VEH_003842,YV1XZF983290841,EC40,Pure_EV,Plus,82.0,57780.0,42984.0
VEH_003843,YV1XZH897329706,XC60,PHEV,Core,18.8,64500.0,46200.0
VEH_003844,YV1XZC822613163,XC60,PHEV,Core,18.8,64500.0,46200.0
VEH_003845,YV1XZG134645896,XC60,PHEV,Plus,18.8,69660.0,49896.0
VEH_003846,YV1XZB777943476,V60,MHEV,Ultimate,0.0,52864.0,38822.0
VEH_003847,YV1XZF189219358,XC60,PHEV,Ultimate,18.8,76110.0,54516.0
VEH_003848,YV1XZF426452658,EX90,Pure_EV,Ultimate,111.0,101480.0,73750.0
VEH_003849,YV1XZH824240334,EC40,Pure_EV,Plus,82.0,57780.0,42984.0
VEH_003850,YV1XZC770941214,XC60,PHEV,Core,18.8,64500.0,46200.0
VEH_003851,YV1XZF706548633,XC90,PHEV,Core,18.8,89000.0,64100.0
VEH_003852,YV1XZA906797157,XC60,PHEV,Plus,18.8,69660.0,49896.0
VEH_003853,YV1XZH352027142,EC40,Pure_EV,Ultimate,82.0,63130.0,46964.0
VEH_003854,YV1XZC506334876,XC60,PHEV,Ultimate,18.8,76110.0,54516.0
VEH_003855,YV1XZB524933004,XC90,PHEV,Core,18.8,89000.0,64100.0
VEH_003856,YV1XZB712832797,EX90,Pure_EV,Core,111.0,86000.0,62500.0
VEH_003857,YV1XZC923425368,EC40,Pure_EV,Core,82.0,53500.0,39800.0
VEH_003858,YV1XZG477983555,V60,MHEV,Plus,0.0,48384.0,35532.0
VEH_003859,YV1XZE442956891,EX90,Pure_EV,Plus,111.0,92880.0,67500.0
VEH_003860,YV1XZB813216442,EC40,Pure_EV,Ultimate,82.0,63130.0,46964.0
VEH_003861,YV1XZF639345534,V60,MHEV,Ultimate,0.0,52864.0,38822.0
VEH_003862,YV1XZG341698434,XC90,PHEV,Ultimate,18.8,105020.0,75638.0
VEH_003863,YV1XZH407394485,XC60,PHEV,Plus,18.8,69660.0,49896.0
VEH_003864,YV1XZC529555102,XC60,PHEV,Core,18.8,64500.0,46200.0
VEH_003865,YV1XZF919195114,EC40,Pure_EV,Core,82.0,53500.0,39800.0
VEH_003866,YV1XZC833743378,XC60,PHEV,Ultimate,18.8,76110.0,54516.0
VEH_003867,YV1XZG549113543,EX30,Pure_EV,Plus,69.0,45900.0,33696.0
VEH_003868,YV1XZA764513013,XC60,PHEV,Core,18.8,64500.0,46200.0
VEH_003869,YV1XZB743781418,EX90,Pure_EV,Core,111.0,86000.0,62500.0
VEH_003870,YV1XZG124517413,XC90,PHEV,Ultimate,18.8,105020.0,75638.0
VEH_003871,YV1XZD278733850,EC40,Pure_EV,Ultimate,82.0,63130.0,46964.0
VEH_003872,YV1XZH834829245,XC90,PHEV,Ultimate,18.8,105020.0,75638.0
VEH_003873,YV1XZA897752993,EX30,Pure_EV,Plus,69.0,45900.0,33696.0
VEH_003874,YV1XZG692767076,XC90,PHEV,Ultimate,18.8,105020.0,75638.0
VEH_003875,YV1XZC591525614,XC90,PHEV,Core,18.8,89000.0,64100.0
VEH_003876,YV1XZD288131372,EC40,Pure_EV,Ultimate,82.0,63130.0,46964.0
VEH_003877,YV1XZD446522472,XC60,PHEV,Ultimate,18.8,76110.0,54516.0
VEH_003878,YV1XZB133167626,EX90,Pure_EV,Plus,111.0,92880.0,67500.0
VEH_003879,YV1XZH593054651,EX90,Pure_EV,Ultimate,111.0,101480.0,73750.0
VEH_003880,YV1XZH359720591,EX90,Pure_EV,Ultimate,111.0,101480.0,73750.0
VEH_003881,YV1XZB962952313,EX90,Pure_EV,Plus,111.0,92880.0,67500.0
VEH_003882,YV1XZC362920130,XC90,PHEV,Plus,18.8,96120.0,69228.0
VEH_003883,YV1XZB107390903,XC60,PHEV,Ultimate,18.8,76110.0,54516.0
VEH_003884,YV1XZG658096119,V60,MHEV,Core,0.0,44800.0,32900.0
VEH_003885,YV1XZB940785729,XC60,PHEV,Plus,18.8,69660.0,49896.0
VEH_003886,YV1XZB868578864,XC60,PHEV,Plus,18.8,69660.0,49896.0
VEH_003887,YV1XZA570858471,XC90,PHEV,Ultimate,18.8,105020.0,75638.0
VEH_003888,YV1XZA414566696,XC60,PHEV,Ultimate,18.8,76110.0,54516.0
VEH_003889,YV1XZA490169075,XC60,PHEV,Ultimate,18.8,76110.0,54516.0
VEH_003890,YV1XZH560193439,XC60,PHEV,Ultimate,18.8,76110.0,54516.0
VEH_003891,YV1XZC381856258,EX30,Pure_EV,Core,69.0,42500.0,31200.0
VEH_003892,YV1XZC493488269,XC90,PHEV,Core,18.8,89000.0,64100.0
VEH_003893,YV1XZF252417753,XC60,PHEV,Ultimate,18.8,76110.0,54516.0
VEH_003894,YV1XZD384012987,EX90,Pure_EV,Plus,111.0,92880.0,67500.0
VEH_003895,YV1XZB592033623,EX30,Pure_EV,Plus,69.0,45900.0,33696.0
VEH_003896,YV1XZD912801709,V60,MHEV,Plus,0.0,48384.0,35532.0
VEH_003897,YV1XZE840016544,EC40,Pure_EV,Plus,82.0,57780.0,42984.0
VEH_003898,YV1XZH851148628,XC60,PHEV,Plus,18.8,69660.0,49896.0
VEH_003899,YV1XZE738262346,EC40,Pure_EV,Ultimate,82.0,63130.0,46964.0
VEH_003900,YV1XZC660256254,EX30,Pure_EV,Core,69.0,42500.0,31200.0
VEH_003901,YV1XZD498198359,EC40,Pure_EV,Core,82.0,53500.0,39800.0
VEH_003902,YV1XZE429276598,XC90,PHEV,Plus,18.8,96120.0,69228.0
VEH_003903,YV1XZE610333211,V60,MHEV,Core,0.0,44800.0,32900.0
VEH_003904,YV1XZE265830066,V60,MHEV,Plus,0.0,48384.0,35532.0
VEH_003905,YV1XZC257331241,V60,MHEV,Ultimate,0.0,52864.0,38822.0
VEH_003906,YV1XZG376279955,XC90,PHEV,Plus,18.8,96120.0,69228.0
VEH_003907,YV1XZA327270384,V60,MHEV,Core,0.0,44800.0,32900.0
VEH_003908,YV1XZC727317312,XC90,PHEV,Plus,18.8,96120.0,69228.0
VEH_003909,YV1XZF874317498,EX30,Pure_EV,Plus,69.0,45900.0,33696.0
VEH_003910,YV1XZG612147289,XC90,PHEV,Ultimate,18.8,105020.0,75638.0
VEH_003911,YV1XZF791330310,XC90,PHEV,Core,18.8,89000.0,64100.0
VEH_003912,YV1XZF661929277,EX90,Pure_EV,Ultimate,111.0,101480.0,73750.0
VEH_003913,YV1XZH796188973,EC40,Pure_EV,Plus,82.0,57780.0,42984.0
VEH_003914,YV1XZH288320743,EX90,Pure_EV,Ultimate,111.0,101480.0,73750.0
VEH_003915,YV1XZA818059278,XC60,PHEV,Plus,18.8,69660.0,49896.0
VEH_003916,YV1XZD432117242,EX30,Pure_EV,Plus,69.0,45900.0,33696.0
VEH_003917,YV1XZC398839041,EX90,Pure_EV,Core,111.0,86000.0,62500.0
VEH_003918,YV1XZB797928604,XC90,PHEV,Ultimate,18.8,105020.0,75638.0
VEH_003919,YV1XZH593192932,EX90,Pure_EV,Plus,111.0,92880.0,67500.0
VEH_003920,YV1XZA901286903,XC90,PHEV,Ultimate,18.8,105020.0,75638.0
VEH_003921,YV1XZD490369928,XC90,PHEV,Core,18.8,89000.0,64100.0
VEH_003922,YV1XZG772594060,V60,MHEV,Core,0.0,44800.0,32900.0
VEH_003923,YV1XZB391492513,EX30,Pure_EV,Plus,69.0,45900.0,33696.0
VEH_003924,YV1XZB956757726,XC90,PHEV,Ultimate,18.8,105020.0,75638.0
VEH_003925,YV1XZD362736302,EX30,Pure_EV,Plus,69.0,45900.0,33696.0
VEH_003926,YV1XZC840558696,EC40,Pure_EV,Ultimate,82.0,63130.0,46964.0
VEH_003927,YV1XZD840492575,V60,MHEV,Core,0.0,44800.0,32900.0
VEH_003928,YV1XZC143199628,V60,MHEV,Plus,0.0,48384.0,35532.0
VEH_003929,YV1XZE198096189,XC90,PHEV,Plus,18.8,96120.0,69228.0
VEH_003930,YV1XZB242323343,V60,MHEV,Core,0.0,44800.0,32900.0
VEH_003931,YV1XZA323050590,XC90,PHEV,Plus,18.8,96120.0,69228.0
VEH_003932,YV1XZH598507504,EX90,Pure_EV,Core,111.0,86000.0,62500.0
VEH_003933,YV1XZA442371535,EX30,Pure_EV,Ultimate,69.0,50150.0,36816.0
VEH_003934,YV1XZD613569694,V60,MHEV,Core,0.0,44800.0,32900.0
VEH_003935,YV1XZB611139557,EX30,Pure_EV,Plus,69.0,45900.0,33696.0
VEH_003936,YV1XZD742413041,EX90,Pure_EV,Core,111.0,86000.0,62500.0
VEH_003937,YV1XZA724610167,XC60,PHEV,Plus,18.8,69660.0,49896.0
VEH_003938,YV1XZH934722451,XC60,PHEV,Core,18.8,64500.0,46200.0
VEH_003939,YV1XZH100531633,V60,MHEV,Core,0.0,44800.0,32900.0
VEH_003940,YV1XZE628930743,EC40,Pure_EV,Plus,82.0,57780.0,42984.0
VEH_003941,YV1XZF644701690,V60,MHEV,Core,0.0,44800.0,32900.0
VEH_003942,YV1XZE792863736,XC60,PHEV,Ultimate,18.8,76110.0,54516.0
VEH_003943,YV1XZD466298739,EC40,Pure_EV,Plus,82.0,57780.0,42984.0
VEH_003944,YV1XZE772078335,EC40,Pure_EV,Ultimate,82.0,63130.0,46964.0
VEH_003945,YV1XZC623535512,XC60,PHEV,Core,18.8,64500.0,46200.0
VEH_003946,YV1XZH632348238,EX30,Pure_EV,Plus,69.0,45900.0,33696.0
VEH_003947,YV1XZB916513883,EX90,Pure_EV,Core,111.0,86000.0,62500.0
VEH_003948,YV1XZE201541586,XC60,PHEV,Ultimate,18.8,76110.0,54516.0
VEH_003949,YV1XZC307871584,XC60,PHEV,Plus,18.8,69660.0,49896.0
VEH_003950,YV1XZD429853852,EX30,Pure_EV,Core,69.0,42500.0,31200.0
VEH_003951,YV1XZF922937760,XC90,PHEV,Plus,18.8,96120.0,69228.0
VEH_003952,YV1XZB835240767,XC90,PHEV,Plus,18.8,96120.0,69228.0
VEH_003953,YV1XZD713115625,EC40,Pure_EV,Ultimate,82.0,63130.0,46964.0
VEH_003954,YV1XZF267920042,V60,MHEV,Core,0.0,44800.0,32900.0
VEH_003955,YV1XZC269590180,EX90,Pure_EV,Plus,111.0,92880.0,67500.0
VEH_003956,YV1XZC449697588,XC90,PHEV,Ultimate,18.8,105020.0,75638.0
VEH_003957,YV1XZG937255462,XC90,PHEV,Plus,18.8,96120.0,69228.0
VEH_003958,YV1XZD382238853,V60,MHEV,Plus,0.0,48384.0,35532.0
VEH_003959,YV1XZF255678099,XC60,PHEV,Plus,18.8,69660.0,49896.0
VEH_003960,YV1XZF990380314,EC40,Pure_EV,Plus,82.0,57780.0,42984.0
VEH_003961,YV1XZH430730611,V60,MHEV,Plus,0.0,48384.0,35532.0
VEH_003962,YV1XZG918937789,XC60,PHEV,Ultimate,18.8,76110.0,54516.0
VEH_003963,YV1XZG159385890,XC60,PHEV,Core,18.8,64500.0,46200.0
VEH_003964,YV1XZC590581599,XC60,PHEV,Plus,18.8,69660.0,49896.0
VEH_003965,YV1XZD323992251,EC40,Pure_EV,Core,82.0,53500.0,39800.0
VEH_003966,YV1XZE416535751,V60,MHEV,Ultimate,0.0,52864.0,38822.0
VEH_003967,YV1XZF559022854,EC40,Pure_EV,Core,82.0,53500.0,39800.0
VEH_003968,YV1XZD956281850,XC60,PHEV,Plus,18.8,69660.0,49896.0
VEH_003969,YV1XZH394165554,EX90,Pure_EV,Ultimate,111.0,101480.0,73750.0
VEH_003970,YV1XZD272247459,EX30,Pure_EV,Core,69.0,42500.0,31200.0
VEH_003971,YV1XZH874451303,EC40,Pure_EV,Ultimate,82.0,63130.0,46964.0
VEH_003972,YV1XZA938837115,XC90,PHEV,Plus,18.8,96120.0,69228.0
VEH_003973,YV1XZH368270238,V60,MHEV,Plus,0.0,48384.0,35532.0
VEH_003974,YV1XZG163690958,EC40,Pure_EV,Ultimate,82.0,63130.0,46964.0
VEH_003975,YV1XZF396402373,EX30,Pure_EV,Core,69.0,42500.0,31200.0
VEH_003976,YV1XZH405195367,XC90,PHEV,Plus,18.8,96120.0,69228.0
VEH_003977,YV1XZC905119762,EX30,Pure_EV,Plus,69.0,45900.0,33696.0
VEH_003978,YV1XZG985096875,EX30,Pure_EV,Plus,69.0,45900.0,33696.0
VEH_003979,YV1XZE716422428,EX90,Pure_EV,Core,111.0,86000.0,62500.0
VEH_003980,YV1XZB570579379,EX90,Pure_EV,Ultimate,111.0,101480.0,73750.0
VEH_003981,YV1XZE697724623,EX90,Pure_EV,Plus,111.0,92880.0,67500.0
VEH_003982,YV1XZA250825897,XC90,PHEV,Plus,18.8,96120.0,69228.0
VEH_003983,YV1XZF487867336,EX30,Pure_EV,Ultimate,69.0,50150.0,36816.0
VEH_003984,YV1XZD297718851,XC60,PHEV,Ultimate,18.8,76110.0,54516.0
VEH_003985,YV1XZD594784193,EC40,Pure_EV,Plus,82.0,57780.0,42984.0
VEH_003986,YV1XZD827641329,EC40,Pure_EV,Plus,82.0,57780.0,42984.0
VEH_003987,YV1XZE748128701,V60,MHEV,Plus,0.0,48384.0,35532.0
VEH_003988,YV1XZC227979759,V60,MHEV,Core,0.0,44800.0,32900.0
VEH_003989,YV1XZG525532451,V60,MHEV,Plus,0.0,48384.0,35532.0
VEH_003990,YV1XZA650036781,XC60,PHEV,Core,18.8,64500.0,46200.0
VEH_003991,YV1XZG134449945,EC40,Pure_EV,Core,82.0,53500.0,39800.0
VEH_003992,YV1XZH403489287,XC90,PHEV,Plus,18.8,96120.0,69228.0
VEH_003993,YV1XZB888592297,XC90,PHEV,Plus,18.8,96120.0,69228.0
VEH_003994,YV1XZB699460009,EX30,Pure_EV,Ultimate,69.0,50150.0,36816.0
VEH_003995,YV1XZC957480532,EX30,Pure_EV,Ultimate,69.0,50150.0,36816.0
VEH_003996,YV1XZH755016314,XC90,PHEV,Core,18.8,89000.0,64100.0
VEH_003997,YV1XZB923683760,V60,MHEV,Core,0.0,44800.0,32900.0
VEH_003998,YV1XZE600057851,V60,MHEV,Plus,0.0,48384.0,35532.0
VEH_003999,YV1XZC798408604,XC60,PHEV,Ultimate,18.8,76110.0,54516.0
VEH_004000,YV1XZC795612752,EC40,Pure_EV,Core,82.0,53500.0,39800.0
VEH_004001,YV1XZH666628552,XC90,PHEV,Plus,18.8,96120.0,69228.0
VEH_004002,YV1XZG123067767,V60,MHEV,Ultimate,0.0,52864.0,38822.0
VEH_004003,YV1XZE106822504,XC60,PHEV,Ultimate,18.8,76110.0,54516.0
VEH_004004,YV1XZA109167505,XC90,PHEV,Plus,18.8,96120.0,69228.0
VEH_004005,YV1XZG261592689,EX90,Pure_EV,Plus,111.0,92880.0,67500.0
VEH_004006,YV1XZF671621787,EC40,Pure_EV,Core,82.0,53500.0,39800.0
VEH_004007,YV1XZD926703710,XC60,PHEV,Ultimate,18.8,76110.0,54516.0
VEH_004008,YV1XZC302773320,XC90,PHEV,Plus,18.8,96120.0,69228.0
VEH_004009,YV1XZE294977260,EX90,Pure_EV,Core,111.0,86000.0,62500.0
VEH_004010,YV1XZA936942259,EX30,Pure_EV,Core,69.0,42500.0,31200.0
VEH_004011,YV1XZF174374750,EX90,Pure_EV,Ultimate,111.0,101480.0,73750.0
VEH_004012,YV1XZD806701483,EC40,Pure_EV,Plus,82.0,57780.0,42984.0
VEH_004013,YV1XZE275330135,EX90,Pure_EV,Core,111.0,86000.0,62500.0
VEH_004014,YV1XZD333255174,XC60,PHEV,Plus,18.8,69660.0,49896.0
VEH_004015,YV1XZC572060870,EC40,Pure_EV,Core,82.0,53500.0,39800.0
VEH_004016,YV1XZA576690322,EX30,Pure_EV,Plus,69.0,45900.0,33696.0
VEH_004017,YV1XZD508469182,V60,MHEV,Ultimate,0.0,52864.0,38822.0
VEH_004018,YV1XZH528614334,EX30,Pure_EV,Plus,69.0,45900.0,33696.0
VEH_004019,YV1XZG733740880,EX90,Pure_EV,Core,111.0,86000.0,62500.0
VEH_004020,YV1XZC644068557,EX30,Pure_EV,Core,69.0,42500.0,31200.0
VEH_004021,YV1XZB274894283,XC90,PHEV,Ultimate,18.8,105020.0,75638.0
VEH_004022,YV1XZH895258294,EX90,Pure_EV,Core,111.0,86000.0,62500.0
VEH_004023,YV1XZF545740154,XC90,PHEV,Plus,18.8,96120.0,69228.0
VEH_004024,YV1XZB958769279,EX90,Pure_EV,Core,111.0,86000.0,62500.0
VEH_004025,YV1XZH374109680,XC90,PHEV,Plus,18.8,96120.0,69228.0
VEH_004026,YV1XZH117336060,XC90,PHEV,Core,18.8,89000.0,64100.0
VEH_004027,YV1XZG529827812,EX30,Pure_EV,Plus,69.0,45900.0,33696.0
VEH_004028,YV1XZF432840339,EX30,Pure_EV,Plus,69.0,45900.0,33696.0
VEH_004029,YV1XZE346272168,EX30,Pure_EV,Plus,69.0,45900.0,33696.0
VEH_004030,YV1XZG606120516,V60,MHEV,Core,0.0,44800.0,32900.0
VEH_004031,YV1XZF148715123,EX30,Pure_EV,Plus,69.0,45900.0,33696.0
VEH_004032,YV1XZC706212352,EX90,Pure_EV,Core,111.0,86000.0,62500.0
VEH_004033,YV1XZC250560468,EX30,Pure_EV,Core,69.0,42500.0,31200.0
VEH_004034,YV1XZA165693093,V60,MHEV,Plus,0.0,48384.0,35532.0
VEH_004035,YV1XZE499114168,XC90,PHEV,Core,18.8,89000.0,64100.0
VEH_004036,YV1XZC550154608,XC90,PHEV,Plus,18.8,96120.0,69228.0
VEH_004037,YV1XZC896680642,EX90,Pure_EV,Core,111.0,86000.0,62500.0
VEH_004038,YV1XZF217458307,V60,MHEV,Core,0.0,44800.0,32900.0
VEH_004039,YV1XZH319125903,EX90,Pure_EV,Core,111.0,86000.0,62500.0
VEH_004040,YV1XZF384736299,EC40,Pure_EV,Plus,82.0,57780.0,42984.0
VEH_004041,YV1XZA941028578,XC90,PHEV,Plus,18.8,96120.0,69228.0
VEH_004042,YV1XZA605198031,EX30,Pure_EV,Plus,69.0,45900.0,33696.0
VEH_004043,YV1XZC537715480,EX30,Pure_EV,Ultimate,69.0,50150.0,36816.0
VEH_004044,YV1XZG918730606,EX30,Pure_EV,Ultimate,69.0,50150.0,36816.0
VEH_004045,YV1XZC269836515,XC90,PHEV,Ultimate,18.8,105020.0,75638.0
VEH_004046,YV1XZF339121961,EX30,Pure_EV,Core,69.0,42500.0,31200.0
VEH_004047,YV1XZB220699944,EX30,Pure_EV,Plus,69.0,45900.0,33696.0
VEH_004048,YV1XZG676306442,XC60,PHEV,Plus,18.8,69660.0,49896.0
VEH_004049,YV1XZA434396365,XC60,PHEV,Core,18.8,64500.0,46200.0
VEH_004050,YV1XZE237652208,XC60,PHEV,Plus,18.8,69660.0,49896.0
VEH_004051,YV1XZF758858259,EC40,Pure_EV,Ultimate,82.0,63130.0,46964.0
VEH_004052,YV1XZB613022936,V60,MHEV,Ultimate,0.0,52864.0,38822.0
VEH_004053,YV1XZD235112134,XC60,PHEV,Ultimate,18.8,76110.0,54516.0
VEH_004054,YV1XZC964842647,EX90,Pure_EV,Ultimate,111.0,101480.0,73750.0
VEH_004055,YV1XZB897989079,EX90,Pure_EV,Core,111.0,86000.0,62500.0
VEH_004056,YV1XZG403117074,EX30,Pure_EV,Ultimate,69.0,50150.0,36816.0
VEH_004057,YV1XZD342905531,XC90,PHEV,Core,18.8,89000.0,64100.0
VEH_004058,YV1XZE452859218,EC40,Pure_EV,Core,82.0,53500.0,39800.0
VEH_004059,YV1XZE915929556,V60,MHEV,Plus,0.0,48384.0,35532.0
VEH_004060,YV1XZG502406970,EX90,Pure_EV,Plus,111.0,92880.0,67500.0
VEH_004061,YV1XZA903090102,V60,MHEV,Core,0.0,44800.0,32900.0
VEH_004062,YV1XZA952760232,XC60,PHEV,Ultimate,18.8,76110.0,54516.0
VEH_004063,YV1XZA253496188,EX90,Pure_EV,Core,111.0,86000.0,62500.0
VEH_004064,YV1XZD273822919,V60,MHEV,Core,0.0,44800.0,32900.0
VEH_004065,YV1XZA714273453,XC60,PHEV,Plus,18.8,69660.0,49896.0
VEH_004066,YV1XZF301593161,XC60,PHEV,Plus,18.8,69660.0,49896.0
VEH_004067,YV1XZG585443094,V60,MHEV,Ultimate,0.0,52864.0,38822.0
VEH_004068,YV1XZE686133574,EX90,Pure_EV,Plus,111.0,92880.0,67500.0
VEH_004069,YV1XZE803795357,XC60,PHEV,Core,18.8,64500.0,46200.0
VEH_004070,YV1XZF300058933,XC90,PHEV,Plus,18.8,96120.0,69228.0
VEH_004071,YV1XZH928937053,EC40,Pure_EV,Plus,82.0,57780.0,42984.0
VEH_004072,YV1XZB817273153,XC90,PHEV,Plus,18.8,96120.0,69228.0
VEH_004073,YV1XZE167772190,EC40,Pure_EV,Ultimate,82.0,63130.0,46964.0
VEH_004074,YV1XZA683384105,EC40,Pure_EV,Plus,82.0,57780.0,42984.0
VEH_004075,YV1XZD591165414,EX90,Pure_EV,Core,111.0,86000.0,62500.0
VEH_004076,YV1XZE235612785,EX30,Pure_EV,Core,69.0,42500.0,31200.0
VEH_004077,YV1XZH568327642,EC40,Pure_EV,Plus,82.0,57780.0,42984.0
VEH_004078,YV1XZC526874753,XC90,PHEV,Core,18.8,89000.0,64100.0
VEH_004079,YV1XZC830761164,XC90,PHEV,Core,18.8,89000.0,64100.0
VEH_004080,YV1XZD887495483,EX90,Pure_EV,Core,111.0,86000.0,62500.0
VEH_004081,YV1XZC704391021,V60,MHEV,Plus,0.0,48384.0,35532.0
VEH_004082,YV1XZA959272620,XC90,PHEV,Ultimate,18.8,105020.0,75638.0
VEH_004083,YV1XZD844849063,XC90,PHEV,Plus,18.8,96120.0,69228.0
VEH_004084,YV1XZF270456296,XC90,PHEV,Core,18.8,89000.0,64100.0
VEH_004085,YV1XZC781726567,EX30,Pure_EV,Ultimate,69.0,50150.0,36816.0
VEH_004086,YV1XZD906491970,V60,MHEV,Ultimate,0.0,52864.0,38822.0
VEH_004087,YV1XZG317106437,V60,MHEV,Core,0.0,44800.0,32900.0
VEH_004088,YV1XZG418360616,EC40,Pure_EV,Core,82.0,53500.0,39800.0
VEH_004089,YV1XZG611687184,XC60,PHEV,Ultimate,18.8,76110.0,54516.0
VEH_004090,YV1XZC874755886,XC60,PHEV,Plus,18.8,69660.0,49896.0
VEH_004091,YV1XZB369862716,EC40,Pure_EV,Core,82.0,53500.0,39800.0
VEH_004092,YV1XZE324148755,V60,MHEV,Ultimate,0.0,52864.0,38822.0
VEH_004093,YV1XZB163589383,V60,MHEV,Ultimate,0.0,52864.0,38822.0
VEH_004094,YV1XZC616396932,XC60,PHEV,Core,18.8,64500.0,46200.0
VEH_004095,YV1XZG944296998,EX90,Pure_EV,Core,111.0,86000.0,62500.0
VEH_004096,YV1XZG519832695,EX90,Pure_EV,Ultimate,111.0,101480.0,73750.0
VEH_004097,YV1XZD995853974,XC90,PHEV,Core,18.8,89000.0,64100.0
VEH_004098,YV1XZD396586682,EC40,Pure_EV,Core,82.0,53500.0,39800.0
VEH_004099,YV1XZB879513975,EX90,Pure_EV,Plus,111.0,92880.0,67500.0
VEH_004100,YV1XZC321009450,V60,MHEV,Ultimate,0.0,52864.0,38822.0
VEH_004101,YV1XZE916671494,XC60,PHEV,Core,18.8,64500.0,46200.0
VEH_004102,YV1XZB659011768,EC40,Pure_EV,Core,82.0,53500.0,39800.0
VEH_004103,YV1XZB928561496,EC40,Pure_EV,Ultimate,82.0,63130.0,46964.0
VEH_004104,YV1XZH349302636,V60,MHEV,Ultimate,0.0,52864.0,38822.0
VEH_004105,YV1XZE982873873,V60,MHEV,Plus,0.0,48384.0,35532.0
VEH_004106,YV1XZH265009000,EX30,Pure_EV,Ultimate,69.0,50150.0,36816.0
VEH_004107,YV1XZF392168140,EX30,Pure_EV,Ultimate,69.0,50150.0,36816.0
VEH_004108,YV1XZE221158422,EX30,Pure_EV,Plus,69.0,45900.0,33696.0
VEH_004109,YV1XZG728115961,V60,MHEV,Plus,0.0,48384.0,35532.0
VEH_004110,YV1XZH914389724,EX90,Pure_EV,Ultimate,111.0,101480.0,73750.0
VEH_004111,YV1XZB195104483,EC40,Pure_EV,Core,82.0,53500.0,39800.0
VEH_004112,YV1XZF359085951,V60,MHEV,Ultimate,0.0,52864.0,38822.0
VEH_004113,YV1XZG552769142,V60,MHEV,Plus,0.0,48384.0,35532.0
VEH_004114,YV1XZB926722781,EX30,Pure_EV,Ultimate,69.0,50150.0,36816.0
VEH_004115,YV1XZE370229471,EC40,Pure_EV,Ultimate,82.0,63130.0,46964.0
VEH_004116,YV1XZF550590774,V60,MHEV,Ultimate,0.0,52864.0,38822.0
VEH_004117,YV1XZF189220818,V60,MHEV,Plus,0.0,48384.0,35532.0
VEH_004118,YV1XZH360644618,EX30,Pure_EV,Core,69.0,42500.0,31200.0
VEH_004119,YV1XZD734672082,XC90,PHEV,Plus,18.8,96120.0,69228.0
VEH_004120,YV1XZE211632051,XC60,PHEV,Ultimate,18.8,76110.0,54516.0
VEH_004121,YV1XZG751361677,V60,MHEV,Plus,0.0,48384.0,35532.0
VEH_004122,YV1XZG145205850,XC90,PHEV,Ultimate,18.8,105020.0,75638.0
VEH_004123,YV1XZB718073204,XC90,PHEV,Core,18.8,89000.0,64100.0
VEH_004124,YV1XZD487299562,EX30,Pure_EV,Core,69.0,42500.0,31200.0
VEH_004125,YV1XZG975404036,XC90,PHEV,Ultimate,18.8,105020.0,75638.0
VEH_004126,YV1XZA472915318,XC60,PHEV,Ultimate,18.8,76110.0,54516.0
VEH_004127,YV1XZH715624421,V60,MHEV,Plus,0.0,48384.0,35532.0
VEH_004128,YV1XZG973124622,XC90,PHEV,Core,18.8,89000.0,64100.0
VEH_004129,YV1XZG818406683,V60,MHEV,Ultimate,0.0,52864.0,38822.0
VEH_004130,YV1XZC125924873,EX30,Pure_EV,Core,69.0,42500.0,31200.0
VEH_004131,YV1XZB413829870,V60,MHEV,Plus,0.0,48384.0,35532.0
VEH_004132,YV1XZH372208827,XC60,PHEV,Core,18.8,64500.0,46200.0
VEH_004133,YV1XZF478363473,EC40,Pure_EV,Ultimate,82.0,63130.0,46964.0
VEH_004134,YV1XZH941501994,EX90,Pure_EV,Plus,111.0,92880.0,67500.0
VEH_004135,YV1XZH850657658,EX30,Pure_EV,Plus,69.0,45900.0,33696.0
VEH_004136,YV1XZC324821156,V60,MHEV,Plus,0.0,48384.0,35532.0
VEH_004137,YV1XZF895325695,XC90,PHEV,Ultimate,18.8,105020.0,75638.0
VEH_004138,YV1XZC636695255,XC60,PHEV,Plus,18.8,69660.0,49896.0
VEH_004139,YV1XZF761857388,EX30,Pure_EV,Plus,69.0,45900.0,33696.0
VEH_004140,YV1XZD439875950,XC90,PHEV,Ultimate,18.8,105020.0,75638.0
VEH_004141,YV1XZB786606073,EC40,Pure_EV,Core,82.0,53500.0,39800.0
VEH_004142,YV1XZH786631056,XC60,PHEV,Plus,18.8,69660.0,49896.0
VEH_004143,YV1XZD384198407,EX90,Pure_EV,Plus,111.0,92880.0,67500.0
VEH_004144,YV1XZF461852334,V60,MHEV,Plus,0.0,48384.0,35532.0
VEH_004145,YV1XZC280971874,XC60,PHEV,Plus,18.8,69660.0,49896.0
VEH_004146,YV1XZB303785198,EC40,Pure_EV,Core,82.0,53500.0,39800.0
VEH_004147,YV1XZE912576217,XC90,PHEV,Plus,18.8,96120.0,69228.0
VEH_004148,YV1XZC527318353,XC90,PHEV,Ultimate,18.8,105020.0,75638.0
VEH_004149,YV1XZB313266186,XC90,PHEV,Ultimate,18.8,105020.0,75638.0
VEH_004150,YV1XZG382791433,EX30,Pure_EV,Core,69.0,42500.0,31200.0
VEH_004151,YV1XZF672119440,EX90,Pure_EV,Ultimate,111.0,101480.0,73750.0
VEH_004152,YV1XZC513648472,EC40,Pure_EV,Plus,82.0,57780.0,42984.0
VEH_004153,YV1XZE758654741,EX30,Pure_EV,Ultimate,69.0,50150.0,36816.0
VEH_004154,YV1XZF341403853,XC90,PHEV,Core,18.8,89000.0,64100.0
VEH_004155,YV1XZD688396797,XC60,PHEV,Core,18.8,64500.0,46200.0
VEH_004156,YV1XZE128302963,EX90,Pure_EV,Ultimate,111.0,101480.0,73750.0
VEH_004157,YV1XZD363444418,XC60,PHEV,Core,18.8,64500.0,46200.0
VEH_004158,YV1XZD256097045,EX90,Pure_EV,Plus,111.0,92880.0,67500.0
VEH_004159,YV1XZD122305856,EX30,Pure_EV,Plus,69.0,45900.0,33696.0
VEH_004160,YV1XZH545093734,XC90,PHEV,Plus,18.8,96120.0,69228.0
VEH_004161,YV1XZD542729056,XC90,PHEV,Ultimate,18.8,105020.0,75638.0
VEH_004162,YV1XZG773510042,EX90,Pure_EV,Ultimate,111.0,101480.0,73750.0
VEH_004163,YV1XZE858862663,XC90,PHEV,Plus,18.8,96120.0,69228.0
VEH_004164,YV1XZG497529831,EC40,Pure_EV,Plus,82.0,57780.0,42984.0
VEH_004165,YV1XZF680216914,EC40,Pure_EV,Core,82.0,53500.0,39800.0
VEH_004166,YV1XZC445382534,EC40,Pure_EV,Core,82.0,53500.0,39800.0
VEH_004167,YV1XZC203746446,V60,MHEV,Core,0.0,44800.0,32900.0
VEH_004168,YV1XZH674838329,XC90,PHEV,Ultimate,18.8,105020.0,75638.0
VEH_004169,YV1XZD873208192,EC40,Pure_EV,Core,82.0,53500.0,39800.0
VEH_004170,YV1XZD599597507,EC40,Pure_EV,Ultimate,82.0,63130.0,46964.0
VEH_004171,YV1XZA594177720,EC40,Pure_EV,Ultimate,82.0,63130.0,46964.0
VEH_004172,YV1XZH734648986,XC90,PHEV,Plus,18.8,96120.0,69228.0
VEH_004173,YV1XZC123745996,XC60,PHEV,Core,18.8,64500.0,46200.0
VEH_004174,YV1XZA473235986,XC90,PHEV,Plus,18.8,96120.0,69228.0
VEH_004175,YV1XZC168479854,XC60,PHEV,Ultimate,18.8,76110.0,54516.0
VEH_004176,YV1XZB871879492,V60,MHEV,Plus,0.0,48384.0,35532.0
VEH_004177,YV1XZE881426891,EC40,Pure_EV,Ultimate,82.0,63130.0,46964.0
VEH_004178,YV1XZH562600220,EX30,Pure_EV,Ultimate,69.0,50150.0,36816.0
VEH_004179,YV1XZG331073681,V60,MHEV,Core,0.0,44800.0,32900.0
VEH_004180,YV1XZE678097976,V60,MHEV,Plus,0.0,48384.0,35532.0
VEH_004181,YV1XZE454907373,V60,MHEV,Ultimate,0.0,52864.0,38822.0
VEH_004182,YV1XZG254869079,EX90,Pure_EV,Ultimate,111.0,101480.0,73750.0
VEH_004183,YV1XZF107274967,XC90,PHEV,Ultimate,18.8,105020.0,75638.0
VEH_004184,YV1XZF730767136,XC90,PHEV,Core,18.8,89000.0,64100.0
VEH_004185,YV1XZB668838330,EX30,Pure_EV,Core,69.0,42500.0,31200.0
VEH_004186,YV1XZC886576377,XC60,PHEV,Ultimate,18.8,76110.0,54516.0
VEH_004187,YV1XZC997368360,EX90,Pure_EV,Core,111.0,86000.0,62500.0
VEH_004188,YV1XZH882400360,EX90,Pure_EV,Core,111.0,86000.0,62500.0
VEH_004189,YV1XZB201105062,EX30,Pure_EV,Plus,69.0,45900.0,33696.0
VEH_004190,YV1XZG964269773,XC60,PHEV,Ultimate,18.8,76110.0,54516.0
VEH_004191,YV1XZH248723442,XC60,PHEV,Plus,18.8,69660.0,49896.0
VEH_004192,YV1XZB434143501,EC40,Pure_EV,Core,82.0,53500.0,39800.0
VEH_004193,YV1XZG370598115,EC40,Pure_EV,Core,82.0,53500.0,39800.0
VEH_004194,YV1XZC379715724,XC60,PHEV,Core,18.8,64500.0,46200.0
VEH_004195,YV1XZD477098861,XC60,PHEV,Core,18.8,64500.0,46200.0
VEH_004196,YV1XZB464771758,V60,MHEV,Ultimate,0.0,52864.0,38822.0
VEH_004197,YV1XZE121905151,XC60,PHEV,Core,18.8,64500.0,46200.0
VEH_004198,YV1XZA833054373,XC90,PHEV,Core,18.8,89000.0,64100.0
VEH_004199,YV1XZC101856387,EC40,Pure_EV,Core,82.0,53500.0,39800.0
VEH_004200,YV1XZA450962891,XC90,PHEV,Core,18.8,89000.0,64100.0
VEH_004201,YV1XZA959034445,XC60,PHEV,Plus,18.8,69660.0,49896.0
VEH_004202,YV1XZF174506118,XC90,PHEV,Ultimate,18.8,105020.0,75638.0
VEH_004203,YV1XZH295191987,EX90,Pure_EV,Core,111.0,86000.0,62500.0
VEH_004204,YV1XZF204116212,XC90,PHEV,Core,18.8,89000.0,64100.0
VEH_004205,YV1XZF716311712,V60,MHEV,Core,0.0,44800.0,32900.0
VEH_004206,YV1XZC644740074,EX90,Pure_EV,Plus,111.0,92880.0,67500.0
VEH_004207,YV1XZA767956122,EX90,Pure_EV,Plus,111.0,92880.0,67500.0
VEH_004208,YV1XZB966729585,EX30,Pure_EV,Ultimate,69.0,50150.0,36816.0
VEH_004209,YV1XZB474793903,EC40,Pure_EV,Plus,82.0,57780.0,42984.0
VEH_004210,YV1XZC207075216,V60,MHEV,Core,0.0,44800.0,32900.0
VEH_004211,YV1XZC758409476,XC60,PHEV,Core,18.8,64500.0,46200.0
VEH_004212,YV1XZG941880862,EC40,Pure_EV,Plus,82.0,57780.0,42984.0
VEH_004213,YV1XZB463294047,XC60,PHEV,Core,18.8,64500.0,46200.0
VEH_004214,YV1XZC357108928,EX90,Pure_EV,Plus,111.0,92880.0,67500.0
VEH_004215,YV1XZG144657340,XC60,PHEV,Core,18.8,64500.0,46200.0
VEH_004216,YV1XZH970705148,EC40,Pure_EV,Core,82.0,53500.0,39800.0
VEH_004217,YV1XZB658178034,V60,MHEV,Ultimate,0.0,52864.0,38822.0
VEH_004218,YV1XZF666224316,EX30,Pure_EV,Ultimate,69.0,50150.0,36816.0
VEH_004219,YV1XZG912740386,XC90,PHEV,Ultimate,18.8,105020.0,75638.0
VEH_004220,YV1XZD403398162,XC90,PHEV,Ultimate,18.8,105020.0,75638.0
VEH_004221,YV1XZH919826165,EC40,Pure_EV,Core,82.0,53500.0,39800.0
VEH_004222,YV1XZG534047340,EX90,Pure_EV,Plus,111.0,92880.0,67500.0
VEH_004223,YV1XZB626633153,XC60,PHEV,Plus,18.8,69660.0,49896.0
VEH_004224,YV1XZB445223567,EX30,Pure_EV,Plus,69.0,45900.0,33696.0
VEH_004225,YV1XZG428455028,XC90,PHEV,Plus,18.8,96120.0,69228.0
VEH_004226,YV1XZA666452632,XC60,PHEV,Plus,18.8,69660.0,49896.0
VEH_004227,YV1XZB429767401,EX30,Pure_EV,Core,69.0,42500.0,31200.0
VEH_004228,YV1XZC788195959,XC90,PHEV,Ultimate,18.8,105020.0,75638.0
VEH_004229,YV1XZA673691810,EC40,Pure_EV,Ultimate,82.0,63130.0,46964.0
VEH_004230,YV1XZE513284726,EX30,Pure_EV,Core,69.0,42500.0,31200.0
VEH_004231,YV1XZA984490665,EX90,Pure_EV,Plus,111.0,92880.0,67500.0
VEH_004232,YV1XZC646261415,V60,MHEV,Plus,0.0,48384.0,35532.0
VEH_004233,YV1XZA330310285,EC40,Pure_EV,Ultimate,82.0,63130.0,46964.0
VEH_004234,YV1XZC337905905,EX30,Pure_EV,Plus,69.0,45900.0,33696.0
VEH_004235,YV1XZB866688784,V60,MHEV,Plus,0.0,48384.0,35532.0
VEH_004236,YV1XZD713262627,EX90,Pure_EV,Plus,111.0,92880.0,67500.0
VEH_004237,YV1XZA148569511,V60,MHEV,Ultimate,0.0,52864.0,38822.0
VEH_004238,YV1XZB411859380,XC60,PHEV,Core,18.8,64500.0,46200.0
VEH_004239,YV1XZF290114308,EX30,Pure_EV,Core,69.0,42500.0,31200.0
VEH_004240,YV1XZF999567277,XC60,PHEV,Core,18.8,64500.0,46200.0
VEH_004241,YV1XZC252116381,XC60,PHEV,Core,18.8,64500.0,46200.0
VEH_004242,YV1XZE554021632,XC90,PHEV,Core,18.8,89000.0,64100.0
VEH_004243,YV1XZE319984231,V60,MHEV,Ultimate,0.0,52864.0,38822.0
VEH_004244,YV1XZE539378814,V60,MHEV,Ultimate,0.0,52864.0,38822.0
VEH_004245,YV1XZG984285361,V60,MHEV,Core,0.0,44800.0,32900.0
VEH_004246,YV1XZE303470329,XC60,PHEV,Plus,18.8,69660.0,49896.0
VEH_004247,YV1XZA772739082,XC60,PHEV,Plus,18.8,69660.0,49896.0
VEH_004248,YV1XZA847326207,V60,MHEV,Plus,0.0,48384.0,35532.0
VEH_004249,YV1XZD175724946,XC60,PHEV,Core,18.8,64500.0,46200.0
VEH_004250,YV1XZB270643164,V60,MHEV,Core,0.0,44800.0,32900.0
VEH_004251,YV1XZC676534618,XC60,PHEV,Core,18.8,64500.0,46200.0
VEH_004252,YV1XZE831116823,EC40,Pure_EV,Core,82.0,53500.0,39800.0
VEH_004253,YV1XZG405808958,V60,MHEV,Ultimate,0.0,52864.0,38822.0
VEH_004254,YV1XZE712149161,XC90,PHEV,Plus,18.8,96120.0,69228.0
VEH_004255,YV1XZB524027345,EC40,Pure_EV,Core,82.0,53500.0,39800.0
VEH_004256,YV1XZH315594657,EX90,Pure_EV,Core,111.0,86000.0,62500.0
VEH_004257,YV1XZA603538733,EX90,Pure_EV,Ultimate,111.0,101480.0,73750.0
VEH_004258,YV1XZB345505787,XC60,PHEV,Core,18.8,64500.0,46200.0
VEH_004259,YV1XZC189773437,EX30,Pure_EV,Plus,69.0,45900.0,33696.0
VEH_004260,YV1XZD568096274,V60,MHEV,Core,0.0,44800.0,32900.0
VEH_004261,YV1XZH892793340,XC90,PHEV,Plus,18.8,96120.0,69228.0
VEH_004262,YV1XZA811758502,EX90,Pure_EV,Plus,111.0,92880.0,67500.0
VEH_004263,YV1XZD878366359,XC90,PHEV,Core,18.8,89000.0,64100.0
VEH_004264,YV1XZA263971681,EC40,Pure_EV,Core,82.0,53500.0,39800.0
VEH_004265,YV1XZC475935498,EC40,Pure_EV,Plus,82.0,57780.0,42984.0
VEH_004266,YV1XZA520167915,XC60,PHEV,Core,18.8,64500.0,46200.0
VEH_004267,YV1XZE642878064,XC60,PHEV,Core,18.8,64500.0,46200.0
VEH_004268,YV1XZC773465510,EX30,Pure_EV,Core,69.0,42500.0,31200.0
VEH_004269,YV1XZH127176053,EX90,Pure_EV,Plus,111.0,92880.0,67500.0
VEH_004270,YV1XZD746027566,XC60,PHEV,Core,18.8,64500.0,46200.0
VEH_004271,YV1XZC253935333,XC90,PHEV,Plus,18.8,96120.0,69228.0
VEH_004272,YV1XZA219578115,XC90,PHEV,Plus,18.8,96120.0,69228.0
VEH_004273,YV1XZG656249065,V60,MHEV,Core,0.0,44800.0,32900.0
VEH_004274,YV1XZC877474293,XC90,PHEV,Core,18.8,89000.0,64100.0
VEH_004275,YV1XZA254067429,EC40,Pure_EV,Plus,82.0,57780.0,42984.0
VEH_004276,YV1XZD106336800,EX30,Pure_EV,Ultimate,69.0,50150.0,36816.0
VEH_004277,YV1XZA973710236,XC60,PHEV,Core,18.8,64500.0,46200.0
VEH_004278,YV1XZB341074444,XC60,PHEV,Ultimate,18.8,76110.0,54516.0
VEH_004279,YV1XZB121252959,V60,MHEV,Core,0.0,44800.0,32900.0
VEH_004280,YV1XZG403298186,V60,MHEV,Plus,0.0,48384.0,35532.0
VEH_004281,YV1XZG582830779,V60,MHEV,Ultimate,0.0,52864.0,38822.0
VEH_004282,YV1XZH757783372,V60,MHEV,Core,0.0,44800.0,32900.0
VEH_004283,YV1XZH614460934,EC40,Pure_EV,Plus,82.0,57780.0,42984.0
VEH_004284,YV1XZF340346197,EX90,Pure_EV,Plus,111.0,92880.0,67500.0
VEH_004285,YV1XZC517096917,EX90,Pure_EV,Plus,111.0,92880.0,67500.0
VEH_004286,YV1XZF894574943,EC40,Pure_EV,Core,82.0,53500.0,39800.0
VEH_004287,YV1XZE254601401,EX30,Pure_EV,Plus,69.0,45900.0,33696.0
VEH_004288,YV1XZG863093090,EX30,Pure_EV,Plus,69.0,45900.0,33696.0
VEH_004289,YV1XZG234243734,XC90,PHEV,Core,18.8,89000.0,64100.0
VEH_004290,YV1XZD535716227,V60,MHEV,Plus,0.0,48384.0,35532.0
VEH_004291,YV1XZH887535182,XC60,PHEV,Plus,18.8,69660.0,49896.0
VEH_004292,YV1XZG597697758,XC60,PHEV,Plus,18.8,69660.0,49896.0
VEH_004293,YV1XZF814439275,EC40,Pure_EV,Plus,82.0,57780.0,42984.0
VEH_004294,YV1XZD364148131,XC60,PHEV,Core,18.8,64500.0,46200.0
VEH_004295,YV1XZD710300456,EX90,Pure_EV,Ultimate,111.0,101480.0,73750.0
VEH_004296,YV1XZF597546118,EX90,Pure_EV,Ultimate,111.0,101480.0,73750.0
VEH_004297,YV1XZF791489784,XC90,PHEV,Plus,18.8,96120.0,69228.0
VEH_004298,YV1XZG251753535,EC40,Pure_EV,Core,82.0,53500.0,39800.0
VEH_004299,YV1XZH422466437,XC60,PHEV,Core,18.8,64500.0,46200.0
VEH_004300,YV1XZA314114584,XC90,PHEV,Plus,18.8,96120.0,69228.0
VEH_004301,YV1XZC808295367,EX90,Pure_EV,Plus,111.0,92880.0,67500.0
VEH_004302,YV1XZG293612001,XC60,PHEV,Ultimate,18.8,76110.0,54516.0
VEH_004303,YV1XZD514432854,XC60,PHEV,Core,18.8,64500.0,46200.0
VEH_004304,YV1XZC393475095,XC90,PHEV,Ultimate,18.8,105020.0,75638.0
VEH_004305,YV1XZC788524209,V60,MHEV,Ultimate,0.0,52864.0,38822.0
VEH_004306,YV1XZD261794917,XC60,PHEV,Ultimate,18.8,76110.0,54516.0
VEH_004307,YV1XZH363816732,XC60,PHEV,Plus,18.8,69660.0,49896.0
VEH_004308,YV1XZH439532843,V60,MHEV,Core,0.0,44800.0,32900.0
VEH_004309,YV1XZA826052853,XC90,PHEV,Ultimate,18.8,105020.0,75638.0
VEH_004310,YV1XZB123049022,EX30,Pure_EV,Core,69.0,42500.0,31200.0
VEH_004311,YV1XZF196579827,EX30,Pure_EV,Core,69.0,42500.0,31200.0
VEH_004312,YV1XZD898417572,EC40,Pure_EV,Plus,82.0,57780.0,42984.0
VEH_004313,YV1XZE170891744,EX90,Pure_EV,Core,111.0,86000.0,62500.0
VEH_004314,YV1XZF726473076,EC40,Pure_EV,Ultimate,82.0,63130.0,46964.0
VEH_004315,YV1XZF855488200,XC60,PHEV,Plus,18.8,69660.0,49896.0
VEH_004316,YV1XZE208984244,EX90,Pure_EV,Plus,111.0,92880.0,67500.0
VEH_004317,YV1XZC275295596,XC90,PHEV,Core,18.8,89000.0,64100.0
VEH_004318,YV1XZG269952308,XC60,PHEV,Core,18.8,64500.0,46200.0
VEH_004319,YV1XZH851471754,XC90,PHEV,Ultimate,18.8,105020.0,75638.0
VEH_004320,YV1XZD221719840,EC40,Pure_EV,Ultimate,82.0,63130.0,46964.0
VEH_004321,YV1XZH204226974,V60,MHEV,Core,0.0,44800.0,32900.0
VEH_004322,YV1XZG607679187,EX30,Pure_EV,Core,69.0,42500.0,31200.0
VEH_004323,YV1XZC923708262,XC60,PHEV,Plus,18.8,69660.0,49896.0
VEH_004324,YV1XZF573451981,EX30,Pure_EV,Ultimate,69.0,50150.0,36816.0
VEH_004325,YV1XZC580320597,XC90,PHEV,Ultimate,18.8,105020.0,75638.0
VEH_004326,YV1XZF464832392,EX30,Pure_EV,Plus,69.0,45900.0,33696.0
VEH_004327,YV1XZB290305140,EX30,Pure_EV,Plus,69.0,45900.0,33696.0
VEH_004328,YV1XZE827323889,EX90,Pure_EV,Ultimate,111.0,101480.0,73750.0
VEH_004329,YV1XZB949294921,XC60,PHEV,Core,18.8,64500.0,46200.0
VEH_004330,YV1XZF413907843,V60,MHEV,Core,0.0,44800.0,32900.0
VEH_004331,YV1XZF747265048,V60,MHEV,Core,0.0,44800.0,32900.0
VEH_004332,YV1XZG281526961,XC60,PHEV,Core,18.8,64500.0,46200.0
VEH_004333,YV1XZD651283534,EC40,Pure_EV,Plus,82.0,57780.0,42984.0
VEH_004334,YV1XZA625713719,EC40,Pure_EV,Ultimate,82.0,63130.0,46964.0
VEH_004335,YV1XZA797293434,EC40,Pure_EV,Core,82.0,53500.0,39800.0
VEH_004336,YV1XZE382515849,EX90,Pure_EV,Ultimate,111.0,101480.0,73750.0
VEH_004337,YV1XZF143439020,XC60,PHEV,Plus,18.8,69660.0,49896.0
VEH_004338,YV1XZH808036658,EC40,Pure_EV,Ultimate,82.0,63130.0,46964.0
VEH_004339,YV1XZA240284211,EX30,Pure_EV,Plus,69.0,45900.0,33696.0
VEH_004340,YV1XZA425032890,XC90,PHEV,Core,18.8,89000.0,64100.0
VEH_004341,YV1XZH508040078,XC60,PHEV,Core,18.8,64500.0,46200.0
VEH_004342,YV1XZE848243535,XC60,PHEV,Core,18.8,64500.0,46200.0
VEH_004343,YV1XZF962371481,XC60,PHEV,Plus,18.8,69660.0,49896.0
VEH_004344,YV1XZG859436678,XC90,PHEV,Plus,18.8,96120.0,69228.0
VEH_004345,YV1XZF872146119,EC40,Pure_EV,Core,82.0,53500.0,39800.0
VEH_004346,YV1XZD624877670,EC40,Pure_EV,Ultimate,82.0,63130.0,46964.0
VEH_004347,YV1XZB583048762,EC40,Pure_EV,Plus,82.0,57780.0,42984.0
VEH_004348,YV1XZF646310475,V60,MHEV,Core,0.0,44800.0,32900.0
VEH_004349,YV1XZC965679279,EX30,Pure_EV,Core,69.0,42500.0,31200.0
VEH_004350,YV1XZB290167429,EX30,Pure_EV,Core,69.0,42500.0,31200.0
VEH_004351,YV1XZC714082400,EC40,Pure_EV,Core,82.0,53500.0,39800.0
VEH_004352,YV1XZB110356496,EX90,Pure_EV,Core,111.0,86000.0,62500.0
VEH_004353,YV1XZF762993351,V60,MHEV,Core,0.0,44800.0,32900.0
VEH_004354,YV1XZH777534218,EX30,Pure_EV,Core,69.0,42500.0,31200.0
VEH_004355,YV1XZB757736858,EC40,Pure_EV,Ultimate,82.0,63130.0,46964.0
VEH_004356,YV1XZC314234368,EX30,Pure_EV,Core,69.0,42500.0,31200.0
VEH_004357,YV1XZC198466292,V60,MHEV,Core,0.0,44800.0,32900.0
VEH_004358,YV1XZA564897319,V60,MHEV,Core,0.0,44800.0,32900.0
VEH_004359,YV1XZD153685617,V60,MHEV,Core,0.0,44800.0,32900.0
VEH_004360,YV1XZG444032199,V60,MHEV,Core,0.0,44800.0,32900.0
VEH_004361,YV1XZD611148466,V60,MHEV,Ultimate,0.0,52864.0,38822.0
VEH_004362,YV1XZH750105387,EX90,Pure_EV,Ultimate,111.0,101480.0,73750.0
VEH_004363,YV1XZH409305817,V60,MHEV,Core,0.0,44800.0,32900.0
VEH_004364,YV1XZA575148289,V60,MHEV,Ultimate,0.0,52864.0,38822.0
VEH_004365,YV1XZA185425073,EX90,Pure_EV,Ultimate,111.0,101480.0,73750.0
VEH_004366,YV1XZE254503687,EX90,Pure_EV,Core,111.0,86000.0,62500.0
VEH_004367,YV1XZD851583869,XC90,PHEV,Ultimate,18.8,105020.0,75638.0
VEH_004368,YV1XZB302076618,EX30,Pure_EV,Ultimate,69.0,50150.0,36816.0
VEH_004369,YV1XZD274400989,EX90,Pure_EV,Plus,111.0,92880.0,67500.0
VEH_004370,YV1XZE745913649,XC60,PHEV,Ultimate,18.8,76110.0,54516.0
VEH_004371,YV1XZE334352988,XC60,PHEV,Ultimate,18.8,76110.0,54516.0
VEH_004372,YV1XZF889676079,XC60,PHEV,Plus,18.8,69660.0,49896.0
VEH_004373,YV1XZA803131422,EX90,Pure_EV,Ultimate,111.0,101480.0,73750.0
VEH_004374,YV1XZE909920336,V60,MHEV,Plus,0.0,48384.0,35532.0
VEH_004375,YV1XZA167412709,EX90,Pure_EV,Core,111.0,86000.0,62500.0
VEH_004376,YV1XZA765553914,XC60,PHEV,Plus,18.8,69660.0,49896.0
VEH_004377,YV1XZH112883767,XC60,PHEV,Core,18.8,64500.0,46200.0
VEH_004378,YV1XZB441877303,V60,MHEV,Ultimate,0.0,52864.0,38822.0
VEH_004379,YV1XZB711175063,XC90,PHEV,Plus,18.8,96120.0,69228.0
VEH_004380,YV1XZF584028801,EC40,Pure_EV,Ultimate,82.0,63130.0,46964.0
VEH_004381,YV1XZH497760560,EC40,Pure_EV,Ultimate,82.0,63130.0,46964.0
VEH_004382,YV1XZH436590868,XC60,PHEV,Plus,18.8,69660.0,49896.0
VEH_004383,YV1XZD344932992,XC90,PHEV,Ultimate,18.8,105020.0,75638.0
VEH_004384,YV1XZA841810234,XC90,PHEV,Core,18.8,89000.0,64100.0
VEH_004385,YV1XZH595682408,EC40,Pure_EV,Plus,82.0,57780.0,42984.0
VEH_004386,YV1XZH598637732,EC40,Pure_EV,Plus,82.0,57780.0,42984.0
VEH_004387,YV1XZC892270274,XC60,PHEV,Core,18.8,64500.0,46200.0
VEH_004388,YV1XZA249713993,XC60,PHEV,Plus,18.8,69660.0,49896.0
VEH_004389,YV1XZC528872082,EC40,Pure_EV,Plus,82.0,57780.0,42984.0
VEH_004390,YV1XZG949732551,EC40,Pure_EV,Core,82.0,53500.0,39800.0
VEH_004391,YV1XZC736661428,V60,MHEV,Core,0.0,44800.0,32900.0
VEH_004392,YV1XZB117597945,EX90,Pure_EV,Core,111.0,86000.0,62500.0
VEH_004393,YV1XZC390866008,XC60,PHEV,Plus,18.8,69660.0,49896.0
VEH_004394,YV1XZA633995897,EC40,Pure_EV,Core,82.0,53500.0,39800.0
VEH_004395,YV1XZE990967517,XC60,PHEV,Core,18.8,64500.0,46200.0
VEH_004396,YV1XZD303953026,XC90,PHEV,Plus,18.8,96120.0,69228.0
VEH_004397,YV1XZH564775853,XC60,PHEV,Ultimate,18.8,76110.0,54516.0
VEH_004398,YV1XZH814885719,XC60,PHEV,Core,18.8,64500.0,46200.0
VEH_004399,YV1XZB171839853,EX30,Pure_EV,Plus,69.0,45900.0,33696.0
VEH_004400,YV1XZH752639236,EC40,Pure_EV,Ultimate,82.0,63130.0,46964.0
VEH_004401,YV1XZD657017204,EC40,Pure_EV,Core,82.0,53500.0,39800.0
VEH_004402,YV1XZG626677747,XC60,PHEV,Core,18.8,64500.0,46200.0
VEH_004403,YV1XZC463548050,EX30,Pure_EV,Plus,69.0,45900.0,33696.0
VEH_004404,YV1XZG756729233,V60,MHEV,Plus,0.0,48384.0,35532.0
VEH_004405,YV1XZC668693102,EX30,Pure_EV,Ultimate,69.0,50150.0,36816.0
VEH_004406,YV1XZF966643102,EC40,Pure_EV,Plus,82.0,57780.0,42984.0
VEH_004407,YV1XZF707015982,V60,MHEV,Core,0.0,44800.0,32900.0
VEH_004408,YV1XZA580046571,XC60,PHEV,Core,18.8,64500.0,46200.0
VEH_004409,YV1XZD324901650,EC40,Pure_EV,Plus,82.0,57780.0,42984.0
VEH_004410,YV1XZD435584090,EC40,Pure_EV,Ultimate,82.0,63130.0,46964.0
VEH_004411,YV1XZE695922147,V60,MHEV,Plus,0.0,48384.0,35532.0
VEH_004412,YV1XZF849825646,EC40,Pure_EV,Ultimate,82.0,63130.0,46964.0
VEH_004413,YV1XZF939231372,EX90,Pure_EV,Core,111.0,86000.0,62500.0
VEH_004414,YV1XZD860321828,V60,MHEV,Ultimate,0.0,52864.0,38822.0
VEH_004415,YV1XZD973297734,XC90,PHEV,Ultimate,18.8,105020.0,75638.0
VEH_004416,YV1XZH120827680,EX90,Pure_EV,Plus,111.0,92880.0,67500.0
VEH_004417,YV1XZB512470771,EC40,Pure_EV,Ultimate,82.0,63130.0,46964.0
VEH_004418,YV1XZF187303446,EX90,Pure_EV,Ultimate,111.0,101480.0,73750.0
VEH_004419,YV1XZH747036581,XC90,PHEV,Plus,18.8,96120.0,69228.0
VEH_004420,YV1XZB582630761,V60,MHEV,Plus,0.0,48384.0,35532.0
VEH_004421,YV1XZE864404989,XC60,PHEV,Core,18.8,64500.0,46200.0
VEH_004422,YV1XZA608681898,EX90,Pure_EV,Plus,111.0,92880.0,67500.0
VEH_004423,YV1XZA451343765,EX90,Pure_EV,Core,111.0,86000.0,62500.0
VEH_004424,YV1XZH703311806,EC40,Pure_EV,Ultimate,82.0,63130.0,46964.0
VEH_004425,YV1XZF620440200,EX90,Pure_EV,Plus,111.0,92880.0,67500.0
VEH_004426,YV1XZD984909762,EC40,Pure_EV,Ultimate,82.0,63130.0,46964.0
VEH_004427,YV1XZB417419100,V60,MHEV,Core,0.0,44800.0,32900.0
VEH_004428,YV1XZD662106192,V60,MHEV,Core,0.0,44800.0,32900.0
VEH_004429,YV1XZD949017651,XC90,PHEV,Plus,18.8,96120.0,69228.0
VEH_004430,YV1XZA420165131,XC60,PHEV,Plus,18.8,69660.0,49896.0
VEH_004431,YV1XZC417938579,EC40,Pure_EV,Core,82.0,53500.0,39800.0
VEH_004432,YV1XZG184513867,EX30,Pure_EV,Core,69.0,42500.0,31200.0
VEH_004433,YV1XZC579624470,EC40,Pure_EV,Plus,82.0,57780.0,42984.0
VEH_004434,YV1XZC737636286,V60,MHEV,Plus,0.0,48384.0,35532.0
VEH_004435,YV1XZB393724281,XC60,PHEV,Plus,18.8,69660.0,49896.0
VEH_004436,YV1XZD858380341,XC60,PHEV,Plus,18.8,69660.0,49896.0
VEH_004437,YV1XZE274913716,XC90,PHEV,Plus,18.8,96120.0,69228.0
VEH_004438,YV1XZF118206605,XC90,PHEV,Core,18.8,89000.0,64100.0
VEH_004439,YV1XZF693323022,EX30,Pure_EV,Core,69.0,42500.0,31200.0
VEH_004440,YV1XZC438517221,XC60,PHEV,Plus,18.8,69660.0,49896.0
VEH_004441,YV1XZA775265863,V60,MHEV,Plus,0.0,48384.0,35532.0
VEH_004442,YV1XZF524705373,XC60,PHEV,Ultimate,18.8,76110.0,54516.0
VEH_004443,YV1XZA791082762,EX90,Pure_EV,Plus,111.0,92880.0,67500.0
VEH_004444,YV1XZA649442680,EC40,Pure_EV,Plus,82.0,57780.0,42984.0
VEH_004445,YV1XZC633302455,EX30,Pure_EV,Ultimate,69.0,50150.0,36816.0
VEH_004446,YV1XZC262746974,EX30,Pure_EV,Core,69.0,42500.0,31200.0
VEH_004447,YV1XZC866494676,EX30,Pure_EV,Ultimate,69.0,50150.0,36816.0
VEH_004448,YV1XZF483412842,EX90,Pure_EV,Core,111.0,86000.0,62500.0
VEH_004449,YV1XZG468908800,EC40,Pure_EV,Core,82.0,53500.0,39800.0
VEH_004450,YV1XZG685308891,EX30,Pure_EV,Plus,69.0,45900.0,33696.0
VEH_004451,YV1XZG789147591,EX30,Pure_EV,Ultimate,69.0,50150.0,36816.0
VEH_004452,YV1XZC688515227,XC60,PHEV,Ultimate,18.8,76110.0,54516.0
VEH_004453,YV1XZH270789864,EX30,Pure_EV,Core,69.0,42500.0,31200.0
VEH_004454,YV1XZD356909240,EX30,Pure_EV,Plus,69.0,45900.0,33696.0
VEH_004455,YV1XZA156353302,EX30,Pure_EV,Ultimate,69.0,50150.0,36816.0
VEH_004456,YV1XZD613992947,V60,MHEV,Ultimate,0.0,52864.0,38822.0
VEH_004457,YV1XZD914462961,EX30,Pure_EV,Core,69.0,42500.0,31200.0
VEH_004458,YV1XZC637497841,EX90,Pure_EV,Core,111.0,86000.0,62500.0
VEH_004459,YV1XZG911709171,EC40,Pure_EV,Plus,82.0,57780.0,42984.0
VEH_004460,YV1XZG120675681,V60,MHEV,Ultimate,0.0,52864.0,38822.0
VEH_004461,YV1XZH125247033,XC90,PHEV,Plus,18.8,96120.0,69228.0
VEH_004462,YV1XZG690591380,V60,MHEV,Ultimate,0.0,52864.0,38822.0
VEH_004463,YV1XZD733151906,EX30,Pure_EV,Core,69.0,42500.0,31200.0
VEH_004464,YV1XZD725711439,EX30,Pure_EV,Core,69.0,42500.0,31200.0
VEH_004465,YV1XZF853578008,XC60,PHEV,Core,18.8,64500.0,46200.0
VEH_004466,YV1XZF646694183,EX30,Pure_EV,Ultimate,69.0,50150.0,36816.0
VEH_004467,YV1XZD263483479,EX90,Pure_EV,Plus,111.0,92880.0,67500.0
VEH_004468,YV1XZE385235995,XC90,PHEV,Core,18.8,89000.0,64100.0
VEH_004469,YV1XZG271651932,XC90,PHEV,Plus,18.8,96120.0,69228.0
VEH_004470,YV1XZE459151333,EX90,Pure_EV,Ultimate,111.0,101480.0,73750.0
VEH_004471,YV1XZE521585878,EX90,Pure_EV,Plus,111.0,92880.0,67500.0
VEH_004472,YV1XZE584955248,EX30,Pure_EV,Ultimate,69.0,50150.0,36816.0
VEH_004473,YV1XZG319676904,EX30,Pure_EV,Plus,69.0,45900.0,33696.0
VEH_004474,YV1XZA516023480,EX90,Pure_EV,Core,111.0,86000.0,62500.0
VEH_004475,YV1XZD314901516,EX30,Pure_EV,Ultimate,69.0,50150.0,36816.0
VEH_004476,YV1XZE994351449,XC90,PHEV,Ultimate,18.8,105020.0,75638.0
VEH_004477,YV1XZD737006108,V60,MHEV,Ultimate,0.0,52864.0,38822.0
VEH_004478,YV1XZH158376718,EC40,Pure_EV,Plus,82.0,57780.0,42984.0
VEH_004479,YV1XZD708646894,V60,MHEV,Ultimate,0.0,52864.0,38822.0
VEH_004480,YV1XZA432754275,EC40,Pure_EV,Core,82.0,53500.0,39800.0
VEH_004481,YV1XZC458556774,EX30,Pure_EV,Core,69.0,42500.0,31200.0
VEH_004482,YV1XZG873061127,EX90,Pure_EV,Plus,111.0,92880.0,67500.0
VEH_004483,YV1XZG746191764,EC40,Pure_EV,Plus,82.0,57780.0,42984.0
VEH_004484,YV1XZH702186482,EX90,Pure_EV,Plus,111.0,92880.0,67500.0
VEH_004485,YV1XZD183401954,XC90,PHEV,Plus,18.8,96120.0,69228.0
VEH_004486,YV1XZA133500672,XC90,PHEV,Core,18.8,89000.0,64100.0
VEH_004487,YV1XZA394453633,XC90,PHEV,Core,18.8,89000.0,64100.0
VEH_004488,YV1XZH509547590,EX30,Pure_EV,Plus,69.0,45900.0,33696.0
VEH_004489,YV1XZC204402785,V60,MHEV,Ultimate,0.0,52864.0,38822.0
VEH_004490,YV1XZD793392531,EX30,Pure_EV,Plus,69.0,45900.0,33696.0
VEH_004491,YV1XZF181711216,EX90,Pure_EV,Plus,111.0,92880.0,67500.0
VEH_004492,YV1XZA419405897,EC40,Pure_EV,Plus,82.0,57780.0,42984.0
VEH_004493,YV1XZE252297482,EX30,Pure_EV,Core,69.0,42500.0,31200.0
VEH_004494,YV1XZD229198005,EC40,Pure_EV,Plus,82.0,57780.0,42984.0
VEH_004495,YV1XZA611643148,V60,MHEV,Ultimate,0.0,52864.0,38822.0
VEH_004496,YV1XZB192444088,EX90,Pure_EV,Core,111.0,86000.0,62500.0
VEH_004497,YV1XZH722530817,V60,MHEV,Core,0.0,44800.0,32900.0
VEH_004498,YV1XZE389982059,V60,MHEV,Ultimate,0.0,52864.0,38822.0
VEH_004499,YV1XZH167950509,EX30,Pure_EV,Ultimate,69.0,50150.0,36816.0
VEH_004500,YV1XZC331365141,V60,MHEV,Ultimate,0.0,52864.0,38822.0
VEH_004501,YV1XZG132102862,EX30,Pure_EV,Plus,69.0,45900.0,33696.0
VEH_004502,YV1XZG991690203,EX30,Pure_EV,Plus,69.0,45900.0,33696.0
VEH_004503,YV1XZC114247551,XC60,PHEV,Plus,18.8,69660.0,49896.0
VEH_004504,YV1XZB926279823,XC90,PHEV,Core,18.8,89000.0,64100.0
VEH_004505,YV1XZE871881681,EC40,Pure_EV,Ultimate,82.0,63130.0,46964.0
VEH_004506,YV1XZE126213124,XC60,PHEV,Core,18.8,64500.0,46200.0
VEH_004507,YV1XZD352134447,V60,MHEV,Plus,0.0,48384.0,35532.0
VEH_004508,YV1XZA798127845,V60,MHEV,Plus,0.0,48384.0,35532.0
VEH_004509,YV1XZG700161968,EX30,Pure_EV,Ultimate,69.0,50150.0,36816.0
VEH_004510,YV1XZD868336705,V60,MHEV,Plus,0.0,48384.0,35532.0
VEH_004511,YV1XZE490879384,V60,MHEV,Core,0.0,44800.0,32900.0
VEH_004512,YV1XZF589902736,EX30,Pure_EV,Ultimate,69.0,50150.0,36816.0
VEH_004513,YV1XZC500792887,XC60,PHEV,Ultimate,18.8,76110.0,54516.0
VEH_004514,YV1XZC444361065,V60,MHEV,Plus,0.0,48384.0,35532.0
VEH_004515,YV1XZF537014695,V60,MHEV,Ultimate,0.0,52864.0,38822.0
VEH_004516,YV1XZG499549977,EX90,Pure_EV,Ultimate,111.0,101480.0,73750.0
VEH_004517,YV1XZE258519927,XC60,PHEV,Plus,18.8,69660.0,49896.0
VEH_004518,YV1XZG486900154,V60,MHEV,Plus,0.0,48384.0,35532.0
VEH_004519,YV1XZE247791426,XC60,PHEV,Core,18.8,64500.0,46200.0
VEH_004520,YV1XZH584009254,EC40,Pure_EV,Plus,82.0,57780.0,42984.0
VEH_004521,YV1XZC145908616,XC90,PHEV,Ultimate,18.8,105020.0,75638.0
VEH_004522,YV1XZC742948606,EC40,Pure_EV,Ultimate,82.0,63130.0,46964.0
VEH_004523,YV1XZC957635762,EC40,Pure_EV,Ultimate,82.0,63130.0,46964.0
VEH_004524,YV1XZD985499313,XC90,PHEV,Core,18.8,89000.0,64100.0
VEH_004525,YV1XZB984165585,V60,MHEV,Plus,0.0,48384.0,35532.0
VEH_004526,YV1XZA657882800,XC60,PHEV,Core,18.8,64500.0,46200.0
VEH_004527,YV1XZA373500468,EX30,Pure_EV,Ultimate,69.0,50150.0,36816.0
VEH_004528,YV1XZC894258921,XC90,PHEV,Ultimate,18.8,105020.0,75638.0
VEH_004529,YV1XZF625253023,EX90,Pure_EV,Ultimate,111.0,101480.0,73750.0
VEH_004530,YV1XZF688894456,EX30,Pure_EV,Plus,69.0,45900.0,33696.0
VEH_004531,YV1XZG335226149,XC60,PHEV,Ultimate,18.8,76110.0,54516.0
VEH_004532,YV1XZG838520633,XC90,PHEV,Plus,18.8,96120.0,69228.0
VEH_004533,YV1XZH267182869,EX30,Pure_EV,Core,69.0,42500.0,31200.0
VEH_004534,YV1XZA952115057,V60,MHEV,Core,0.0,44800.0,32900.0
VEH_004535,YV1XZH255000589,XC90,PHEV,Core,18.8,89000.0,64100.0
VEH_004536,YV1XZE359666580,EX30,Pure_EV,Ultimate,69.0,50150.0,36816.0
VEH_004537,YV1XZD681932510,XC60,PHEV,Plus,18.8,69660.0,49896.0
VEH_004538,YV1XZD125238967,V60,MHEV,Core,0.0,44800.0,32900.0
VEH_004539,YV1XZE230003868,EX30,Pure_EV,Core,69.0,42500.0,31200.0
VEH_004540,YV1XZB171964161,EX90,Pure_EV,Core,111.0,86000.0,62500.0
VEH_004541,YV1XZB553030493,EC40,Pure_EV,Plus,82.0,57780.0,42984.0
VEH_004542,YV1XZG111347785,EC40,Pure_EV,Ultimate,82.0,63130.0,46964.0
VEH_004543,YV1XZE468475537,V60,MHEV,Ultimate,0.0,52864.0,38822.0
VEH_004544,YV1XZD426188391,XC60,PHEV,Plus,18.8,69660.0,49896.0
VEH_004545,YV1XZH782061852,XC60,PHEV,Ultimate,18.8,76110.0,54516.0
VEH_004546,YV1XZA829196781,XC90,PHEV,Ultimate,18.8,105020.0,75638.0
VEH_004547,YV1XZH443202087,XC60,PHEV,Core,18.8,64500.0,46200.0
VEH_004548,YV1XZE852297344,EC40,Pure_EV,Core,82.0,53500.0,39800.0
VEH_004549,YV1XZB553872456,XC60,PHEV,Plus,18.8,69660.0,49896.0
VEH_004550,YV1XZF835350127,V60,MHEV,Ultimate,0.0,52864.0,38822.0
VEH_004551,YV1XZG141523282,XC60,PHEV,Core,18.8,64500.0,46200.0
VEH_004552,YV1XZH370750852,XC60,PHEV,Core,18.8,64500.0,46200.0
VEH_004553,YV1XZB363484990,XC90,PHEV,Core,18.8,89000.0,64100.0
VEH_004554,YV1XZB588215591,V60,MHEV,Ultimate,0.0,52864.0,38822.0
VEH_004555,YV1XZF359178336,XC60,PHEV,Ultimate,18.8,76110.0,54516.0
VEH_004556,YV1XZA446681717,XC90,PHEV,Plus,18.8,96120.0,69228.0
VEH_004557,YV1XZH332524537,EC40,Pure_EV,Ultimate,82.0,63130.0,46964.0
VEH_004558,YV1XZB111053043,XC90,PHEV,Plus,18.8,96120.0,69228.0
VEH_004559,YV1XZA643629617,V60,MHEV,Core,0.0,44800.0,32900.0
VEH_004560,YV1XZC597335712,XC60,PHEV,Core,18.8,64500.0,46200.0
VEH_004561,YV1XZG960397564,EC40,Pure_EV,Ultimate,82.0,63130.0,46964.0
VEH_004562,YV1XZA371876053,XC90,PHEV,Ultimate,18.8,105020.0,75638.0
VEH_004563,YV1XZH286743752,XC90,PHEV,Core,18.8,89000.0,64100.0
VEH_004564,YV1XZC142752637,XC60,PHEV,Plus,18.8,69660.0,49896.0
VEH_004565,YV1XZF558199570,EC40,Pure_EV,Ultimate,82.0,63130.0,46964.0
VEH_004566,YV1XZC999123955,EX30,Pure_EV,Ultimate,69.0,50150.0,36816.0
VEH_004567,YV1XZH622104228,EX30,Pure_EV,Core,69.0,42500.0,31200.0
VEH_004568,YV1XZG932944604,EX90,Pure_EV,Core,111.0,86000.0,62500.0
VEH_004569,YV1XZC929425473,V60,MHEV,Ultimate,0.0,52864.0,38822.0
VEH_004570,YV1XZE296148792,XC60,PHEV,Core,18.8,64500.0,46200.0
VEH_004571,YV1XZH345599679,EX90,Pure_EV,Plus,111.0,92880.0,67500.0
VEH_004572,YV1XZB209025300,V60,MHEV,Plus,0.0,48384.0,35532.0
VEH_004573,YV1XZC894951620,EX90,Pure_EV,Core,111.0,86000.0,62500.0
VEH_004574,YV1XZA570403386,XC90,PHEV,Ultimate,18.8,105020.0,75638.0
VEH_004575,YV1XZG122052082,XC60,PHEV,Plus,18.8,69660.0,49896.0
VEH_004576,YV1XZF781645666,V60,MHEV,Ultimate,0.0,52864.0,38822.0
VEH_004577,YV1XZG608586409,XC90,PHEV,Core,18.8,89000.0,64100.0
VEH_004578,YV1XZG698376516,EX30,Pure_EV,Plus,69.0,45900.0,33696.0
VEH_004579,YV1XZB169981491,V60,MHEV,Plus,0.0,48384.0,35532.0
VEH_004580,YV1XZF609625271,EX30,Pure_EV,Plus,69.0,45900.0,33696.0
VEH_004581,YV1XZD247668785,XC60,PHEV,Ultimate,18.8,76110.0,54516.0
VEH_004582,YV1XZC192747165,EX30,Pure_EV,Core,69.0,42500.0,31200.0
VEH_004583,YV1XZD578998499,XC90,PHEV,Core,18.8,89000.0,64100.0
VEH_004584,YV1XZF698469846,V60,MHEV,Ultimate,0.0,52864.0,38822.0
VEH_004585,YV1XZB948254067,EC40,Pure_EV,Plus,82.0,57780.0,42984.0
VEH_004586,YV1XZG224392800,V60,MHEV,Core,0.0,44800.0,32900.0
VEH_004587,YV1XZD317376098,XC90,PHEV,Core,18.8,89000.0,64100.0
VEH_004588,YV1XZC901700901,EX90,Pure_EV,Plus,111.0,92880.0,67500.0
VEH_004589,YV1XZA499280091,V60,MHEV,Plus,0.0,48384.0,35532.0
VEH_004590,YV1XZA221067160,EX30,Pure_EV,Ultimate,69.0,50150.0,36816.0
VEH_004591,YV1XZE728754062,XC90,PHEV,Ultimate,18.8,105020.0,75638.0
VEH_004592,YV1XZE971300408,XC90,PHEV,Core,18.8,89000.0,64100.0
VEH_004593,YV1XZD615813939,EX90,Pure_EV,Plus,111.0,92880.0,67500.0
VEH_004594,YV1XZH613544342,EX90,Pure_EV,Core,111.0,86000.0,62500.0
VEH_004595,YV1XZB285132385,XC60,PHEV,Core,18.8,64500.0,46200.0
VEH_004596,YV1XZB256886986,XC60,PHEV,Ultimate,18.8,76110.0,54516.0
VEH_004597,YV1XZC916600009,V60,MHEV,Core,0.0,44800.0,32900.0
VEH_004598,YV1XZB707906889,EX30,Pure_EV,Plus,69.0,45900.0,33696.0
VEH_004599,YV1XZG771758113,EX90,Pure_EV,Core,111.0,86000.0,62500.0
VEH_004600,YV1XZE536359513,EC40,Pure_EV,Core,82.0,53500.0,39800.0
VEH_004601,YV1XZA444120916,EX30,Pure_EV,Plus,69.0,45900.0,33696.0
VEH_004602,YV1XZD821185117,XC60,PHEV,Core,18.8,64500.0,46200.0
VEH_004603,YV1XZG582999503,V60,MHEV,Plus,0.0,48384.0,35532.0
VEH_004604,YV1XZC614715107,XC90,PHEV,Core,18.8,89000.0,64100.0
VEH_004605,YV1XZG793681192,XC90,PHEV,Ultimate,18.8,105020.0,75638.0
VEH_004606,YV1XZD743148646,V60,MHEV,Core,0.0,44800.0,32900.0
VEH_004607,YV1XZH930108912,XC90,PHEV,Plus,18.8,96120.0,69228.0
VEH_004608,YV1XZA548090119,EX30,Pure_EV,Plus,69.0,45900.0,33696.0
VEH_004609,YV1XZB856423593,EX30,Pure_EV,Ultimate,69.0,50150.0,36816.0
VEH_004610,YV1XZA496770295,EX90,Pure_EV,Ultimate,111.0,101480.0,73750.0
VEH_004611,YV1XZE598760695,EC40,Pure_EV,Plus,82.0,57780.0,42984.0
VEH_004612,YV1XZE997996563,V60,MHEV,Plus,0.0,48384.0,35532.0
VEH_004613,YV1XZF430864804,XC90,PHEV,Ultimate,18.8,105020.0,75638.0
VEH_004614,YV1XZH514565115,XC60,PHEV,Ultimate,18.8,76110.0,54516.0
VEH_004615,YV1XZC603937212,V60,MHEV,Ultimate,0.0,52864.0,38822.0
VEH_004616,YV1XZH467659963,EC40,Pure_EV,Core,82.0,53500.0,39800.0
VEH_004617,YV1XZB370145861,XC90,PHEV,Ultimate,18.8,105020.0,75638.0
VEH_004618,YV1XZE410254439,V60,MHEV,Plus,0.0,48384.0,35532.0
VEH_004619,YV1XZD436136625,XC90,PHEV,Ultimate,18.8,105020.0,75638.0
VEH_004620,YV1XZD474213212,EC40,Pure_EV,Core,82.0,53500.0,39800.0
VEH_004621,YV1XZF655845816,EC40,Pure_EV,Core,82.0,53500.0,39800.0
VEH_004622,YV1XZE383371360,V60,MHEV,Plus,0.0,48384.0,35532.0
VEH_004623,YV1XZD924970932,XC90,PHEV,Plus,18.8,96120.0,69228.0
VEH_004624,YV1XZE303974495,XC90,PHEV,Core,18.8,89000.0,64100.0
VEH_004625,YV1XZF865171010,V60,MHEV,Ultimate,0.0,52864.0,38822.0
VEH_004626,YV1XZF319542069,XC90,PHEV,Ultimate,18.8,105020.0,75638.0
VEH_004627,YV1XZC225854097,XC60,PHEV,Ultimate,18.8,76110.0,54516.0
VEH_004628,YV1XZE785686551,V60,MHEV,Ultimate,0.0,52864.0,38822.0
VEH_004629,YV1XZF296578324,EX90,Pure_EV,Core,111.0,86000.0,62500.0
VEH_004630,YV1XZF363747299,V60,MHEV,Plus,0.0,48384.0,35532.0
VEH_004631,YV1XZE710088706,XC60,PHEV,Plus,18.8,69660.0,49896.0
VEH_004632,YV1XZF257131290,XC60,PHEV,Ultimate,18.8,76110.0,54516.0
VEH_004633,YV1XZB371158137,EC40,Pure_EV,Ultimate,82.0,63130.0,46964.0
VEH_004634,YV1XZG103507992,EX30,Pure_EV,Plus,69.0,45900.0,33696.0
VEH_004635,YV1XZE631561911,EX30,Pure_EV,Core,69.0,42500.0,31200.0
VEH_004636,YV1XZE648809213,XC60,PHEV,Ultimate,18.8,76110.0,54516.0
VEH_004637,YV1XZD385294502,XC90,PHEV,Plus,18.8,96120.0,69228.0
VEH_004638,YV1XZH739168200,EX30,Pure_EV,Plus,69.0,45900.0,33696.0
VEH_004639,YV1XZG515414277,EX30,Pure_EV,Plus,69.0,45900.0,33696.0
VEH_004640,YV1XZC294459726,EC40,Pure_EV,Core,82.0,53500.0,39800.0
VEH_004641,YV1XZA144060578,EX30,Pure_EV,Plus,69.0,45900.0,33696.0
VEH_004642,YV1XZB688937402,EX30,Pure_EV,Plus,69.0,45900.0,33696.0
VEH_004643,YV1XZC941674691,XC90,PHEV,Plus,18.8,96120.0,69228.0
VEH_004644,YV1XZG320001908,EX30,Pure_EV,Ultimate,69.0,50150.0,36816.0
VEH_004645,YV1XZA110582904,EX30,Pure_EV,Ultimate,69.0,50150.0,36816.0
VEH_004646,YV1XZE405144652,EX30,Pure_EV,Plus,69.0,45900.0,33696.0
VEH_004647,YV1XZD336693079,XC60,PHEV,Core,18.8,64500.0,46200.0
VEH_004648,YV1XZE693366694,XC90,PHEV,Ultimate,18.8,105020.0,75638.0
VEH_004649,YV1XZC124646738,EC40,Pure_EV,Core,82.0,53500.0,39800.0
VEH_004650,YV1XZF918568394,XC90,PHEV,Ultimate,18.8,105020.0,75638.0
VEH_004651,YV1XZG318121210,EX90,Pure_EV,Core,111.0,86000.0,62500.0
VEH_004652,YV1XZA272223663,XC90,PHEV,Ultimate,18.8,105020.0,75638.0
VEH_004653,YV1XZE969248053,EX30,Pure_EV,Ultimate,69.0,50150.0,36816.0
VEH_004654,YV1XZB364347668,XC60,PHEV,Core,18.8,64500.0,46200.0
VEH_004655,YV1XZD593391468,XC60,PHEV,Core,18.8,64500.0,46200.0
VEH_004656,YV1XZC336590009,XC90,PHEV,Core,18.8,89000.0,64100.0
VEH_004657,YV1XZA356378128,EC40,Pure_EV,Core,82.0,53500.0,39800.0
VEH_004658,YV1XZG722381103,V60,MHEV,Plus,0.0,48384.0,35532.0
VEH_004659,YV1XZH329123420,XC90,PHEV,Plus,18.8,96120.0,69228.0
VEH_004660,YV1XZB538660699,EX90,Pure_EV,Core,111.0,86000.0,62500.0
VEH_004661,YV1XZH261475232,V60,MHEV,Plus,0.0,48384.0,35532.0
VEH_004662,YV1XZG124724610,V60,MHEV,Plus,0.0,48384.0,35532.0
VEH_004663,YV1XZD822962352,XC90,PHEV,Plus,18.8,96120.0,69228.0
VEH_004664,YV1XZF445830787,XC60,PHEV,Plus,18.8,69660.0,49896.0
VEH_004665,YV1XZG574797329,EX30,Pure_EV,Plus,69.0,45900.0,33696.0
VEH_004666,YV1XZF255172591,XC90,PHEV,Core,18.8,89000.0,64100.0
VEH_004667,YV1XZG280798420,V60,MHEV,Core,0.0,44800.0,32900.0
VEH_004668,YV1XZD437382335,XC60,PHEV,Core,18.8,64500.0,46200.0
VEH_004669,YV1XZE367110093,EC40,Pure_EV,Plus,82.0,57780.0,42984.0
VEH_004670,YV1XZD507424954,V60,MHEV,Plus,0.0,48384.0,35532.0
VEH_004671,YV1XZA837115354,XC90,PHEV,Plus,18.8,96120.0,69228.0
VEH_004672,YV1XZB585595234,XC90,PHEV,Core,18.8,89000.0,64100.0
VEH_004673,YV1XZG713811510,V60,MHEV,Core,0.0,44800.0,32900.0
VEH_004674,YV1XZG122005392,EC40,Pure_EV,Plus,82.0,57780.0,42984.0
VEH_004675,YV1XZH555414514,XC60,PHEV,Plus,18.8,69660.0,49896.0
VEH_004676,YV1XZE473909171,EX30,Pure_EV,Plus,69.0,45900.0,33696.0
VEH_004677,YV1XZF379021573,EX90,Pure_EV,Plus,111.0,92880.0,67500.0
VEH_004678,YV1XZC335296316,XC60,PHEV,Core,18.8,64500.0,46200.0
VEH_004679,YV1XZD138969636,XC90,PHEV,Ultimate,18.8,105020.0,75638.0
VEH_004680,YV1XZA916806401,XC60,PHEV,Plus,18.8,69660.0,49896.0
VEH_004681,YV1XZC199188814,EX90,Pure_EV,Core,111.0,86000.0,62500.0
VEH_004682,YV1XZA368855421,XC90,PHEV,Ultimate,18.8,105020.0,75638.0
VEH_004683,YV1XZE586513316,EX30,Pure_EV,Ultimate,69.0,50150.0,36816.0
VEH_004684,YV1XZC568037375,EX90,Pure_EV,Plus,111.0,92880.0,67500.0
VEH_004685,YV1XZD539659024,EC40,Pure_EV,Core,82.0,53500.0,39800.0
VEH_004686,YV1XZB348910141,EC40,Pure_EV,Core,82.0,53500.0,39800.0
VEH_004687,YV1XZA714834284,EX30,Pure_EV,Ultimate,69.0,50150.0,36816.0
VEH_004688,YV1XZC409498553,V60,MHEV,Ultimate,0.0,52864.0,38822.0
VEH_004689,YV1XZG280309400,XC90,PHEV,Plus,18.8,96120.0,69228.0
VEH_004690,YV1XZD747073692,EX90,Pure_EV,Core,111.0,86000.0,62500.0
VEH_004691,YV1XZB929826679,V60,MHEV,Core,0.0,44800.0,32900.0
VEH_004692,YV1XZC673328017,EX30,Pure_EV,Plus,69.0,45900.0,33696.0
VEH_004693,YV1XZF876539211,EX30,Pure_EV,Plus,69.0,45900.0,33696.0
VEH_004694,YV1XZC363760967,EX90,Pure_EV,Core,111.0,86000.0,62500.0
VEH_004695,YV1XZC922861654,EX30,Pure_EV,Plus,69.0,45900.0,33696.0
VEH_004696,YV1XZA637851330,EC40,Pure_EV,Ultimate,82.0,63130.0,46964.0
VEH_004697,YV1XZG244900502,XC90,PHEV,Core,18.8,89000.0,64100.0
VEH_004698,YV1XZH267406452,EX90,Pure_EV,Core,111.0,86000.0,62500.0
VEH_004699,YV1XZF716182316,EX90,Pure_EV,Core,111.0,86000.0,62500.0
VEH_004700,YV1XZD588492574,EC40,Pure_EV,Plus,82.0,57780.0,42984.0
VEH_004701,YV1XZB866039298,EX90,Pure_EV,Ultimate,111.0,101480.0,73750.0
VEH_004702,YV1XZA172020184,EX90,Pure_EV,Core,111.0,86000.0,62500.0
VEH_004703,YV1XZA408381330,XC60,PHEV,Core,18.8,64500.0,46200.0
VEH_004704,YV1XZH827487371,XC60,PHEV,Ultimate,18.8,76110.0,54516.0
VEH_004705,YV1XZG663768984,XC60,PHEV,Ultimate,18.8,76110.0,54516.0
VEH_004706,YV1XZF944374163,XC60,PHEV,Ultimate,18.8,76110.0,54516.0
VEH_004707,YV1XZG907057925,XC90,PHEV,Ultimate,18.8,105020.0,75638.0
VEH_004708,YV1XZG279202708,EC40,Pure_EV,Ultimate,82.0,63130.0,46964.0
VEH_004709,YV1XZC964189002,XC90,PHEV,Plus,18.8,96120.0,69228.0
VEH_004710,YV1XZB744028430,EX30,Pure_EV,Core,69.0,42500.0,31200.0
VEH_004711,YV1XZB748964998,EC40,Pure_EV,Plus,82.0,57780.0,42984.0
VEH_004712,YV1XZG421604966,XC60,PHEV,Plus,18.8,69660.0,49896.0
VEH_004713,YV1XZF623150202,EC40,Pure_EV,Core,82.0,53500.0,39800.0
VEH_004714,YV1XZD567654869,EX90,Pure_EV,Core,111.0,86000.0,62500.0
VEH_004715,YV1XZH733969290,V60,MHEV,Core,0.0,44800.0,32900.0
VEH_004716,YV1XZE525589139,V60,MHEV,Core,0.0,44800.0,32900.0
VEH_004717,YV1XZA343816148,EX90,Pure_EV,Core,111.0,86000.0,62500.0
VEH_004718,YV1XZH528679814,XC60,PHEV,Plus,18.8,69660.0,49896.0
VEH_004719,YV1XZH498967152,XC60,PHEV,Ultimate,18.8,76110.0,54516.0
VEH_004720,YV1XZC546461873,EX90,Pure_EV,Plus,111.0,92880.0,67500.0
VEH_004721,YV1XZC787219326,EX30,Pure_EV,Core,69.0,42500.0,31200.0
VEH_004722,YV1XZF157036462,EX30,Pure_EV,Plus,69.0,45900.0,33696.0
VEH_004723,YV1XZG801617283,EC40,Pure_EV,Plus,82.0,57780.0,42984.0
VEH_004724,YV1XZE480936094,XC60,PHEV,Core,18.8,64500.0,46200.0
VEH_004725,YV1XZH143512759,XC90,PHEV,Ultimate,18.8,105020.0,75638.0
VEH_004726,YV1XZF455894276,XC60,PHEV,Core,18.8,64500.0,46200.0
VEH_004727,YV1XZC111871482,EX90,Pure_EV,Plus,111.0,92880.0,67500.0
VEH_004728,YV1XZE164303137,EX30,Pure_EV,Core,69.0,42500.0,31200.0
VEH_004729,YV1XZD777181597,EX30,Pure_EV,Ultimate,69.0,50150.0,36816.0
VEH_004730,YV1XZA581421440,XC90,PHEV,Plus,18.8,96120.0,69228.0
VEH_004731,YV1XZH472508682,XC60,PHEV,Plus,18.8,69660.0,49896.0
VEH_004732,YV1XZE495102134,XC90,PHEV,Plus,18.8,96120.0,69228.0
VEH_004733,YV1XZB570726097,EX30,Pure_EV,Ultimate,69.0,50150.0,36816.0
VEH_004734,YV1XZA815455665,XC60,PHEV,Plus,18.8,69660.0,49896.0
VEH_004735,YV1XZB264636839,XC90,PHEV,Ultimate,18.8,105020.0,75638.0
VEH_004736,YV1XZH885388274,XC60,PHEV,Plus,18.8,69660.0,49896.0
VEH_004737,YV1XZE254566722,V60,MHEV,Ultimate,0.0,52864.0,38822.0
VEH_004738,YV1XZB762363794,EX90,Pure_EV,Core,111.0,86000.0,62500.0
VEH_004739,YV1XZG336478266,XC60,PHEV,Plus,18.8,69660.0,49896.0
VEH_004740,YV1XZE113008090,EX30,Pure_EV,Core,69.0,42500.0,31200.0
VEH_004741,YV1XZG711275724,EX90,Pure_EV,Core,111.0,86000.0,62500.0
VEH_004742,YV1XZC558392726,EX90,Pure_EV,Plus,111.0,92880.0,67500.0
VEH_004743,YV1XZE326147192,XC90,PHEV,Ultimate,18.8,105020.0,75638.0
VEH_004744,YV1XZC140223433,EX30,Pure_EV,Core,69.0,42500.0,31200.0
VEH_004745,YV1XZH945047864,EC40,Pure_EV,Ultimate,82.0,63130.0,46964.0
VEH_004746,YV1XZH277815864,EX30,Pure_EV,Core,69.0,42500.0,31200.0
VEH_004747,YV1XZB185866627,V60,MHEV,Plus,0.0,48384.0,35532.0
VEH_004748,YV1XZF762282187,V60,MHEV,Plus,0.0,48384.0,35532.0
VEH_004749,YV1XZH377114900,V60,MHEV,Plus,0.0,48384.0,35532.0
VEH_004750,YV1XZF778094295,XC90,PHEV,Ultimate,18.8,105020.0,75638.0
VEH_004751,YV1XZC816993102,V60,MHEV,Plus,0.0,48384.0,35532.0
VEH_004752,YV1XZE965638807,V60,MHEV,Ultimate,0.0,52864.0,38822.0
VEH_004753,YV1XZD975026417,XC90,PHEV,Core,18.8,89000.0,64100.0
VEH_004754,YV1XZH392260212,EX30,Pure_EV,Plus,69.0,45900.0,33696.0
VEH_004755,YV1XZE635662276,EC40,Pure_EV,Ultimate,82.0,63130.0,46964.0
VEH_004756,YV1XZA735325355,V60,MHEV,Plus,0.0,48384.0,35532.0
VEH_004757,YV1XZB984837351,EC40,Pure_EV,Plus,82.0,57780.0,42984.0
VEH_004758,YV1XZD941251439,EX90,Pure_EV,Ultimate,111.0,101480.0,73750.0
VEH_004759,YV1XZH264559794,EX90,Pure_EV,Core,111.0,86000.0,62500.0
VEH_004760,YV1XZF543074221,EX30,Pure_EV,Ultimate,69.0,50150.0,36816.0
VEH_004761,YV1XZG708352987,V60,MHEV,Plus,0.0,48384.0,35532.0
VEH_004762,YV1XZB360376153,EC40,Pure_EV,Plus,82.0,57780.0,42984.0
VEH_004763,YV1XZH811764494,EX90,Pure_EV,Ultimate,111.0,101480.0,73750.0
VEH_004764,YV1XZA567747088,EX30,Pure_EV,Plus,69.0,45900.0,33696.0
VEH_004765,YV1XZC544768448,XC60,PHEV,Plus,18.8,69660.0,49896.0
VEH_004766,YV1XZF497692607,XC60,PHEV,Core,18.8,64500.0,46200.0
VEH_004767,YV1XZD622396825,EX30,Pure_EV,Plus,69.0,45900.0,33696.0
VEH_004768,YV1XZD535206561,XC60,PHEV,Plus,18.8,69660.0,49896.0
VEH_004769,YV1XZE361172529,XC60,PHEV,Core,18.8,64500.0,46200.0
VEH_004770,YV1XZF270931110,XC90,PHEV,Core,18.8,89000.0,64100.0
VEH_004771,YV1XZG188989979,XC90,PHEV,Plus,18.8,96120.0,69228.0
VEH_004772,YV1XZB954907113,EX30,Pure_EV,Core,69.0,42500.0,31200.0
VEH_004773,YV1XZC680218353,V60,MHEV,Core,0.0,44800.0,32900.0
VEH_004774,YV1XZB952110109,XC60,PHEV,Plus,18.8,69660.0,49896.0
VEH_004775,YV1XZC155145012,V60,MHEV,Ultimate,0.0,52864.0,38822.0
VEH_004776,YV1XZC135094854,EX30,Pure_EV,Plus,69.0,45900.0,33696.0
VEH_004777,YV1XZF828791229,EX90,Pure_EV,Plus,111.0,92880.0,67500.0
VEH_004778,YV1XZF815174578,V60,MHEV,Ultimate,0.0,52864.0,38822.0
VEH_004779,YV1XZA277405303,XC90,PHEV,Core,18.8,89000.0,64100.0
VEH_004780,YV1XZB141813915,EC40,Pure_EV,Plus,82.0,57780.0,42984.0
VEH_004781,YV1XZA759667622,XC90,PHEV,Core,18.8,89000.0,64100.0
VEH_004782,YV1XZC519687196,EX30,Pure_EV,Core,69.0,42500.0,31200.0
VEH_004783,YV1XZE737126357,XC60,PHEV,Core,18.8,64500.0,46200.0
VEH_004784,YV1XZB993140824,EC40,Pure_EV,Ultimate,82.0,63130.0,46964.0
VEH_004785,YV1XZC169731500,XC90,PHEV,Plus,18.8,96120.0,69228.0
VEH_004786,YV1XZE269000566,XC60,PHEV,Ultimate,18.8,76110.0,54516.0
VEH_004787,YV1XZB633022104,V60,MHEV,Ultimate,0.0,52864.0,38822.0
VEH_004788,YV1XZE134395963,XC90,PHEV,Core,18.8,89000.0,64100.0
VEH_004789,YV1XZC846152610,XC60,PHEV,Plus,18.8,69660.0,49896.0
VEH_004790,YV1XZF646401315,XC60,PHEV,Plus,18.8,69660.0,49896.0
VEH_004791,YV1XZG548791438,EC40,Pure_EV,Plus,82.0,57780.0,42984.0
VEH_004792,YV1XZF326073427,EX90,Pure_EV,Plus,111.0,92880.0,67500.0
VEH_004793,YV1XZC855092420,EX90,Pure_EV,Plus,111.0,92880.0,67500.0
VEH_004794,YV1XZB163080278,EX90,Pure_EV,Core,111.0,86000.0,62500.0
VEH_004795,YV1XZC215614607,XC90,PHEV,Core,18.8,89000.0,64100.0
VEH_004796,YV1XZC876068092,XC60,PHEV,Core,18.8,64500.0,46200.0
VEH_004797,YV1XZF838439961,EX30,Pure_EV,Plus,69.0,45900.0,33696.0
VEH_004798,YV1XZD871634337,EC40,Pure_EV,Ultimate,82.0,63130.0,46964.0
VEH_004799,YV1XZG231660615,XC60,PHEV,Plus,18.8,69660.0,49896.0
VEH_004800,YV1XZE861401895,V60,MHEV,Ultimate,0.0,52864.0,38822.0
VEH_004801,YV1XZA491066799,EX90,Pure_EV,Plus,111.0,92880.0,67500.0
VEH_004802,YV1XZD470532888,EX90,Pure_EV,Plus,111.0,92880.0,67500.0
VEH_004803,YV1XZA962888328,EX30,Pure_EV,Core,69.0,42500.0,31200.0
VEH_004804,YV1XZC972435430,EC40,Pure_EV,Plus,82.0,57780.0,42984.0
VEH_004805,YV1XZG941518072,XC60,PHEV,Plus,18.8,69660.0,49896.0
VEH_004806,YV1XZH242703781,V60,MHEV,Plus,0.0,48384.0,35532.0
VEH_004807,YV1XZG806956791,EC40,Pure_EV,Ultimate,82.0,63130.0,46964.0
VEH_004808,YV1XZC107987240,EC40,Pure_EV,Ultimate,82.0,63130.0,46964.0
VEH_004809,YV1XZG200090276,EX90,Pure_EV,Plus,111.0,92880.0,67500.0
VEH_004810,YV1XZC145124507,XC60,PHEV,Plus,18.8,69660.0,49896.0
VEH_004811,YV1XZH398352378,EX90,Pure_EV,Core,111.0,86000.0,62500.0
VEH_004812,YV1XZC548684706,EX90,Pure_EV,Ultimate,111.0,101480.0,73750.0
VEH_004813,YV1XZF863822586,EX30,Pure_EV,Core,69.0,42500.0,31200.0
VEH_004814,YV1XZF462044077,EC40,Pure_EV,Ultimate,82.0,63130.0,46964.0
VEH_004815,YV1XZH928464858,EX30,Pure_EV,Core,69.0,42500.0,31200.0
VEH_004816,YV1XZD258705317,XC90,PHEV,Core,18.8,89000.0,64100.0
VEH_004817,YV1XZE670016358,EC40,Pure_EV,Ultimate,82.0,63130.0,46964.0
VEH_004818,YV1XZD567010757,XC60,PHEV,Ultimate,18.8,76110.0,54516.0
VEH_004819,YV1XZH872135486,V60,MHEV,Core,0.0,44800.0,32900.0
VEH_004820,YV1XZE678523771,XC90,PHEV,Ultimate,18.8,105020.0,75638.0
VEH_004821,YV1XZE457132340,XC60,PHEV,Core,18.8,64500.0,46200.0
VEH_004822,YV1XZB609509356,EX30,Pure_EV,Plus,69.0,45900.0,33696.0
VEH_004823,YV1XZD438421460,XC60,PHEV,Plus,18.8,69660.0,49896.0
VEH_004824,YV1XZH384220002,XC90,PHEV,Core,18.8,89000.0,64100.0
VEH_004825,YV1XZA976963890,EC40,Pure_EV,Ultimate,82.0,63130.0,46964.0
VEH_004826,YV1XZE523926776,EX90,Pure_EV,Ultimate,111.0,101480.0,73750.0
VEH_004827,YV1XZD143533949,EC40,Pure_EV,Core,82.0,53500.0,39800.0
VEH_004828,YV1XZD526254224,EX90,Pure_EV,Plus,111.0,92880.0,67500.0
VEH_004829,YV1XZA181717883,EX30,Pure_EV,Plus,69.0,45900.0,33696.0
VEH_004830,YV1XZG117548599,EC40,Pure_EV,Ultimate,82.0,63130.0,46964.0
VEH_004831,YV1XZE925601009,XC90,PHEV,Ultimate,18.8,105020.0,75638.0
VEH_004832,YV1XZA633258413,XC90,PHEV,Ultimate,18.8,105020.0,75638.0
VEH_004833,YV1XZE937169446,XC90,PHEV,Core,18.8,89000.0,64100.0
VEH_004834,YV1XZG702105788,EX30,Pure_EV,Core,69.0,42500.0,31200.0
VEH_004835,YV1XZC685257215,V60,MHEV,Plus,0.0,48384.0,35532.0
VEH_004836,YV1XZA835603384,V60,MHEV,Core,0.0,44800.0,32900.0
VEH_004837,YV1XZF794542361,XC60,PHEV,Core,18.8,64500.0,46200.0
VEH_004838,YV1XZA206794297,EX90,Pure_EV,Plus,111.0,92880.0,67500.0
VEH_004839,YV1XZE281486664,EX90,Pure_EV,Ultimate,111.0,101480.0,73750.0
VEH_004840,YV1XZE546220954,V60,MHEV,Plus,0.0,48384.0,35532.0
VEH_004841,YV1XZD882931517,EX90,Pure_EV,Plus,111.0,92880.0,67500.0
VEH_004842,YV1XZB921512026,EX90,Pure_EV,Plus,111.0,92880.0,67500.0
VEH_004843,YV1XZB181846798,EC40,Pure_EV,Plus,82.0,57780.0,42984.0
VEH_004844,YV1XZA357216379,EX90,Pure_EV,Core,111.0,86000.0,62500.0
VEH_004845,YV1XZC221730927,EX30,Pure_EV,Plus,69.0,45900.0,33696.0
VEH_004846,YV1XZB637368128,XC60,PHEV,Plus,18.8,69660.0,49896.0
VEH_004847,YV1XZB616729526,XC90,PHEV,Plus,18.8,96120.0,69228.0
VEH_004848,YV1XZE943420985,V60,MHEV,Ultimate,0.0,52864.0,38822.0
VEH_004849,YV1XZB479288737,EX30,Pure_EV,Plus,69.0,45900.0,33696.0
VEH_004850,YV1XZD685516192,EX90,Pure_EV,Plus,111.0,92880.0,67500.0
VEH_004851,YV1XZA766087112,EC40,Pure_EV,Ultimate,82.0,63130.0,46964.0
VEH_004852,YV1XZC256565452,EX30,Pure_EV,Core,69.0,42500.0,31200.0
VEH_004853,YV1XZD613989854,EC40,Pure_EV,Core,82.0,53500.0,39800.0
VEH_004854,YV1XZA465266320,V60,MHEV,Plus,0.0,48384.0,35532.0
VEH_004855,YV1XZB966804968,XC60,PHEV,Plus,18.8,69660.0,49896.0
VEH_004856,YV1XZD279876468,XC90,PHEV,Plus,18.8,96120.0,69228.0
VEH_004857,YV1XZH930499979,EX90,Pure_EV,Ultimate,111.0,101480.0,73750.0
VEH_004858,YV1XZB899563204,XC90,PHEV,Ultimate,18.8,105020.0,75638.0
VEH_004859,YV1XZH698565719,EX90,Pure_EV,Ultimate,111.0,101480.0,73750.0
VEH_004860,YV1XZF789908527,XC60,PHEV,Plus,18.8,69660.0,49896.0
VEH_004861,YV1XZA139062171,EC40,Pure_EV,Core,82.0,53500.0,39800.0
VEH_004862,YV1XZA713041404,XC60,PHEV,Core,18.8,64500.0,46200.0
VEH_004863,YV1XZF796554388,EC40,Pure_EV,Core,82.0,53500.0,39800.0
VEH_004864,YV1XZA438411395,EC40,Pure_EV,Plus,82.0,57780.0,42984.0
VEH_004865,YV1XZC203054899,XC60,PHEV,Core,18.8,64500.0,46200.0
VEH_004866,YV1XZB736605966,XC90,PHEV,Ultimate,18.8,105020.0,75638.0
VEH_004867,YV1XZH694407432,EX90,Pure_EV,Plus,111.0,92880.0,67500.0
VEH_004868,YV1XZF228583854,XC90,PHEV,Ultimate,18.8,105020.0,75638.0
VEH_004869,YV1XZF364180837,XC90,PHEV,Core,18.8,89000.0,64100.0
VEH_004870,YV1XZG415090954,EC40,Pure_EV,Ultimate,82.0,63130.0,46964.0
VEH_004871,YV1XZA422342791,EX30,Pure_EV,Core,69.0,42500.0,31200.0
VEH_004872,YV1XZE975844064,V60,MHEV,Core,0.0,44800.0,32900.0
VEH_004873,YV1XZE465009075,XC60,PHEV,Core,18.8,64500.0,46200.0
VEH_004874,YV1XZF180650532,XC60,PHEV,Core,18.8,64500.0,46200.0
VEH_004875,YV1XZE536874285,XC60,PHEV,Plus,18.8,69660.0,49896.0
VEH_004876,YV1XZE451923008,EX30,Pure_EV,Core,69.0,42500.0,31200.0
VEH_004877,YV1XZB247558675,EX90,Pure_EV,Ultimate,111.0,101480.0,73750.0
VEH_004878,YV1XZB489265948,XC90,PHEV,Ultimate,18.8,105020.0,75638.0
VEH_004879,YV1XZE924632414,EX30,Pure_EV,Core,69.0,42500.0,31200.0
VEH_004880,YV1XZB296085613,EC40,Pure_EV,Plus,82.0,57780.0,42984.0
VEH_004881,YV1XZB348592047,XC90,PHEV,Core,18.8,89000.0,64100.0
VEH_004882,YV1XZE916724976,EX30,Pure_EV,Plus,69.0,45900.0,33696.0
VEH_004883,YV1XZB971424278,XC90,PHEV,Ultimate,18.8,105020.0,75638.0
VEH_004884,YV1XZE693099275,V60,MHEV,Ultimate,0.0,52864.0,38822.0
VEH_004885,YV1XZB533415651,V60,MHEV,Plus,0.0,48384.0,35532.0
VEH_004886,YV1XZG199823067,EX30,Pure_EV,Plus,69.0,45900.0,33696.0
VEH_004887,YV1XZE895743973,V60,MHEV,Plus,0.0,48384.0,35532.0
VEH_004888,YV1XZB201269922,EX30,Pure_EV,Core,69.0,42500.0,31200.0
VEH_004889,YV1XZB612150253,XC90,PHEV,Core,18.8,89000.0,64100.0
VEH_004890,YV1XZF535927034,EX30,Pure_EV,Plus,69.0,45900.0,33696.0
VEH_004891,YV1XZE270517656,XC90,PHEV,Core,18.8,89000.0,64100.0
VEH_004892,YV1XZD188056367,XC90,PHEV,Ultimate,18.8,105020.0,75638.0
VEH_004893,YV1XZC796306277,EC40,Pure_EV,Core,82.0,53500.0,39800.0
VEH_004894,YV1XZB777358085,XC90,PHEV,Ultimate,18.8,105020.0,75638.0
VEH_004895,YV1XZD882487908,EX30,Pure_EV,Plus,69.0,45900.0,33696.0
VEH_004896,YV1XZC892272930,V60,MHEV,Core,0.0,44800.0,32900.0
VEH_004897,YV1XZD537990559,V60,MHEV,Ultimate,0.0,52864.0,38822.0
VEH_004898,YV1XZE719216978,EX30,Pure_EV,Ultimate,69.0,50150.0,36816.0
VEH_004899,YV1XZH687942122,V60,MHEV,Core,0.0,44800.0,32900.0
VEH_004900,YV1XZG326567597,EX90,Pure_EV,Core,111.0,86000.0,62500.0
VEH_004901,YV1XZG306665009,XC90,PHEV,Ultimate,18.8,105020.0,75638.0
VEH_004902,YV1XZF246254923,XC90,PHEV,Plus,18.8,96120.0,69228.0
VEH_004903,YV1XZG720978931,XC60,PHEV,Ultimate,18.8,76110.0,54516.0
VEH_004904,YV1XZD761838191,EC40,Pure_EV,Plus,82.0,57780.0,42984.0
VEH_004905,YV1XZG373803392,EX30,Pure_EV,Ultimate,69.0,50150.0,36816.0
VEH_004906,YV1XZH101559757,V60,MHEV,Ultimate,0.0,52864.0,38822.0
VEH_004907,YV1XZD901854968,EX30,Pure_EV,Plus,69.0,45900.0,33696.0
VEH_004908,YV1XZC719136728,EC40,Pure_EV,Ultimate,82.0,63130.0,46964.0
VEH_004909,YV1XZB820506291,EX90,Pure_EV,Ultimate,111.0,101480.0,73750.0
VEH_004910,YV1XZA347879360,EX90,Pure_EV,Core,111.0,86000.0,62500.0
VEH_004911,YV1XZA885176381,EX90,Pure_EV,Ultimate,111.0,101480.0,73750.0
VEH_004912,YV1XZG242766935,EX30,Pure_EV,Ultimate,69.0,50150.0,36816.0
VEH_004913,YV1XZB716944919,EX90,Pure_EV,Plus,111.0,92880.0,67500.0
VEH_004914,YV1XZD870126834,EX30,Pure_EV,Ultimate,69.0,50150.0,36816.0
VEH_004915,YV1XZA543837453,EX30,Pure_EV,Ultimate,69.0,50150.0,36816.0
VEH_004916,YV1XZD580042598,EX30,Pure_EV,Plus,69.0,45900.0,33696.0
VEH_004917,YV1XZB495949630,EX90,Pure_EV,Core,111.0,86000.0,62500.0
VEH_004918,YV1XZG808154449,EC40,Pure_EV,Plus,82.0,57780.0,42984.0
VEH_004919,YV1XZE576109760,XC90,PHEV,Ultimate,18.8,105020.0,75638.0
VEH_004920,YV1XZC322029909,V60,MHEV,Core,0.0,44800.0,32900.0
VEH_004921,YV1XZD814958498,XC60,PHEV,Plus,18.8,69660.0,49896.0
VEH_004922,YV1XZH624966887,V60,MHEV,Core,0.0,44800.0,32900.0
VEH_004923,YV1XZA370702411,EC40,Pure_EV,Plus,82.0,57780.0,42984.0
VEH_004924,YV1XZH270300931,EX30,Pure_EV,Plus,69.0,45900.0,33696.0
VEH_004925,YV1XZH662943505,EX30,Pure_EV,Core,69.0,42500.0,31200.0
VEH_004926,YV1XZG218558797,EC40,Pure_EV,Core,82.0,53500.0,39800.0
VEH_004927,YV1XZE399926247,EC40,Pure_EV,Core,82.0,53500.0,39800.0
VEH_004928,YV1XZA608131097,EX90,Pure_EV,Plus,111.0,92880.0,67500.0
VEH_004929,YV1XZH473493559,XC90,PHEV,Core,18.8,89000.0,64100.0
VEH_004930,YV1XZD582478452,EC40,Pure_EV,Ultimate,82.0,63130.0,46964.0
VEH_004931,YV1XZE611997917,EX90,Pure_EV,Ultimate,111.0,101480.0,73750.0
VEH_004932,YV1XZC615772199,XC60,PHEV,Plus,18.8,69660.0,49896.0
VEH_004933,YV1XZC118410135,EX90,Pure_EV,Plus,111.0,92880.0,67500.0
VEH_004934,YV1XZH512941401,EX90,Pure_EV,Ultimate,111.0,101480.0,73750.0
VEH_004935,YV1XZC217923052,EX90,Pure_EV,Ultimate,111.0,101480.0,73750.0
VEH_004936,YV1XZF660523548,EC40,Pure_EV,Ultimate,82.0,63130.0,46964.0
VEH_004937,YV1XZB391856024,EC40,Pure_EV,Ultimate,82.0,63130.0,46964.0
VEH_004938,YV1XZE901444044,V60,MHEV,Ultimate,0.0,52864.0,38822.0
VEH_004939,YV1XZB708978969,XC60,PHEV,Core,18.8,64500.0,46200.0
VEH_004940,YV1XZE370688991,EX30,Pure_EV,Core,69.0,42500.0,31200.0
VEH_004941,YV1XZC773793757,EX90,Pure_EV,Ultimate,111.0,101480.0,73750.0
VEH_004942,YV1XZA260090934,XC60,PHEV,Ultimate,18.8,76110.0,54516.0
VEH_004943,YV1XZG709832815,EX30,Pure_EV,Plus,69.0,45900.0,33696.0
VEH_004944,YV1XZH307682220,EC40,Pure_EV,Core,82.0,53500.0,39800.0
VEH_004945,YV1XZE874039825,EX90,Pure_EV,Core,111.0,86000.0,62500.0
VEH_004946,YV1XZE729419251,XC60,PHEV,Plus,18.8,69660.0,49896.0
VEH_004947,YV1XZG819231224,EX90,Pure_EV,Ultimate,111.0,101480.0,73750.0
VEH_004948,YV1XZF203175779,XC90,PHEV,Ultimate,18.8,105020.0,75638.0
VEH_004949,YV1XZD362942260,XC60,PHEV,Plus,18.8,69660.0,49896.0
VEH_004950,YV1XZF483197683,EC40,Pure_EV,Core,82.0,53500.0,39800.0
VEH_004951,YV1XZF629516369,XC60,PHEV,Core,18.8,64500.0,46200.0
VEH_004952,YV1XZA840591198,EX90,Pure_EV,Plus,111.0,92880.0,67500.0
VEH_004953,YV1XZC348361243,EX30,Pure_EV,Core,69.0,42500.0,31200.0
VEH_004954,YV1XZD601526417,XC60,PHEV,Core,18.8,64500.0,46200.0
VEH_004955,YV1XZB210182184,XC60,PHEV,Ultimate,18.8,76110.0,54516.0
VEH_004956,YV1XZH871409377,V60,MHEV,Ultimate,0.0,52864.0,38822.0
VEH_004957,YV1XZD334580870,EX90,Pure_EV,Core,111.0,86000.0,62500.0
VEH_004958,YV1XZA375368117,EC40,Pure_EV,Core,82.0,53500.0,39800.0
VEH_004959,YV1XZG229146938,EX30,Pure_EV,Ultimate,69.0,50150.0,36816.0
VEH_004960,YV1XZH324502708,EC40,Pure_EV,Ultimate,82.0,63130.0,46964.0
VEH_004961,YV1XZD756887369,EX30,Pure_EV,Plus,69.0,45900.0,33696.0
VEH_004962,YV1XZE949436665,EX30,Pure_EV,Core,69.0,42500.0,31200.0
VEH_004963,YV1XZD147427771,XC90,PHEV,Ultimate,18.8,105020.0,75638.0
VEH_004964,YV1XZE680975011,XC60,PHEV,Ultimate,18.8,76110.0,54516.0
VEH_004965,YV1XZA625649719,EX90,Pure_EV,Ultimate,111.0,101480.0,73750.0
VEH_004966,YV1XZF207474629,EX90,Pure_EV,Plus,111.0,92880.0,67500.0
VEH_004967,YV1XZD718126104,EX30,Pure_EV,Ultimate,69.0,50150.0,36816.0
VEH_004968,YV1XZG847731349,EC40,Pure_EV,Core,82.0,53500.0,39800.0
VEH_004969,YV1XZH697308464,EC40,Pure_EV,Plus,82.0,57780.0,42984.0
VEH_004970,YV1XZA893388588,V60,MHEV,Core,0.0,44800.0,32900.0
VEH_004971,YV1XZA816506411,EX30,Pure_EV,Ultimate,69.0,50150.0,36816.0
VEH_004972,YV1XZC982952963,EC40,Pure_EV,Core,82.0,53500.0,39800.0
VEH_004973,YV1XZA886451710,EX90,Pure_EV,Core,111.0,86000.0,62500.0
VEH_004974,YV1XZD312219350,EX90,Pure_EV,Core,111.0,86000.0,62500.0
VEH_004975,YV1XZH165793697,EX90,Pure_EV,Plus,111.0,92880.0,67500.0
VEH_004976,YV1XZD764266315,V60,MHEV,Plus,0.0,48384.0,35532.0
VEH_004977,YV1XZB879261514,EX90,Pure_EV,Core,111.0,86000.0,62500.0
VEH_004978,YV1XZF773376315,V60,MHEV,Core,0.0,44800.0,32900.0
VEH_004979,YV1XZG265280512,EC40,Pure_EV,Ultimate,82.0,63130.0,46964.0
VEH_004980,YV1XZC608663769,V60,MHEV,Core,0.0,44800.0,32900.0
VEH_004981,YV1XZC502154588,XC60,PHEV,Core,18.8,64500.0,46200.0
VEH_004982,YV1XZC834911471,EX30,Pure_EV,Ultimate,69.0,50150.0,36816.0
VEH_004983,YV1XZB920787105,XC60,PHEV,Core,18.8,64500.0,46200.0
VEH_004984,YV1XZB265076747,EX90,Pure_EV,Core,111.0,86000.0,62500.0
VEH_004985,YV1XZG346162961,XC60,PHEV,Core,18.8,64500.0,46200.0
VEH_004986,YV1XZE866326329,V60,MHEV,Core,0.0,44800.0,32900.0
VEH_004987,YV1XZF586464277,XC90,PHEV,Ultimate,18.8,105020.0,75638.0
VEH_004988,YV1XZD582172975,EX90,Pure_EV,Ultimate,111.0,101480.0,73750.0
VEH_004989,YV1XZH399762291,XC60,PHEV,Core,18.8,64500.0,46200.0
VEH_004990,YV1XZD887497711,EC40,Pure_EV,Plus,82.0,57780.0,42984.0
VEH_004991,YV1XZG417327448,EX30,Pure_EV,Core,69.0,42500.0,31200.0
VEH_004992,YV1XZH197737072,XC60,PHEV,Ultimate,18.8,76110.0,54516.0
VEH_004993,YV1XZC157758928,XC90,PHEV,Core,18.8,89000.0,64100.0
VEH_004994,YV1XZB701365049,EX90,Pure_EV,Ultimate,111.0,101480.0,73750.0
VEH_004995,YV1XZC156727602,XC60,PHEV,Plus,18.8,69660.0,49896.0
VEH_004996,YV1XZD957858403,XC90,PHEV,Core,18.8,89000.0,64100.0
VEH_004997,YV1XZA645907499,EX90,Pure_EV,Core,111.0,86000.0,62500.0
VEH_004998,YV1XZB359302997,XC90,PHEV,Ultimate,18.8,105020.0,75638.0
VEH_004999,YV1XZB464118688,XC90,PHEV,Ultimate,18.8,105020.0,75638.0
VEH_005000,YV1XZB378805895,XC90,PHEV,Ultimate,18.8,105020.0,75638.0
VEH_005001,YV1XZC989176460,EC40,Pure_EV,Plus,82.0,57780.0,42984.0
VEH_005002,YV1XZG626679329,EX90,Pure_EV,Core,111.0,86000.0,62500.0
VEH_005003,YV1XZD850304499,EX90,Pure_EV,Core,111.0,86000.0,62500.0
VEH_005004,YV1XZC770916891,V60,MHEV,Core,0.0,44800.0,32900.0
VEH_005005,YV1XZG874081780,XC60,PHEV,Core,18.8,64500.0,46200.0
VEH_005006,YV1XZB892143483,V60,MHEV,Ultimate,0.0,52864.0,38822.0
VEH_005007,YV1XZC831582118,EC40,Pure_EV,Plus,82.0,57780.0,42984.0
VEH_005008,YV1XZA135547424,EC40,Pure_EV,Plus,82.0,57780.0,42984.0
VEH_005009,YV1XZA969298674,EX30,Pure_EV,Core,69.0,42500.0,31200.0
VEH_005010,YV1XZB446278097,V60,MHEV,Core,0.0,44800.0,32900.0
VEH_005011,YV1XZB188726082,EX90,Pure_EV,Ultimate,111.0,101480.0,73750.0
VEH_005012,YV1XZH964762970,V60,MHEV,Core,0.0,44800.0,32900.0
VEH_005013,YV1XZF161469115,EX30,Pure_EV,Plus,69.0,45900.0,33696.0
VEH_005014,YV1XZA872262401,V60,MHEV,Ultimate,0.0,52864.0,38822.0
VEH_005015,YV1XZF506996530,EX90,Pure_EV,Plus,111.0,92880.0,67500.0
VEH_005016,YV1XZE908022221,V60,MHEV,Core,0.0,44800.0,32900.0
VEH_005017,YV1XZC191311474,EC40,Pure_EV,Plus,82.0,57780.0,42984.0
VEH_005018,YV1XZH408361258,XC90,PHEV,Core,18.8,89000.0,64100.0
VEH_005019,YV1XZB261681093,XC60,PHEV,Ultimate,18.8,76110.0,54516.0
VEH_005020,YV1XZA437276949,EX90,Pure_EV,Plus,111.0,92880.0,67500.0
VEH_005021,YV1XZA644541387,XC60,PHEV,Plus,18.8,69660.0,49896.0
VEH_005022,YV1XZA147401848,XC60,PHEV,Plus,18.8,69660.0,49896.0
VEH_005023,YV1XZA810856943,XC90,PHEV,Core,18.8,89000.0,64100.0
VEH_005024,YV1XZG470819062,EC40,Pure_EV,Core,82.0,53500.0,39800.0
VEH_005025,YV1XZB488121954,V60,MHEV,Plus,0.0,48384.0,35532.0
VEH_005026,YV1XZE669120990,V60,MHEV,Ultimate,0.0,52864.0,38822.0
VEH_005027,YV1XZG704518264,EX90,Pure_EV,Plus,111.0,92880.0,67500.0
VEH_005028,YV1XZG260280721,EX30,Pure_EV,Core,69.0,42500.0,31200.0
VEH_005029,YV1XZD445358772,EC40,Pure_EV,Ultimate,82.0,63130.0,46964.0
VEH_005030,YV1XZA493215687,EC40,Pure_EV,Ultimate,82.0,63130.0,46964.0
VEH_005031,YV1XZG883401703,EC40,Pure_EV,Core,82.0,53500.0,39800.0
VEH_005032,YV1XZA771106793,EX30,Pure_EV,Ultimate,69.0,50150.0,36816.0
VEH_005033,YV1XZG323248659,XC60,PHEV,Core,18.8,64500.0,46200.0
VEH_005034,YV1XZH763670265,EX90,Pure_EV,Plus,111.0,92880.0,67500.0
VEH_005035,YV1XZC235040945,EC40,Pure_EV,Core,82.0,53500.0,39800.0
VEH_005036,YV1XZE961134201,EX30,Pure_EV,Core,69.0,42500.0,31200.0
VEH_005037,YV1XZG371458160,EX30,Pure_EV,Core,69.0,42500.0,31200.0
VEH_005038,YV1XZA380899257,XC90,PHEV,Core,18.8,89000.0,64100.0
VEH_005039,YV1XZE791250747,V60,MHEV,Ultimate,0.0,52864.0,38822.0
VEH_005040,YV1XZH635203625,EX90,Pure_EV,Ultimate,111.0,101480.0,73750.0
VEH_005041,YV1XZD505968811,EX90,Pure_EV,Ultimate,111.0,101480.0,73750.0
VEH_005042,YV1XZB529183966,V60,MHEV,Core,0.0,44800.0,32900.0
VEH_005043,YV1XZC822628024,EC40,Pure_EV,Core,82.0,53500.0,39800.0
VEH_005044,YV1XZG764726382,EX30,Pure_EV,Core,69.0,42500.0,31200.0
VEH_005045,YV1XZC660196312,V60,MHEV,Plus,0.0,48384.0,35532.0
VEH_005046,YV1XZE537701423,XC90,PHEV,Ultimate,18.8,105020.0,75638.0
VEH_005047,YV1XZA360614557,EC40,Pure_EV,Core,82.0,53500.0,39800.0
VEH_005048,YV1XZC495412423,XC60,PHEV,Ultimate,18.8,76110.0,54516.0
VEH_005049,YV1XZG329645802,V60,MHEV,Ultimate,0.0,52864.0,38822.0
VEH_005050,YV1XZE188227515,EX30,Pure_EV,Plus,69.0,45900.0,33696.0
VEH_005051,YV1XZG413130296,XC60,PHEV,Core,18.8,64500.0,46200.0
VEH_005052,YV1XZC480830539,V60,MHEV,Plus,0.0,48384.0,35532.0
VEH_005053,YV1XZA300348505,EC40,Pure_EV,Plus,82.0,57780.0,42984.0
VEH_005054,YV1XZF464997824,XC60,PHEV,Core,18.8,64500.0,46200.0
VEH_005055,YV1XZC415500894,XC90,PHEV,Ultimate,18.8,105020.0,75638.0
VEH_005056,YV1XZA817972904,EX90,Pure_EV,Ultimate,111.0,101480.0,73750.0
VEH_005057,YV1XZG430422007,EX30,Pure_EV,Plus,69.0,45900.0,33696.0
VEH_005058,YV1XZE650808238,XC60,PHEV,Plus,18.8,69660.0,49896.0
VEH_005059,YV1XZA928968306,XC90,PHEV,Ultimate,18.8,105020.0,75638.0
VEH_005060,YV1XZB495536203,EX90,Pure_EV,Ultimate,111.0,101480.0,73750.0
VEH_005061,YV1XZC991651992,EX90,Pure_EV,Ultimate,111.0,101480.0,73750.0
VEH_005062,YV1XZC600022986,EC40,Pure_EV,Plus,82.0,57780.0,42984.0
VEH_005063,YV1XZA823356014,XC90,PHEV,Ultimate,18.8,105020.0,75638.0
VEH_005064,YV1XZA411058912,V60,MHEV,Plus,0.0,48384.0,35532.0
VEH_005065,YV1XZA412862865,V60,MHEV,Ultimate,0.0,52864.0,38822.0
VEH_005066,YV1XZD324344582,EX90,Pure_EV,Core,111.0,86000.0,62500.0
VEH_005067,YV1XZE730416968,EC40,Pure_EV,Core,82.0,53500.0,39800.0
VEH_005068,YV1XZB523827368,EC40,Pure_EV,Ultimate,82.0,63130.0,46964.0
VEH_005069,YV1XZC965380065,V60,MHEV,Core,0.0,44800.0,32900.0
VEH_005070,YV1XZB863758499,EX30,Pure_EV,Core,69.0,42500.0,31200.0
VEH_005071,YV1XZH874438142,XC90,PHEV,Plus,18.8,96120.0,69228.0
VEH_005072,YV1XZA751177700,EX30,Pure_EV,Ultimate,69.0,50150.0,36816.0
VEH_005073,YV1XZB777395366,EX90,Pure_EV,Core,111.0,86000.0,62500.0
VEH_005074,YV1XZH332768176,V60,MHEV,Core,0.0,44800.0,32900.0
VEH_005075,YV1XZF342362437,EX90,Pure_EV,Plus,111.0,92880.0,67500.0
VEH_005076,YV1XZA876702762,EX30,Pure_EV,Plus,69.0,45900.0,33696.0
VEH_005077,YV1XZH914324029,EX30,Pure_EV,Core,69.0,42500.0,31200.0
VEH_005078,YV1XZB595760693,EC40,Pure_EV,Plus,82.0,57780.0,42984.0
VEH_005079,YV1XZA111458911,XC90,PHEV,Plus,18.8,96120.0,69228.0
VEH_005080,YV1XZA970468743,EX90,Pure_EV,Core,111.0,86000.0,62500.0
VEH_005081,YV1XZB459261644,EX30,Pure_EV,Ultimate,69.0,50150.0,36816.0
VEH_005082,YV1XZC999362664,XC60,PHEV,Core,18.8,64500.0,46200.0
VEH_005083,YV1XZA362407290,XC90,PHEV,Ultimate,18.8,105020.0,75638.0
VEH_005084,YV1XZF607099287,V60,MHEV,Plus,0.0,48384.0,35532.0
VEH_005085,YV1XZH383346670,V60,MHEV,Ultimate,0.0,52864.0,38822.0
VEH_005086,YV1XZB878224060,V60,MHEV,Plus,0.0,48384.0,35532.0
VEH_005087,YV1XZD520650611,XC60,PHEV,Core,18.8,64500.0,46200.0
VEH_005088,YV1XZF243802269,EC40,Pure_EV,Ultimate,82.0,63130.0,46964.0
VEH_005089,YV1XZE748208713,EX30,Pure_EV,Core,69.0,42500.0,31200.0
VEH_005090,YV1XZE216883389,EX30,Pure_EV,Core,69.0,42500.0,31200.0
VEH_005091,YV1XZD348409642,XC90,PHEV,Plus,18.8,96120.0,69228.0
VEH_005092,YV1XZH468240070,XC60,PHEV,Ultimate,18.8,76110.0,54516.0
VEH_005093,YV1XZC912308435,EX30,Pure_EV,Ultimate,69.0,50150.0,36816.0
VEH_005094,YV1XZC975042053,XC60,PHEV,Core,18.8,64500.0,46200.0
VEH_005095,YV1XZD751297789,V60,MHEV,Core,0.0,44800.0,32900.0
VEH_005096,YV1XZC178921695,XC90,PHEV,Ultimate,18.8,105020.0,75638.0
VEH_005097,YV1XZE459908886,EX90,Pure_EV,Plus,111.0,92880.0,67500.0
VEH_005098,YV1XZB199025561,EC40,Pure_EV,Plus,82.0,57780.0,42984.0
VEH_005099,YV1XZE239642759,EC40,Pure_EV,Core,82.0,53500.0,39800.0
VEH_005100,YV1XZG902241177,XC90,PHEV,Ultimate,18.8,105020.0,75638.0
VEH_005101,YV1XZA935390937,EX30,Pure_EV,Plus,69.0,45900.0,33696.0
VEH_005102,YV1XZH524661188,EC40,Pure_EV,Core,82.0,53500.0,39800.0
VEH_005103,YV1XZA657636273,XC60,PHEV,Plus,18.8,69660.0,49896.0
VEH_005104,YV1XZB901379606,V60,MHEV,Core,0.0,44800.0,32900.0
VEH_005105,YV1XZA145267360,EX90,Pure_EV,Plus,111.0,92880.0,67500.0
VEH_005106,YV1XZD487966651,EX90,Pure_EV,Core,111.0,86000.0,62500.0
VEH_005107,YV1XZB978505819,XC60,PHEV,Plus,18.8,69660.0,49896.0
VEH_005108,YV1XZC835414465,EX30,Pure_EV,Plus,69.0,45900.0,33696.0
VEH_005109,YV1XZF900110851,XC60,PHEV,Core,18.8,64500.0,46200.0
VEH_005110,YV1XZC924198469,EX90,Pure_EV,Core,111.0,86000.0,62500.0
VEH_005111,YV1XZF482032339,EX90,Pure_EV,Plus,111.0,92880.0,67500.0
VEH_005112,YV1XZC568409624,EX30,Pure_EV,Plus,69.0,45900.0,33696.0
VEH_005113,YV1XZH772568561,XC90,PHEV,Core,18.8,89000.0,64100.0
VEH_005114,YV1XZC766985517,XC60,PHEV,Plus,18.8,69660.0,49896.0
VEH_005115,YV1XZE411815504,EX90,Pure_EV,Ultimate,111.0,101480.0,73750.0
VEH_005116,YV1XZB359953022,V60,MHEV,Core,0.0,44800.0,32900.0
VEH_005117,YV1XZA952348464,EC40,Pure_EV,Ultimate,82.0,63130.0,46964.0
VEH_005118,YV1XZD467873912,XC90,PHEV,Plus,18.8,96120.0,69228.0
VEH_005119,YV1XZH816300459,EC40,Pure_EV,Core,82.0,53500.0,39800.0
VEH_005120,YV1XZC537503892,XC90,PHEV,Ultimate,18.8,105020.0,75638.0
VEH_005121,YV1XZD792709053,EX30,Pure_EV,Core,69.0,42500.0,31200.0
VEH_005122,YV1XZB157338177,EC40,Pure_EV,Ultimate,82.0,63130.0,46964.0
VEH_005123,YV1XZF584830817,EX30,Pure_EV,Ultimate,69.0,50150.0,36816.0
VEH_005124,YV1XZA750346154,V60,MHEV,Ultimate,0.0,52864.0,38822.0
VEH_005125,YV1XZF706086216,EX30,Pure_EV,Ultimate,69.0,50150.0,36816.0
VEH_005126,YV1XZB962522337,XC90,PHEV,Ultimate,18.8,105020.0,75638.0
VEH_005127,YV1XZC116936434,EC40,Pure_EV,Plus,82.0,57780.0,42984.0
VEH_005128,YV1XZE725883149,V60,MHEV,Plus,0.0,48384.0,35532.0
VEH_005129,YV1XZG923161078,EX90,Pure_EV,Plus,111.0,92880.0,67500.0
VEH_005130,YV1XZG938075564,XC90,PHEV,Ultimate,18.8,105020.0,75638.0
VEH_005131,YV1XZH196265979,V60,MHEV,Plus,0.0,48384.0,35532.0
VEH_005132,YV1XZC674735990,XC90,PHEV,Plus,18.8,96120.0,69228.0
VEH_005133,YV1XZG783734099,EC40,Pure_EV,Ultimate,82.0,63130.0,46964.0
VEH_005134,YV1XZC454714699,XC90,PHEV,Core,18.8,89000.0,64100.0
VEH_005135,YV1XZE122842097,XC90,PHEV,Core,18.8,89000.0,64100.0
VEH_005136,YV1XZD288037595,XC90,PHEV,Plus,18.8,96120.0,69228.0
VEH_005137,YV1XZC937878293,EX90,Pure_EV,Core,111.0,86000.0,62500.0
VEH_005138,YV1XZC933512248,EX90,Pure_EV,Plus,111.0,92880.0,67500.0
VEH_005139,YV1XZA537892427,XC60,PHEV,Plus,18.8,69660.0,49896.0
VEH_005140,YV1XZA699049741,XC90,PHEV,Ultimate,18.8,105020.0,75638.0
VEH_005141,YV1XZG787451903,XC60,PHEV,Core,18.8,64500.0,46200.0
VEH_005142,YV1XZG132770955,EX30,Pure_EV,Plus,69.0,45900.0,33696.0
VEH_005143,YV1XZC904529581,V60,MHEV,Plus,0.0,48384.0,35532.0
VEH_005144,YV1XZD658339066,EX90,Pure_EV,Plus,111.0,92880.0,67500.0
VEH_005145,YV1XZF819564389,XC90,PHEV,Core,18.8,89000.0,64100.0
VEH_005146,YV1XZF798135755,V60,MHEV,Ultimate,0.0,52864.0,38822.0
VEH_005147,YV1XZC805726665,EX90,Pure_EV,Ultimate,111.0,101480.0,73750.0
VEH_005148,YV1XZE989072843,XC90,PHEV,Core,18.8,89000.0,64100.0
VEH_005149,YV1XZG812516703,EX30,Pure_EV,Plus,69.0,45900.0,33696.0
VEH_005150,YV1XZG466510747,EX30,Pure_EV,Core,69.0,42500.0,31200.0
VEH_005151,YV1XZC536187136,EX30,Pure_EV,Ultimate,69.0,50150.0,36816.0
VEH_005152,YV1XZC566160259,XC90,PHEV,Plus,18.8,96120.0,69228.0
VEH_005153,YV1XZB941385000,V60,MHEV,Plus,0.0,48384.0,35532.0
VEH_005154,YV1XZG470137519,XC90,PHEV,Plus,18.8,96120.0,69228.0
VEH_005155,YV1XZB990362496,XC60,PHEV,Ultimate,18.8,76110.0,54516.0
VEH_005156,YV1XZH968380260,EX90,Pure_EV,Core,111.0,86000.0,62500.0
VEH_005157,YV1XZC923013449,XC60,PHEV,Core,18.8,64500.0,46200.0
VEH_005158,YV1XZF713650989,EX90,Pure_EV,Ultimate,111.0,101480.0,73750.0
VEH_005159,YV1XZE306202347,EC40,Pure_EV,Core,82.0,53500.0,39800.0
VEH_005160,YV1XZC358343141,EC40,Pure_EV,Plus,82.0,57780.0,42984.0
VEH_005161,YV1XZE772206706,XC90,PHEV,Plus,18.8,96120.0,69228.0
VEH_005162,YV1XZC613696693,EX30,Pure_EV,Core,69.0,42500.0,31200.0
VEH_005163,YV1XZA816954954,EX90,Pure_EV,Core,111.0,86000.0,62500.0
VEH_005164,YV1XZG517992968,XC90,PHEV,Plus,18.8,96120.0,69228.0
VEH_005165,YV1XZB995189586,EX30,Pure_EV,Core,69.0,42500.0,31200.0
VEH_005166,YV1XZD180591562,XC60,PHEV,Ultimate,18.8,76110.0,54516.0
VEH_005167,YV1XZD974362731,EX30,Pure_EV,Ultimate,69.0,50150.0,36816.0
VEH_005168,YV1XZA151449571,XC90,PHEV,Plus,18.8,96120.0,69228.0
VEH_005169,YV1XZA757202600,EX30,Pure_EV,Plus,69.0,45900.0,33696.0
VEH_005170,YV1XZB414643481,V60,MHEV,Plus,0.0,48384.0,35532.0
VEH_005171,YV1XZB892131934,V60,MHEV,Ultimate,0.0,52864.0,38822.0
VEH_005172,YV1XZH537862298,EC40,Pure_EV,Core,82.0,53500.0,39800.0
VEH_005173,YV1XZD725414272,EX90,Pure_EV,Ultimate,111.0,101480.0,73750.0
VEH_005174,YV1XZG773212157,XC60,PHEV,Ultimate,18.8,76110.0,54516.0
VEH_005175,YV1XZF336771632,EX90,Pure_EV,Core,111.0,86000.0,62500.0
VEH_005176,YV1XZE118058086,V60,MHEV,Plus,0.0,48384.0,35532.0
VEH_005177,YV1XZH742994944,XC60,PHEV,Plus,18.8,69660.0,49896.0
VEH_005178,YV1XZC162472440,EC40,Pure_EV,Plus,82.0,57780.0,42984.0
VEH_005179,YV1XZC879559338,V60,MHEV,Plus,0.0,48384.0,35532.0
VEH_005180,YV1XZC740285150,XC60,PHEV,Plus,18.8,69660.0,49896.0
VEH_005181,YV1XZA696425455,EX90,Pure_EV,Plus,111.0,92880.0,67500.0
VEH_005182,YV1XZH878450112,EX30,Pure_EV,Ultimate,69.0,50150.0,36816.0
VEH_005183,YV1XZG151212235,V60,MHEV,Plus,0.0,48384.0,35532.0
VEH_005184,YV1XZB925828938,EX90,Pure_EV,Ultimate,111.0,101480.0,73750.0
VEH_005185,YV1XZG662620786,EC40,Pure_EV,Core,82.0,53500.0,39800.0
VEH_005186,YV1XZE172110452,V60,MHEV,Ultimate,0.0,52864.0,38822.0
VEH_005187,YV1XZD587335376,EX90,Pure_EV,Core,111.0,86000.0,62500.0
VEH_005188,YV1XZC437369840,EX90,Pure_EV,Core,111.0,86000.0,62500.0
VEH_005189,YV1XZC317560037,EC40,Pure_EV,Ultimate,82.0,63130.0,46964.0
VEH_005190,YV1XZB601644438,EC40,Pure_EV,Plus,82.0,57780.0,42984.0
VEH_005191,YV1XZH111426101,XC90,PHEV,Core,18.8,89000.0,64100.0
VEH_005192,YV1XZB184390294,EX90,Pure_EV,Core,111.0,86000.0,62500.0
VEH_005193,YV1XZA507838874,XC90,PHEV,Core,18.8,89000.0,64100.0
VEH_005194,YV1XZG355521543,EX30,Pure_EV,Core,69.0,42500.0,31200.0
VEH_005195,YV1XZF242116467,XC90,PHEV,Ultimate,18.8,105020.0,75638.0
VEH_005196,YV1XZF503706644,XC60,PHEV,Plus,18.8,69660.0,49896.0
VEH_005197,YV1XZD580488037,EX30,Pure_EV,Core,69.0,42500.0,31200.0
VEH_005198,YV1XZE429744237,EX30,Pure_EV,Ultimate,69.0,50150.0,36816.0
VEH_005199,YV1XZA879522221,EC40,Pure_EV,Ultimate,82.0,63130.0,46964.0
VEH_005200,YV1XZF151309430,EX90,Pure_EV,Ultimate,111.0,101480.0,73750.0
VEH_005201,YV1XZE647896762,EX90,Pure_EV,Plus,111.0,92880.0,67500.0
VEH_005202,YV1XZG395699678,EX30,Pure_EV,Core,69.0,42500.0,31200.0
VEH_005203,YV1XZD585050672,EC40,Pure_EV,Core,82.0,53500.0,39800.0
VEH_005204,YV1XZE993353653,EX90,Pure_EV,Ultimate,111.0,101480.0,73750.0
VEH_005205,YV1XZH673573365,EX30,Pure_EV,Plus,69.0,45900.0,33696.0
VEH_005206,YV1XZH895552988,EX30,Pure_EV,Core,69.0,42500.0,31200.0
VEH_005207,YV1XZC300412115,XC60,PHEV,Ultimate,18.8,76110.0,54516.0
VEH_005208,YV1XZC786188102,EX30,Pure_EV,Core,69.0,42500.0,31200.0
VEH_005209,YV1XZC209884550,EX30,Pure_EV,Plus,69.0,45900.0,33696.0
VEH_005210,YV1XZE657727794,V60,MHEV,Core,0.0,44800.0,32900.0
VEH_005211,YV1XZF888714879,XC60,PHEV,Core,18.8,64500.0,46200.0
VEH_005212,YV1XZH351110105,XC60,PHEV,Ultimate,18.8,76110.0,54516.0
VEH_005213,YV1XZD223464702,XC60,PHEV,Core,18.8,64500.0,46200.0
VEH_005214,YV1XZF538543191,XC90,PHEV,Core,18.8,89000.0,64100.0
VEH_005215,YV1XZD714637049,EX30,Pure_EV,Plus,69.0,45900.0,33696.0
VEH_005216,YV1XZA629167976,XC60,PHEV,Ultimate,18.8,76110.0,54516.0
VEH_005217,YV1XZG532483229,V60,MHEV,Ultimate,0.0,52864.0,38822.0
VEH_005218,YV1XZH613593535,V60,MHEV,Core,0.0,44800.0,32900.0
VEH_005219,YV1XZG633074594,V60,MHEV,Core,0.0,44800.0,32900.0
VEH_005220,YV1XZC950837330,EX90,Pure_EV,Plus,111.0,92880.0,67500.0
VEH_005221,YV1XZA503852374,EX30,Pure_EV,Plus,69.0,45900.0,33696.0
VEH_005222,YV1XZB807499801,XC90,PHEV,Core,18.8,89000.0,64100.0
VEH_005223,YV1XZD775571436,EX90,Pure_EV,Core,111.0,86000.0,62500.0
VEH_005224,YV1XZC192544868,EC40,Pure_EV,Plus,82.0,57780.0,42984.0
VEH_005225,YV1XZF115925900,XC60,PHEV,Ultimate,18.8,76110.0,54516.0
VEH_005226,YV1XZH212636500,EC40,Pure_EV,Ultimate,82.0,63130.0,46964.0
VEH_005227,YV1XZG711422741,V60,MHEV,Plus,0.0,48384.0,35532.0
VEH_005228,YV1XZB661392444,EX90,Pure_EV,Ultimate,111.0,101480.0,73750.0
VEH_005229,YV1XZB712696696,V60,MHEV,Core,0.0,44800.0,32900.0
VEH_005230,YV1XZG590405507,EX90,Pure_EV,Plus,111.0,92880.0,67500.0
VEH_005231,YV1XZE352564677,XC90,PHEV,Core,18.8,89000.0,64100.0
VEH_005232,YV1XZE941114937,XC60,PHEV,Ultimate,18.8,76110.0,54516.0
VEH_005233,YV1XZC236230005,XC90,PHEV,Core,18.8,89000.0,64100.0
VEH_005234,YV1XZA749792615,EX30,Pure_EV,Plus,69.0,45900.0,33696.0
VEH_005235,YV1XZD811153787,V60,MHEV,Ultimate,0.0,52864.0,38822.0
VEH_005236,YV1XZE644774970,XC90,PHEV,Plus,18.8,96120.0,69228.0
VEH_005237,YV1XZC420122455,EC40,Pure_EV,Ultimate,82.0,63130.0,46964.0
VEH_005238,YV1XZB795001686,XC90,PHEV,Plus,18.8,96120.0,69228.0
VEH_005239,YV1XZF585184907,EX30,Pure_EV,Plus,69.0,45900.0,33696.0
VEH_005240,YV1XZH970009392,V60,MHEV,Ultimate,0.0,52864.0,38822.0
VEH_005241,YV1XZH198425304,EX30,Pure_EV,Ultimate,69.0,50150.0,36816.0
VEH_005242,YV1XZD684082167,EC40,Pure_EV,Core,82.0,53500.0,39800.0
VEH_005243,YV1XZG612820638,XC60,PHEV,Plus,18.8,69660.0,49896.0
VEH_005244,YV1XZC128151241,EX90,Pure_EV,Ultimate,111.0,101480.0,73750.0
VEH_005245,YV1XZE508503245,XC90,PHEV,Plus,18.8,96120.0,69228.0
VEH_005246,YV1XZB872459236,EX30,Pure_EV,Ultimate,69.0,50150.0,36816.0
VEH_005247,YV1XZH631392957,V60,MHEV,Ultimate,0.0,52864.0,38822.0
VEH_005248,YV1XZH512826244,XC90,PHEV,Ultimate,18.8,105020.0,75638.0
VEH_005249,YV1XZG643104518,XC90,PHEV,Core,18.8,89000.0,64100.0
VEH_005250,YV1XZC998770227,XC60,PHEV,Ultimate,18.8,76110.0,54516.0
VEH_005251,YV1XZD630328770,EX90,Pure_EV,Plus,111.0,92880.0,67500.0
VEH_005252,YV1XZF831822410,V60,MHEV,Core,0.0,44800.0,32900.0
VEH_005253,YV1XZG791005969,XC90,PHEV,Core,18.8,89000.0,64100.0
VEH_005254,YV1XZD495868120,EX90,Pure_EV,Ultimate,111.0,101480.0,73750.0
VEH_005255,YV1XZE132102471,EX30,Pure_EV,Ultimate,69.0,50150.0,36816.0
VEH_005256,YV1XZG509030342,V60,MHEV,Plus,0.0,48384.0,35532.0
VEH_005257,YV1XZF836170723,V60,MHEV,Ultimate,0.0,52864.0,38822.0
VEH_005258,YV1XZA132893156,XC60,PHEV,Ultimate,18.8,76110.0,54516.0
VEH_005259,YV1XZC400215084,V60,MHEV,Core,0.0,44800.0,32900.0
VEH_005260,YV1XZF502147783,XC90,PHEV,Core,18.8,89000.0,64100.0
VEH_005261,YV1XZC662194976,EC40,Pure_EV,Plus,82.0,57780.0,42984.0
VEH_005262,YV1XZG310568556,XC60,PHEV,Plus,18.8,69660.0,49896.0
VEH_005263,YV1XZE299381926,EX90,Pure_EV,Plus,111.0,92880.0,67500.0
VEH_005264,YV1XZC833930010,V60,MHEV,Core,0.0,44800.0,32900.0
VEH_005265,YV1XZE947756854,XC90,PHEV,Ultimate,18.8,105020.0,75638.0
VEH_005266,YV1XZD686458547,XC60,PHEV,Core,18.8,64500.0,46200.0
VEH_005267,YV1XZF534759201,XC90,PHEV,Core,18.8,89000.0,64100.0
VEH_005268,YV1XZB834943269,EX90,Pure_EV,Plus,111.0,92880.0,67500.0
VEH_005269,YV1XZC672347608,V60,MHEV,Plus,0.0,48384.0,35532.0
VEH_005270,YV1XZH291017139,EC40,Pure_EV,Ultimate,82.0,63130.0,46964.0
VEH_005271,YV1XZC717877949,EC40,Pure_EV,Plus,82.0,57780.0,42984.0
VEH_005272,YV1XZD845818581,EX90,Pure_EV,Plus,111.0,92880.0,67500.0
VEH_005273,YV1XZF209758670,EX90,Pure_EV,Plus,111.0,92880.0,67500.0
VEH_005274,YV1XZB701224039,EX90,Pure_EV,Ultimate,111.0,101480.0,73750.0
VEH_005275,YV1XZF492779292,V60,MHEV,Plus,0.0,48384.0,35532.0
VEH_005276,YV1XZH657202202,EX30,Pure_EV,Ultimate,69.0,50150.0,36816.0
VEH_005277,YV1XZF116785175,EC40,Pure_EV,Plus,82.0,57780.0,42984.0
VEH_005278,YV1XZH930005907,XC90,PHEV,Plus,18.8,96120.0,69228.0
VEH_005279,YV1XZE340740126,V60,MHEV,Plus,0.0,48384.0,35532.0
VEH_005280,YV1XZE774447039,EX30,Pure_EV,Core,69.0,42500.0,31200.0
VEH_005281,YV1XZB993779600,XC90,PHEV,Core,18.8,89000.0,64100.0
VEH_005282,YV1XZH276968647,EX30,Pure_EV,Plus,69.0,45900.0,33696.0
VEH_005283,YV1XZF724893002,EX30,Pure_EV,Core,69.0,42500.0,31200.0
VEH_005284,YV1XZA192352716,EX90,Pure_EV,Plus,111.0,92880.0,67500.0
VEH_005285,YV1XZG430262024,EC40,Pure_EV,Core,82.0,53500.0,39800.0
VEH_005286,YV1XZE587131684,EX30,Pure_EV,Plus,69.0,45900.0,33696.0
VEH_005287,YV1XZF317214952,EX30,Pure_EV,Plus,69.0,45900.0,33696.0
VEH_005288,YV1XZC493107748,EX30,Pure_EV,Core,69.0,42500.0,31200.0
VEH_005289,YV1XZG610946095,XC90,PHEV,Core,18.8,89000.0,64100.0
VEH_005290,YV1XZB355710363,V60,MHEV,Ultimate,0.0,52864.0,38822.0
VEH_005291,YV1XZF149168968,XC60,PHEV,Plus,18.8,69660.0,49896.0
VEH_005292,YV1XZE260724648,EX30,Pure_EV,Ultimate,69.0,50150.0,36816.0
VEH_005293,YV1XZB404383047,V60,MHEV,Ultimate,0.0,52864.0,38822.0
VEH_005294,YV1XZF290401000,EX30,Pure_EV,Core,69.0,42500.0,31200.0
VEH_005295,YV1XZB847408994,XC60,PHEV,Plus,18.8,69660.0,49896.0
VEH_005296,YV1XZH702890574,XC90,PHEV,Ultimate,18.8,105020.0,75638.0
VEH_005297,YV1XZC913643760,EX30,Pure_EV,Ultimate,69.0,50150.0,36816.0
VEH_005298,YV1XZE487606407,XC60,PHEV,Core,18.8,64500.0,46200.0
VEH_005299,YV1XZF531852098,EX90,Pure_EV,Core,111.0,86000.0,62500.0
VEH_005300,YV1XZF698510766,EX90,Pure_EV,Core,111.0,86000.0,62500.0
VEH_005301,YV1XZA448381081,XC60,PHEV,Plus,18.8,69660.0,49896.0
VEH_005302,YV1XZG950720916,XC90,PHEV,Ultimate,18.8,105020.0,75638.0
VEH_005303,YV1XZH400151735,XC60,PHEV,Ultimate,18.8,76110.0,54516.0
VEH_005304,YV1XZC629045335,EC40,Pure_EV,Core,82.0,53500.0,39800.0
VEH_005305,YV1XZF895429952,V60,MHEV,Plus,0.0,48384.0,35532.0
VEH_005306,YV1XZF886932286,V60,MHEV,Plus,0.0,48384.0,35532.0
VEH_005307,YV1XZF955345361,XC90,PHEV,Plus,18.8,96120.0,69228.0
VEH_005308,YV1XZE290884570,EC40,Pure_EV,Ultimate,82.0,63130.0,46964.0
VEH_005309,YV1XZE759688210,XC90,PHEV,Core,18.8,89000.0,64100.0
VEH_005310,YV1XZG456798806,EX30,Pure_EV,Core,69.0,42500.0,31200.0
VEH_005311,YV1XZA142307777,EX30,Pure_EV,Core,69.0,42500.0,31200.0
VEH_005312,YV1XZE499972692,EX30,Pure_EV,Core,69.0,42500.0,31200.0
VEH_005313,YV1XZD178112745,V60,MHEV,Core,0.0,44800.0,32900.0
VEH_005314,YV1XZB958254837,EX90,Pure_EV,Core,111.0,86000.0,62500.0
VEH_005315,YV1XZB323707590,EC40,Pure_EV,Plus,82.0,57780.0,42984.0
VEH_005316,YV1XZF615964294,EX30,Pure_EV,Plus,69.0,45900.0,33696.0
VEH_005317,YV1XZD780127237,EX30,Pure_EV,Ultimate,69.0,50150.0,36816.0
VEH_005318,YV1XZC832286490,V60,MHEV,Plus,0.0,48384.0,35532.0
VEH_005319,YV1XZE405332410,EX30,Pure_EV,Plus,69.0,45900.0,33696.0
VEH_005320,YV1XZG514277130,XC90,PHEV,Ultimate,18.8,105020.0,75638.0
VEH_005321,YV1XZH254696542,XC90,PHEV,Ultimate,18.8,105020.0,75638.0
VEH_005322,YV1XZD554270461,XC60,PHEV,Ultimate,18.8,76110.0,54516.0
VEH_005323,YV1XZH872407753,XC60,PHEV,Ultimate,18.8,76110.0,54516.0
VEH_005324,YV1XZG260744181,EC40,Pure_EV,Ultimate,82.0,63130.0,46964.0
VEH_005325,YV1XZC493305297,V60,MHEV,Core,0.0,44800.0,32900.0
VEH_005326,YV1XZC496032862,XC90,PHEV,Ultimate,18.8,105020.0,75638.0
VEH_005327,YV1XZB664603155,EC40,Pure_EV,Core,82.0,53500.0,39800.0
VEH_005328,YV1XZB891397304,EX90,Pure_EV,Core,111.0,86000.0,62500.0
VEH_005329,YV1XZB235608676,EX90,Pure_EV,Core,111.0,86000.0,62500.0
VEH_005330,YV1XZC792722274,EX90,Pure_EV,Ultimate,111.0,101480.0,73750.0
VEH_005331,YV1XZE770087764,EX30,Pure_EV,Ultimate,69.0,50150.0,36816.0
VEH_005332,YV1XZG892739782,EX30,Pure_EV,Core,69.0,42500.0,31200.0
VEH_005333,YV1XZD545997993,EX30,Pure_EV,Core,69.0,42500.0,31200.0
VEH_005334,YV1XZC318997197,EC40,Pure_EV,Plus,82.0,57780.0,42984.0
VEH_005335,YV1XZH470448556,V60,MHEV,Ultimate,0.0,52864.0,38822.0
VEH_005336,YV1XZC923490206,EX30,Pure_EV,Ultimate,69.0,50150.0,36816.0
VEH_005337,YV1XZB814207218,XC60,PHEV,Plus,18.8,69660.0,49896.0
VEH_005338,YV1XZC475903808,XC60,PHEV,Core,18.8,64500.0,46200.0
VEH_005339,YV1XZF379538662,XC60,PHEV,Plus,18.8,69660.0,49896.0
VEH_005340,YV1XZE619512107,V60,MHEV,Plus,0.0,48384.0,35532.0
VEH_005341,YV1XZC713341529,EX90,Pure_EV,Plus,111.0,92880.0,67500.0
VEH_005342,YV1XZC764229062,EX30,Pure_EV,Plus,69.0,45900.0,33696.0
VEH_005343,YV1XZH510612598,EX30,Pure_EV,Ultimate,69.0,50150.0,36816.0
VEH_005344,YV1XZD883355070,V60,MHEV,Ultimate,0.0,52864.0,38822.0
VEH_005345,YV1XZA689885924,EX30,Pure_EV,Plus,69.0,45900.0,33696.0
VEH_005346,YV1XZH229847349,EX90,Pure_EV,Ultimate,111.0,101480.0,73750.0
VEH_005347,YV1XZC167991414,V60,MHEV,Plus,0.0,48384.0,35532.0
VEH_005348,YV1XZD312945757,XC60,PHEV,Ultimate,18.8,76110.0,54516.0
VEH_005349,YV1XZD706110978,XC60,PHEV,Ultimate,18.8,76110.0,54516.0
VEH_005350,YV1XZC999646413,V60,MHEV,Ultimate,0.0,52864.0,38822.0
VEH_005351,YV1XZC285267560,EX30,Pure_EV,Plus,69.0,45900.0,33696.0
VEH_005352,YV1XZD895636867,EX90,Pure_EV,Ultimate,111.0,101480.0,73750.0
VEH_005353,YV1XZB886843517,XC60,PHEV,Core,18.8,64500.0,46200.0
VEH_005354,YV1XZB787578647,XC60,PHEV,Plus,18.8,69660.0,49896.0
VEH_005355,YV1XZC353891323,EC40,Pure_EV,Core,82.0,53500.0,39800.0
VEH_005356,YV1XZF854271682,EX90,Pure_EV,Plus,111.0,92880.0,67500.0
VEH_005357,YV1XZD443816109,EX90,Pure_EV,Ultimate,111.0,101480.0,73750.0
VEH_005358,YV1XZE548690291,XC90,PHEV,Plus,18.8,96120.0,69228.0
VEH_005359,YV1XZH891471133,EX30,Pure_EV,Plus,69.0,45900.0,33696.0
VEH_005360,YV1XZD273475542,V60,MHEV,Plus,0.0,48384.0,35532.0
VEH_005361,YV1XZD121002727,XC60,PHEV,Plus,18.8,69660.0,49896.0
VEH_005362,YV1XZE372619016,XC90,PHEV,Plus,18.8,96120.0,69228.0
VEH_005363,YV1XZB293767948,XC90,PHEV,Plus,18.8,96120.0,69228.0
VEH_005364,YV1XZH102886304,XC60,PHEV,Ultimate,18.8,76110.0,54516.0
VEH_005365,YV1XZC572598556,EX90,Pure_EV,Ultimate,111.0,101480.0,73750.0
VEH_005366,YV1XZA455526363,EX30,Pure_EV,Core,69.0,42500.0,31200.0
VEH_005367,YV1XZH915770662,EX90,Pure_EV,Ultimate,111.0,101480.0,73750.0
VEH_005368,YV1XZB330035435,XC90,PHEV,Plus,18.8,96120.0,69228.0
VEH_005369,YV1XZF248472045,XC60,PHEV,Ultimate,18.8,76110.0,54516.0
VEH_005370,YV1XZD240304051,XC90,PHEV,Ultimate,18.8,105020.0,75638.0
VEH_005371,YV1XZB244650517,EX90,Pure_EV,Core,111.0,86000.0,62500.0
VEH_005372,YV1XZA688388486,EC40,Pure_EV,Plus,82.0,57780.0,42984.0
VEH_005373,YV1XZA147744586,EX90,Pure_EV,Core,111.0,86000.0,62500.0
VEH_005374,YV1XZH751310272,EC40,Pure_EV,Ultimate,82.0,63130.0,46964.0
VEH_005375,YV1XZH475071892,V60,MHEV,Plus,0.0,48384.0,35532.0
VEH_005376,YV1XZF816559352,V60,MHEV,Core,0.0,44800.0,32900.0
VEH_005377,YV1XZC354257614,XC90,PHEV,Plus,18.8,96120.0,69228.0
VEH_005378,YV1XZG165370487,V60,MHEV,Ultimate,0.0,52864.0,38822.0
VEH_005379,YV1XZA398640009,EX30,Pure_EV,Core,69.0,42500.0,31200.0
VEH_005380,YV1XZG793000324,EC40,Pure_EV,Core,82.0,53500.0,39800.0
VEH_005381,YV1XZF217554153,EX30,Pure_EV,Ultimate,69.0,50150.0,36816.0
VEH_005382,YV1XZF996772075,XC60,PHEV,Core,18.8,64500.0,46200.0
VEH_005383,YV1XZB124524881,EX90,Pure_EV,Core,111.0,86000.0,62500.0
VEH_005384,YV1XZC936681653,EX90,Pure_EV,Ultimate,111.0,101480.0,73750.0
VEH_005385,YV1XZF812973558,V60,MHEV,Ultimate,0.0,52864.0,38822.0
VEH_005386,YV1XZE313502280,EX30,Pure_EV,Core,69.0,42500.0,31200.0
VEH_005387,YV1XZD160868961,XC60,PHEV,Plus,18.8,69660.0,49896.0
VEH_005388,YV1XZA719064960,XC90,PHEV,Core,18.8,89000.0,64100.0
VEH_005389,YV1XZB325933645,XC60,PHEV,Plus,18.8,69660.0,49896.0
VEH_005390,YV1XZH199781992,V60,MHEV,Ultimate,0.0,52864.0,38822.0
VEH_005391,YV1XZC527155442,XC90,PHEV,Core,18.8,89000.0,64100.0
VEH_005392,YV1XZC885716415,EX30,Pure_EV,Ultimate,69.0,50150.0,36816.0
VEH_005393,YV1XZD269011848,EX90,Pure_EV,Core,111.0,86000.0,62500.0
VEH_005394,YV1XZH540353886,EX30,Pure_EV,Ultimate,69.0,50150.0,36816.0
VEH_005395,YV1XZC157448904,XC60,PHEV,Ultimate,18.8,76110.0,54516.0
VEH_005396,YV1XZB224483073,EX30,Pure_EV,Ultimate,69.0,50150.0,36816.0
VEH_005397,YV1XZG212211964,EX30,Pure_EV,Plus,69.0,45900.0,33696.0
VEH_005398,YV1XZA229876362,EX90,Pure_EV,Core,111.0,86000.0,62500.0
VEH_005399,YV1XZA579416064,XC90,PHEV,Ultimate,18.8,105020.0,75638.0
VEH_005400,YV1XZF810513939,EX90,Pure_EV,Ultimate,111.0,101480.0,73750.0
VEH_005401,YV1XZH367011518,V60,MHEV,Ultimate,0.0,52864.0,38822.0
VEH_005402,YV1XZD139753175,EX90,Pure_EV,Ultimate,111.0,101480.0,73750.0
VEH_005403,YV1XZD563264358,EC40,Pure_EV,Ultimate,82.0,63130.0,46964.0
VEH_005404,YV1XZD675685030,XC60,PHEV,Plus,18.8,69660.0,49896.0
VEH_005405,YV1XZC588921094,EX30,Pure_EV,Ultimate,69.0,50150.0,36816.0
VEH_005406,YV1XZE933920254,V60,MHEV,Ultimate,0.0,52864.0,38822.0
VEH_005407,YV1XZC920725378,XC90,PHEV,Core,18.8,89000.0,64100.0
VEH_005408,YV1XZB196744637,EC40,Pure_EV,Core,82.0,53500.0,39800.0
VEH_005409,YV1XZG771462722,EC40,Pure_EV,Core,82.0,53500.0,39800.0
VEH_005410,YV1XZF109386819,XC90,PHEV,Core,18.8,89000.0,64100.0
VEH_005411,YV1XZF244562430,XC90,PHEV,Ultimate,18.8,105020.0,75638.0
VEH_005412,YV1XZE503272671,EX90,Pure_EV,Ultimate,111.0,101480.0,73750.0
VEH_005413,YV1XZD852291107,EX90,Pure_EV,Core,111.0,86000.0,62500.0
VEH_005414,YV1XZG949303592,EC40,Pure_EV,Plus,82.0,57780.0,42984.0
VEH_005415,YV1XZA964751031,EX30,Pure_EV,Ultimate,69.0,50150.0,36816.0
VEH_005416,YV1XZF237657276,EX90,Pure_EV,Ultimate,111.0,101480.0,73750.0
VEH_005417,YV1XZH984219571,V60,MHEV,Ultimate,0.0,52864.0,38822.0
VEH_005418,YV1XZD587193534,EX30,Pure_EV,Core,69.0,42500.0,31200.0
VEH_005419,YV1XZE304823163,EX30,Pure_EV,Core,69.0,42500.0,31200.0
VEH_005420,YV1XZF679433317,XC60,PHEV,Plus,18.8,69660.0,49896.0
VEH_005421,YV1XZE918805585,EC40,Pure_EV,Plus,82.0,57780.0,42984.0
VEH_005422,YV1XZA378482739,EX90,Pure_EV,Core,111.0,86000.0,62500.0
VEH_005423,YV1XZC127536700,EX30,Pure_EV,Ultimate,69.0,50150.0,36816.0
VEH_005424,YV1XZA553612745,EX90,Pure_EV,Plus,111.0,92880.0,67500.0
VEH_005425,YV1XZC614655733,EX30,Pure_EV,Plus,69.0,45900.0,33696.0
VEH_005426,YV1XZH398425899,EX90,Pure_EV,Ultimate,111.0,101480.0,73750.0
VEH_005427,YV1XZA575790653,EX30,Pure_EV,Core,69.0,42500.0,31200.0
VEH_005428,YV1XZB563020978,V60,MHEV,Ultimate,0.0,52864.0,38822.0
VEH_005429,YV1XZA542747932,XC60,PHEV,Ultimate,18.8,76110.0,54516.0
VEH_005430,YV1XZC402149641,EX90,Pure_EV,Core,111.0,86000.0,62500.0
VEH_005431,YV1XZB467638808,XC90,PHEV,Ultimate,18.8,105020.0,75638.0
VEH_005432,YV1XZC988808735,EC40,Pure_EV,Plus,82.0,57780.0,42984.0
VEH_005433,YV1XZA338195561,V60,MHEV,Ultimate,0.0,52864.0,38822.0
VEH_005434,YV1XZE134770964,V60,MHEV,Ultimate,0.0,52864.0,38822.0
VEH_005435,YV1XZB118103437,EX90,Pure_EV,Core,111.0,86000.0,62500.0
VEH_005436,YV1XZG632991518,XC90,PHEV,Plus,18.8,96120.0,69228.0
VEH_005437,YV1XZH495744834,XC90,PHEV,Ultimate,18.8,105020.0,75638.0
VEH_005438,YV1XZB498237964,XC60,PHEV,Plus,18.8,69660.0,49896.0
VEH_005439,YV1XZF499399531,XC60,PHEV,Ultimate,18.8,76110.0,54516.0
VEH_005440,YV1XZC364245218,EC40,Pure_EV,Plus,82.0,57780.0,42984.0
VEH_005441,YV1XZB246951403,EC40,Pure_EV,Plus,82.0,57780.0,42984.0
VEH_005442,YV1XZG102933494,EC40,Pure_EV,Plus,82.0,57780.0,42984.0
VEH_005443,YV1XZA925875907,EX30,Pure_EV,Core,69.0,42500.0,31200.0
VEH_005444,YV1XZB141586445,EX30,Pure_EV,Ultimate,69.0,50150.0,36816.0
VEH_005445,YV1XZG694684773,EX90,Pure_EV,Core,111.0,86000.0,62500.0
VEH_005446,YV1XZH528034660,EX90,Pure_EV,Core,111.0,86000.0,62500.0
VEH_005447,YV1XZH273811268,EC40,Pure_EV,Core,82.0,53500.0,39800.0
VEH_005448,YV1XZA684515664,XC60,PHEV,Ultimate,18.8,76110.0,54516.0
VEH_005449,YV1XZB972239317,EX30,Pure_EV,Ultimate,69.0,50150.0,36816.0
VEH_005450,YV1XZF580779943,V60,MHEV,Ultimate,0.0,52864.0,38822.0
VEH_005451,YV1XZA872871438,EX30,Pure_EV,Core,69.0,42500.0,31200.0
VEH_005452,YV1XZA597631383,EX30,Pure_EV,Plus,69.0,45900.0,33696.0
VEH_005453,YV1XZA538716769,EX30,Pure_EV,Core,69.0,42500.0,31200.0
VEH_005454,YV1XZD157856516,XC60,PHEV,Core,18.8,64500.0,46200.0
VEH_005455,YV1XZD456631849,XC60,PHEV,Ultimate,18.8,76110.0,54516.0
VEH_005456,YV1XZE487750861,EX30,Pure_EV,Core,69.0,42500.0,31200.0
VEH_005457,YV1XZH422376563,XC90,PHEV,Plus,18.8,96120.0,69228.0
VEH_005458,YV1XZC222627606,EX90,Pure_EV,Plus,111.0,92880.0,67500.0
VEH_005459,YV1XZA118714899,V60,MHEV,Core,0.0,44800.0,32900.0
VEH_005460,YV1XZC474664565,XC90,PHEV,Plus,18.8,96120.0,69228.0
VEH_005461,YV1XZF579769138,XC90,PHEV,Ultimate,18.8,105020.0,75638.0
VEH_005462,YV1XZG740122235,XC60,PHEV,Ultimate,18.8,76110.0,54516.0
VEH_005463,YV1XZA319646669,EC40,Pure_EV,Plus,82.0,57780.0,42984.0
VEH_005464,YV1XZA458374978,EX30,Pure_EV,Ultimate,69.0,50150.0,36816.0
VEH_005465,YV1XZD751721227,EX90,Pure_EV,Ultimate,111.0,101480.0,73750.0
VEH_005466,YV1XZH372967863,XC60,PHEV,Core,18.8,64500.0,46200.0
VEH_005467,YV1XZG983896833,XC60,PHEV,Plus,18.8,69660.0,49896.0
VEH_005468,YV1XZF728297011,EX90,Pure_EV,Core,111.0,86000.0,62500.0
VEH_005469,YV1XZD991949861,EX30,Pure_EV,Ultimate,69.0,50150.0,36816.0
VEH_005470,YV1XZH120380266,EX90,Pure_EV,Ultimate,111.0,101480.0,73750.0
VEH_005471,YV1XZE532701137,EX30,Pure_EV,Core,69.0,42500.0,31200.0
VEH_005472,YV1XZB433505590,XC60,PHEV,Plus,18.8,69660.0,49896.0
VEH_005473,YV1XZA910778211,EC40,Pure_EV,Ultimate,82.0,63130.0,46964.0
VEH_005474,YV1XZA579888913,EX30,Pure_EV,Core,69.0,42500.0,31200.0
VEH_005475,YV1XZH233491252,XC90,PHEV,Plus,18.8,96120.0,69228.0
VEH_005476,YV1XZA904256965,EC40,Pure_EV,Core,82.0,53500.0,39800.0
VEH_005477,YV1XZD683984539,V60,MHEV,Plus,0.0,48384.0,35532.0
VEH_005478,YV1XZE716509119,XC90,PHEV,Core,18.8,89000.0,64100.0
VEH_005479,YV1XZD816947812,EX30,Pure_EV,Plus,69.0,45900.0,33696.0
VEH_005480,YV1XZF942305034,V60,MHEV,Core,0.0,44800.0,32900.0
VEH_005481,YV1XZE755582091,EX90,Pure_EV,Core,111.0,86000.0,62500.0
VEH_005482,YV1XZA967402943,XC90,PHEV,Ultimate,18.8,105020.0,75638.0
VEH_005483,YV1XZH524128244,XC90,PHEV,Plus,18.8,96120.0,69228.0
VEH_005484,YV1XZH785993891,XC90,PHEV,Ultimate,18.8,105020.0,75638.0
VEH_005485,YV1XZB313313615,EX90,Pure_EV,Ultimate,111.0,101480.0,73750.0
VEH_005486,YV1XZH835680345,XC60,PHEV,Ultimate,18.8,76110.0,54516.0
VEH_005487,YV1XZG747452339,EX30,Pure_EV,Plus,69.0,45900.0,33696.0
VEH_005488,YV1XZE209581171,XC90,PHEV,Ultimate,18.8,105020.0,75638.0
VEH_005489,YV1XZB259386090,XC60,PHEV,Plus,18.8,69660.0,49896.0
VEH_005490,YV1XZE152725202,EX90,Pure_EV,Plus,111.0,92880.0,67500.0
VEH_005491,YV1XZE366547610,XC60,PHEV,Plus,18.8,69660.0,49896.0
VEH_005492,YV1XZF569111042,EX90,Pure_EV,Core,111.0,86000.0,62500.0
VEH_005493,YV1XZE725845387,EX90,Pure_EV,Core,111.0,86000.0,62500.0
VEH_005494,YV1XZH966524048,XC90,PHEV,Core,18.8,89000.0,64100.0
VEH_005495,YV1XZE277320652,EX30,Pure_EV,Core,69.0,42500.0,31200.0
VEH_005496,YV1XZC128246876,XC60,PHEV,Ultimate,18.8,76110.0,54516.0
VEH_005497,YV1XZA653590410,EX90,Pure_EV,Plus,111.0,92880.0,67500.0
VEH_005498,YV1XZC213485048,XC60,PHEV,Ultimate,18.8,76110.0,54516.0
VEH_005499,YV1XZA270036116,EX30,Pure_EV,Plus,69.0,45900.0,33696.0
VEH_005500,YV1XZA777342791,V60,MHEV,Ultimate,0.0,52864.0,38822.0
VEH_005501,YV1XZE202089278,V60,MHEV,Ultimate,0.0,52864.0,38822.0
VEH_005502,YV1XZD496615519,XC90,PHEV,Core,18.8,89000.0,64100.0
VEH_005503,YV1XZH257416872,V60,MHEV,Ultimate,0.0,52864.0,38822.0
VEH_005504,YV1XZH124065944,EX30,Pure_EV,Core,69.0,42500.0,31200.0
VEH_005505,YV1XZE810265553,V60,MHEV,Ultimate,0.0,52864.0,38822.0
VEH_005506,YV1XZB686926776,XC90,PHEV,Core,18.8,89000.0,64100.0
VEH_005507,YV1XZE674563494,XC60,PHEV,Plus,18.8,69660.0,49896.0
VEH_005508,YV1XZB584570388,EX90,Pure_EV,Core,111.0,86000.0,62500.0
VEH_005509,YV1XZD713200664,EC40,Pure_EV,Ultimate,82.0,63130.0,46964.0
VEH_005510,YV1XZF569942271,XC60,PHEV,Ultimate,18.8,76110.0,54516.0
VEH_005511,YV1XZC166265416,EX30,Pure_EV,Ultimate,69.0,50150.0,36816.0
VEH_005512,YV1XZA549669742,EX30,Pure_EV,Plus,69.0,45900.0,33696.0
VEH_005513,YV1XZH815739157,XC60,PHEV,Plus,18.8,69660.0,49896.0
VEH_005514,YV1XZD508290225,EX30,Pure_EV,Core,69.0,42500.0,31200.0
VEH_005515,YV1XZE739606946,XC90,PHEV,Core,18.8,89000.0,64100.0
VEH_005516,YV1XZB269469724,XC60,PHEV,Core,18.8,64500.0,46200.0
VEH_005517,YV1XZE949827238,XC90,PHEV,Plus,18.8,96120.0,69228.0
VEH_005518,YV1XZG700961387,EX90,Pure_EV,Ultimate,111.0,101480.0,73750.0
VEH_005519,YV1XZH879757156,XC90,PHEV,Core,18.8,89000.0,64100.0
VEH_005520,YV1XZH813591018,XC60,PHEV,Ultimate,18.8,76110.0,54516.0
VEH_005521,YV1XZE146315523,V60,MHEV,Core,0.0,44800.0,32900.0
VEH_005522,YV1XZD865988089,XC90,PHEV,Plus,18.8,96120.0,69228.0
VEH_005523,YV1XZB948381236,EX30,Pure_EV,Plus,69.0,45900.0,33696.0
VEH_005524,YV1XZB480759635,XC90,PHEV,Plus,18.8,96120.0,69228.0
VEH_005525,YV1XZH692542280,XC60,PHEV,Core,18.8,64500.0,46200.0
VEH_005526,YV1XZC623456429,V60,MHEV,Core,0.0,44800.0,32900.0
VEH_005527,YV1XZD457885569,EC40,Pure_EV,Ultimate,82.0,63130.0,46964.0
VEH_005528,YV1XZF214899916,V60,MHEV,Plus,0.0,48384.0,35532.0
VEH_005529,YV1XZG295126001,XC60,PHEV,Ultimate,18.8,76110.0,54516.0
VEH_005530,YV1XZA749341943,EC40,Pure_EV,Ultimate,82.0,63130.0,46964.0
VEH_005531,YV1XZE996667415,XC60,PHEV,Ultimate,18.8,76110.0,54516.0
VEH_005532,YV1XZG687120355,XC90,PHEV,Plus,18.8,96120.0,69228.0
VEH_005533,YV1XZE756919472,EX90,Pure_EV,Ultimate,111.0,101480.0,73750.0
VEH_005534,YV1XZE586469216,XC60,PHEV,Core,18.8,64500.0,46200.0
VEH_005535,YV1XZC169535444,XC90,PHEV,Plus,18.8,96120.0,69228.0
VEH_005536,YV1XZC702190000,XC60,PHEV,Core,18.8,64500.0,46200.0
VEH_005537,YV1XZG252836083,EC40,Pure_EV,Core,82.0,53500.0,39800.0
VEH_005538,YV1XZD986395143,EX90,Pure_EV,Plus,111.0,92880.0,67500.0
VEH_005539,YV1XZE682633420,V60,MHEV,Plus,0.0,48384.0,35532.0
VEH_005540,YV1XZA639590531,XC90,PHEV,Core,18.8,89000.0,64100.0
VEH_005541,YV1XZE674046082,XC90,PHEV,Core,18.8,89000.0,64100.0
VEH_005542,YV1XZD759363642,XC60,PHEV,Ultimate,18.8,76110.0,54516.0
VEH_005543,YV1XZC377596175,EX30,Pure_EV,Plus,69.0,45900.0,33696.0
VEH_005544,YV1XZC908415147,XC60,PHEV,Plus,18.8,69660.0,49896.0
VEH_005545,YV1XZB556248404,XC90,PHEV,Plus,18.8,96120.0,69228.0
VEH_005546,YV1XZB195758283,EX30,Pure_EV,Ultimate,69.0,50150.0,36816.0
VEH_005547,YV1XZD990879569,EC40,Pure_EV,Core,82.0,53500.0,39800.0
VEH_005548,YV1XZD484128039,EX30,Pure_EV,Ultimate,69.0,50150.0,36816.0
VEH_005549,YV1XZC981271946,V60,MHEV,Ultimate,0.0,52864.0,38822.0
VEH_005550,YV1XZG215921670,EX90,Pure_EV,Ultimate,111.0,101480.0,73750.0
VEH_005551,YV1XZH872787506,EX90,Pure_EV,Core,111.0,86000.0,62500.0
VEH_005552,YV1XZF300339143,XC60,PHEV,Core,18.8,64500.0,46200.0
VEH_005553,YV1XZE444904727,EX90,Pure_EV,Core,111.0,86000.0,62500.0
VEH_005554,YV1XZB530149880,XC90,PHEV,Ultimate,18.8,105020.0,75638.0
VEH_005555,YV1XZA277783040,EC40,Pure_EV,Ultimate,82.0,63130.0,46964.0
VEH_005556,YV1XZE632137816,EC40,Pure_EV,Plus,82.0,57780.0,42984.0
VEH_005557,YV1XZB761725207,EX90,Pure_EV,Plus,111.0,92880.0,67500.0
VEH_005558,YV1XZF798239012,EX30,Pure_EV,Plus,69.0,45900.0,33696.0
VEH_005559,YV1XZE393775870,EX30,Pure_EV,Core,69.0,42500.0,31200.0
VEH_005560,YV1XZG531713735,EX30,Pure_EV,Ultimate,69.0,50150.0,36816.0
VEH_005561,YV1XZH902645429,EX30,Pure_EV,Plus,69.0,45900.0,33696.0
VEH_005562,YV1XZC851828237,EX30,Pure_EV,Ultimate,69.0,50150.0,36816.0
VEH_005563,YV1XZA687019356,EC40,Pure_EV,Ultimate,82.0,63130.0,46964.0
VEH_005564,YV1XZA530253315,XC90,PHEV,Ultimate,18.8,105020.0,75638.0
VEH_005565,YV1XZC204043553,XC60,PHEV,Ultimate,18.8,76110.0,54516.0
VEH_005566,YV1XZH390844530,EC40,Pure_EV,Core,82.0,53500.0,39800.0
VEH_005567,YV1XZB945332098,XC60,PHEV,Ultimate,18.8,76110.0,54516.0
VEH_005568,YV1XZC523612240,EX90,Pure_EV,Plus,111.0,92880.0,67500.0
VEH_005569,YV1XZE686171791,V60,MHEV,Plus,0.0,48384.0,35532.0
VEH_005570,YV1XZD850417486,XC60,PHEV,Ultimate,18.8,76110.0,54516.0
VEH_005571,YV1XZH434594896,XC90,PHEV,Plus,18.8,96120.0,69228.0
VEH_005572,YV1XZE839474334,XC90,PHEV,Plus,18.8,96120.0,69228.0
VEH_005573,YV1XZF731738359,EX30,Pure_EV,Plus,69.0,45900.0,33696.0
VEH_005574,YV1XZA218805217,EC40,Pure_EV,Plus,82.0,57780.0,42984.0
VEH_005575,YV1XZC875651322,EX30,Pure_EV,Ultimate,69.0,50150.0,36816.0
VEH_005576,YV1XZC162908464,XC90,PHEV,Ultimate,18.8,105020.0,75638.0
VEH_005577,YV1XZF364566226,V60,MHEV,Plus,0.0,48384.0,35532.0
VEH_005578,YV1XZA477163672,V60,MHEV,Plus,0.0,48384.0,35532.0
VEH_005579,YV1XZH184402899,EX30,Pure_EV,Core,69.0,42500.0,31200.0
VEH_005580,YV1XZA343813723,XC60,PHEV,Ultimate,18.8,76110.0,54516.0
VEH_005581,YV1XZG322416531,XC90,PHEV,Ultimate,18.8,105020.0,75638.0
VEH_005582,YV1XZD541081964,XC60,PHEV,Plus,18.8,69660.0,49896.0
VEH_005583,YV1XZC207383106,V60,MHEV,Ultimate,0.0,52864.0,38822.0
VEH_005584,YV1XZE451815637,XC90,PHEV,Ultimate,18.8,105020.0,75638.0
VEH_005585,YV1XZA506929818,EC40,Pure_EV,Ultimate,82.0,63130.0,46964.0
VEH_005586,YV1XZA126600019,XC60,PHEV,Core,18.8,64500.0,46200.0
VEH_005587,YV1XZE966502737,XC90,PHEV,Ultimate,18.8,105020.0,75638.0
VEH_005588,YV1XZE292121985,EX90,Pure_EV,Plus,111.0,92880.0,67500.0
VEH_005589,YV1XZG502701150,EX30,Pure_EV,Plus,69.0,45900.0,33696.0
VEH_005590,YV1XZG563147801,V60,MHEV,Plus,0.0,48384.0,35532.0
VEH_005591,YV1XZA450978803,XC60,PHEV,Plus,18.8,69660.0,49896.0
VEH_005592,YV1XZC115413645,XC60,PHEV,Plus,18.8,69660.0,49896.0
VEH_005593,YV1XZG491043371,EC40,Pure_EV,Plus,82.0,57780.0,42984.0
VEH_005594,YV1XZF677155507,XC60,PHEV,Plus,18.8,69660.0,49896.0
VEH_005595,YV1XZH940221054,EX30,Pure_EV,Ultimate,69.0,50150.0,36816.0
VEH_005596,YV1XZD306467147,EC40,Pure_EV,Plus,82.0,57780.0,42984.0
VEH_005597,YV1XZA556502904,XC90,PHEV,Ultimate,18.8,105020.0,75638.0
VEH_005598,YV1XZF377120463,EX90,Pure_EV,Core,111.0,86000.0,62500.0
VEH_005599,YV1XZC780251241,XC60,PHEV,Plus,18.8,69660.0,49896.0
VEH_005600,YV1XZF852261831,EX90,Pure_EV,Plus,111.0,92880.0,67500.0
VEH_005601,YV1XZB525728311,EC40,Pure_EV,Core,82.0,53500.0,39800.0
VEH_005602,YV1XZF345781771,V60,MHEV,Plus,0.0,48384.0,35532.0
VEH_005603,YV1XZG272082305,EX30,Pure_EV,Core,69.0,42500.0,31200.0
VEH_005604,YV1XZC263376073,EX90,Pure_EV,Core,111.0,86000.0,62500.0
VEH_005605,YV1XZH559756902,EC40,Pure_EV,Core,82.0,53500.0,39800.0
VEH_005606,YV1XZH433521676,XC60,PHEV,Ultimate,18.8,76110.0,54516.0
VEH_005607,YV1XZF758497009,XC60,PHEV,Core,18.8,64500.0,46200.0
VEH_005608,YV1XZA211300111,EX30,Pure_EV,Plus,69.0,45900.0,33696.0
VEH_005609,YV1XZE861434312,EX30,Pure_EV,Core,69.0,42500.0,31200.0
VEH_005610,YV1XZF640479208,EX30,Pure_EV,Core,69.0,42500.0,31200.0
VEH_005611,YV1XZG164390815,EC40,Pure_EV,Ultimate,82.0,63130.0,46964.0
VEH_005612,YV1XZA216337617,EX30,Pure_EV,Ultimate,69.0,50150.0,36816.0
VEH_005613,YV1XZG616684946,XC60,PHEV,Ultimate,18.8,76110.0,54516.0
VEH_005614,YV1XZC310328639,V60,MHEV,Plus,0.0,48384.0,35532.0
VEH_005615,YV1XZF576836223,EX30,Pure_EV,Core,69.0,42500.0,31200.0
VEH_005616,YV1XZH244858524,EX30,Pure_EV,Plus,69.0,45900.0,33696.0
VEH_005617,YV1XZE276211710,V60,MHEV,Plus,0.0,48384.0,35532.0
VEH_005618,YV1XZB258135051,V60,MHEV,Plus,0.0,48384.0,35532.0
VEH_005619,YV1XZC157414283,V60,MHEV,Core,0.0,44800.0,32900.0
VEH_005620,YV1XZE345680253,EX90,Pure_EV,Ultimate,111.0,101480.0,73750.0
VEH_005621,YV1XZF344787311,V60,MHEV,Plus,0.0,48384.0,35532.0
VEH_005622,YV1XZG908054052,XC60,PHEV,Plus,18.8,69660.0,49896.0
VEH_005623,YV1XZH694968538,XC90,PHEV,Core,18.8,89000.0,64100.0
VEH_005624,YV1XZC495669330,EC40,Pure_EV,Ultimate,82.0,63130.0,46964.0
VEH_005625,YV1XZC432605434,EC40,Pure_EV,Ultimate,82.0,63130.0,46964.0
VEH_005626,YV1XZD640588944,EX90,Pure_EV,Core,111.0,86000.0,62500.0
VEH_005627,YV1XZF955681940,EC40,Pure_EV,Plus,82.0,57780.0,42984.0
VEH_005628,YV1XZA825656872,EC40,Pure_EV,Core,82.0,53500.0,39800.0
VEH_005629,YV1XZE800961485,XC60,PHEV,Plus,18.8,69660.0,49896.0
VEH_005630,YV1XZH463503699,EC40,Pure_EV,Plus,82.0,57780.0,42984.0
VEH_005631,YV1XZD182360064,V60,MHEV,Core,0.0,44800.0,32900.0
VEH_005632,YV1XZD265532151,EX30,Pure_EV,Core,69.0,42500.0,31200.0
VEH_005633,YV1XZE926513766,V60,MHEV,Plus,0.0,48384.0,35532.0
VEH_005634,YV1XZH832476711,XC90,PHEV,Ultimate,18.8,105020.0,75638.0
VEH_005635,YV1XZB583989254,XC90,PHEV,Ultimate,18.8,105020.0,75638.0
VEH_005636,YV1XZD360807808,XC60,PHEV,Plus,18.8,69660.0,49896.0
VEH_005637,YV1XZC625365994,V60,MHEV,Plus,0.0,48384.0,35532.0
VEH_005638,YV1XZD994001774,EX90,Pure_EV,Core,111.0,86000.0,62500.0
VEH_005639,YV1XZG835602271,XC90,PHEV,Ultimate,18.8,105020.0,75638.0
VEH_005640,YV1XZH479707524,EX90,Pure_EV,Core,111.0,86000.0,62500.0
VEH_005641,YV1XZA960277776,V60,MHEV,Core,0.0,44800.0,32900.0
VEH_005642,YV1XZG365147627,EX30,Pure_EV,Ultimate,69.0,50150.0,36816.0
VEH_005643,YV1XZF867465756,EX30,Pure_EV,Plus,69.0,45900.0,33696.0
VEH_005644,YV1XZA515122551,V60,MHEV,Core,0.0,44800.0,32900.0
VEH_005645,YV1XZF872220738,XC90,PHEV,Core,18.8,89000.0,64100.0
VEH_005646,YV1XZC386437094,XC90,PHEV,Ultimate,18.8,105020.0,75638.0
VEH_005647,YV1XZF346443488,XC90,PHEV,Core,18.8,89000.0,64100.0
VEH_005648,YV1XZA851624282,EC40,Pure_EV,Core,82.0,53500.0,39800.0
VEH_005649,YV1XZB652657298,V60,MHEV,Ultimate,0.0,52864.0,38822.0
VEH_005650,YV1XZG573027930,EX30,Pure_EV,Ultimate,69.0,50150.0,36816.0
VEH_005651,YV1XZE652105788,XC60,PHEV,Ultimate,18.8,76110.0,54516.0
VEH_005652,YV1XZF284952000,EX30,Pure_EV,Plus,69.0,45900.0,33696.0
VEH_005653,YV1XZE819434865,EC40,Pure_EV,Plus,82.0,57780.0,42984.0
VEH_005654,YV1XZE559021927,EC40,Pure_EV,Plus,82.0,57780.0,42984.0
VEH_005655,YV1XZD979876924,EX30,Pure_EV,Ultimate,69.0,50150.0,36816.0
VEH_005656,YV1XZB610147017,XC90,PHEV,Plus,18.8,96120.0,69228.0
VEH_005657,YV1XZD583545083,XC90,PHEV,Ultimate,18.8,105020.0,75638.0
VEH_005658,YV1XZB116717723,V60,MHEV,Ultimate,0.0,52864.0,38822.0
VEH_005659,YV1XZF358689711,V60,MHEV,Ultimate,0.0,52864.0,38822.0
VEH_005660,YV1XZB257929769,V60,MHEV,Ultimate,0.0,52864.0,38822.0
VEH_005661,YV1XZE678603686,XC90,PHEV,Plus,18.8,96120.0,69228.0
VEH_005662,YV1XZG729562581,V60,MHEV,Plus,0.0,48384.0,35532.0
VEH_005663,YV1XZC920697572,XC90,PHEV,Ultimate,18.8,105020.0,75638.0
VEH_005664,YV1XZA428645576,V60,MHEV,Ultimate,0.0,52864.0,38822.0
VEH_005665,YV1XZC999269991,EC40,Pure_EV,Plus,82.0,57780.0,42984.0
VEH_005666,YV1XZE582554755,XC60,PHEV,Core,18.8,64500.0,46200.0
VEH_005667,YV1XZE504631194,V60,MHEV,Core,0.0,44800.0,32900.0
VEH_005668,YV1XZB882649759,EX90,Pure_EV,Core,111.0,86000.0,62500.0
VEH_005669,YV1XZG862864148,XC90,PHEV,Ultimate,18.8,105020.0,75638.0
VEH_005670,YV1XZE241949922,EC40,Pure_EV,Core,82.0,53500.0,39800.0
VEH_005671,YV1XZD736077031,EX90,Pure_EV,Ultimate,111.0,101480.0,73750.0
VEH_005672,YV1XZD355837418,XC60,PHEV,Core,18.8,64500.0,46200.0
VEH_005673,YV1XZC221042498,XC90,PHEV,Core,18.8,89000.0,64100.0
VEH_005674,YV1XZH132301980,V60,MHEV,Ultimate,0.0,52864.0,38822.0
VEH_005675,YV1XZD285115751,XC60,PHEV,Core,18.8,64500.0,46200.0
VEH_005676,YV1XZA864172053,XC90,PHEV,Ultimate,18.8,105020.0,75638.0
VEH_005677,YV1XZD280155891,XC90,PHEV,Ultimate,18.8,105020.0,75638.0
VEH_005678,YV1XZA976403466,EX90,Pure_EV,Core,111.0,86000.0,62500.0
VEH_005679,YV1XZC346981498,EX30,Pure_EV,Core,69.0,42500.0,31200.0
VEH_005680,YV1XZA167678760,EX90,Pure_EV,Core,111.0,86000.0,62500.0
VEH_005681,YV1XZG595326907,V60,MHEV,Ultimate,0.0,52864.0,38822.0
VEH_005682,YV1XZB148650818,XC60,PHEV,Plus,18.8,69660.0,49896.0
VEH_005683,YV1XZH867581473,EX30,Pure_EV,Ultimate,69.0,50150.0,36816.0
VEH_005684,YV1XZA688132450,XC60,PHEV,Core,18.8,64500.0,46200.0
VEH_005685,YV1XZD500152809,EX30,Pure_EV,Plus,69.0,45900.0,33696.0
VEH_005686,YV1XZE166262563,XC60,PHEV,Core,18.8,64500.0,46200.0
VEH_005687,YV1XZE442872280,V60,MHEV,Core,0.0,44800.0,32900.0
VEH_005688,YV1XZB733113217,V60,MHEV,Core,0.0,44800.0,32900.0
VEH_005689,YV1XZH396743138,XC90,PHEV,Core,18.8,89000.0,64100.0
VEH_005690,YV1XZC309366141,XC60,PHEV,Ultimate,18.8,76110.0,54516.0
VEH_005691,YV1XZG732113521,EC40,Pure_EV,Plus,82.0,57780.0,42984.0
VEH_005692,YV1XZB137440529,EC40,Pure_EV,Ultimate,82.0,63130.0,46964.0
VEH_005693,YV1XZA590747323,EX30,Pure_EV,Core,69.0,42500.0,31200.0
VEH_005694,YV1XZA497347055,XC60,PHEV,Core,18.8,64500.0,46200.0
VEH_005695,YV1XZG569799493,EC40,Pure_EV,Plus,82.0,57780.0,42984.0
VEH_005696,YV1XZA839842062,EX30,Pure_EV,Plus,69.0,45900.0,33696.0
VEH_005697,YV1XZG817734089,EX30,Pure_EV,Plus,69.0,45900.0,33696.0
VEH_005698,YV1XZE198813813,XC60,PHEV,Plus,18.8,69660.0,49896.0
VEH_005699,YV1XZG498324344,EX30,Pure_EV,Core,69.0,42500.0,31200.0
VEH_005700,YV1XZB855999768,EC40,Pure_EV,Core,82.0,53500.0,39800.0
VEH_005701,YV1XZA967328764,EX90,Pure_EV,Plus,111.0,92880.0,67500.0
VEH_005702,YV1XZF207987918,XC60,PHEV,Ultimate,18.8,76110.0,54516.0
VEH_005703,YV1XZE929386021,XC60,PHEV,Ultimate,18.8,76110.0,54516.0
VEH_005704,YV1XZA661344438,XC90,PHEV,Plus,18.8,96120.0,69228.0
VEH_005705,YV1XZF930008417,XC90,PHEV,Core,18.8,89000.0,64100.0
VEH_005706,YV1XZG550639157,XC90,PHEV,Core,18.8,89000.0,64100.0
VEH_005707,YV1XZE694811192,XC90,PHEV,Core,18.8,89000.0,64100.0
VEH_005708,YV1XZG271053100,EX90,Pure_EV,Plus,111.0,92880.0,67500.0
VEH_005709,YV1XZH942792459,XC60,PHEV,Ultimate,18.8,76110.0,54516.0
VEH_005710,YV1XZD679751450,EX30,Pure_EV,Ultimate,69.0,50150.0,36816.0
VEH_005711,YV1XZB607319842,XC60,PHEV,Ultimate,18.8,76110.0,54516.0
VEH_005712,YV1XZH939225097,XC90,PHEV,Ultimate,18.8,105020.0,75638.0
VEH_005713,YV1XZF132893947,XC90,PHEV,Core,18.8,89000.0,64100.0
VEH_005714,YV1XZG293928606,EC40,Pure_EV,Ultimate,82.0,63130.0,46964.0
VEH_005715,YV1XZB711334576,EC40,Pure_EV,Plus,82.0,57780.0,42984.0
VEH_005716,YV1XZA844332287,XC60,PHEV,Plus,18.8,69660.0,49896.0
VEH_005717,YV1XZC123919685,XC90,PHEV,Core,18.8,89000.0,64100.0
VEH_005718,YV1XZG853275197,EX30,Pure_EV,Core,69.0,42500.0,31200.0
VEH_005719,YV1XZC508172677,EC40,Pure_EV,Plus,82.0,57780.0,42984.0
VEH_005720,YV1XZB694097076,EX30,Pure_EV,Plus,69.0,45900.0,33696.0
VEH_005721,YV1XZF249465081,EX30,Pure_EV,Ultimate,69.0,50150.0,36816.0
VEH_005722,YV1XZF460363222,EX30,Pure_EV,Plus,69.0,45900.0,33696.0
VEH_005723,YV1XZB594533964,XC90,PHEV,Plus,18.8,96120.0,69228.0
VEH_005724,YV1XZE858132966,XC60,PHEV,Plus,18.8,69660.0,49896.0
VEH_005725,YV1XZC624284242,EX30,Pure_EV,Ultimate,69.0,50150.0,36816.0
VEH_005726,YV1XZC941876251,EC40,Pure_EV,Plus,82.0,57780.0,42984.0
VEH_005727,YV1XZC401002995,EX30,Pure_EV,Core,69.0,42500.0,31200.0
VEH_005728,YV1XZG247930241,EX30,Pure_EV,Ultimate,69.0,50150.0,36816.0
VEH_005729,YV1XZC274717968,XC60,PHEV,Plus,18.8,69660.0,49896.0
VEH_005730,YV1XZH458916917,EX90,Pure_EV,Ultimate,111.0,101480.0,73750.0
VEH_005731,YV1XZB582409760,XC90,PHEV,Ultimate,18.8,105020.0,75638.0
VEH_005732,YV1XZE874174394,EX30,Pure_EV,Ultimate,69.0,50150.0,36816.0
VEH_005733,YV1XZE241616184,V60,MHEV,Plus,0.0,48384.0,35532.0
VEH_005734,YV1XZF831234560,EX30,Pure_EV,Ultimate,69.0,50150.0,36816.0
VEH_005735,YV1XZH994898284,EC40,Pure_EV,Plus,82.0,57780.0,42984.0
VEH_005736,YV1XZG936984208,EX30,Pure_EV,Plus,69.0,45900.0,33696.0
VEH_005737,YV1XZA720599003,XC90,PHEV,Core,18.8,89000.0,64100.0
VEH_005738,YV1XZF633590589,EX90,Pure_EV,Core,111.0,86000.0,62500.0
VEH_005739,YV1XZA888467237,EX30,Pure_EV,Ultimate,69.0,50150.0,36816.0
VEH_005740,YV1XZG335747842,EX30,Pure_EV,Core,69.0,42500.0,31200.0
VEH_005741,YV1XZG395396016,V60,MHEV,Plus,0.0,48384.0,35532.0
VEH_005742,YV1XZC326851705,EX30,Pure_EV,Plus,69.0,45900.0,33696.0
VEH_005743,YV1XZH290723740,EX90,Pure_EV,Plus,111.0,92880.0,67500.0
VEH_005744,YV1XZF874296165,XC90,PHEV,Core,18.8,89000.0,64100.0
VEH_005745,YV1XZA195519439,EC40,Pure_EV,Core,82.0,53500.0,39800.0
VEH_005746,YV1XZC272784128,XC60,PHEV,Ultimate,18.8,76110.0,54516.0
VEH_005747,YV1XZH358095832,V60,MHEV,Plus,0.0,48384.0,35532.0
VEH_005748,YV1XZG177833387,EX30,Pure_EV,Core,69.0,42500.0,31200.0
VEH_005749,YV1XZF106707662,XC60,PHEV,Ultimate,18.8,76110.0,54516.0
VEH_005750,YV1XZA944284468,XC60,PHEV,Core,18.8,64500.0,46200.0
VEH_005751,YV1XZA198211758,EC40,Pure_EV,Ultimate,82.0,63130.0,46964.0
VEH_005752,YV1XZF101101330,EX30,Pure_EV,Ultimate,69.0,50150.0,36816.0
VEH_005753,YV1XZH966791318,XC90,PHEV,Core,18.8,89000.0,64100.0
VEH_005754,YV1XZB438210820,EX30,Pure_EV,Ultimate,69.0,50150.0,36816.0
VEH_005755,YV1XZB902655870,EX90,Pure_EV,Plus,111.0,92880.0,67500.0
VEH_005756,YV1XZF344182593,EX30,Pure_EV,Ultimate,69.0,50150.0,36816.0
VEH_005757,YV1XZC314329144,XC60,PHEV,Core,18.8,64500.0,46200.0
VEH_005758,YV1XZH176107007,EX30,Pure_EV,Core,69.0,42500.0,31200.0
VEH_005759,YV1XZF830665669,XC60,PHEV,Ultimate,18.8,76110.0,54516.0
VEH_005760,YV1XZH375334983,EX30,Pure_EV,Core,69.0,42500.0,31200.0
VEH_005761,YV1XZB641359164,V60,MHEV,Ultimate,0.0,52864.0,38822.0
VEH_005762,YV1XZF850681734,XC90,PHEV,Plus,18.8,96120.0,69228.0
VEH_005763,YV1XZC956254086,EC40,Pure_EV,Core,82.0,53500.0,39800.0
VEH_005764,YV1XZH543674807,XC90,PHEV,Ultimate,18.8,105020.0,75638.0
VEH_005765,YV1XZD542515870,XC90,PHEV,Ultimate,18.8,105020.0,75638.0
VEH_005766,YV1XZE399604609,EC40,Pure_EV,Core,82.0,53500.0,39800.0
VEH_005767,YV1XZG998005043,XC60,PHEV,Core,18.8,64500.0,46200.0
VEH_005768,YV1XZC609098500,V60,MHEV,Core,0.0,44800.0,32900.0
VEH_005769,YV1XZB328940430,EX90,Pure_EV,Plus,111.0,92880.0,67500.0
VEH_005770,YV1XZA376828821,V60,MHEV,Core,0.0,44800.0,32900.0
VEH_005771,YV1XZC477737014,EC40,Pure_EV,Core,82.0,53500.0,39800.0
VEH_005772,YV1XZG338133430,XC90,PHEV,Ultimate,18.8,105020.0,75638.0
VEH_005773,YV1XZB602803298,V60,MHEV,Core,0.0,44800.0,32900.0
VEH_005774,YV1XZF570138283,EC40,Pure_EV,Core,82.0,53500.0,39800.0
VEH_005775,YV1XZD462275233,EC40,Pure_EV,Ultimate,82.0,63130.0,46964.0
VEH_005776,YV1XZA535543580,EX90,Pure_EV,Plus,111.0,92880.0,67500.0
VEH_005777,YV1XZG141787662,EC40,Pure_EV,Ultimate,82.0,63130.0,46964.0
VEH_005778,YV1XZH308044071,V60,MHEV,Plus,0.0,48384.0,35532.0
VEH_005779,YV1XZD870675831,XC90,PHEV,Ultimate,18.8,105020.0,75638.0
VEH_005780,YV1XZD687511227,EC40,Pure_EV,Plus,82.0,57780.0,42984.0
VEH_005781,YV1XZF959210287,EC40,Pure_EV,Core,82.0,53500.0,39800.0
VEH_005782,YV1XZE535823416,EX90,Pure_EV,Plus,111.0,92880.0,67500.0
VEH_005783,YV1XZA455245683,EX90,Pure_EV,Ultimate,111.0,101480.0,73750.0
VEH_005784,YV1XZH976500176,EC40,Pure_EV,Core,82.0,53500.0,39800.0
VEH_005785,YV1XZA522489000,XC60,PHEV,Plus,18.8,69660.0,49896.0
VEH_005786,YV1XZF478428730,EC40,Pure_EV,Plus,82.0,57780.0,42984.0
VEH_005787,YV1XZG271214325,EX30,Pure_EV,Plus,69.0,45900.0,33696.0
VEH_005788,YV1XZC882958075,EX90,Pure_EV,Ultimate,111.0,101480.0,73750.0
VEH_005789,YV1XZA680724838,EX30,Pure_EV,Ultimate,69.0,50150.0,36816.0
VEH_005790,YV1XZB145639583,EC40,Pure_EV,Plus,82.0,57780.0,42984.0
VEH_005791,YV1XZE884497112,XC60,PHEV,Ultimate,18.8,76110.0,54516.0
VEH_005792,YV1XZB350794956,EX30,Pure_EV,Ultimate,69.0,50150.0,36816.0
VEH_005793,YV1XZB596820037,EX30,Pure_EV,Core,69.0,42500.0,31200.0
VEH_005794,YV1XZB745347846,XC90,PHEV,Plus,18.8,96120.0,69228.0
VEH_005795,YV1XZC452760649,V60,MHEV,Core,0.0,44800.0,32900.0
VEH_005796,YV1XZH832267407,EC40,Pure_EV,Ultimate,82.0,63130.0,46964.0
VEH_005797,YV1XZC280592735,XC60,PHEV,Core,18.8,64500.0,46200.0
VEH_005798,YV1XZG869966041,V60,MHEV,Core,0.0,44800.0,32900.0
VEH_005799,YV1XZD438365083,XC90,PHEV,Plus,18.8,96120.0,69228.0
VEH_005800,YV1XZB832923209,EC40,Pure_EV,Ultimate,82.0,63130.0,46964.0
VEH_005801,YV1XZB816036980,EX90,Pure_EV,Core,111.0,86000.0,62500.0
VEH_005802,YV1XZH436883282,EX90,Pure_EV,Core,111.0,86000.0,62500.0
VEH_005803,YV1XZA111355547,XC90,PHEV,Plus,18.8,96120.0,69228.0
VEH_005804,YV1XZA184761083,EX90,Pure_EV,Plus,111.0,92880.0,67500.0
VEH_005805,YV1XZF330423680,EC40,Pure_EV,Core,82.0,53500.0,39800.0
VEH_005806,YV1XZF956789742,V60,MHEV,Core,0.0,44800.0,32900.0
VEH_005807,YV1XZE572612347,V60,MHEV,Ultimate,0.0,52864.0,38822.0
VEH_005808,YV1XZF134349664,V60,MHEV,Ultimate,0.0,52864.0,38822.0
VEH_005809,YV1XZA996309776,XC60,PHEV,Plus,18.8,69660.0,49896.0
VEH_005810,YV1XZH856112323,XC60,PHEV,Core,18.8,64500.0,46200.0
VEH_005811,YV1XZH738833926,EX90,Pure_EV,Core,111.0,86000.0,62500.0
VEH_005812,YV1XZF860528097,XC90,PHEV,Core,18.8,89000.0,64100.0
VEH_005813,YV1XZF791396646,V60,MHEV,Ultimate,0.0,52864.0,38822.0
VEH_005814,YV1XZB151694764,EX30,Pure_EV,Core,69.0,42500.0,31200.0
VEH_005815,YV1XZE827501338,EX30,Pure_EV,Plus,69.0,45900.0,33696.0
VEH_005816,YV1XZE929853555,XC90,PHEV,Core,18.8,89000.0,64100.0
VEH_005817,YV1XZD840913392,V60,MHEV,Core,0.0,44800.0,32900.0
VEH_005818,YV1XZA397892654,XC90,PHEV,Core,18.8,89000.0,64100.0
VEH_005819,YV1XZA330331543,EC40,Pure_EV,Core,82.0,53500.0,39800.0
VEH_005820,YV1XZE169159137,XC60,PHEV,Core,18.8,64500.0,46200.0
VEH_005821,YV1XZE773086870,EX30,Pure_EV,Ultimate,69.0,50150.0,36816.0
VEH_005822,YV1XZD802164038,XC90,PHEV,Core,18.8,89000.0,64100.0
VEH_005823,YV1XZC685665348,EC40,Pure_EV,Ultimate,82.0,63130.0,46964.0
VEH_005824,YV1XZD501364498,EC40,Pure_EV,Plus,82.0,57780.0,42984.0
VEH_005825,YV1XZF257311688,V60,MHEV,Ultimate,0.0,52864.0,38822.0
VEH_005826,YV1XZG175872400,EX30,Pure_EV,Plus,69.0,45900.0,33696.0
VEH_005827,YV1XZG622797135,EX30,Pure_EV,Core,69.0,42500.0,31200.0
VEH_005828,YV1XZA791624301,XC90,PHEV,Ultimate,18.8,105020.0,75638.0
VEH_005829,YV1XZG985029339,EX30,Pure_EV,Plus,69.0,45900.0,33696.0
VEH_005830,YV1XZB687052578,XC90,PHEV,Core,18.8,89000.0,64100.0
VEH_005831,YV1XZH612712419,XC60,PHEV,Ultimate,18.8,76110.0,54516.0
VEH_005832,YV1XZD614302988,EC40,Pure_EV,Core,82.0,53500.0,39800.0
VEH_005833,YV1XZC869503997,XC90,PHEV,Plus,18.8,96120.0,69228.0
VEH_005834,YV1XZD712329191,EX90,Pure_EV,Ultimate,111.0,101480.0,73750.0
VEH_005835,YV1XZF341622302,EC40,Pure_EV,Plus,82.0,57780.0,42984.0
VEH_005836,YV1XZG626967265,EX30,Pure_EV,Core,69.0,42500.0,31200.0
VEH_005837,YV1XZC458816898,XC60,PHEV,Plus,18.8,69660.0,49896.0
VEH_005838,YV1XZD272528958,EC40,Pure_EV,Core,82.0,53500.0,39800.0
VEH_005839,YV1XZA178252732,V60,MHEV,Plus,0.0,48384.0,35532.0
VEH_005840,YV1XZG436192432,XC60,PHEV,Core,18.8,64500.0,46200.0
VEH_005841,YV1XZG297187203,EC40,Pure_EV,Core,82.0,53500.0,39800.0
VEH_005842,YV1XZH676855892,EC40,Pure_EV,Core,82.0,53500.0,39800.0
VEH_005843,YV1XZA774026766,EC40,Pure_EV,Core,82.0,53500.0,39800.0
VEH_005844,YV1XZC334972432,EX90,Pure_EV,Ultimate,111.0,101480.0,73750.0
VEH_005845,YV1XZF202272739,EX90,Pure_EV,Plus,111.0,92880.0,67500.0
VEH_005846,YV1XZA713447690,EX30,Pure_EV,Core,69.0,42500.0,31200.0
VEH_005847,YV1XZG826672921,EX30,Pure_EV,Ultimate,69.0,50150.0,36816.0
VEH_005848,YV1XZD106032925,EX30,Pure_EV,Plus,69.0,45900.0,33696.0
VEH_005849,YV1XZG648077283,V60,MHEV,Ultimate,0.0,52864.0,38822.0
VEH_005850,YV1XZA262636241,EC40,Pure_EV,Core,82.0,53500.0,39800.0
VEH_005851,YV1XZG521531792,EX30,Pure_EV,Core,69.0,42500.0,31200.0
VEH_005852,YV1XZC761710897,XC60,PHEV,Core,18.8,64500.0,46200.0
VEH_005853,YV1XZF590204531,EX30,Pure_EV,Plus,69.0,45900.0,33696.0
VEH_005854,YV1XZH447116699,EC40,Pure_EV,Ultimate,82.0,63130.0,46964.0
VEH_005855,YV1XZB283601178,XC90,PHEV,Core,18.8,89000.0,64100.0
VEH_005856,YV1XZG434669082,XC90,PHEV,Ultimate,18.8,105020.0,75638.0
VEH_005857,YV1XZA347975484,EX90,Pure_EV,Plus,111.0,92880.0,67500.0
VEH_005858,YV1XZC956136783,EX90,Pure_EV,Plus,111.0,92880.0,67500.0
VEH_005859,YV1XZC591315404,EX30,Pure_EV,Ultimate,69.0,50150.0,36816.0
VEH_005860,YV1XZC183470204,EC40,Pure_EV,Plus,82.0,57780.0,42984.0
VEH_005861,YV1XZH126482884,EC40,Pure_EV,Plus,82.0,57780.0,42984.0
VEH_005862,YV1XZC101178290,V60,MHEV,Ultimate,0.0,52864.0,38822.0
VEH_005863,YV1XZB960231593,XC60,PHEV,Core,18.8,64500.0,46200.0
VEH_005864,YV1XZD866323369,EC40,Pure_EV,Core,82.0,53500.0,39800.0
VEH_005865,YV1XZC302985659,XC90,PHEV,Core,18.8,89000.0,64100.0
VEH_005866,YV1XZC206273231,XC60,PHEV,Ultimate,18.8,76110.0,54516.0
VEH_005867,YV1XZC172504595,V60,MHEV,Ultimate,0.0,52864.0,38822.0
VEH_005868,YV1XZB660765929,EC40,Pure_EV,Ultimate,82.0,63130.0,46964.0
VEH_005869,YV1XZA837011510,XC90,PHEV,Plus,18.8,96120.0,69228.0
VEH_005870,YV1XZB565719249,EC40,Pure_EV,Ultimate,82.0,63130.0,46964.0
VEH_005871,YV1XZG327027678,EX30,Pure_EV,Core,69.0,42500.0,31200.0
VEH_005872,YV1XZF690813637,XC90,PHEV,Plus,18.8,96120.0,69228.0
VEH_005873,YV1XZF710932306,XC90,PHEV,Core,18.8,89000.0,64100.0
VEH_005874,YV1XZH279829630,V60,MHEV,Plus,0.0,48384.0,35532.0
VEH_005875,YV1XZB509868460,V60,MHEV,Ultimate,0.0,52864.0,38822.0
VEH_005876,YV1XZA861100122,XC90,PHEV,Ultimate,18.8,105020.0,75638.0
VEH_005877,YV1XZD614054123,EX30,Pure_EV,Plus,69.0,45900.0,33696.0
VEH_005878,YV1XZD172121887,XC90,PHEV,Ultimate,18.8,105020.0,75638.0
VEH_005879,YV1XZC646019530,XC90,PHEV,Plus,18.8,96120.0,69228.0
VEH_005880,YV1XZC962972557,XC90,PHEV,Plus,18.8,96120.0,69228.0
VEH_005881,YV1XZF433924832,XC90,PHEV,Plus,18.8,96120.0,69228.0
VEH_005882,YV1XZB651810560,EX30,Pure_EV,Ultimate,69.0,50150.0,36816.0
VEH_005883,YV1XZH274497626,EX90,Pure_EV,Core,111.0,86000.0,62500.0
VEH_005884,YV1XZC691846322,EX30,Pure_EV,Core,69.0,42500.0,31200.0
VEH_005885,YV1XZE676228471,EX90,Pure_EV,Ultimate,111.0,101480.0,73750.0
VEH_005886,YV1XZD245245357,EX90,Pure_EV,Ultimate,111.0,101480.0,73750.0
VEH_005887,YV1XZA370542162,V60,MHEV,Core,0.0,44800.0,32900.0
VEH_005888,YV1XZE623207215,EX30,Pure_EV,Plus,69.0,45900.0,33696.0
VEH_005889,YV1XZD885058034,EC40,Pure_EV,Ultimate,82.0,63130.0,46964.0
VEH_005890,YV1XZB170908827,EX90,Pure_EV,Ultimate,111.0,101480.0,73750.0
VEH_005891,YV1XZD852801235,XC60,PHEV,Plus,18.8,69660.0,49896.0
VEH_005892,YV1XZC889972571,EX30,Pure_EV,Ultimate,69.0,50150.0,36816.0
VEH_005893,YV1XZA236988709,V60,MHEV,Ultimate,0.0,52864.0,38822.0
VEH_005894,YV1XZD154446946,EX30,Pure_EV,Ultimate,69.0,50150.0,36816.0
VEH_005895,YV1XZC335168266,EC40,Pure_EV,Ultimate,82.0,63130.0,46964.0
VEH_005896,YV1XZH634752443,EX90,Pure_EV,Core,111.0,86000.0,62500.0
VEH_005897,YV1XZB361670087,EC40,Pure_EV,Core,82.0,53500.0,39800.0
VEH_005898,YV1XZD144483868,EC40,Pure_EV,Ultimate,82.0,63130.0,46964.0
VEH_005899,YV1XZB548747515,EX90,Pure_EV,Ultimate,111.0,101480.0,73750.0
VEH_005900,YV1XZG372156675,EC40,Pure_EV,Core,82.0,53500.0,39800.0
VEH_005901,YV1XZA832487266,XC60,PHEV,Core,18.8,64500.0,46200.0
VEH_005902,YV1XZD989248079,EX30,Pure_EV,Plus,69.0,45900.0,33696.0
VEH_005903,YV1XZH482100609,XC60,PHEV,Plus,18.8,69660.0,49896.0
VEH_005904,YV1XZB756169258,XC60,PHEV,Ultimate,18.8,76110.0,54516.0
VEH_005905,YV1XZC924531866,XC90,PHEV,Core,18.8,89000.0,64100.0
VEH_005906,YV1XZA799823348,EX30,Pure_EV,Ultimate,69.0,50150.0,36816.0
VEH_005907,YV1XZB546365829,EX90,Pure_EV,Ultimate,111.0,101480.0,73750.0
VEH_005908,YV1XZB604311256,V60,MHEV,Ultimate,0.0,52864.0,38822.0
VEH_005909,YV1XZA270855252,EC40,Pure_EV,Plus,82.0,57780.0,42984.0
VEH_005910,YV1XZD228131366,XC90,PHEV,Ultimate,18.8,105020.0,75638.0
VEH_005911,YV1XZD896581193,EX30,Pure_EV,Plus,69.0,45900.0,33696.0
VEH_005912,YV1XZB765815220,XC90,PHEV,Plus,18.8,96120.0,69228.0
VEH_005913,YV1XZC261958664,XC60,PHEV,Plus,18.8,69660.0,49896.0
VEH_005914,YV1XZD227254987,XC90,PHEV,Core,18.8,89000.0,64100.0
VEH_005915,YV1XZA638038301,XC60,PHEV,Plus,18.8,69660.0,49896.0
VEH_005916,YV1XZG698267518,EX30,Pure_EV,Plus,69.0,45900.0,33696.0
VEH_005917,YV1XZG594463016,EC40,Pure_EV,Plus,82.0,57780.0,42984.0
VEH_005918,YV1XZD852076914,EX30,Pure_EV,Plus,69.0,45900.0,33696.0
VEH_005919,YV1XZB712384962,XC60,PHEV,Core,18.8,64500.0,46200.0
VEH_005920,YV1XZF488340751,XC90,PHEV,Plus,18.8,96120.0,69228.0
VEH_005921,YV1XZE936233267,EX30,Pure_EV,Plus,69.0,45900.0,33696.0
VEH_005922,YV1XZA573493588,EC40,Pure_EV,Plus,82.0,57780.0,42984.0
VEH_005923,YV1XZD835360479,XC60,PHEV,Plus,18.8,69660.0,49896.0
VEH_005924,YV1XZD870173255,EC40,Pure_EV,Ultimate,82.0,63130.0,46964.0
VEH_005925,YV1XZG469141602,EX90,Pure_EV,Ultimate,111.0,101480.0,73750.0
VEH_005926,YV1XZG279609980,EX30,Pure_EV,Plus,69.0,45900.0,33696.0
VEH_005927,YV1XZC281401495,XC60,PHEV,Core,18.8,64500.0,46200.0
VEH_005928,YV1XZG995525718,XC60,PHEV,Core,18.8,64500.0,46200.0
VEH_005929,YV1XZE257687636,EX30,Pure_EV,Core,69.0,42500.0,31200.0
VEH_005930,YV1XZG814537172,EC40,Pure_EV,Core,82.0,53500.0,39800.0
VEH_005931,YV1XZF802813440,EX90,Pure_EV,Ultimate,111.0,101480.0,73750.0
VEH_005932,YV1XZF386211304,XC90,PHEV,Ultimate,18.8,105020.0,75638.0
VEH_005933,YV1XZB829261613,V60,MHEV,Core,0.0,44800.0,32900.0
VEH_005934,YV1XZA673164392,XC90,PHEV,Ultimate,18.8,105020.0,75638.0
VEH_005935,YV1XZB894467258,V60,MHEV,Plus,0.0,48384.0,35532.0
VEH_005936,YV1XZC786625727,XC90,PHEV,Plus,18.8,96120.0,69228.0
VEH_005937,YV1XZE981177622,EX90,Pure_EV,Ultimate,111.0,101480.0,73750.0
VEH_005938,YV1XZG383113206,V60,MHEV,Core,0.0,44800.0,32900.0
VEH_005939,YV1XZF964359962,EX90,Pure_EV,Core,111.0,86000.0,62500.0
VEH_005940,YV1XZE594923103,EX90,Pure_EV,Core,111.0,86000.0,62500.0
VEH_005941,YV1XZA491561974,EX90,Pure_EV,Plus,111.0,92880.0,67500.0
VEH_005942,YV1XZD363627860,XC90,PHEV,Core,18.8,89000.0,64100.0
VEH_005943,YV1XZA968567809,EC40,Pure_EV,Core,82.0,53500.0,39800.0
VEH_005944,YV1XZB184487999,V60,MHEV,Core,0.0,44800.0,32900.0
VEH_005945,YV1XZH535582478,V60,MHEV,Plus,0.0,48384.0,35532.0
VEH_005946,YV1XZE497064285,EX30,Pure_EV,Plus,69.0,45900.0,33696.0
VEH_005947,YV1XZG840698205,XC60,PHEV,Ultimate,18.8,76110.0,54516.0
VEH_005948,YV1XZE636204647,XC90,PHEV,Ultimate,18.8,105020.0,75638.0
VEH_005949,YV1XZG730100168,EC40,Pure_EV,Plus,82.0,57780.0,42984.0
VEH_005950,YV1XZE874968535,V60,MHEV,Ultimate,0.0,52864.0,38822.0
VEH_005951,YV1XZD487075984,V60,MHEV,Plus,0.0,48384.0,35532.0
VEH_005952,YV1XZF705931484,EX90,Pure_EV,Plus,111.0,92880.0,67500.0
VEH_005953,YV1XZG515172178,XC60,PHEV,Plus,18.8,69660.0,49896.0
VEH_005954,YV1XZG966395066,V60,MHEV,Ultimate,0.0,52864.0,38822.0
VEH_005955,YV1XZD401031252,EX30,Pure_EV,Plus,69.0,45900.0,33696.0
VEH_005956,YV1XZC468569991,EX90,Pure_EV,Core,111.0,86000.0,62500.0
VEH_005957,YV1XZA674974169,EC40,Pure_EV,Plus,82.0,57780.0,42984.0
VEH_005958,YV1XZF763921816,V60,MHEV,Core,0.0,44800.0,32900.0
VEH_005959,YV1XZB974848279,EC40,Pure_EV,Ultimate,82.0,63130.0,46964.0
VEH_005960,YV1XZG739890586,EC40,Pure_EV,Core,82.0,53500.0,39800.0
VEH_005961,YV1XZF718170969,EX90,Pure_EV,Plus,111.0,92880.0,67500.0
VEH_005962,YV1XZE579623601,XC60,PHEV,Plus,18.8,69660.0,49896.0
VEH_005963,YV1XZD114545162,EX90,Pure_EV,Core,111.0,86000.0,62500.0
VEH_005964,YV1XZC357265666,XC60,PHEV,Plus,18.8,69660.0,49896.0
VEH_005965,YV1XZB385287934,EC40,Pure_EV,Ultimate,82.0,63130.0,46964.0
VEH_005966,YV1XZB973636862,EX90,Pure_EV,Plus,111.0,92880.0,67500.0
VEH_005967,YV1XZE798646390,EC40,Pure_EV,Core,82.0,53500.0,39800.0
VEH_005968,YV1XZD366086508,XC90,PHEV,Ultimate,18.8,105020.0,75638.0
VEH_005969,YV1XZB423193523,EX90,Pure_EV,Plus,111.0,92880.0,67500.0
VEH_005970,YV1XZD871370025,EC40,Pure_EV,Plus,82.0,57780.0,42984.0
VEH_005971,YV1XZG336234705,EX30,Pure_EV,Plus,69.0,45900.0,33696.0
VEH_005972,YV1XZD211937392,V60,MHEV,Plus,0.0,48384.0,35532.0
VEH_005973,YV1XZA673547682,V60,MHEV,Core,0.0,44800.0,32900.0
VEH_005974,YV1XZB632234943,V60,MHEV,Ultimate,0.0,52864.0,38822.0
VEH_005975,YV1XZC252566629,XC90,PHEV,Plus,18.8,96120.0,69228.0
VEH_005976,YV1XZF883712842,EX30,Pure_EV,Core,69.0,42500.0,31200.0
VEH_005977,YV1XZB698054214,XC90,PHEV,Plus,18.8,96120.0,69228.0
VEH_005978,YV1XZC324535804,EC40,Pure_EV,Plus,82.0,57780.0,42984.0
VEH_005979,YV1XZE893628754,EC40,Pure_EV,Ultimate,82.0,63130.0,46964.0
VEH_005980,YV1XZH378916882,EX90,Pure_EV,Plus,111.0,92880.0,67500.0
VEH_005981,YV1XZH152193976,EC40,Pure_EV,Ultimate,82.0,63130.0,46964.0
VEH_005982,YV1XZD790218221,EX30,Pure_EV,Plus,69.0,45900.0,33696.0
VEH_005983,YV1XZA842493520,EX90,Pure_EV,Ultimate,111.0,101480.0,73750.0
VEH_005984,YV1XZF896686228,XC90,PHEV,Plus,18.8,96120.0,69228.0
VEH_005985,YV1XZH596926738,EX90,Pure_EV,Core,111.0,86000.0,62500.0
VEH_005986,YV1XZG529824220,XC60,PHEV,Core,18.8,64500.0,46200.0
VEH_005987,YV1XZG302185884,V60,MHEV,Plus,0.0,48384.0,35532.0
VEH_005988,YV1XZA219695502,EX90,Pure_EV,Plus,111.0,92880.0,67500.0
VEH_005989,YV1XZA919471299,EC40,Pure_EV,Core,82.0,53500.0,39800.0
VEH_005990,YV1XZF975412150,V60,MHEV,Ultimate,0.0,52864.0,38822.0
VEH_005991,YV1XZB126399671,EX90,Pure_EV,Plus,111.0,92880.0,67500.0
VEH_005992,YV1XZA139048281,EC40,Pure_EV,Plus,82.0,57780.0,42984.0
VEH_005993,YV1XZH832741219,EX30,Pure_EV,Core,69.0,42500.0,31200.0
VEH_005994,YV1XZC170558348,EX90,Pure_EV,Ultimate,111.0,101480.0,73750.0
VEH_005995,YV1XZF597265622,EC40,Pure_EV,Core,82.0,53500.0,39800.0
VEH_005996,YV1XZB556794068,V60,MHEV,Core,0.0,44800.0,32900.0
VEH_005997,YV1XZE343427104,EX30,Pure_EV,Ultimate,69.0,50150.0,36816.0
VEH_005998,YV1XZB925964494,XC90,PHEV,Ultimate,18.8,105020.0,75638.0
VEH_005999,YV1XZB630833402,EX90,Pure_EV,Plus,111.0,92880.0,67500.0
VEH_006000,YV1XZD230591845,EX90,Pure_EV,Core,111.0,86000.0,62500.0
VEH_006001,YV1XZF476952556,EX90,Pure_EV,Plus,111.0,92880.0,67500.0
VEH_006002,YV1XZG288989570,V60,MHEV,Core,0.0,44800.0,32900.0
VEH_006003,YV1XZC718060269,V60,MHEV,Core,0.0,44800.0,32900.0
VEH_006004,YV1XZH941913481,V60,MHEV,Ultimate,0.0,52864.0,38822.0
VEH_006005,YV1XZC872166930,EX90,Pure_EV,Plus,111.0,92880.0,67500.0
VEH_006006,YV1XZF988249691,EC40,Pure_EV,Ultimate,82.0,63130.0,46964.0
VEH_006007,YV1XZD351933427,V60,MHEV,Ultimate,0.0,52864.0,38822.0
VEH_006008,YV1XZC787126722,EX90,Pure_EV,Core,111.0,86000.0,62500.0
VEH_006009,YV1XZD850878949,V60,MHEV,Plus,0.0,48384.0,35532.0
VEH_006010,YV1XZC101529194,XC90,PHEV,Core,18.8,89000.0,64100.0
VEH_006011,YV1XZH842159490,EC40,Pure_EV,Plus,82.0,57780.0,42984.0
VEH_006012,YV1XZF342130763,V60,MHEV,Core,0.0,44800.0,32900.0
VEH_006013,YV1XZG558296079,EX90,Pure_EV,Core,111.0,86000.0,62500.0
VEH_006014,YV1XZF137321568,EX30,Pure_EV,Ultimate,69.0,50150.0,36816.0
VEH_006015,YV1XZB152564958,XC60,PHEV,Plus,18.8,69660.0,49896.0
VEH_006016,YV1XZA649165954,XC90,PHEV,Plus,18.8,96120.0,69228.0
VEH_006017,YV1XZH946014274,EX90,Pure_EV,Plus,111.0,92880.0,67500.0
VEH_006018,YV1XZC990953276,EX30,Pure_EV,Ultimate,69.0,50150.0,36816.0
VEH_006019,YV1XZA205946419,EX90,Pure_EV,Plus,111.0,92880.0,67500.0
VEH_006020,YV1XZB267472502,EX30,Pure_EV,Plus,69.0,45900.0,33696.0
VEH_006021,YV1XZF792355342,XC60,PHEV,Core,18.8,64500.0,46200.0
VEH_006022,YV1XZC858155125,XC90,PHEV,Core,18.8,89000.0,64100.0
VEH_006023,YV1XZG859620225,EX30,Pure_EV,Plus,69.0,45900.0,33696.0
VEH_006024,YV1XZE936821442,EC40,Pure_EV,Ultimate,82.0,63130.0,46964.0
VEH_006025,YV1XZD448227193,XC60,PHEV,Plus,18.8,69660.0,49896.0
VEH_006026,YV1XZC255852135,XC60,PHEV,Plus,18.8,69660.0,49896.0
VEH_006027,YV1XZC252078773,EX90,Pure_EV,Core,111.0,86000.0,62500.0
VEH_006028,YV1XZA781547356,EX90,Pure_EV,Ultimate,111.0,101480.0,73750.0
VEH_006029,YV1XZE372468758,EX30,Pure_EV,Ultimate,69.0,50150.0,36816.0
VEH_006030,YV1XZC870253965,EX90,Pure_EV,Plus,111.0,92880.0,67500.0
VEH_006031,YV1XZC291811319,V60,MHEV,Ultimate,0.0,52864.0,38822.0
VEH_006032,YV1XZG161374984,V60,MHEV,Plus,0.0,48384.0,35532.0
VEH_006033,YV1XZF326627746,XC60,PHEV,Core,18.8,64500.0,46200.0
VEH_006034,YV1XZA518341978,EC40,Pure_EV,Ultimate,82.0,63130.0,46964.0
VEH_006035,YV1XZH957638433,EX90,Pure_EV,Ultimate,111.0,101480.0,73750.0
VEH_006036,YV1XZB670771783,EX90,Pure_EV,Core,111.0,86000.0,62500.0
VEH_006037,YV1XZG834089588,EX30,Pure_EV,Plus,69.0,45900.0,33696.0
VEH_006038,YV1XZB988707281,XC60,PHEV,Plus,18.8,69660.0,49896.0
VEH_006039,YV1XZH818335840,EX90,Pure_EV,Core,111.0,86000.0,62500.0
VEH_006040,YV1XZE929111453,EC40,Pure_EV,Core,82.0,53500.0,39800.0
VEH_006041,YV1XZF259447603,EX30,Pure_EV,Ultimate,69.0,50150.0,36816.0
VEH_006042,YV1XZB335956417,EX30,Pure_EV,Ultimate,69.0,50150.0,36816.0
VEH_006043,YV1XZG809849060,XC60,PHEV,Core,18.8,64500.0,46200.0
VEH_006044,YV1XZE812932571,EX30,Pure_EV,Ultimate,69.0,50150.0,36816.0
VEH_006045,YV1XZH805288365,XC60,PHEV,Core,18.8,64500.0,46200.0
VEH_006046,YV1XZB436973436,EC40,Pure_EV,Plus,82.0,57780.0,42984.0
VEH_006047,YV1XZH148353737,V60,MHEV,Plus,0.0,48384.0,35532.0
VEH_006048,YV1XZE710612252,EC40,Pure_EV,Plus,82.0,57780.0,42984.0
VEH_006049,YV1XZB495445629,EX30,Pure_EV,Core,69.0,42500.0,31200.0
VEH_006050,YV1XZE177331835,EX30,Pure_EV,Plus,69.0,45900.0,33696.0
VEH_006051,YV1XZF454279308,EX30,Pure_EV,Ultimate,69.0,50150.0,36816.0
VEH_006052,YV1XZA711576973,XC60,PHEV,Plus,18.8,69660.0,49896.0
VEH_006053,YV1XZG736111573,V60,MHEV,Core,0.0,44800.0,32900.0
VEH_006054,YV1XZF584106465,EX90,Pure_EV,Ultimate,111.0,101480.0,73750.0
VEH_006055,YV1XZF964204919,XC90,PHEV,Plus,18.8,96120.0,69228.0
VEH_006056,YV1XZH962674381,EX90,Pure_EV,Core,111.0,86000.0,62500.0
VEH_006057,YV1XZA372323413,EX30,Pure_EV,Core,69.0,42500.0,31200.0
VEH_006058,YV1XZC815824512,EX90,Pure_EV,Plus,111.0,92880.0,67500.0
VEH_006059,YV1XZH203180131,EX30,Pure_EV,Core,69.0,42500.0,31200.0
VEH_006060,YV1XZB260708160,EX90,Pure_EV,Ultimate,111.0,101480.0,73750.0
VEH_006061,YV1XZD713722504,EC40,Pure_EV,Core,82.0,53500.0,39800.0
VEH_006062,YV1XZG766046560,EX90,Pure_EV,Ultimate,111.0,101480.0,73750.0
VEH_006063,YV1XZH535921404,XC60,PHEV,Plus,18.8,69660.0,49896.0
VEH_006064,YV1XZH331519615,EX30,Pure_EV,Ultimate,69.0,50150.0,36816.0
VEH_006065,YV1XZG626723507,EX30,Pure_EV,Core,69.0,42500.0,31200.0
VEH_006066,YV1XZB956727731,XC60,PHEV,Core,18.8,64500.0,46200.0
VEH_006067,YV1XZC570136897,XC90,PHEV,Core,18.8,89000.0,64100.0
VEH_006068,YV1XZA594331680,V60,MHEV,Plus,0.0,48384.0,35532.0
VEH_006069,YV1XZH796588230,EC40,Pure_EV,Ultimate,82.0,63130.0,46964.0
VEH_006070,YV1XZF354725303,XC90,PHEV,Plus,18.8,96120.0,69228.0
VEH_006071,YV1XZE317986019,V60,MHEV,Core,0.0,44800.0,32900.0
VEH_006072,YV1XZB776420059,EX30,Pure_EV,Ultimate,69.0,50150.0,36816.0
VEH_006073,YV1XZE302267303,XC60,PHEV,Plus,18.8,69660.0,49896.0
VEH_006074,YV1XZF295087087,EX30,Pure_EV,Ultimate,69.0,50150.0,36816.0
VEH_006075,YV1XZC149049270,EX90,Pure_EV,Core,111.0,86000.0,62500.0
VEH_006076,YV1XZB477927960,EX90,Pure_EV,Core,111.0,86000.0,62500.0
VEH_006077,YV1XZH967104740,EX30,Pure_EV,Plus,69.0,45900.0,33696.0
VEH_006078,YV1XZE704559978,XC60,PHEV,Plus,18.8,69660.0,49896.0
VEH_006079,YV1XZE615329445,V60,MHEV,Plus,0.0,48384.0,35532.0
VEH_006080,YV1XZA101278408,EX30,Pure_EV,Ultimate,69.0,50150.0,36816.0
VEH_006081,YV1XZH524818674,EX90,Pure_EV,Plus,111.0,92880.0,67500.0
VEH_006082,YV1XZG633018119,EC40,Pure_EV,Plus,82.0,57780.0,42984.0
VEH_006083,YV1XZH736821089,XC60,PHEV,Plus,18.8,69660.0,49896.0
VEH_006084,YV1XZB550745634,XC60,PHEV,Plus,18.8,69660.0,49896.0
VEH_006085,YV1XZF558090912,EX90,Pure_EV,Plus,111.0,92880.0,67500.0
VEH_006086,YV1XZE455006827,V60,MHEV,Core,0.0,44800.0,32900.0
VEH_006087,YV1XZG362276388,EX30,Pure_EV,Core,69.0,42500.0,31200.0
VEH_006088,YV1XZD604937587,EC40,Pure_EV,Plus,82.0,57780.0,42984.0
VEH_006089,YV1XZG392486848,EX90,Pure_EV,Core,111.0,86000.0,62500.0
VEH_006090,YV1XZC598648995,XC90,PHEV,Plus,18.8,96120.0,69228.0
VEH_006091,YV1XZB781815037,XC60,PHEV,Core,18.8,64500.0,46200.0
VEH_006092,YV1XZF247481857,XC90,PHEV,Ultimate,18.8,105020.0,75638.0
VEH_006093,YV1XZG339165424,XC90,PHEV,Ultimate,18.8,105020.0,75638.0
VEH_006094,YV1XZA845951520,EC40,Pure_EV,Core,82.0,53500.0,39800.0
VEH_006095,YV1XZH872037385,EC40,Pure_EV,Ultimate,82.0,63130.0,46964.0
VEH_006096,YV1XZF475556852,EX30,Pure_EV,Core,69.0,42500.0,31200.0
VEH_006097,YV1XZC596790858,EX30,Pure_EV,Core,69.0,42500.0,31200.0
VEH_006098,YV1XZD558022242,XC60,PHEV,Ultimate,18.8,76110.0,54516.0
VEH_006099,YV1XZB437169503,EC40,Pure_EV,Core,82.0,53500.0,39800.0
VEH_006100,YV1XZF756833711,XC90,PHEV,Plus,18.8,96120.0,69228.0
VEH_006101,YV1XZE544472750,XC60,PHEV,Plus,18.8,69660.0,49896.0
VEH_006102,YV1XZD420551771,V60,MHEV,Plus,0.0,48384.0,35532.0
VEH_006103,YV1XZE900290963,EC40,Pure_EV,Plus,82.0,57780.0,42984.0
VEH_006104,YV1XZE943493564,EX90,Pure_EV,Plus,111.0,92880.0,67500.0
VEH_006105,YV1XZB524688436,EX30,Pure_EV,Plus,69.0,45900.0,33696.0
VEH_006106,YV1XZD908507722,XC90,PHEV,Ultimate,18.8,105020.0,75638.0
VEH_006107,YV1XZE396125051,XC90,PHEV,Core,18.8,89000.0,64100.0
VEH_006108,YV1XZE343111206,XC90,PHEV,Plus,18.8,96120.0,69228.0
VEH_006109,YV1XZG383247039,XC90,PHEV,Plus,18.8,96120.0,69228.0
VEH_006110,YV1XZC256878133,EX30,Pure_EV,Ultimate,69.0,50150.0,36816.0
VEH_006111,YV1XZF637412357,EX90,Pure_EV,Core,111.0,86000.0,62500.0
VEH_006112,YV1XZH876901643,XC60,PHEV,Core,18.8,64500.0,46200.0
VEH_006113,YV1XZE207115374,EX90,Pure_EV,Ultimate,111.0,101480.0,73750.0
VEH_006114,YV1XZB108564266,EX90,Pure_EV,Core,111.0,86000.0,62500.0
VEH_006115,YV1XZC165717230,XC90,PHEV,Plus,18.8,96120.0,69228.0
VEH_006116,YV1XZB614040147,V60,MHEV,Core,0.0,44800.0,32900.0
VEH_006117,YV1XZF423581317,EX30,Pure_EV,Plus,69.0,45900.0,33696.0
VEH_006118,YV1XZD408234135,XC90,PHEV,Plus,18.8,96120.0,69228.0
VEH_006119,YV1XZG497868623,V60,MHEV,Ultimate,0.0,52864.0,38822.0
VEH_006120,YV1XZC935098427,EC40,Pure_EV,Plus,82.0,57780.0,42984.0
VEH_006121,YV1XZD110909909,EX90,Pure_EV,Core,111.0,86000.0,62500.0
VEH_006122,YV1XZE708473379,EX30,Pure_EV,Plus,69.0,45900.0,33696.0
VEH_006123,YV1XZG168814281,XC60,PHEV,Plus,18.8,69660.0,49896.0
VEH_006124,YV1XZD708353703,EX90,Pure_EV,Ultimate,111.0,101480.0,73750.0
VEH_006125,YV1XZC891666319,EX30,Pure_EV,Core,69.0,42500.0,31200.0
VEH_006126,YV1XZC936214183,EC40,Pure_EV,Core,82.0,53500.0,39800.0
VEH_006127,YV1XZH457897966,EX30,Pure_EV,Core,69.0,42500.0,31200.0
VEH_006128,YV1XZG304348728,XC60,PHEV,Plus,18.8,69660.0,49896.0
VEH_006129,YV1XZF774314637,EC40,Pure_EV,Ultimate,82.0,63130.0,46964.0
VEH_006130,YV1XZA696331764,V60,MHEV,Plus,0.0,48384.0,35532.0
VEH_006131,YV1XZD173856614,XC60,PHEV,Core,18.8,64500.0,46200.0
VEH_006132,YV1XZF693296553,EC40,Pure_EV,Ultimate,82.0,63130.0,46964.0
VEH_006133,YV1XZE847069786,EC40,Pure_EV,Core,82.0,53500.0,39800.0
VEH_006134,YV1XZG337605395,EC40,Pure_EV,Plus,82.0,57780.0,42984.0
VEH_006135,YV1XZD682010754,EX30,Pure_EV,Core,69.0,42500.0,31200.0
VEH_006136,YV1XZA319798782,XC90,PHEV,Plus,18.8,96120.0,69228.0
VEH_006137,YV1XZD989931797,EC40,Pure_EV,Core,82.0,53500.0,39800.0
VEH_006138,YV1XZC135954751,XC60,PHEV,Core,18.8,64500.0,46200.0
VEH_006139,YV1XZE591257600,EX90,Pure_EV,Core,111.0,86000.0,62500.0
VEH_006140,YV1XZE536559233,EC40,Pure_EV,Core,82.0,53500.0,39800.0
VEH_006141,YV1XZB120096765,EX90,Pure_EV,Ultimate,111.0,101480.0,73750.0
VEH_006142,YV1XZH866872447,EC40,Pure_EV,Core,82.0,53500.0,39800.0
VEH_006143,YV1XZG939055093,XC90,PHEV,Plus,18.8,96120.0,69228.0
VEH_006144,YV1XZA692886856,XC90,PHEV,Core,18.8,89000.0,64100.0
VEH_006145,YV1XZC711045924,V60,MHEV,Plus,0.0,48384.0,35532.0
VEH_006146,YV1XZA264272446,EC40,Pure_EV,Plus,82.0,57780.0,42984.0
VEH_006147,YV1XZH570464462,V60,MHEV,Core,0.0,44800.0,32900.0
VEH_006148,YV1XZH382926639,EC40,Pure_EV,Core,82.0,53500.0,39800.0
VEH_006149,YV1XZE323165768,EX90,Pure_EV,Core,111.0,86000.0,62500.0
VEH_006150,YV1XZC345222112,EC40,Pure_EV,Core,82.0,53500.0,39800.0
VEH_006151,YV1XZA275416693,XC90,PHEV,Plus,18.8,96120.0,69228.0
VEH_006152,YV1XZE553252524,EX90,Pure_EV,Ultimate,111.0,101480.0,73750.0
VEH_006153,YV1XZC581525620,XC60,PHEV,Plus,18.8,69660.0,49896.0
VEH_006154,YV1XZC313642767,EC40,Pure_EV,Ultimate,82.0,63130.0,46964.0
VEH_006155,YV1XZC769594504,EX90,Pure_EV,Core,111.0,86000.0,62500.0
VEH_006156,YV1XZC117439414,EX90,Pure_EV,Core,111.0,86000.0,62500.0
VEH_006157,YV1XZG715916460,EX90,Pure_EV,Plus,111.0,92880.0,67500.0
VEH_006158,YV1XZD110695352,EX30,Pure_EV,Core,69.0,42500.0,31200.0
VEH_006159,YV1XZD311815508,EX90,Pure_EV,Core,111.0,86000.0,62500.0
VEH_006160,YV1XZH573491378,EC40,Pure_EV,Plus,82.0,57780.0,42984.0
VEH_006161,YV1XZB819758689,EX30,Pure_EV,Ultimate,69.0,50150.0,36816.0
VEH_006162,YV1XZF975942568,XC60,PHEV,Plus,18.8,69660.0,49896.0
VEH_006163,YV1XZG252465381,EX30,Pure_EV,Plus,69.0,45900.0,33696.0
VEH_006164,YV1XZF906276771,XC60,PHEV,Ultimate,18.8,76110.0,54516.0
VEH_006165,YV1XZA286359466,EC40,Pure_EV,Core,82.0,53500.0,39800.0
VEH_006166,YV1XZF326140103,EC40,Pure_EV,Ultimate,82.0,63130.0,46964.0
VEH_006167,YV1XZC347852194,EX30,Pure_EV,Core,69.0,42500.0,31200.0
VEH_006168,YV1XZE976242839,V60,MHEV,Ultimate,0.0,52864.0,38822.0
VEH_006169,YV1XZD131185099,XC60,PHEV,Core,18.8,64500.0,46200.0
VEH_006170,YV1XZC150108003,EX90,Pure_EV,Plus,111.0,92880.0,67500.0
VEH_006171,YV1XZE592259801,EX90,Pure_EV,Ultimate,111.0,101480.0,73750.0
VEH_006172,YV1XZA197567679,EX30,Pure_EV,Ultimate,69.0,50150.0,36816.0
VEH_006173,YV1XZC275456486,XC60,PHEV,Ultimate,18.8,76110.0,54516.0
VEH_006174,YV1XZE155962557,V60,MHEV,Core,0.0,44800.0,32900.0
VEH_006175,YV1XZH974373959,EC40,Pure_EV,Core,82.0,53500.0,39800.0
VEH_006176,YV1XZE809264290,V60,MHEV,Plus,0.0,48384.0,35532.0
VEH_006177,YV1XZB993027901,XC90,PHEV,Plus,18.8,96120.0,69228.0
VEH_006178,YV1XZH444794527,XC60,PHEV,Ultimate,18.8,76110.0,54516.0
VEH_006179,YV1XZB768188021,EC40,Pure_EV,Plus,82.0,57780.0,42984.0
VEH_006180,YV1XZE153736958,XC90,PHEV,Core,18.8,89000.0,64100.0
VEH_006181,YV1XZD676409237,XC60,PHEV,Plus,18.8,69660.0,49896.0
VEH_006182,YV1XZH775300186,XC60,PHEV,Core,18.8,64500.0,46200.0
VEH_006183,YV1XZB293143303,EX90,Pure_EV,Plus,111.0,92880.0,67500.0
VEH_006184,YV1XZA961854387,EX90,Pure_EV,Plus,111.0,92880.0,67500.0
VEH_006185,YV1XZF513688446,XC90,PHEV,Ultimate,18.8,105020.0,75638.0
VEH_006186,YV1XZE865160823,XC60,PHEV,Ultimate,18.8,76110.0,54516.0
VEH_006187,YV1XZC365649553,EC40,Pure_EV,Ultimate,82.0,63130.0,46964.0
VEH_006188,YV1XZD584654326,XC60,PHEV,Core,18.8,64500.0,46200.0
VEH_006189,YV1XZC207083934,XC90,PHEV,Core,18.8,89000.0,64100.0
VEH_006190,YV1XZB150622931,EX90,Pure_EV,Core,111.0,86000.0,62500.0
VEH_006191,YV1XZH651380104,EX30,Pure_EV,Ultimate,69.0,50150.0,36816.0
VEH_006192,YV1XZF839120948,EX30,Pure_EV,Core,69.0,42500.0,31200.0
VEH_006193,YV1XZA818987870,XC90,PHEV,Plus,18.8,96120.0,69228.0
VEH_006194,YV1XZA985170391,EX30,Pure_EV,Plus,69.0,45900.0,33696.0
VEH_006195,YV1XZA956779135,XC60,PHEV,Plus,18.8,69660.0,49896.0
VEH_006196,YV1XZC478517380,V60,MHEV,Core,0.0,44800.0,32900.0
VEH_006197,YV1XZE845654564,EX30,Pure_EV,Ultimate,69.0,50150.0,36816.0
VEH_006198,YV1XZF889435015,EC40,Pure_EV,Core,82.0,53500.0,39800.0
VEH_006199,YV1XZB285396014,EX30,Pure_EV,Plus,69.0,45900.0,33696.0
VEH_006200,YV1XZH516408272,EX90,Pure_EV,Core,111.0,86000.0,62500.0
VEH_006201,YV1XZD336558240,V60,MHEV,Plus,0.0,48384.0,35532.0
VEH_006202,YV1XZC275610233,XC90,PHEV,Plus,18.8,96120.0,69228.0
VEH_006203,YV1XZE260689244,EX30,Pure_EV,Plus,69.0,45900.0,33696.0
VEH_006204,YV1XZG289137013,EX90,Pure_EV,Core,111.0,86000.0,62500.0
VEH_006205,YV1XZF835619677,XC60,PHEV,Ultimate,18.8,76110.0,54516.0
VEH_006206,YV1XZG306542440,EC40,Pure_EV,Ultimate,82.0,63130.0,46964.0
VEH_006207,YV1XZA843411675,EX90,Pure_EV,Ultimate,111.0,101480.0,73750.0
VEH_006208,YV1XZD411274300,XC90,PHEV,Core,18.8,89000.0,64100.0
VEH_006209,YV1XZH994978706,EC40,Pure_EV,Plus,82.0,57780.0,42984.0
VEH_006210,YV1XZH646077786,EX30,Pure_EV,Plus,69.0,45900.0,33696.0
VEH_006211,YV1XZF112609563,XC90,PHEV,Ultimate,18.8,105020.0,75638.0
VEH_006212,YV1XZA963760321,EC40,Pure_EV,Plus,82.0,57780.0,42984.0
VEH_006213,YV1XZF759116058,EX90,Pure_EV,Core,111.0,86000.0,62500.0
VEH_006214,YV1XZF176634497,V60,MHEV,Plus,0.0,48384.0,35532.0
VEH_006215,YV1XZD946133097,XC90,PHEV,Plus,18.8,96120.0,69228.0
VEH_006216,YV1XZH376358226,V60,MHEV,Plus,0.0,48384.0,35532.0
VEH_006217,YV1XZC526555697,XC90,PHEV,Ultimate,18.8,105020.0,75638.0
VEH_006218,YV1XZD271753941,XC60,PHEV,Ultimate,18.8,76110.0,54516.0
VEH_006219,YV1XZF544652427,XC90,PHEV,Ultimate,18.8,105020.0,75638.0
VEH_006220,YV1XZC585707684,EX90,Pure_EV,Plus,111.0,92880.0,67500.0
VEH_006221,YV1XZF953399697,XC60,PHEV,Plus,18.8,69660.0,49896.0
VEH_006222,YV1XZF709067946,EX90,Pure_EV,Core,111.0,86000.0,62500.0
VEH_006223,YV1XZG186493560,EX90,Pure_EV,Core,111.0,86000.0,62500.0
VEH_006224,YV1XZB252213519,XC60,PHEV,Plus,18.8,69660.0,49896.0
VEH_006225,YV1XZA802355819,XC90,PHEV,Core,18.8,89000.0,64100.0
VEH_006226,YV1XZC262037706,EC40,Pure_EV,Ultimate,82.0,63130.0,46964.0
VEH_006227,YV1XZB176596310,XC90,PHEV,Plus,18.8,96120.0,69228.0
VEH_006228,YV1XZD145141735,EC40,Pure_EV,Plus,82.0,57780.0,42984.0
VEH_006229,YV1XZF439092647,EX90,Pure_EV,Ultimate,111.0,101480.0,73750.0
VEH_006230,YV1XZG349743101,V60,MHEV,Ultimate,0.0,52864.0,38822.0
VEH_006231,YV1XZH817662257,XC60,PHEV,Core,18.8,64500.0,46200.0
VEH_006232,YV1XZG285070646,V60,MHEV,Core,0.0,44800.0,32900.0
VEH_006233,YV1XZE813050798,XC90,PHEV,Ultimate,18.8,105020.0,75638.0
VEH_006234,YV1XZG504782647,EX90,Pure_EV,Core,111.0,86000.0,62500.0
VEH_006235,YV1XZE769480579,EX30,Pure_EV,Plus,69.0,45900.0,33696.0
VEH_006236,YV1XZF204256082,XC90,PHEV,Core,18.8,89000.0,64100.0
VEH_006237,YV1XZB339482325,EX90,Pure_EV,Core,111.0,86000.0,62500.0
VEH_006238,YV1XZA146825230,V60,MHEV,Ultimate,0.0,52864.0,38822.0
VEH_006239,YV1XZD856314186,EC40,Pure_EV,Ultimate,82.0,63130.0,46964.0
VEH_006240,YV1XZB289816316,EX90,Pure_EV,Core,111.0,86000.0,62500.0
VEH_006241,YV1XZC939785263,EX90,Pure_EV,Core,111.0,86000.0,62500.0
VEH_006242,YV1XZE649070551,EX30,Pure_EV,Plus,69.0,45900.0,33696.0
VEH_006243,YV1XZF678023583,V60,MHEV,Core,0.0,44800.0,32900.0
VEH_006244,YV1XZG675295261,EX90,Pure_EV,Plus,111.0,92880.0,67500.0
VEH_006245,YV1XZE109058194,XC60,PHEV,Plus,18.8,69660.0,49896.0
VEH_006246,YV1XZB669983283,EX30,Pure_EV,Ultimate,69.0,50150.0,36816.0
VEH_006247,YV1XZA518183156,EC40,Pure_EV,Plus,82.0,57780.0,42984.0
VEH_006248,YV1XZC998906236,EC40,Pure_EV,Plus,82.0,57780.0,42984.0
VEH_006249,YV1XZA953208639,V60,MHEV,Core,0.0,44800.0,32900.0
VEH_006250,YV1XZH574856057,XC60,PHEV,Core,18.8,64500.0,46200.0
VEH_006251,YV1XZH362585662,V60,MHEV,Ultimate,0.0,52864.0,38822.0
VEH_006252,YV1XZF933157493,EC40,Pure_EV,Ultimate,82.0,63130.0,46964.0
VEH_006253,YV1XZG402547134,V60,MHEV,Plus,0.0,48384.0,35532.0
VEH_006254,YV1XZE932225920,XC60,PHEV,Ultimate,18.8,76110.0,54516.0
VEH_006255,YV1XZG877625813,V60,MHEV,Core,0.0,44800.0,32900.0
VEH_006256,YV1XZE807063288,EX90,Pure_EV,Core,111.0,86000.0,62500.0
VEH_006257,YV1XZC867574023,EX90,Pure_EV,Core,111.0,86000.0,62500.0
VEH_006258,YV1XZC180642002,XC60,PHEV,Core,18.8,64500.0,46200.0
VEH_006259,YV1XZA428176599,EX90,Pure_EV,Core,111.0,86000.0,62500.0
VEH_006260,YV1XZA405288540,V60,MHEV,Core,0.0,44800.0,32900.0
VEH_006261,YV1XZE671120637,EX90,Pure_EV,Ultimate,111.0,101480.0,73750.0
VEH_006262,YV1XZE886772430,EX90,Pure_EV,Core,111.0,86000.0,62500.0
VEH_006263,YV1XZB196687876,XC60,PHEV,Ultimate,18.8,76110.0,54516.0
VEH_006264,YV1XZH264738025,XC60,PHEV,Ultimate,18.8,76110.0,54516.0
VEH_006265,YV1XZE717795946,XC60,PHEV,Ultimate,18.8,76110.0,54516.0
VEH_006266,YV1XZB799744320,V60,MHEV,Ultimate,0.0,52864.0,38822.0
VEH_006267,YV1XZD219071165,EX90,Pure_EV,Ultimate,111.0,101480.0,73750.0
VEH_006268,YV1XZA161217307,V60,MHEV,Ultimate,0.0,52864.0,38822.0
VEH_006269,YV1XZG540042312,EX90,Pure_EV,Plus,111.0,92880.0,67500.0
VEH_006270,YV1XZC858309093,EX30,Pure_EV,Ultimate,69.0,50150.0,36816.0
VEH_006271,YV1XZA473485551,EX30,Pure_EV,Core,69.0,42500.0,31200.0
VEH_006272,YV1XZC679006009,EX90,Pure_EV,Ultimate,111.0,101480.0,73750.0
VEH_006273,YV1XZG302456229,EC40,Pure_EV,Core,82.0,53500.0,39800.0
VEH_006274,YV1XZF778399002,EX30,Pure_EV,Core,69.0,42500.0,31200.0
VEH_006275,YV1XZC390074356,EX30,Pure_EV,Plus,69.0,45900.0,33696.0
VEH_006276,YV1XZD690379021,EX90,Pure_EV,Ultimate,111.0,101480.0,73750.0
VEH_006277,YV1XZF693941069,V60,MHEV,Core,0.0,44800.0,32900.0
VEH_006278,YV1XZG970070946,V60,MHEV,Core,0.0,44800.0,32900.0
VEH_006279,YV1XZA164039356,XC90,PHEV,Core,18.8,89000.0,64100.0
VEH_006280,YV1XZG276108792,XC60,PHEV,Plus,18.8,69660.0,49896.0
VEH_006281,YV1XZD343888017,XC60,PHEV,Plus,18.8,69660.0,49896.0
VEH_006282,YV1XZD638590681,EX90,Pure_EV,Ultimate,111.0,101480.0,73750.0
VEH_006283,YV1XZD330307055,XC90,PHEV,Plus,18.8,96120.0,69228.0
VEH_006284,YV1XZB642946343,XC60,PHEV,Plus,18.8,69660.0,49896.0
VEH_006285,YV1XZB777644857,EC40,Pure_EV,Ultimate,82.0,63130.0,46964.0
VEH_006286,YV1XZC526972789,XC90,PHEV,Plus,18.8,96120.0,69228.0
VEH_006287,YV1XZD566061332,XC60,PHEV,Core,18.8,64500.0,46200.0
VEH_006288,YV1XZB100880981,XC90,PHEV,Plus,18.8,96120.0,69228.0
VEH_006289,YV1XZC812775601,EX30,Pure_EV,Core,69.0,42500.0,31200.0
VEH_006290,YV1XZD342245638,XC90,PHEV,Core,18.8,89000.0,64100.0
VEH_006291,YV1XZC206460807,V60,MHEV,Ultimate,0.0,52864.0,38822.0
VEH_006292,YV1XZD475087671,V60,MHEV,Ultimate,0.0,52864.0,38822.0
VEH_006293,YV1XZB667316833,EX90,Pure_EV,Plus,111.0,92880.0,67500.0
VEH_006294,YV1XZA536004269,XC60,PHEV,Plus,18.8,69660.0,49896.0
VEH_006295,YV1XZG201975326,XC60,PHEV,Plus,18.8,69660.0,49896.0
VEH_006296,YV1XZG911230903,V60,MHEV,Core,0.0,44800.0,32900.0
VEH_006297,YV1XZF986397259,V60,MHEV,Ultimate,0.0,52864.0,38822.0
VEH_006298,YV1XZA781615671,XC90,PHEV,Core,18.8,89000.0,64100.0
VEH_006299,YV1XZB802430291,XC90,PHEV,Ultimate,18.8,105020.0,75638.0
VEH_006300,YV1XZB766976116,EC40,Pure_EV,Core,82.0,53500.0,39800.0
VEH_006301,YV1XZH539967390,EX90,Pure_EV,Plus,111.0,92880.0,67500.0
VEH_006302,YV1XZB478325727,EX30,Pure_EV,Plus,69.0,45900.0,33696.0
VEH_006303,YV1XZD680913418,XC90,PHEV,Plus,18.8,96120.0,69228.0
VEH_006304,YV1XZF809465411,V60,MHEV,Plus,0.0,48384.0,35532.0
VEH_006305,YV1XZA869003668,XC60,PHEV,Core,18.8,64500.0,46200.0
VEH_006306,YV1XZG504661498,V60,MHEV,Core,0.0,44800.0,32900.0
VEH_006307,YV1XZG673234879,EC40,Pure_EV,Ultimate,82.0,63130.0,46964.0
VEH_006308,YV1XZF717128968,XC60,PHEV,Core,18.8,64500.0,46200.0
VEH_006309,YV1XZF581269742,EX30,Pure_EV,Core,69.0,42500.0,31200.0
VEH_006310,YV1XZC468753641,EX90,Pure_EV,Plus,111.0,92880.0,67500.0
VEH_006311,YV1XZE820655221,EC40,Pure_EV,Core,82.0,53500.0,39800.0
VEH_006312,YV1XZA920334754,XC60,PHEV,Ultimate,18.8,76110.0,54516.0
VEH_006313,YV1XZE246569717,XC60,PHEV,Ultimate,18.8,76110.0,54516.0
VEH_006314,YV1XZA577870740,XC90,PHEV,Ultimate,18.8,105020.0,75638.0
VEH_006315,YV1XZH253243773,EC40,Pure_EV,Ultimate,82.0,63130.0,46964.0
VEH_006316,YV1XZG733792928,XC90,PHEV,Plus,18.8,96120.0,69228.0
VEH_006317,YV1XZH716429066,EC40,Pure_EV,Core,82.0,53500.0,39800.0
VEH_006318,YV1XZH123186044,XC90,PHEV,Plus,18.8,96120.0,69228.0
VEH_006319,YV1XZH429631784,XC90,PHEV,Core,18.8,89000.0,64100.0
VEH_006320,YV1XZH373707633,V60,MHEV,Ultimate,0.0,52864.0,38822.0
VEH_006321,YV1XZE535539861,XC90,PHEV,Plus,18.8,96120.0,69228.0
VEH_006322,YV1XZD961922308,EC40,Pure_EV,Core,82.0,53500.0,39800.0
VEH_006323,YV1XZE220843803,XC90,PHEV,Ultimate,18.8,105020.0,75638.0
VEH_006324,YV1XZD410284823,XC60,PHEV,Plus,18.8,69660.0,49896.0
VEH_006325,YV1XZF321467715,XC60,PHEV,Ultimate,18.8,76110.0,54516.0
VEH_006326,YV1XZB508903050,XC60,PHEV,Ultimate,18.8,76110.0,54516.0
VEH_006327,YV1XZA384778990,EC40,Pure_EV,Ultimate,82.0,63130.0,46964.0
VEH_006328,YV1XZA950763485,EC40,Pure_EV,Plus,82.0,57780.0,42984.0
VEH_006329,YV1XZG110643751,XC90,PHEV,Core,18.8,89000.0,64100.0
VEH_006330,YV1XZB997319881,EC40,Pure_EV,Core,82.0,53500.0,39800.0
VEH_006331,YV1XZG249830992,EX30,Pure_EV,Core,69.0,42500.0,31200.0
VEH_006332,YV1XZG529727329,XC60,PHEV,Core,18.8,64500.0,46200.0
VEH_006333,YV1XZA119411302,EC40,Pure_EV,Ultimate,82.0,63130.0,46964.0
VEH_006334,YV1XZE674066705,XC90,PHEV,Core,18.8,89000.0,64100.0
VEH_006335,YV1XZB926966364,EC40,Pure_EV,Plus,82.0,57780.0,42984.0
VEH_006336,YV1XZD814817198,EX90,Pure_EV,Core,111.0,86000.0,62500.0
VEH_006337,YV1XZH427621466,EX30,Pure_EV,Plus,69.0,45900.0,33696.0
VEH_006338,YV1XZD764489816,V60,MHEV,Ultimate,0.0,52864.0,38822.0
VEH_006339,YV1XZH381225320,XC90,PHEV,Ultimate,18.8,105020.0,75638.0
VEH_006340,YV1XZF546670196,V60,MHEV,Core,0.0,44800.0,32900.0
VEH_006341,YV1XZC580046546,EX90,Pure_EV,Core,111.0,86000.0,62500.0
VEH_006342,YV1XZA100678471,EC40,Pure_EV,Core,82.0,53500.0,39800.0
VEH_006343,YV1XZF873312996,EX90,Pure_EV,Core,111.0,86000.0,62500.0
VEH_006344,YV1XZG209331091,XC60,PHEV,Ultimate,18.8,76110.0,54516.0
VEH_006345,YV1XZF792616427,XC90,PHEV,Ultimate,18.8,105020.0,75638.0
VEH_006346,YV1XZF515970340,EX90,Pure_EV,Core,111.0,86000.0,62500.0
VEH_006347,YV1XZE923832833,EC40,Pure_EV,Core,82.0,53500.0,39800.0
VEH_006348,YV1XZH681283349,XC90,PHEV,Core,18.8,89000.0,64100.0
VEH_006349,YV1XZG581922713,V60,MHEV,Plus,0.0,48384.0,35532.0
VEH_006350,YV1XZH874182210,XC90,PHEV,Core,18.8,89000.0,64100.0
VEH_006351,YV1XZB669963093,EX30,Pure_EV,Ultimate,69.0,50150.0,36816.0
VEH_006352,YV1XZG790135801,XC60,PHEV,Core,18.8,64500.0,46200.0
VEH_006353,YV1XZB777556202,EX30,Pure_EV,Core,69.0,42500.0,31200.0
VEH_006354,YV1XZF838661513,EX90,Pure_EV,Plus,111.0,92880.0,67500.0
VEH_006355,YV1XZD391395622,EX30,Pure_EV,Core,69.0,42500.0,31200.0
VEH_006356,YV1XZE241225724,EC40,Pure_EV,Plus,82.0,57780.0,42984.0
VEH_006357,YV1XZA522404300,XC90,PHEV,Ultimate,18.8,105020.0,75638.0
VEH_006358,YV1XZF553054055,XC60,PHEV,Plus,18.8,69660.0,49896.0
VEH_006359,YV1XZF276989901,XC90,PHEV,Plus,18.8,96120.0,69228.0
VEH_006360,YV1XZG252217266,EC40,Pure_EV,Core,82.0,53500.0,39800.0
VEH_006361,YV1XZF469574408,EX90,Pure_EV,Core,111.0,86000.0,62500.0
VEH_006362,YV1XZG612912295,XC90,PHEV,Ultimate,18.8,105020.0,75638.0
VEH_006363,YV1XZG924760857,EX90,Pure_EV,Plus,111.0,92880.0,67500.0
VEH_006364,YV1XZC234093369,EX90,Pure_EV,Core,111.0,86000.0,62500.0
VEH_006365,YV1XZF353308409,XC90,PHEV,Core,18.8,89000.0,64100.0
VEH_006366,YV1XZE571992022,EX90,Pure_EV,Ultimate,111.0,101480.0,73750.0
VEH_006367,YV1XZH429964279,EX30,Pure_EV,Plus,69.0,45900.0,33696.0
VEH_006368,YV1XZE681091741,XC60,PHEV,Plus,18.8,69660.0,49896.0
VEH_006369,YV1XZF499824326,EC40,Pure_EV,Ultimate,82.0,63130.0,46964.0
VEH_006370,YV1XZG450316416,XC90,PHEV,Core,18.8,89000.0,64100.0
VEH_006371,YV1XZD673783531,EX90,Pure_EV,Core,111.0,86000.0,62500.0
VEH_006372,YV1XZA625165952,EX90,Pure_EV,Plus,111.0,92880.0,67500.0
VEH_006373,YV1XZE457574208,EX30,Pure_EV,Core,69.0,42500.0,31200.0
VEH_006374,YV1XZD209121575,V60,MHEV,Plus,0.0,48384.0,35532.0
VEH_006375,YV1XZA103569442,EX90,Pure_EV,Ultimate,111.0,101480.0,73750.0
VEH_006376,YV1XZG237144535,V60,MHEV,Core,0.0,44800.0,32900.0
VEH_006377,YV1XZB173003126,V60,MHEV,Core,0.0,44800.0,32900.0
VEH_006378,YV1XZD936231141,V60,MHEV,Plus,0.0,48384.0,35532.0
VEH_006379,YV1XZH631130130,V60,MHEV,Core,0.0,44800.0,32900.0
VEH_006380,YV1XZE675602611,EX90,Pure_EV,Plus,111.0,92880.0,67500.0
VEH_006381,YV1XZD763020012,V60,MHEV,Ultimate,0.0,52864.0,38822.0
VEH_006382,YV1XZF864896624,EC40,Pure_EV,Ultimate,82.0,63130.0,46964.0
VEH_006383,YV1XZF283576774,V60,MHEV,Plus,0.0,48384.0,35532.0
VEH_006384,YV1XZE282870232,EX90,Pure_EV,Ultimate,111.0,101480.0,73750.0
VEH_006385,YV1XZC865366017,V60,MHEV,Plus,0.0,48384.0,35532.0
VEH_006386,YV1XZG224184852,EC40,Pure_EV,Core,82.0,53500.0,39800.0
VEH_006387,YV1XZH495398331,XC90,PHEV,Plus,18.8,96120.0,69228.0
VEH_006388,YV1XZH171468379,XC90,PHEV,Core,18.8,89000.0,64100.0
VEH_006389,YV1XZA668109294,EX30,Pure_EV,Plus,69.0,45900.0,33696.0
VEH_006390,YV1XZF431264192,V60,MHEV,Core,0.0,44800.0,32900.0
VEH_006391,YV1XZE581290660,XC90,PHEV,Core,18.8,89000.0,64100.0
VEH_006392,YV1XZE606393748,XC60,PHEV,Plus,18.8,69660.0,49896.0
VEH_006393,YV1XZD482919961,EX90,Pure_EV,Plus,111.0,92880.0,67500.0
VEH_006394,YV1XZH667928246,EX90,Pure_EV,Plus,111.0,92880.0,67500.0
VEH_006395,YV1XZE220404019,V60,MHEV,Ultimate,0.0,52864.0,38822.0
VEH_006396,YV1XZF723394061,XC60,PHEV,Core,18.8,64500.0,46200.0
VEH_006397,YV1XZH314145782,EC40,Pure_EV,Ultimate,82.0,63130.0,46964.0
VEH_006398,YV1XZD139349446,EC40,Pure_EV,Plus,82.0,57780.0,42984.0
VEH_006399,YV1XZH648193635,EC40,Pure_EV,Core,82.0,53500.0,39800.0
VEH_006400,YV1XZD309632760,XC90,PHEV,Core,18.8,89000.0,64100.0
VEH_006401,YV1XZD552351635,EX30,Pure_EV,Ultimate,69.0,50150.0,36816.0
VEH_006402,YV1XZD357317854,EX30,Pure_EV,Core,69.0,42500.0,31200.0
VEH_006403,YV1XZC558620917,V60,MHEV,Ultimate,0.0,52864.0,38822.0
VEH_006404,YV1XZH643342996,EX30,Pure_EV,Ultimate,69.0,50150.0,36816.0
VEH_006405,YV1XZB478629683,XC90,PHEV,Core,18.8,89000.0,64100.0
VEH_006406,YV1XZH310774725,EX90,Pure_EV,Plus,111.0,92880.0,67500.0
VEH_006407,YV1XZG297519631,EX30,Pure_EV,Plus,69.0,45900.0,33696.0
VEH_006408,YV1XZB436576114,EC40,Pure_EV,Ultimate,82.0,63130.0,46964.0
VEH_006409,YV1XZH842502678,EX90,Pure_EV,Core,111.0,86000.0,62500.0
VEH_006410,YV1XZF993065687,EC40,Pure_EV,Plus,82.0,57780.0,42984.0
VEH_006411,YV1XZF882691805,V60,MHEV,Core,0.0,44800.0,32900.0
VEH_006412,YV1XZA209013966,EX90,Pure_EV,Plus,111.0,92880.0,67500.0
VEH_006413,YV1XZB482510271,XC90,PHEV,Ultimate,18.8,105020.0,75638.0
VEH_006414,YV1XZH301854363,XC60,PHEV,Ultimate,18.8,76110.0,54516.0
VEH_006415,YV1XZG633181562,EC40,Pure_EV,Plus,82.0,57780.0,42984.0
VEH_006416,YV1XZH575338076,EX30,Pure_EV,Ultimate,69.0,50150.0,36816.0
VEH_006417,YV1XZC736181145,V60,MHEV,Plus,0.0,48384.0,35532.0
VEH_006418,YV1XZB433280484,XC60,PHEV,Ultimate,18.8,76110.0,54516.0
VEH_006419,YV1XZG246621292,EX90,Pure_EV,Core,111.0,86000.0,62500.0
VEH_006420,YV1XZE503802726,XC90,PHEV,Ultimate,18.8,105020.0,75638.0
VEH_006421,YV1XZE466634575,V60,MHEV,Plus,0.0,48384.0,35532.0
VEH_006422,YV1XZA840338262,EX30,Pure_EV,Ultimate,69.0,50150.0,36816.0
VEH_006423,YV1XZA671516246,EX30,Pure_EV,Core,69.0,42500.0,31200.0
VEH_006424,YV1XZF615063822,XC90,PHEV,Ultimate,18.8,105020.0,75638.0
VEH_006425,YV1XZA670470132,EX90,Pure_EV,Ultimate,111.0,101480.0,73750.0
VEH_006426,YV1XZF275799272,EX90,Pure_EV,Ultimate,111.0,101480.0,73750.0
VEH_006427,YV1XZB680145479,EX30,Pure_EV,Ultimate,69.0,50150.0,36816.0
VEH_006428,YV1XZE408689865,XC90,PHEV,Plus,18.8,96120.0,69228.0
VEH_006429,YV1XZE518611609,EX90,Pure_EV,Ultimate,111.0,101480.0,73750.0
VEH_006430,YV1XZE764918032,EC40,Pure_EV,Ultimate,82.0,63130.0,46964.0
VEH_006431,YV1XZH725818533,V60,MHEV,Ultimate,0.0,52864.0,38822.0
VEH_006432,YV1XZC702412114,EC40,Pure_EV,Plus,82.0,57780.0,42984.0
VEH_006433,YV1XZF781943571,EC40,Pure_EV,Plus,82.0,57780.0,42984.0
VEH_006434,YV1XZF909852292,V60,MHEV,Ultimate,0.0,52864.0,38822.0
VEH_006435,YV1XZB736015682,XC90,PHEV,Core,18.8,89000.0,64100.0
VEH_006436,YV1XZC176726487,EX30,Pure_EV,Core,69.0,42500.0,31200.0
VEH_006437,YV1XZH885042792,XC60,PHEV,Ultimate,18.8,76110.0,54516.0
VEH_006438,YV1XZB980470108,XC90,PHEV,Ultimate,18.8,105020.0,75638.0
VEH_006439,YV1XZD786440732,EX90,Pure_EV,Plus,111.0,92880.0,67500.0
VEH_006440,YV1XZB596199824,XC90,PHEV,Plus,18.8,96120.0,69228.0
VEH_006441,YV1XZE382063522,EX30,Pure_EV,Plus,69.0,45900.0,33696.0
VEH_006442,YV1XZE953415402,EC40,Pure_EV,Core,82.0,53500.0,39800.0
VEH_006443,YV1XZH916633730,EX90,Pure_EV,Plus,111.0,92880.0,67500.0
VEH_006444,YV1XZG661964329,EX90,Pure_EV,Ultimate,111.0,101480.0,73750.0
VEH_006445,YV1XZC879664824,EX30,Pure_EV,Core,69.0,42500.0,31200.0
VEH_006446,YV1XZA325399930,EX90,Pure_EV,Ultimate,111.0,101480.0,73750.0
VEH_006447,YV1XZF907438286,XC90,PHEV,Ultimate,18.8,105020.0,75638.0
VEH_006448,YV1XZB932537216,XC60,PHEV,Ultimate,18.8,76110.0,54516.0
VEH_006449,YV1XZD754719022,EX30,Pure_EV,Ultimate,69.0,50150.0,36816.0
VEH_006450,YV1XZB395388777,XC60,PHEV,Ultimate,18.8,76110.0,54516.0
VEH_006451,YV1XZA981613093,EC40,Pure_EV,Ultimate,82.0,63130.0,46964.0
VEH_006452,YV1XZC994850544,EX30,Pure_EV,Ultimate,69.0,50150.0,36816.0
VEH_006453,YV1XZH719648027,EX30,Pure_EV,Plus,69.0,45900.0,33696.0
VEH_006454,YV1XZF258706512,EX30,Pure_EV,Plus,69.0,45900.0,33696.0
VEH_006455,YV1XZG728354912,XC90,PHEV,Plus,18.8,96120.0,69228.0
VEH_006456,YV1XZF196025017,EX90,Pure_EV,Core,111.0,86000.0,62500.0
VEH_006457,YV1XZF899415311,V60,MHEV,Ultimate,0.0,52864.0,38822.0
VEH_006458,YV1XZA910185625,XC90,PHEV,Ultimate,18.8,105020.0,75638.0
VEH_006459,YV1XZA925495074,V60,MHEV,Plus,0.0,48384.0,35532.0
VEH_006460,YV1XZD235867560,V60,MHEV,Plus,0.0,48384.0,35532.0
VEH_006461,YV1XZA901149698,V60,MHEV,Plus,0.0,48384.0,35532.0
VEH_006462,YV1XZB718124470,V60,MHEV,Core,0.0,44800.0,32900.0
VEH_006463,YV1XZB111204746,EX90,Pure_EV,Ultimate,111.0,101480.0,73750.0
VEH_006464,YV1XZC715796573,EX90,Pure_EV,Ultimate,111.0,101480.0,73750.0
VEH_006465,YV1XZC793978998,XC60,PHEV,Plus,18.8,69660.0,49896.0
VEH_006466,YV1XZB361294334,EC40,Pure_EV,Plus,82.0,57780.0,42984.0
VEH_006467,YV1XZA716293206,V60,MHEV,Plus,0.0,48384.0,35532.0
VEH_006468,YV1XZF987288467,EX30,Pure_EV,Ultimate,69.0,50150.0,36816.0
VEH_006469,YV1XZB145866491,XC90,PHEV,Core,18.8,89000.0,64100.0
VEH_006470,YV1XZA245630539,EC40,Pure_EV,Plus,82.0,57780.0,42984.0
VEH_006471,YV1XZH321817966,EC40,Pure_EV,Core,82.0,53500.0,39800.0
VEH_006472,YV1XZF848569845,XC60,PHEV,Core,18.8,64500.0,46200.0
VEH_006473,YV1XZD507071250,XC90,PHEV,Plus,18.8,96120.0,69228.0
VEH_006474,YV1XZH184681609,XC60,PHEV,Core,18.8,64500.0,46200.0
VEH_006475,YV1XZF647240037,EX90,Pure_EV,Ultimate,111.0,101480.0,73750.0
VEH_006476,YV1XZG710261100,V60,MHEV,Ultimate,0.0,52864.0,38822.0
VEH_006477,YV1XZF359839605,EX90,Pure_EV,Core,111.0,86000.0,62500.0
VEH_006478,YV1XZA772840271,XC90,PHEV,Core,18.8,89000.0,64100.0
VEH_006479,YV1XZF906676189,EC40,Pure_EV,Ultimate,82.0,63130.0,46964.0
VEH_006480,YV1XZF779538032,XC60,PHEV,Core,18.8,64500.0,46200.0
VEH_006481,YV1XZD192286195,EC40,Pure_EV,Plus,82.0,57780.0,42984.0
VEH_006482,YV1XZG980909985,V60,MHEV,Plus,0.0,48384.0,35532.0
VEH_006483,YV1XZH709992542,XC60,PHEV,Core,18.8,64500.0,46200.0
VEH_006484,YV1XZF948099169,EX90,Pure_EV,Plus,111.0,92880.0,67500.0
VEH_006485,YV1XZG411575520,EX30,Pure_EV,Core,69.0,42500.0,31200.0
VEH_006486,YV1XZA808696059,EX90,Pure_EV,Plus,111.0,92880.0,67500.0
VEH_006487,YV1XZD606308772,EX90,Pure_EV,Ultimate,111.0,101480.0,73750.0
VEH_006488,YV1XZH130250567,XC60,PHEV,Core,18.8,64500.0,46200.0
VEH_006489,YV1XZG922174127,EX90,Pure_EV,Ultimate,111.0,101480.0,73750.0
VEH_006490,YV1XZG105031540,V60,MHEV,Plus,0.0,48384.0,35532.0
VEH_006491,YV1XZE290148048,EC40,Pure_EV,Core,82.0,53500.0,39800.0
VEH_006492,YV1XZG966765128,XC90,PHEV,Core,18.8,89000.0,64100.0
VEH_006493,YV1XZB977247301,EC40,Pure_EV,Plus,82.0,57780.0,42984.0
VEH_006494,YV1XZG182187850,V60,MHEV,Ultimate,0.0,52864.0,38822.0
VEH_006495,YV1XZH447172739,EX30,Pure_EV,Core,69.0,42500.0,31200.0
VEH_006496,YV1XZF674895555,V60,MHEV,Core,0.0,44800.0,32900.0
VEH_006497,YV1XZG989311082,V60,MHEV,Plus,0.0,48384.0,35532.0
VEH_006498,YV1XZF233616139,EC40,Pure_EV,Core,82.0,53500.0,39800.0
VEH_006499,YV1XZA245351271,EX30,Pure_EV,Core,69.0,42500.0,31200.0
VEH_006500,YV1XZA383530940,XC60,PHEV,Core,18.8,64500.0,46200.0
VEH_006501,YV1XZG323908049,EX90,Pure_EV,Plus,111.0,92880.0,67500.0
VEH_006502,YV1XZB382713132,XC60,PHEV,Core,18.8,64500.0,46200.0
VEH_006503,YV1XZE586713899,V60,MHEV,Plus,0.0,48384.0,35532.0
VEH_006504,YV1XZD735631188,EX30,Pure_EV,Ultimate,69.0,50150.0,36816.0
VEH_006505,YV1XZA717771418,EC40,Pure_EV,Core,82.0,53500.0,39800.0
VEH_006506,YV1XZA549241856,XC60,PHEV,Ultimate,18.8,76110.0,54516.0
VEH_006507,YV1XZE846435811,XC60,PHEV,Plus,18.8,69660.0,49896.0
VEH_006508,YV1XZA711676151,V60,MHEV,Ultimate,0.0,52864.0,38822.0
VEH_006509,YV1XZE758918948,EX90,Pure_EV,Core,111.0,86000.0,62500.0
VEH_006510,YV1XZE443491142,XC90,PHEV,Plus,18.8,96120.0,69228.0
VEH_006511,YV1XZD992449270,EC40,Pure_EV,Core,82.0,53500.0,39800.0
VEH_006512,YV1XZH245797792,EC40,Pure_EV,Ultimate,82.0,63130.0,46964.0
VEH_006513,YV1XZH385488676,XC60,PHEV,Core,18.8,64500.0,46200.0
VEH_006514,YV1XZG965483263,EX90,Pure_EV,Core,111.0,86000.0,62500.0
VEH_006515,YV1XZB947006402,XC90,PHEV,Ultimate,18.8,105020.0,75638.0
VEH_006516,YV1XZE932858219,EX30,Pure_EV,Plus,69.0,45900.0,33696.0
VEH_006517,YV1XZD427563057,V60,MHEV,Core,0.0,44800.0,32900.0
VEH_006518,YV1XZB644663192,EX90,Pure_EV,Ultimate,111.0,101480.0,73750.0
VEH_006519,YV1XZH575868914,XC60,PHEV,Core,18.8,64500.0,46200.0
VEH_006520,YV1XZF649722837,V60,MHEV,Ultimate,0.0,52864.0,38822.0
VEH_006521,YV1XZD330262923,EX90,Pure_EV,Ultimate,111.0,101480.0,73750.0
VEH_006522,YV1XZH582654600,XC60,PHEV,Plus,18.8,69660.0,49896.0
VEH_006523,YV1XZB349696697,EX30,Pure_EV,Plus,69.0,45900.0,33696.0
VEH_006524,YV1XZA768606852,V60,MHEV,Core,0.0,44800.0,32900.0
VEH_006525,YV1XZD650454911,EX30,Pure_EV,Plus,69.0,45900.0,33696.0
VEH_006526,YV1XZA300027050,V60,MHEV,Plus,0.0,48384.0,35532.0
VEH_006527,YV1XZG243065640,XC90,PHEV,Core,18.8,89000.0,64100.0
VEH_006528,YV1XZC142433446,EC40,Pure_EV,Plus,82.0,57780.0,42984.0
VEH_006529,YV1XZC349799332,EC40,Pure_EV,Core,82.0,53500.0,39800.0
VEH_006530,YV1XZA877562137,EX30,Pure_EV,Ultimate,69.0,50150.0,36816.0
VEH_006531,YV1XZH595881130,V60,MHEV,Plus,0.0,48384.0,35532.0
VEH_006532,YV1XZE913855409,EX90,Pure_EV,Core,111.0,86000.0,62500.0
VEH_006533,YV1XZA160770672,EC40,Pure_EV,Core,82.0,53500.0,39800.0
VEH_006534,YV1XZH840309605,V60,MHEV,Ultimate,0.0,52864.0,38822.0
VEH_006535,YV1XZE207057192,XC90,PHEV,Ultimate,18.8,105020.0,75638.0
VEH_006536,YV1XZC390686172,XC90,PHEV,Core,18.8,89000.0,64100.0
VEH_006537,YV1XZB163884670,EC40,Pure_EV,Core,82.0,53500.0,39800.0
VEH_006538,YV1XZE206075687,XC90,PHEV,Plus,18.8,96120.0,69228.0
VEH_006539,YV1XZC906007366,V60,MHEV,Core,0.0,44800.0,32900.0
VEH_006540,YV1XZH130237940,EC40,Pure_EV,Ultimate,82.0,63130.0,46964.0
VEH_006541,YV1XZH262160092,XC90,PHEV,Ultimate,18.8,105020.0,75638.0
VEH_006542,YV1XZE716688859,V60,MHEV,Plus,0.0,48384.0,35532.0
VEH_006543,YV1XZC290542002,XC60,PHEV,Core,18.8,64500.0,46200.0
VEH_006544,YV1XZH420562730,EC40,Pure_EV,Core,82.0,53500.0,39800.0
VEH_006545,YV1XZE115020342,EX90,Pure_EV,Core,111.0,86000.0,62500.0
VEH_006546,YV1XZD285103793,EC40,Pure_EV,Ultimate,82.0,63130.0,46964.0
VEH_006547,YV1XZB672915779,XC60,PHEV,Core,18.8,64500.0,46200.0
VEH_006548,YV1XZA306608224,XC90,PHEV,Core,18.8,89000.0,64100.0
VEH_006549,YV1XZG206533185,EC40,Pure_EV,Plus,82.0,57780.0,42984.0
VEH_006550,YV1XZD153966820,V60,MHEV,Plus,0.0,48384.0,35532.0
VEH_006551,YV1XZC686429833,XC60,PHEV,Core,18.8,64500.0,46200.0
VEH_006552,YV1XZC160226762,XC60,PHEV,Plus,18.8,69660.0,49896.0
VEH_006553,YV1XZA738400523,EX90,Pure_EV,Core,111.0,86000.0,62500.0
VEH_006554,YV1XZG961771921,EC40,Pure_EV,Core,82.0,53500.0,39800.0
VEH_006555,YV1XZC175246152,XC60,PHEV,Ultimate,18.8,76110.0,54516.0
VEH_006556,YV1XZD539450487,XC90,PHEV,Plus,18.8,96120.0,69228.0
VEH_006557,YV1XZA110712073,XC90,PHEV,Ultimate,18.8,105020.0,75638.0
VEH_006558,YV1XZH749522748,EC40,Pure_EV,Plus,82.0,57780.0,42984.0
VEH_006559,YV1XZA202842658,EC40,Pure_EV,Core,82.0,53500.0,39800.0
VEH_006560,YV1XZC458134077,XC60,PHEV,Core,18.8,64500.0,46200.0
VEH_006561,YV1XZA957415121,XC90,PHEV,Core,18.8,89000.0,64100.0
VEH_006562,YV1XZH196073310,XC60,PHEV,Core,18.8,64500.0,46200.0
VEH_006563,YV1XZH284324080,EX90,Pure_EV,Core,111.0,86000.0,62500.0
VEH_006564,YV1XZB319251480,EX90,Pure_EV,Core,111.0,86000.0,62500.0
VEH_006565,YV1XZA898052605,XC90,PHEV,Plus,18.8,96120.0,69228.0
VEH_006566,YV1XZB803393214,XC90,PHEV,Plus,18.8,96120.0,69228.0
VEH_006567,YV1XZC299327145,XC60,PHEV,Plus,18.8,69660.0,49896.0
VEH_006568,YV1XZE439531501,EX30,Pure_EV,Core,69.0,42500.0,31200.0
VEH_006569,YV1XZG950776308,V60,MHEV,Plus,0.0,48384.0,35532.0
VEH_006570,YV1XZB711473873,EX30,Pure_EV,Plus,69.0,45900.0,33696.0
VEH_006571,YV1XZB608911742,EX90,Pure_EV,Ultimate,111.0,101480.0,73750.0
VEH_006572,YV1XZE428987253,EX30,Pure_EV,Plus,69.0,45900.0,33696.0
VEH_006573,YV1XZA255370170,EX90,Pure_EV,Plus,111.0,92880.0,67500.0
VEH_006574,YV1XZE944517782,EX90,Pure_EV,Plus,111.0,92880.0,67500.0
VEH_006575,YV1XZF254860087,EX90,Pure_EV,Core,111.0,86000.0,62500.0
VEH_006576,YV1XZG116532141,EX30,Pure_EV,Ultimate,69.0,50150.0,36816.0
VEH_006577,YV1XZC330504270,EX90,Pure_EV,Plus,111.0,92880.0,67500.0
VEH_006578,YV1XZB252381222,XC90,PHEV,Plus,18.8,96120.0,69228.0
VEH_006579,YV1XZA726357673,V60,MHEV,Ultimate,0.0,52864.0,38822.0
VEH_006580,YV1XZH956670202,EC40,Pure_EV,Plus,82.0,57780.0,42984.0
VEH_006581,YV1XZG762524552,XC60,PHEV,Core,18.8,64500.0,46200.0
VEH_006582,YV1XZC551686952,EX30,Pure_EV,Core,69.0,42500.0,31200.0
VEH_006583,YV1XZF439094404,V60,MHEV,Ultimate,0.0,52864.0,38822.0
VEH_006584,YV1XZC605007363,EX30,Pure_EV,Core,69.0,42500.0,31200.0
VEH_006585,YV1XZH747120459,XC60,PHEV,Core,18.8,64500.0,46200.0
VEH_006586,YV1XZA827059836,EC40,Pure_EV,Ultimate,82.0,63130.0,46964.0
VEH_006587,YV1XZF988157617,EX90,Pure_EV,Plus,111.0,92880.0,67500.0
VEH_006588,YV1XZF220201918,V60,MHEV,Plus,0.0,48384.0,35532.0
VEH_006589,YV1XZC213568279,XC60,PHEV,Core,18.8,64500.0,46200.0
VEH_006590,YV1XZB443242122,EX30,Pure_EV,Ultimate,69.0,50150.0,36816.0
VEH_006591,YV1XZB283319438,XC90,PHEV,Ultimate,18.8,105020.0,75638.0
VEH_006592,YV1XZG913303658,XC60,PHEV,Ultimate,18.8,76110.0,54516.0
VEH_006593,YV1XZG374125495,V60,MHEV,Plus,0.0,48384.0,35532.0
VEH_006594,YV1XZG949505560,XC60,PHEV,Ultimate,18.8,76110.0,54516.0
VEH_006595,YV1XZG236259676,XC90,PHEV,Ultimate,18.8,105020.0,75638.0
VEH_006596,YV1XZG163122517,EX90,Pure_EV,Plus,111.0,92880.0,67500.0
VEH_006597,YV1XZE434966161,EX30,Pure_EV,Ultimate,69.0,50150.0,36816.0
VEH_006598,YV1XZA648866587,XC60,PHEV,Plus,18.8,69660.0,49896.0
VEH_006599,YV1XZH981396409,V60,MHEV,Core,0.0,44800.0,32900.0
VEH_006600,YV1XZB706186445,V60,MHEV,Ultimate,0.0,52864.0,38822.0
VEH_006601,YV1XZA626880492,EX30,Pure_EV,Ultimate,69.0,50150.0,36816.0
VEH_006602,YV1XZC192077688,EC40,Pure_EV,Ultimate,82.0,63130.0,46964.0
VEH_006603,YV1XZA154064947,XC60,PHEV,Plus,18.8,69660.0,49896.0
VEH_006604,YV1XZD522021469,XC60,PHEV,Ultimate,18.8,76110.0,54516.0
VEH_006605,YV1XZC995077335,XC90,PHEV,Ultimate,18.8,105020.0,75638.0
VEH_006606,YV1XZD399147144,EX90,Pure_EV,Plus,111.0,92880.0,67500.0
VEH_006607,YV1XZG390360213,XC90,PHEV,Plus,18.8,96120.0,69228.0
VEH_006608,YV1XZC225915938,XC60,PHEV,Core,18.8,64500.0,46200.0
VEH_006609,YV1XZG442052414,EX90,Pure_EV,Ultimate,111.0,101480.0,73750.0
VEH_006610,YV1XZC258950514,EC40,Pure_EV,Plus,82.0,57780.0,42984.0
VEH_006611,YV1XZC170778982,V60,MHEV,Core,0.0,44800.0,32900.0
VEH_006612,YV1XZH836929662,EX90,Pure_EV,Core,111.0,86000.0,62500.0
VEH_006613,YV1XZA485773547,V60,MHEV,Core,0.0,44800.0,32900.0
VEH_006614,YV1XZD917506752,EC40,Pure_EV,Core,82.0,53500.0,39800.0
VEH_006615,YV1XZA122141829,EX90,Pure_EV,Core,111.0,86000.0,62500.0
VEH_006616,YV1XZG367003960,EX30,Pure_EV,Ultimate,69.0,50150.0,36816.0
VEH_006617,YV1XZG586874304,EC40,Pure_EV,Ultimate,82.0,63130.0,46964.0
VEH_006618,YV1XZB757330182,EX90,Pure_EV,Ultimate,111.0,101480.0,73750.0
VEH_006619,YV1XZB230264298,EX30,Pure_EV,Core,69.0,42500.0,31200.0
VEH_006620,YV1XZG957190886,EC40,Pure_EV,Core,82.0,53500.0,39800.0
VEH_006621,YV1XZB512835580,EX30,Pure_EV,Core,69.0,42500.0,31200.0
VEH_006622,YV1XZC980897770,XC90,PHEV,Ultimate,18.8,105020.0,75638.0
VEH_006623,YV1XZH316403562,EX90,Pure_EV,Core,111.0,86000.0,62500.0
VEH_006624,YV1XZH894582515,XC60,PHEV,Ultimate,18.8,76110.0,54516.0
VEH_006625,YV1XZA516831500,V60,MHEV,Ultimate,0.0,52864.0,38822.0
VEH_006626,YV1XZF422338978,EX30,Pure_EV,Ultimate,69.0,50150.0,36816.0
VEH_006627,YV1XZG615427110,XC90,PHEV,Core,18.8,89000.0,64100.0
VEH_006628,YV1XZD143626628,EC40,Pure_EV,Plus,82.0,57780.0,42984.0
VEH_006629,YV1XZE834758230,EX30,Pure_EV,Core,69.0,42500.0,31200.0
VEH_006630,YV1XZG227496852,EX90,Pure_EV,Core,111.0,86000.0,62500.0
VEH_006631,YV1XZD578533665,EX30,Pure_EV,Ultimate,69.0,50150.0,36816.0
VEH_006632,YV1XZB441815794,EX30,Pure_EV,Core,69.0,42500.0,31200.0
VEH_006633,YV1XZF845502042,EX30,Pure_EV,Ultimate,69.0,50150.0,36816.0
VEH_006634,YV1XZC915216554,EC40,Pure_EV,Plus,82.0,57780.0,42984.0
VEH_006635,YV1XZC119511081,XC90,PHEV,Plus,18.8,96120.0,69228.0
VEH_006636,YV1XZE964276116,EX90,Pure_EV,Ultimate,111.0,101480.0,73750.0
VEH_006637,YV1XZB489788510,V60,MHEV,Core,0.0,44800.0,32900.0
VEH_006638,YV1XZD398214706,EX90,Pure_EV,Plus,111.0,92880.0,67500.0
VEH_006639,YV1XZA579401780,XC60,PHEV,Plus,18.8,69660.0,49896.0
VEH_006640,YV1XZE404280775,EC40,Pure_EV,Plus,82.0,57780.0,42984.0
VEH_006641,YV1XZE534244788,XC90,PHEV,Ultimate,18.8,105020.0,75638.0
VEH_006642,YV1XZC868921597,XC60,PHEV,Plus,18.8,69660.0,49896.0
VEH_006643,YV1XZA691134013,EX30,Pure_EV,Core,69.0,42500.0,31200.0
VEH_006644,YV1XZA969852551,EX90,Pure_EV,Plus,111.0,92880.0,67500.0
VEH_006645,YV1XZB839505679,EX90,Pure_EV,Ultimate,111.0,101480.0,73750.0
VEH_006646,YV1XZC800743524,XC90,PHEV,Core,18.8,89000.0,64100.0
VEH_006647,YV1XZH740447815,EX90,Pure_EV,Ultimate,111.0,101480.0,73750.0
VEH_006648,YV1XZC519921150,EC40,Pure_EV,Core,82.0,53500.0,39800.0
VEH_006649,YV1XZF637726803,EX90,Pure_EV,Core,111.0,86000.0,62500.0
VEH_006650,YV1XZE839622550,EX30,Pure_EV,Plus,69.0,45900.0,33696.0
VEH_006651,YV1XZH344170515,EC40,Pure_EV,Core,82.0,53500.0,39800.0
VEH_006652,YV1XZD541936923,EC40,Pure_EV,Ultimate,82.0,63130.0,46964.0
VEH_006653,YV1XZD469840503,EC40,Pure_EV,Core,82.0,53500.0,39800.0
VEH_006654,YV1XZA416387957,XC60,PHEV,Core,18.8,64500.0,46200.0
VEH_006655,YV1XZB928487951,EX30,Pure_EV,Core,69.0,42500.0,31200.0
VEH_006656,YV1XZF215086733,XC90,PHEV,Core,18.8,89000.0,64100.0
VEH_006657,YV1XZG174564173,XC90,PHEV,Core,18.8,89000.0,64100.0
VEH_006658,YV1XZF471462666,V60,MHEV,Core,0.0,44800.0,32900.0
VEH_006659,YV1XZE814638134,XC90,PHEV,Core,18.8,89000.0,64100.0
VEH_006660,YV1XZA165318142,XC60,PHEV,Core,18.8,64500.0,46200.0
VEH_006661,YV1XZC335217398,XC60,PHEV,Ultimate,18.8,76110.0,54516.0
VEH_006662,YV1XZG538514565,EX30,Pure_EV,Plus,69.0,45900.0,33696.0
VEH_006663,YV1XZB237210063,EX30,Pure_EV,Core,69.0,42500.0,31200.0
VEH_006664,YV1XZC592075731,XC90,PHEV,Core,18.8,89000.0,64100.0
VEH_006665,YV1XZB876751580,EX30,Pure_EV,Core,69.0,42500.0,31200.0
VEH_006666,YV1XZD236528704,V60,MHEV,Core,0.0,44800.0,32900.0
VEH_006667,YV1XZG173705699,XC90,PHEV,Ultimate,18.8,105020.0,75638.0
VEH_006668,YV1XZC131530503,EC40,Pure_EV,Core,82.0,53500.0,39800.0
VEH_006669,YV1XZF112378468,V60,MHEV,Plus,0.0,48384.0,35532.0
VEH_006670,YV1XZG567320568,XC60,PHEV,Ultimate,18.8,76110.0,54516.0
VEH_006671,YV1XZE435068180,EC40,Pure_EV,Core,82.0,53500.0,39800.0
VEH_006672,YV1XZA427986788,XC60,PHEV,Ultimate,18.8,76110.0,54516.0
VEH_006673,YV1XZC572238097,V60,MHEV,Core,0.0,44800.0,32900.0
VEH_006674,YV1XZE511049144,XC60,PHEV,Core,18.8,64500.0,46200.0
VEH_006675,YV1XZB457444674,EX30,Pure_EV,Core,69.0,42500.0,31200.0
VEH_006676,YV1XZF636034022,EX90,Pure_EV,Core,111.0,86000.0,62500.0
VEH_006677,YV1XZD885859825,V60,MHEV,Ultimate,0.0,52864.0,38822.0
VEH_006678,YV1XZC378606992,EC40,Pure_EV,Plus,82.0,57780.0,42984.0
VEH_006679,YV1XZG189200192,EX90,Pure_EV,Plus,111.0,92880.0,67500.0
VEH_006680,YV1XZC275215227,XC60,PHEV,Plus,18.8,69660.0,49896.0
VEH_006681,YV1XZC986964603,EC40,Pure_EV,Core,82.0,53500.0,39800.0
VEH_006682,YV1XZC523313146,XC60,PHEV,Ultimate,18.8,76110.0,54516.0
VEH_006683,YV1XZG549152157,XC60,PHEV,Core,18.8,64500.0,46200.0
VEH_006684,YV1XZF850320018,V60,MHEV,Plus,0.0,48384.0,35532.0
VEH_006685,YV1XZC396419255,XC60,PHEV,Core,18.8,64500.0,46200.0
VEH_006686,YV1XZH538913198,EX30,Pure_EV,Ultimate,69.0,50150.0,36816.0
VEH_006687,YV1XZE948370834,XC90,PHEV,Plus,18.8,96120.0,69228.0
VEH_006688,YV1XZH601524962,XC90,PHEV,Plus,18.8,96120.0,69228.0
VEH_006689,YV1XZC720817231,EX30,Pure_EV,Ultimate,69.0,50150.0,36816.0
VEH_006690,YV1XZD488271081,EX30,Pure_EV,Ultimate,69.0,50150.0,36816.0
VEH_006691,YV1XZG216880122,EX30,Pure_EV,Core,69.0,42500.0,31200.0
VEH_006692,YV1XZH423558333,XC90,PHEV,Plus,18.8,96120.0,69228.0
VEH_006693,YV1XZD436303462,EX90,Pure_EV,Core,111.0,86000.0,62500.0
VEH_006694,YV1XZE157603643,EC40,Pure_EV,Core,82.0,53500.0,39800.0
VEH_006695,YV1XZG893410057,EC40,Pure_EV,Ultimate,82.0,63130.0,46964.0
VEH_006696,YV1XZC218608583,XC60,PHEV,Ultimate,18.8,76110.0,54516.0
VEH_006697,YV1XZF948932397,EX90,Pure_EV,Core,111.0,86000.0,62500.0
VEH_006698,YV1XZE749185641,V60,MHEV,Plus,0.0,48384.0,35532.0
VEH_006699,YV1XZC483236930,V60,MHEV,Plus,0.0,48384.0,35532.0
VEH_006700,YV1XZC118459667,EC40,Pure_EV,Ultimate,82.0,63130.0,46964.0
VEH_006701,YV1XZE960099249,XC60,PHEV,Ultimate,18.8,76110.0,54516.0
VEH_006702,YV1XZB922931772,EC40,Pure_EV,Ultimate,82.0,63130.0,46964.0
VEH_006703,YV1XZH931194352,EX30,Pure_EV,Core,69.0,42500.0,31200.0
VEH_006704,YV1XZB670367814,EX90,Pure_EV,Ultimate,111.0,101480.0,73750.0
VEH_006705,YV1XZD102707385,EX90,Pure_EV,Plus,111.0,92880.0,67500.0
VEH_006706,YV1XZD429341319,V60,MHEV,Plus,0.0,48384.0,35532.0
VEH_006707,YV1XZE637346357,EX90,Pure_EV,Plus,111.0,92880.0,67500.0
VEH_006708,YV1XZB667188111,XC90,PHEV,Core,18.8,89000.0,64100.0
VEH_006709,YV1XZG676427933,XC90,PHEV,Plus,18.8,96120.0,69228.0
VEH_006710,YV1XZG378818931,EX30,Pure_EV,Plus,69.0,45900.0,33696.0
VEH_006711,YV1XZB976773205,EX30,Pure_EV,Plus,69.0,45900.0,33696.0
VEH_006712,YV1XZC197826498,EX30,Pure_EV,Core,69.0,42500.0,31200.0
VEH_006713,YV1XZE310532121,EX90,Pure_EV,Plus,111.0,92880.0,67500.0
VEH_006714,YV1XZE188327860,V60,MHEV,Ultimate,0.0,52864.0,38822.0
VEH_006715,YV1XZD131468795,V60,MHEV,Core,0.0,44800.0,32900.0
VEH_006716,YV1XZG154715416,EX30,Pure_EV,Ultimate,69.0,50150.0,36816.0
VEH_006717,YV1XZG104500357,EC40,Pure_EV,Ultimate,82.0,63130.0,46964.0
VEH_006718,YV1XZC207889701,EX90,Pure_EV,Plus,111.0,92880.0,67500.0
VEH_006719,YV1XZG156770212,V60,MHEV,Ultimate,0.0,52864.0,38822.0
VEH_006720,YV1XZC167089505,EX30,Pure_EV,Core,69.0,42500.0,31200.0
VEH_006721,YV1XZB738526881,V60,MHEV,Core,0.0,44800.0,32900.0
VEH_006722,YV1XZA186094666,XC60,PHEV,Ultimate,18.8,76110.0,54516.0
VEH_006723,YV1XZA114180194,EX30,Pure_EV,Plus,69.0,45900.0,33696.0
VEH_006724,YV1XZH973264983,EX90,Pure_EV,Plus,111.0,92880.0,67500.0
VEH_006725,YV1XZB905534487,EX30,Pure_EV,Core,69.0,42500.0,31200.0
VEH_006726,YV1XZB733179112,V60,MHEV,Plus,0.0,48384.0,35532.0
VEH_006727,YV1XZG148948859,XC60,PHEV,Ultimate,18.8,76110.0,54516.0
VEH_006728,YV1XZG267061425,V60,MHEV,Core,0.0,44800.0,32900.0
VEH_006729,YV1XZA874982328,EC40,Pure_EV,Ultimate,82.0,63130.0,46964.0
VEH_006730,YV1XZB724739947,XC90,PHEV,Plus,18.8,96120.0,69228.0
VEH_006731,YV1XZH982052713,V60,MHEV,Plus,0.0,48384.0,35532.0
VEH_006732,YV1XZF110120646,XC90,PHEV,Plus,18.8,96120.0,69228.0
VEH_006733,YV1XZB321226278,V60,MHEV,Core,0.0,44800.0,32900.0
VEH_006734,YV1XZD462599538,XC60,PHEV,Plus,18.8,69660.0,49896.0
VEH_006735,YV1XZB124302873,XC90,PHEV,Core,18.8,89000.0,64100.0
VEH_006736,YV1XZH661122703,XC60,PHEV,Core,18.8,64500.0,46200.0
VEH_006737,YV1XZH247748824,V60,MHEV,Core,0.0,44800.0,32900.0
VEH_006738,YV1XZA867788616,XC60,PHEV,Ultimate,18.8,76110.0,54516.0
VEH_006739,YV1XZB546141624,EX90,Pure_EV,Plus,111.0,92880.0,67500.0
VEH_006740,YV1XZA693268999,EX30,Pure_EV,Plus,69.0,45900.0,33696.0
VEH_006741,YV1XZB936656658,V60,MHEV,Ultimate,0.0,52864.0,38822.0
VEH_006742,YV1XZC239348578,XC90,PHEV,Plus,18.8,96120.0,69228.0
VEH_006743,YV1XZG369846581,EX90,Pure_EV,Ultimate,111.0,101480.0,73750.0
VEH_006744,YV1XZB674960654,XC60,PHEV,Plus,18.8,69660.0,49896.0
VEH_006745,YV1XZF999260138,EX90,Pure_EV,Plus,111.0,92880.0,67500.0
VEH_006746,YV1XZH550139767,EX90,Pure_EV,Core,111.0,86000.0,62500.0
VEH_006747,YV1XZA295486701,XC90,PHEV,Core,18.8,89000.0,64100.0
VEH_006748,YV1XZA823418965,EC40,Pure_EV,Ultimate,82.0,63130.0,46964.0
VEH_006749,YV1XZF942219606,V60,MHEV,Ultimate,0.0,52864.0,38822.0
VEH_006750,YV1XZA115816735,EC40,Pure_EV,Plus,82.0,57780.0,42984.0
VEH_006751,YV1XZE818472514,EX90,Pure_EV,Ultimate,111.0,101480.0,73750.0
VEH_006752,YV1XZC329015470,EC40,Pure_EV,Core,82.0,53500.0,39800.0
VEH_006753,YV1XZC985021510,XC60,PHEV,Core,18.8,64500.0,46200.0
VEH_006754,YV1XZA947549530,EX30,Pure_EV,Plus,69.0,45900.0,33696.0
VEH_006755,YV1XZG692153618,XC60,PHEV,Ultimate,18.8,76110.0,54516.0
VEH_006756,YV1XZE527790327,EC40,Pure_EV,Plus,82.0,57780.0,42984.0
VEH_006757,YV1XZA517614209,V60,MHEV,Plus,0.0,48384.0,35532.0
VEH_006758,YV1XZF171181802,XC60,PHEV,Ultimate,18.8,76110.0,54516.0
VEH_006759,YV1XZB364041505,XC60,PHEV,Ultimate,18.8,76110.0,54516.0
VEH_006760,YV1XZC196038353,XC90,PHEV,Plus,18.8,96120.0,69228.0
VEH_006761,YV1XZB536553669,EC40,Pure_EV,Core,82.0,53500.0,39800.0
VEH_006762,YV1XZG178060639,EC40,Pure_EV,Core,82.0,53500.0,39800.0
VEH_006763,YV1XZA333630781,EX30,Pure_EV,Plus,69.0,45900.0,33696.0
VEH_006764,YV1XZA973349521,EX90,Pure_EV,Plus,111.0,92880.0,67500.0
VEH_006765,YV1XZE939418994,V60,MHEV,Ultimate,0.0,52864.0,38822.0
VEH_006766,YV1XZD854643224,EX90,Pure_EV,Plus,111.0,92880.0,67500.0
VEH_006767,YV1XZB765722917,V60,MHEV,Ultimate,0.0,52864.0,38822.0
VEH_006768,YV1XZC409837223,XC90,PHEV,Core,18.8,89000.0,64100.0
VEH_006769,YV1XZB336642661,XC90,PHEV,Plus,18.8,96120.0,69228.0
VEH_006770,YV1XZE215037392,EX30,Pure_EV,Core,69.0,42500.0,31200.0
VEH_006771,YV1XZB974076774,V60,MHEV,Plus,0.0,48384.0,35532.0
VEH_006772,YV1XZD150305579,EX30,Pure_EV,Plus,69.0,45900.0,33696.0
VEH_006773,YV1XZF176523710,EX90,Pure_EV,Core,111.0,86000.0,62500.0
VEH_006774,YV1XZF919963657,XC60,PHEV,Plus,18.8,69660.0,49896.0
VEH_006775,YV1XZG849778765,V60,MHEV,Ultimate,0.0,52864.0,38822.0
VEH_006776,YV1XZD348129275,EC40,Pure_EV,Plus,82.0,57780.0,42984.0
VEH_006777,YV1XZF349830241,V60,MHEV,Ultimate,0.0,52864.0,38822.0
VEH_006778,YV1XZB200365230,EC40,Pure_EV,Ultimate,82.0,63130.0,46964.0
VEH_006779,YV1XZA980667345,EX30,Pure_EV,Plus,69.0,45900.0,33696.0
VEH_006780,YV1XZH551627750,EX30,Pure_EV,Plus,69.0,45900.0,33696.0
VEH_006781,YV1XZH642845581,EC40,Pure_EV,Core,82.0,53500.0,39800.0
VEH_006782,YV1XZB443658910,XC90,PHEV,Plus,18.8,96120.0,69228.0
VEH_006783,YV1XZF444619174,XC60,PHEV,Core,18.8,64500.0,46200.0
VEH_006784,YV1XZC686272335,V60,MHEV,Core,0.0,44800.0,32900.0
VEH_006785,YV1XZH453814892,EX30,Pure_EV,Plus,69.0,45900.0,33696.0
VEH_006786,YV1XZD735950793,EX30,Pure_EV,Core,69.0,42500.0,31200.0
VEH_006787,YV1XZH644053873,EC40,Pure_EV,Ultimate,82.0,63130.0,46964.0
VEH_006788,YV1XZF378740514,EX30,Pure_EV,Plus,69.0,45900.0,33696.0
VEH_006789,YV1XZA918650004,EX90,Pure_EV,Plus,111.0,92880.0,67500.0
VEH_006790,YV1XZH272632082,V60,MHEV,Ultimate,0.0,52864.0,38822.0
VEH_006791,YV1XZG120251610,EX90,Pure_EV,Ultimate,111.0,101480.0,73750.0
VEH_006792,YV1XZE567219082,EX90,Pure_EV,Plus,111.0,92880.0,67500.0
VEH_006793,YV1XZE554033342,V60,MHEV,Plus,0.0,48384.0,35532.0
VEH_006794,YV1XZC139383204,XC60,PHEV,Plus,18.8,69660.0,49896.0
VEH_006795,YV1XZH209248530,EC40,Pure_EV,Core,82.0,53500.0,39800.0
VEH_006796,YV1XZD165655153,EX30,Pure_EV,Plus,69.0,45900.0,33696.0
VEH_006797,YV1XZB488322810,XC90,PHEV,Plus,18.8,96120.0,69228.0
VEH_006798,YV1XZH670756740,XC60,PHEV,Plus,18.8,69660.0,49896.0
VEH_006799,YV1XZH813586772,V60,MHEV,Core,0.0,44800.0,32900.0
VEH_006800,YV1XZD204907397,V60,MHEV,Core,0.0,44800.0,32900.0
VEH_006801,YV1XZE345104026,XC60,PHEV,Plus,18.8,69660.0,49896.0
VEH_006802,YV1XZC574916541,XC90,PHEV,Core,18.8,89000.0,64100.0
VEH_006803,YV1XZE640365793,EC40,Pure_EV,Core,82.0,53500.0,39800.0
VEH_006804,YV1XZH821252726,EC40,Pure_EV,Ultimate,82.0,63130.0,46964.0
VEH_006805,YV1XZA273943651,EX90,Pure_EV,Plus,111.0,92880.0,67500.0
VEH_006806,YV1XZF378700607,XC90,PHEV,Core,18.8,89000.0,64100.0
VEH_006807,YV1XZG258377529,XC60,PHEV,Ultimate,18.8,76110.0,54516.0
VEH_006808,YV1XZE149062746,XC60,PHEV,Core,18.8,64500.0,46200.0
VEH_006809,YV1XZG369156658,XC60,PHEV,Plus,18.8,69660.0,49896.0
VEH_006810,YV1XZH800834134,EX90,Pure_EV,Core,111.0,86000.0,62500.0
VEH_006811,YV1XZD254422158,XC60,PHEV,Ultimate,18.8,76110.0,54516.0
VEH_006812,YV1XZD463201016,XC60,PHEV,Core,18.8,64500.0,46200.0
VEH_006813,YV1XZG610980840,EX90,Pure_EV,Ultimate,111.0,101480.0,73750.0
VEH_006814,YV1XZC484544028,XC60,PHEV,Ultimate,18.8,76110.0,54516.0
VEH_006815,YV1XZD668024266,XC90,PHEV,Core,18.8,89000.0,64100.0
VEH_006816,YV1XZH752170882,XC60,PHEV,Ultimate,18.8,76110.0,54516.0
VEH_006817,YV1XZA956127755,EX30,Pure_EV,Plus,69.0,45900.0,33696.0
VEH_006818,YV1XZG734926925,EC40,Pure_EV,Ultimate,82.0,63130.0,46964.0
VEH_006819,YV1XZC161777067,V60,MHEV,Core,0.0,44800.0,32900.0
VEH_006820,YV1XZF934749206,V60,MHEV,Plus,0.0,48384.0,35532.0
VEH_006821,YV1XZA472430714,EX90,Pure_EV,Plus,111.0,92880.0,67500.0
VEH_006822,YV1XZC609238563,EX30,Pure_EV,Ultimate,69.0,50150.0,36816.0
VEH_006823,YV1XZG896935161,EX90,Pure_EV,Ultimate,111.0,101480.0,73750.0
VEH_006824,YV1XZH560704282,EX30,Pure_EV,Plus,69.0,45900.0,33696.0
VEH_006825,YV1XZF305999572,EC40,Pure_EV,Core,82.0,53500.0,39800.0
VEH_006826,YV1XZF541838199,V60,MHEV,Ultimate,0.0,52864.0,38822.0
VEH_006827,YV1XZH637076670,XC60,PHEV,Core,18.8,64500.0,46200.0
VEH_006828,YV1XZH863086777,XC90,PHEV,Plus,18.8,96120.0,69228.0
VEH_006829,YV1XZE270494328,EC40,Pure_EV,Plus,82.0,57780.0,42984.0
VEH_006830,YV1XZA359029536,XC60,PHEV,Core,18.8,64500.0,46200.0
VEH_006831,YV1XZC294269615,XC90,PHEV,Plus,18.8,96120.0,69228.0
VEH_006832,YV1XZG904854504,XC60,PHEV,Core,18.8,64500.0,46200.0
VEH_006833,YV1XZD293555261,EX90,Pure_EV,Plus,111.0,92880.0,67500.0
VEH_006834,YV1XZC288378546,EX30,Pure_EV,Ultimate,69.0,50150.0,36816.0
VEH_006835,YV1XZH210904055,V60,MHEV,Core,0.0,44800.0,32900.0
VEH_006836,YV1XZH991347764,EX30,Pure_EV,Core,69.0,42500.0,31200.0
VEH_006837,YV1XZH557334957,EC40,Pure_EV,Ultimate,82.0,63130.0,46964.0
VEH_006838,YV1XZH214469419,XC90,PHEV,Core,18.8,89000.0,64100.0
VEH_006839,YV1XZA936914980,XC60,PHEV,Core,18.8,64500.0,46200.0
VEH_006840,YV1XZF222428094,EC40,Pure_EV,Core,82.0,53500.0,39800.0
VEH_006841,YV1XZG719682691,EC40,Pure_EV,Plus,82.0,57780.0,42984.0
VEH_006842,YV1XZA502435111,XC90,PHEV,Core,18.8,89000.0,64100.0
VEH_006843,YV1XZG721250746,EX90,Pure_EV,Core,111.0,86000.0,62500.0
VEH_006844,YV1XZC300983484,EX30,Pure_EV,Core,69.0,42500.0,31200.0
VEH_006845,YV1XZG710571363,EX30,Pure_EV,Core,69.0,42500.0,31200.0
VEH_006846,YV1XZB385766802,XC90,PHEV,Core,18.8,89000.0,64100.0
VEH_006847,YV1XZG388447450,EX90,Pure_EV,Ultimate,111.0,101480.0,73750.0
VEH_006848,YV1XZA553444269,XC60,PHEV,Core,18.8,64500.0,46200.0
VEH_006849,YV1XZB583803315,XC90,PHEV,Core,18.8,89000.0,64100.0
VEH_006850,YV1XZD965675814,XC60,PHEV,Core,18.8,64500.0,46200.0
VEH_006851,YV1XZD578511131,EX30,Pure_EV,Plus,69.0,45900.0,33696.0
VEH_006852,YV1XZA135324099,EX30,Pure_EV,Plus,69.0,45900.0,33696.0
VEH_006853,YV1XZD324066914,EC40,Pure_EV,Ultimate,82.0,63130.0,46964.0
VEH_006854,YV1XZH297074370,EX90,Pure_EV,Plus,111.0,92880.0,67500.0
VEH_006855,YV1XZG720163305,EC40,Pure_EV,Plus,82.0,57780.0,42984.0
VEH_006856,YV1XZH271701718,EX90,Pure_EV,Core,111.0,86000.0,62500.0
VEH_006857,YV1XZH565178496,XC90,PHEV,Plus,18.8,96120.0,69228.0
VEH_006858,YV1XZA679746759,EX90,Pure_EV,Ultimate,111.0,101480.0,73750.0
VEH_006859,YV1XZA896107557,EX90,Pure_EV,Ultimate,111.0,101480.0,73750.0
VEH_006860,YV1XZE165353918,XC60,PHEV,Plus,18.8,69660.0,49896.0
VEH_006861,YV1XZF216743341,EX90,Pure_EV,Plus,111.0,92880.0,67500.0
VEH_006862,YV1XZD892593375,V60,MHEV,Ultimate,0.0,52864.0,38822.0
VEH_006863,YV1XZC596087332,XC90,PHEV,Core,18.8,89000.0,64100.0
VEH_006864,YV1XZH293469339,V60,MHEV,Core,0.0,44800.0,32900.0
VEH_006865,YV1XZC714815898,XC90,PHEV,Core,18.8,89000.0,64100.0
VEH_006866,YV1XZD473728378,EX30,Pure_EV,Plus,69.0,45900.0,33696.0
VEH_006867,YV1XZE929362584,V60,MHEV,Core,0.0,44800.0,32900.0
VEH_006868,YV1XZA234688718,XC90,PHEV,Plus,18.8,96120.0,69228.0
VEH_006869,YV1XZG585935286,XC60,PHEV,Ultimate,18.8,76110.0,54516.0
VEH_006870,YV1XZF984830703,XC60,PHEV,Ultimate,18.8,76110.0,54516.0
VEH_006871,YV1XZC693741395,EX90,Pure_EV,Plus,111.0,92880.0,67500.0
VEH_006872,YV1XZF320556221,V60,MHEV,Plus,0.0,48384.0,35532.0
VEH_006873,YV1XZE769401451,XC90,PHEV,Plus,18.8,96120.0,69228.0
VEH_006874,YV1XZF125120106,V60,MHEV,Ultimate,0.0,52864.0,38822.0
VEH_006875,YV1XZA642954188,XC60,PHEV,Ultimate,18.8,76110.0,54516.0
VEH_006876,YV1XZE976242620,XC90,PHEV,Plus,18.8,96120.0,69228.0
VEH_006877,YV1XZH490184816,EX30,Pure_EV,Plus,69.0,45900.0,33696.0
VEH_006878,YV1XZC147883353,XC60,PHEV,Core,18.8,64500.0,46200.0
VEH_006879,YV1XZB706712173,XC90,PHEV,Core,18.8,89000.0,64100.0
VEH_006880,YV1XZA278138015,EX90,Pure_EV,Ultimate,111.0,101480.0,73750.0
VEH_006881,YV1XZF933899582,EX90,Pure_EV,Core,111.0,86000.0,62500.0
VEH_006882,YV1XZA400103143,EC40,Pure_EV,Core,82.0,53500.0,39800.0
VEH_006883,YV1XZA727904443,EC40,Pure_EV,Ultimate,82.0,63130.0,46964.0
VEH_006884,YV1XZC474194628,EX90,Pure_EV,Core,111.0,86000.0,62500.0
VEH_006885,YV1XZD286093591,EX90,Pure_EV,Core,111.0,86000.0,62500.0
VEH_006886,YV1XZD483885133,EX30,Pure_EV,Core,69.0,42500.0,31200.0
VEH_006887,YV1XZC969287959,EX30,Pure_EV,Core,69.0,42500.0,31200.0
VEH_006888,YV1XZF469423515,EC40,Pure_EV,Ultimate,82.0,63130.0,46964.0
VEH_006889,YV1XZD462543159,EX30,Pure_EV,Core,69.0,42500.0,31200.0
VEH_006890,YV1XZA342704655,EC40,Pure_EV,Plus,82.0,57780.0,42984.0
VEH_006891,YV1XZE846403682,XC60,PHEV,Ultimate,18.8,76110.0,54516.0
VEH_006892,YV1XZD910731994,EX90,Pure_EV,Ultimate,111.0,101480.0,73750.0
VEH_006893,YV1XZC416263403,EX90,Pure_EV,Core,111.0,86000.0,62500.0
VEH_006894,YV1XZC735757701,EX90,Pure_EV,Plus,111.0,92880.0,67500.0
VEH_006895,YV1XZA971712711,XC60,PHEV,Core,18.8,64500.0,46200.0
VEH_006896,YV1XZF705945411,XC90,PHEV,Core,18.8,89000.0,64100.0
VEH_006897,YV1XZD231478450,V60,MHEV,Ultimate,0.0,52864.0,38822.0
VEH_006898,YV1XZE197136989,EX90,Pure_EV,Plus,111.0,92880.0,67500.0
VEH_006899,YV1XZA577096795,EX90,Pure_EV,Ultimate,111.0,101480.0,73750.0
VEH_006900,YV1XZG436142310,EC40,Pure_EV,Ultimate,82.0,63130.0,46964.0
VEH_006901,YV1XZC160603959,XC90,PHEV,Ultimate,18.8,105020.0,75638.0
VEH_006902,YV1XZD633019373,EX30,Pure_EV,Core,69.0,42500.0,31200.0
VEH_006903,YV1XZB616600942,XC60,PHEV,Core,18.8,64500.0,46200.0
VEH_006904,YV1XZF398344738,XC60,PHEV,Plus,18.8,69660.0,49896.0
VEH_006905,YV1XZA512242536,EX90,Pure_EV,Core,111.0,86000.0,62500.0
VEH_006906,YV1XZE788179646,EX90,Pure_EV,Ultimate,111.0,101480.0,73750.0
VEH_006907,YV1XZD581183137,EX30,Pure_EV,Ultimate,69.0,50150.0,36816.0
VEH_006908,YV1XZB729166384,EC40,Pure_EV,Ultimate,82.0,63130.0,46964.0
VEH_006909,YV1XZG579252372,EX90,Pure_EV,Core,111.0,86000.0,62500.0
VEH_006910,YV1XZD207239493,EX30,Pure_EV,Ultimate,69.0,50150.0,36816.0
VEH_006911,YV1XZD875829066,XC60,PHEV,Plus,18.8,69660.0,49896.0
VEH_006912,YV1XZG394279862,XC60,PHEV,Core,18.8,64500.0,46200.0
VEH_006913,YV1XZC817023093,XC60,PHEV,Plus,18.8,69660.0,49896.0
VEH_006914,YV1XZG370448203,XC90,PHEV,Ultimate,18.8,105020.0,75638.0
VEH_006915,YV1XZC852928728,XC60,PHEV,Core,18.8,64500.0,46200.0
VEH_006916,YV1XZG229348877,EX30,Pure_EV,Ultimate,69.0,50150.0,36816.0
VEH_006917,YV1XZA104842001,XC60,PHEV,Core,18.8,64500.0,46200.0
VEH_006918,YV1XZC808502926,XC90,PHEV,Ultimate,18.8,105020.0,75638.0
VEH_006919,YV1XZE438663589,V60,MHEV,Ultimate,0.0,52864.0,38822.0
VEH_006920,YV1XZA305140378,EX90,Pure_EV,Plus,111.0,92880.0,67500.0
VEH_006921,YV1XZB167425189,EX90,Pure_EV,Ultimate,111.0,101480.0,73750.0
VEH_006922,YV1XZD456337216,EC40,Pure_EV,Ultimate,82.0,63130.0,46964.0
VEH_006923,YV1XZF201025305,EC40,Pure_EV,Core,82.0,53500.0,39800.0
VEH_006924,YV1XZC207768794,EC40,Pure_EV,Core,82.0,53500.0,39800.0
VEH_006925,YV1XZB421599311,XC90,PHEV,Ultimate,18.8,105020.0,75638.0
VEH_006926,YV1XZA655580562,EX90,Pure_EV,Ultimate,111.0,101480.0,73750.0
VEH_006927,YV1XZH784737243,XC60,PHEV,Plus,18.8,69660.0,49896.0
VEH_006928,YV1XZH750112695,EX90,Pure_EV,Plus,111.0,92880.0,67500.0
VEH_006929,YV1XZE240974031,EX90,Pure_EV,Plus,111.0,92880.0,67500.0
VEH_006930,YV1XZD860419646,EX90,Pure_EV,Core,111.0,86000.0,62500.0
VEH_006931,YV1XZF852061631,EC40,Pure_EV,Ultimate,82.0,63130.0,46964.0
VEH_006932,YV1XZC890224337,XC90,PHEV,Core,18.8,89000.0,64100.0
VEH_006933,YV1XZH628966211,EX30,Pure_EV,Plus,69.0,45900.0,33696.0
VEH_006934,YV1XZH780803166,EX30,Pure_EV,Plus,69.0,45900.0,33696.0
VEH_006935,YV1XZD324379394,XC60,PHEV,Ultimate,18.8,76110.0,54516.0
VEH_006936,YV1XZG480416158,EX90,Pure_EV,Core,111.0,86000.0,62500.0
VEH_006937,YV1XZA278165076,EX30,Pure_EV,Plus,69.0,45900.0,33696.0
VEH_006938,YV1XZE565242667,EC40,Pure_EV,Plus,82.0,57780.0,42984.0
VEH_006939,YV1XZF783479418,EC40,Pure_EV,Core,82.0,53500.0,39800.0
VEH_006940,YV1XZD990714291,XC90,PHEV,Plus,18.8,96120.0,69228.0
VEH_006941,YV1XZC931975460,V60,MHEV,Ultimate,0.0,52864.0,38822.0
VEH_006942,YV1XZG863002504,EC40,Pure_EV,Ultimate,82.0,63130.0,46964.0
VEH_006943,YV1XZG946684202,XC60,PHEV,Core,18.8,64500.0,46200.0
VEH_006944,YV1XZE527240351,EX90,Pure_EV,Core,111.0,86000.0,62500.0
VEH_006945,YV1XZC489137566,XC60,PHEV,Core,18.8,64500.0,46200.0
VEH_006946,YV1XZF891469943,EC40,Pure_EV,Core,82.0,53500.0,39800.0
VEH_006947,YV1XZG281218634,EC40,Pure_EV,Core,82.0,53500.0,39800.0
VEH_006948,YV1XZC297103457,XC90,PHEV,Core,18.8,89000.0,64100.0
VEH_006949,YV1XZB672608950,EC40,Pure_EV,Core,82.0,53500.0,39800.0
VEH_006950,YV1XZG280391467,EX90,Pure_EV,Plus,111.0,92880.0,67500.0
VEH_006951,YV1XZC693210831,EC40,Pure_EV,Plus,82.0,57780.0,42984.0
VEH_006952,YV1XZE293574280,XC60,PHEV,Core,18.8,64500.0,46200.0
VEH_006953,YV1XZB282028295,V60,MHEV,Core,0.0,44800.0,32900.0
VEH_006954,YV1XZE193619024,EX90,Pure_EV,Core,111.0,86000.0,62500.0
VEH_006955,YV1XZC737825890,EC40,Pure_EV,Ultimate,82.0,63130.0,46964.0
VEH_006956,YV1XZG523504172,EX30,Pure_EV,Core,69.0,42500.0,31200.0
VEH_006957,YV1XZH142689241,EX90,Pure_EV,Ultimate,111.0,101480.0,73750.0
VEH_006958,YV1XZG100264915,EX90,Pure_EV,Plus,111.0,92880.0,67500.0
VEH_006959,YV1XZA723535243,EC40,Pure_EV,Plus,82.0,57780.0,42984.0
VEH_006960,YV1XZD298762013,EC40,Pure_EV,Plus,82.0,57780.0,42984.0
VEH_006961,YV1XZE794728043,EX30,Pure_EV,Plus,69.0,45900.0,33696.0
VEH_006962,YV1XZD759839298,EX30,Pure_EV,Core,69.0,42500.0,31200.0
VEH_006963,YV1XZB717316531,EX30,Pure_EV,Core,69.0,42500.0,31200.0
VEH_006964,YV1XZF919281684,EX90,Pure_EV,Core,111.0,86000.0,62500.0
VEH_006965,YV1XZC244384755,EX90,Pure_EV,Ultimate,111.0,101480.0,73750.0
VEH_006966,YV1XZH200551789,EX90,Pure_EV,Plus,111.0,92880.0,67500.0
VEH_006967,YV1XZD510514576,EX30,Pure_EV,Ultimate,69.0,50150.0,36816.0
VEH_006968,YV1XZA550834148,EX30,Pure_EV,Ultimate,69.0,50150.0,36816.0
VEH_006969,YV1XZC595428333,EX30,Pure_EV,Ultimate,69.0,50150.0,36816.0
VEH_006970,YV1XZA443995524,XC60,PHEV,Ultimate,18.8,76110.0,54516.0
VEH_006971,YV1XZG219075046,XC60,PHEV,Plus,18.8,69660.0,49896.0
VEH_006972,YV1XZG992229472,V60,MHEV,Ultimate,0.0,52864.0,38822.0
VEH_006973,YV1XZG239370727,EX30,Pure_EV,Plus,69.0,45900.0,33696.0
VEH_006974,YV1XZD860973221,XC60,PHEV,Plus,18.8,69660.0,49896.0
VEH_006975,YV1XZF111084635,XC90,PHEV,Ultimate,18.8,105020.0,75638.0
VEH_006976,YV1XZF345102156,EX30,Pure_EV,Ultimate,69.0,50150.0,36816.0
VEH_006977,YV1XZD391388729,XC60,PHEV,Core,18.8,64500.0,46200.0
VEH_006978,YV1XZH987085078,XC60,PHEV,Core,18.8,64500.0,46200.0
VEH_006979,YV1XZC339370760,XC60,PHEV,Ultimate,18.8,76110.0,54516.0
VEH_006980,YV1XZD312845035,V60,MHEV,Core,0.0,44800.0,32900.0
VEH_006981,YV1XZA790323777,XC60,PHEV,Core,18.8,64500.0,46200.0
VEH_006982,YV1XZE865096129,XC90,PHEV,Plus,18.8,96120.0,69228.0
VEH_006983,YV1XZE247335514,EX30,Pure_EV,Plus,69.0,45900.0,33696.0
VEH_006984,YV1XZB517781575,EX90,Pure_EV,Ultimate,111.0,101480.0,73750.0
VEH_006985,YV1XZE224880686,EC40,Pure_EV,Plus,82.0,57780.0,42984.0
VEH_006986,YV1XZH291853094,V60,MHEV,Core,0.0,44800.0,32900.0
VEH_006987,YV1XZG661952340,XC60,PHEV,Plus,18.8,69660.0,49896.0
VEH_006988,YV1XZG907509543,EC40,Pure_EV,Plus,82.0,57780.0,42984.0
VEH_006989,YV1XZD948298033,EX30,Pure_EV,Plus,69.0,45900.0,33696.0
VEH_006990,YV1XZE293338752,EC40,Pure_EV,Ultimate,82.0,63130.0,46964.0
VEH_006991,YV1XZE560170181,XC90,PHEV,Core,18.8,89000.0,64100.0
VEH_006992,YV1XZF465266436,EX30,Pure_EV,Plus,69.0,45900.0,33696.0
VEH_006993,YV1XZH121230901,EX30,Pure_EV,Ultimate,69.0,50150.0,36816.0
VEH_006994,YV1XZD285151238,EX30,Pure_EV,Plus,69.0,45900.0,33696.0
VEH_006995,YV1XZC144212790,EC40,Pure_EV,Ultimate,82.0,63130.0,46964.0
VEH_006996,YV1XZD578133290,EX90,Pure_EV,Plus,111.0,92880.0,67500.0
VEH_006997,YV1XZE183504266,EC40,Pure_EV,Plus,82.0,57780.0,42984.0
VEH_006998,YV1XZD388480321,XC60,PHEV,Core,18.8,64500.0,46200.0
VEH_006999,YV1XZF954838689,EC40,Pure_EV,Plus,82.0,57780.0,42984.0
VEH_007000,YV1XZG714824024,EX90,Pure_EV,Ultimate,111.0,101480.0,73750.0
VEH_007001,YV1XZA277712646,EC40,Pure_EV,Plus,82.0,57780.0,42984.0
VEH_007002,YV1XZF900321282,EC40,Pure_EV,Plus,82.0,57780.0,42984.0
VEH_007003,YV1XZC548847292,EX90,Pure_EV,Plus,111.0,92880.0,67500.0
VEH_007004,YV1XZA401586140,XC90,PHEV,Ultimate,18.8,105020.0,75638.0
VEH_007005,YV1XZC312450556,V60,MHEV,Plus,0.0,48384.0,35532.0
VEH_007006,YV1XZE167881179,XC90,PHEV,Plus,18.8,96120.0,69228.0
VEH_007007,YV1XZA739542236,V60,MHEV,Core,0.0,44800.0,32900.0
VEH_007008,YV1XZF771970661,EC40,Pure_EV,Core,82.0,53500.0,39800.0
VEH_007009,YV1XZE287240259,EC40,Pure_EV,Plus,82.0,57780.0,42984.0
VEH_007010,YV1XZE351745039,EX30,Pure_EV,Plus,69.0,45900.0,33696.0
VEH_007011,YV1XZA996820381,EC40,Pure_EV,Ultimate,82.0,63130.0,46964.0
VEH_007012,YV1XZD612127164,EX30,Pure_EV,Ultimate,69.0,50150.0,36816.0
VEH_007013,YV1XZE821513303,XC90,PHEV,Core,18.8,89000.0,64100.0
VEH_007014,YV1XZE624768498,XC60,PHEV,Core,18.8,64500.0,46200.0
VEH_007015,YV1XZG891389821,V60,MHEV,Ultimate,0.0,52864.0,38822.0
VEH_007016,YV1XZD589208257,EX30,Pure_EV,Plus,69.0,45900.0,33696.0
VEH_007017,YV1XZE396145911,XC90,PHEV,Ultimate,18.8,105020.0,75638.0
VEH_007018,YV1XZA525394274,EX90,Pure_EV,Plus,111.0,92880.0,67500.0
VEH_007019,YV1XZB682217399,V60,MHEV,Plus,0.0,48384.0,35532.0
VEH_007020,YV1XZF546287679,XC60,PHEV,Ultimate,18.8,76110.0,54516.0
VEH_007021,YV1XZH241061328,EC40,Pure_EV,Plus,82.0,57780.0,42984.0
VEH_007022,YV1XZD533933602,V60,MHEV,Plus,0.0,48384.0,35532.0
VEH_007023,YV1XZF807726398,XC90,PHEV,Core,18.8,89000.0,64100.0
VEH_007024,YV1XZB657773672,EC40,Pure_EV,Ultimate,82.0,63130.0,46964.0
VEH_007025,YV1XZA164221002,EC40,Pure_EV,Ultimate,82.0,63130.0,46964.0
VEH_007026,YV1XZH847085890,EX90,Pure_EV,Plus,111.0,92880.0,67500.0
VEH_007027,YV1XZB111910988,EX90,Pure_EV,Ultimate,111.0,101480.0,73750.0
VEH_007028,YV1XZF144033825,XC90,PHEV,Plus,18.8,96120.0,69228.0
VEH_007029,YV1XZG121940697,V60,MHEV,Plus,0.0,48384.0,35532.0
VEH_007030,YV1XZF542271517,EC40,Pure_EV,Core,82.0,53500.0,39800.0
VEH_007031,YV1XZF139196925,XC60,PHEV,Core,18.8,64500.0,46200.0
VEH_007032,YV1XZD576963669,EX90,Pure_EV,Ultimate,111.0,101480.0,73750.0
VEH_007033,YV1XZD326853761,EC40,Pure_EV,Plus,82.0,57780.0,42984.0
VEH_007034,YV1XZH792146986,EX30,Pure_EV,Plus,69.0,45900.0,33696.0
VEH_007035,YV1XZD123894155,XC60,PHEV,Ultimate,18.8,76110.0,54516.0
VEH_007036,YV1XZB688403692,XC60,PHEV,Plus,18.8,69660.0,49896.0
VEH_007037,YV1XZC551647696,EX90,Pure_EV,Core,111.0,86000.0,62500.0
VEH_007038,YV1XZE933332667,XC60,PHEV,Plus,18.8,69660.0,49896.0
VEH_007039,YV1XZA927959486,EX30,Pure_EV,Ultimate,69.0,50150.0,36816.0
VEH_007040,YV1XZG453365025,XC90,PHEV,Plus,18.8,96120.0,69228.0
VEH_007041,YV1XZF826120892,EX90,Pure_EV,Ultimate,111.0,101480.0,73750.0
VEH_007042,YV1XZG605440548,XC90,PHEV,Core,18.8,89000.0,64100.0
VEH_007043,YV1XZG319419497,EX90,Pure_EV,Ultimate,111.0,101480.0,73750.0
VEH_007044,YV1XZC847727591,EC40,Pure_EV,Ultimate,82.0,63130.0,46964.0
VEH_007045,YV1XZH529287287,XC90,PHEV,Ultimate,18.8,105020.0,75638.0
VEH_007046,YV1XZF957726406,EX30,Pure_EV,Ultimate,69.0,50150.0,36816.0
VEH_007047,YV1XZA820207687,V60,MHEV,Plus,0.0,48384.0,35532.0
VEH_007048,YV1XZC249248949,V60,MHEV,Plus,0.0,48384.0,35532.0
VEH_007049,YV1XZH163010075,EX30,Pure_EV,Ultimate,69.0,50150.0,36816.0
VEH_007050,YV1XZG921406308,EC40,Pure_EV,Ultimate,82.0,63130.0,46964.0
VEH_007051,YV1XZG833144457,V60,MHEV,Core,0.0,44800.0,32900.0
VEH_007052,YV1XZA537157837,V60,MHEV,Plus,0.0,48384.0,35532.0
VEH_007053,YV1XZC165704672,XC60,PHEV,Core,18.8,64500.0,46200.0
VEH_007054,YV1XZC720494385,EX30,Pure_EV,Plus,69.0,45900.0,33696.0
VEH_007055,YV1XZH305791053,V60,MHEV,Core,0.0,44800.0,32900.0
VEH_007056,YV1XZC923278321,XC90,PHEV,Ultimate,18.8,105020.0,75638.0
VEH_007057,YV1XZB822525060,XC90,PHEV,Ultimate,18.8,105020.0,75638.0
VEH_007058,YV1XZC626711232,XC90,PHEV,Ultimate,18.8,105020.0,75638.0
VEH_007059,YV1XZC549553756,EX30,Pure_EV,Ultimate,69.0,50150.0,36816.0
VEH_007060,YV1XZD929589050,V60,MHEV,Plus,0.0,48384.0,35532.0
VEH_007061,YV1XZB591281062,EX90,Pure_EV,Plus,111.0,92880.0,67500.0
VEH_007062,YV1XZG983000747,V60,MHEV,Core,0.0,44800.0,32900.0
VEH_007063,YV1XZE284270925,EC40,Pure_EV,Ultimate,82.0,63130.0,46964.0
VEH_007064,YV1XZE269366747,XC60,PHEV,Ultimate,18.8,76110.0,54516.0
VEH_007065,YV1XZD193520806,EX30,Pure_EV,Core,69.0,42500.0,31200.0
VEH_007066,YV1XZF424792824,V60,MHEV,Core,0.0,44800.0,32900.0
VEH_007067,YV1XZA221284215,V60,MHEV,Ultimate,0.0,52864.0,38822.0
VEH_007068,YV1XZG582798519,EC40,Pure_EV,Plus,82.0,57780.0,42984.0
VEH_007069,YV1XZC168192701,EX30,Pure_EV,Plus,69.0,45900.0,33696.0
VEH_007070,YV1XZH303850875,XC90,PHEV,Plus,18.8,96120.0,69228.0
VEH_007071,YV1XZE752038503,EX30,Pure_EV,Plus,69.0,45900.0,33696.0
VEH_007072,YV1XZE349108379,XC90,PHEV,Core,18.8,89000.0,64100.0
VEH_007073,YV1XZE807261875,XC90,PHEV,Ultimate,18.8,105020.0,75638.0
VEH_007074,YV1XZC940535835,EX90,Pure_EV,Core,111.0,86000.0,62500.0
VEH_007075,YV1XZB600265347,V60,MHEV,Ultimate,0.0,52864.0,38822.0
VEH_007076,YV1XZB544835436,V60,MHEV,Ultimate,0.0,52864.0,38822.0
VEH_007077,YV1XZA514855862,XC60,PHEV,Ultimate,18.8,76110.0,54516.0
VEH_007078,YV1XZE812238383,V60,MHEV,Plus,0.0,48384.0,35532.0
VEH_007079,YV1XZB469087826,EX90,Pure_EV,Ultimate,111.0,101480.0,73750.0
VEH_007080,YV1XZA210548322,V60,MHEV,Ultimate,0.0,52864.0,38822.0
VEH_007081,YV1XZE929356891,XC60,PHEV,Ultimate,18.8,76110.0,54516.0
VEH_007082,YV1XZC802279710,XC90,PHEV,Ultimate,18.8,105020.0,75638.0
VEH_007083,YV1XZF101581303,XC90,PHEV,Core,18.8,89000.0,64100.0
VEH_007084,YV1XZA222876485,EX90,Pure_EV,Plus,111.0,92880.0,67500.0
VEH_007085,YV1XZC542667554,XC60,PHEV,Core,18.8,64500.0,46200.0
VEH_007086,YV1XZA579175043,V60,MHEV,Plus,0.0,48384.0,35532.0
VEH_007087,YV1XZA651020120,EX30,Pure_EV,Core,69.0,42500.0,31200.0
VEH_007088,YV1XZA655748779,V60,MHEV,Ultimate,0.0,52864.0,38822.0
VEH_007089,YV1XZH271083611,V60,MHEV,Core,0.0,44800.0,32900.0
VEH_007090,YV1XZC744930437,XC60,PHEV,Core,18.8,64500.0,46200.0
VEH_007091,YV1XZC799308705,XC60,PHEV,Ultimate,18.8,76110.0,54516.0
VEH_007092,YV1XZF907739373,EC40,Pure_EV,Plus,82.0,57780.0,42984.0
VEH_007093,YV1XZA591390731,EX30,Pure_EV,Ultimate,69.0,50150.0,36816.0
VEH_007094,YV1XZF706607116,EX90,Pure_EV,Ultimate,111.0,101480.0,73750.0
VEH_007095,YV1XZH777902474,EX90,Pure_EV,Ultimate,111.0,101480.0,73750.0
VEH_007096,YV1XZB549842388,EC40,Pure_EV,Core,82.0,53500.0,39800.0
VEH_007097,YV1XZG736016274,XC90,PHEV,Core,18.8,89000.0,64100.0
VEH_007098,YV1XZG218303468,V60,MHEV,Core,0.0,44800.0,32900.0
VEH_007099,YV1XZG520813513,EX90,Pure_EV,Plus,111.0,92880.0,67500.0
VEH_007100,YV1XZA669495244,EX90,Pure_EV,Core,111.0,86000.0,62500.0
VEH_007101,YV1XZD770981743,EX90,Pure_EV,Core,111.0,86000.0,62500.0
VEH_007102,YV1XZA782473125,EX30,Pure_EV,Plus,69.0,45900.0,33696.0
VEH_007103,YV1XZD822110525,EX90,Pure_EV,Plus,111.0,92880.0,67500.0
VEH_007104,YV1XZE334442969,EC40,Pure_EV,Plus,82.0,57780.0,42984.0
VEH_007105,YV1XZG776687201,EC40,Pure_EV,Ultimate,82.0,63130.0,46964.0
VEH_007106,YV1XZE458638224,V60,MHEV,Core,0.0,44800.0,32900.0
VEH_007107,YV1XZH106302522,XC90,PHEV,Ultimate,18.8,105020.0,75638.0
VEH_007108,YV1XZA890042804,EX30,Pure_EV,Core,69.0,42500.0,31200.0
VEH_007109,YV1XZC420250583,V60,MHEV,Plus,0.0,48384.0,35532.0
VEH_007110,YV1XZF330800403,EX90,Pure_EV,Ultimate,111.0,101480.0,73750.0
VEH_007111,YV1XZA728747652,XC60,PHEV,Ultimate,18.8,76110.0,54516.0
VEH_007112,YV1XZD592342143,EX30,Pure_EV,Core,69.0,42500.0,31200.0
VEH_007113,YV1XZA296107791,EC40,Pure_EV,Core,82.0,53500.0,39800.0
VEH_007114,YV1XZH534939579,XC90,PHEV,Plus,18.8,96120.0,69228.0
VEH_007115,YV1XZD755030693,V60,MHEV,Core,0.0,44800.0,32900.0
VEH_007116,YV1XZH100825880,XC60,PHEV,Ultimate,18.8,76110.0,54516.0
VEH_007117,YV1XZD503117712,EX90,Pure_EV,Plus,111.0,92880.0,67500.0
VEH_007118,YV1XZE145127909,EC40,Pure_EV,Core,82.0,53500.0,39800.0
VEH_007119,YV1XZD849902580,EC40,Pure_EV,Plus,82.0,57780.0,42984.0
VEH_007120,YV1XZB851525130,XC60,PHEV,Plus,18.8,69660.0,49896.0
VEH_007121,YV1XZF936320817,XC90,PHEV,Plus,18.8,96120.0,69228.0
VEH_007122,YV1XZA360996106,EC40,Pure_EV,Ultimate,82.0,63130.0,46964.0
VEH_007123,YV1XZE647630660,XC60,PHEV,Ultimate,18.8,76110.0,54516.0
VEH_007124,YV1XZB478255806,XC90,PHEV,Core,18.8,89000.0,64100.0
VEH_007125,YV1XZH635166850,V60,MHEV,Ultimate,0.0,52864.0,38822.0
VEH_007126,YV1XZF396830806,EX90,Pure_EV,Ultimate,111.0,101480.0,73750.0
VEH_007127,YV1XZG263498832,V60,MHEV,Plus,0.0,48384.0,35532.0
VEH_007128,YV1XZD559440741,EX90,Pure_EV,Core,111.0,86000.0,62500.0
VEH_007129,YV1XZG966291876,EX30,Pure_EV,Plus,69.0,45900.0,33696.0
VEH_007130,YV1XZG404624645,XC60,PHEV,Ultimate,18.8,76110.0,54516.0
VEH_007131,YV1XZC500326611,XC90,PHEV,Core,18.8,89000.0,64100.0
VEH_007132,YV1XZH815731734,XC90,PHEV,Plus,18.8,96120.0,69228.0
VEH_007133,YV1XZA375492405,EX90,Pure_EV,Core,111.0,86000.0,62500.0
VEH_007134,YV1XZG298125654,EX90,Pure_EV,Ultimate,111.0,101480.0,73750.0
VEH_007135,YV1XZC111896665,EX90,Pure_EV,Plus,111.0,92880.0,67500.0
VEH_007136,YV1XZG178030378,XC60,PHEV,Plus,18.8,69660.0,49896.0
VEH_007137,YV1XZG289967170,XC60,PHEV,Ultimate,18.8,76110.0,54516.0
VEH_007138,YV1XZG755275455,EX90,Pure_EV,Plus,111.0,92880.0,67500.0
VEH_007139,YV1XZC731346991,XC90,PHEV,Ultimate,18.8,105020.0,75638.0
VEH_007140,YV1XZD331215530,V60,MHEV,Ultimate,0.0,52864.0,38822.0
VEH_007141,YV1XZH529300498,EC40,Pure_EV,Ultimate,82.0,63130.0,46964.0
VEH_007142,YV1XZH862480777,XC90,PHEV,Ultimate,18.8,105020.0,75638.0
VEH_007143,YV1XZC499613352,XC60,PHEV,Plus,18.8,69660.0,49896.0
VEH_007144,YV1XZE230371635,XC60,PHEV,Core,18.8,64500.0,46200.0
VEH_007145,YV1XZC152458441,EX90,Pure_EV,Plus,111.0,92880.0,67500.0
VEH_007146,YV1XZD202698732,XC90,PHEV,Plus,18.8,96120.0,69228.0
VEH_007147,YV1XZD920806711,EC40,Pure_EV,Core,82.0,53500.0,39800.0
VEH_007148,YV1XZC235350239,XC90,PHEV,Core,18.8,89000.0,64100.0
VEH_007149,YV1XZA104744890,XC60,PHEV,Core,18.8,64500.0,46200.0
VEH_007150,YV1XZE153333127,EX30,Pure_EV,Plus,69.0,45900.0,33696.0
VEH_007151,YV1XZH528311491,V60,MHEV,Ultimate,0.0,52864.0,38822.0
VEH_007152,YV1XZB950843164,EX90,Pure_EV,Ultimate,111.0,101480.0,73750.0
VEH_007153,YV1XZD136244918,EC40,Pure_EV,Ultimate,82.0,63130.0,46964.0
VEH_007154,YV1XZB333782758,EC40,Pure_EV,Ultimate,82.0,63130.0,46964.0
VEH_007155,YV1XZA319177811,EC40,Pure_EV,Core,82.0,53500.0,39800.0
VEH_007156,YV1XZH445097579,XC90,PHEV,Ultimate,18.8,105020.0,75638.0
VEH_007157,YV1XZH242158329,EX90,Pure_EV,Ultimate,111.0,101480.0,73750.0
VEH_007158,YV1XZG791948631,EX30,Pure_EV,Ultimate,69.0,50150.0,36816.0
VEH_007159,YV1XZG419033049,EC40,Pure_EV,Ultimate,82.0,63130.0,46964.0
VEH_007160,YV1XZC418741838,EX90,Pure_EV,Ultimate,111.0,101480.0,73750.0
VEH_007161,YV1XZC159712073,EX30,Pure_EV,Plus,69.0,45900.0,33696.0
VEH_007162,YV1XZD461672337,XC90,PHEV,Core,18.8,89000.0,64100.0
VEH_007163,YV1XZH558086339,EX90,Pure_EV,Core,111.0,86000.0,62500.0
VEH_007164,YV1XZB768281076,XC60,PHEV,Ultimate,18.8,76110.0,54516.0
VEH_007165,YV1XZG234327630,EC40,Pure_EV,Ultimate,82.0,63130.0,46964.0
VEH_007166,YV1XZA796896016,XC90,PHEV,Ultimate,18.8,105020.0,75638.0
VEH_007167,YV1XZC104631955,EC40,Pure_EV,Plus,82.0,57780.0,42984.0
VEH_007168,YV1XZF364145747,EX30,Pure_EV,Plus,69.0,45900.0,33696.0
VEH_007169,YV1XZH761088902,V60,MHEV,Core,0.0,44800.0,32900.0
VEH_007170,YV1XZB664994654,XC60,PHEV,Plus,18.8,69660.0,49896.0
VEH_007171,YV1XZF615709503,XC60,PHEV,Ultimate,18.8,76110.0,54516.0
VEH_007172,YV1XZE107223665,EX90,Pure_EV,Ultimate,111.0,101480.0,73750.0
VEH_007173,YV1XZE626941508,EC40,Pure_EV,Core,82.0,53500.0,39800.0
VEH_007174,YV1XZC441436663,EC40,Pure_EV,Core,82.0,53500.0,39800.0
VEH_007175,YV1XZD617717364,EX90,Pure_EV,Core,111.0,86000.0,62500.0
VEH_007176,YV1XZF534547817,V60,MHEV,Ultimate,0.0,52864.0,38822.0
VEH_007177,YV1XZA632791379,EX30,Pure_EV,Core,69.0,42500.0,31200.0
VEH_007178,YV1XZD789732649,XC60,PHEV,Plus,18.8,69660.0,49896.0
VEH_007179,YV1XZH475392878,EX90,Pure_EV,Core,111.0,86000.0,62500.0
VEH_007180,YV1XZG192514659,EX30,Pure_EV,Core,69.0,42500.0,31200.0
VEH_007181,YV1XZC148306040,XC90,PHEV,Ultimate,18.8,105020.0,75638.0
VEH_007182,YV1XZF994776964,EX90,Pure_EV,Ultimate,111.0,101480.0,73750.0
VEH_007183,YV1XZB734351958,XC90,PHEV,Ultimate,18.8,105020.0,75638.0
VEH_007184,YV1XZH307636150,EX90,Pure_EV,Ultimate,111.0,101480.0,73750.0
VEH_007185,YV1XZA303879206,EX90,Pure_EV,Plus,111.0,92880.0,67500.0
VEH_007186,YV1XZC970122874,EC40,Pure_EV,Ultimate,82.0,63130.0,46964.0
VEH_007187,YV1XZE581631141,EC40,Pure_EV,Plus,82.0,57780.0,42984.0
VEH_007188,YV1XZA937229493,EC40,Pure_EV,Ultimate,82.0,63130.0,46964.0
VEH_007189,YV1XZG127565844,EC40,Pure_EV,Plus,82.0,57780.0,42984.0
VEH_007190,YV1XZG238159208,XC60,PHEV,Ultimate,18.8,76110.0,54516.0
VEH_007191,YV1XZB105517170,EX90,Pure_EV,Plus,111.0,92880.0,67500.0
VEH_007192,YV1XZG445049909,V60,MHEV,Plus,0.0,48384.0,35532.0
VEH_007193,YV1XZB944420203,EX30,Pure_EV,Ultimate,69.0,50150.0,36816.0
VEH_007194,YV1XZA838800041,XC60,PHEV,Ultimate,18.8,76110.0,54516.0
VEH_007195,YV1XZB618962248,XC90,PHEV,Plus,18.8,96120.0,69228.0
VEH_007196,YV1XZC677901703,V60,MHEV,Core,0.0,44800.0,32900.0
VEH_007197,YV1XZB387746209,XC90,PHEV,Plus,18.8,96120.0,69228.0
VEH_007198,YV1XZD374655886,EC40,Pure_EV,Plus,82.0,57780.0,42984.0
VEH_007199,YV1XZB699517725,EX30,Pure_EV,Ultimate,69.0,50150.0,36816.0
VEH_007200,YV1XZA469703436,EC40,Pure_EV,Ultimate,82.0,63130.0,46964.0
VEH_007201,YV1XZB882671628,EC40,Pure_EV,Ultimate,82.0,63130.0,46964.0
VEH_007202,YV1XZF996754612,V60,MHEV,Core,0.0,44800.0,32900.0
VEH_007203,YV1XZE871282955,XC60,PHEV,Plus,18.8,69660.0,49896.0
VEH_007204,YV1XZF367228959,XC90,PHEV,Plus,18.8,96120.0,69228.0
VEH_007205,YV1XZB527748330,XC90,PHEV,Ultimate,18.8,105020.0,75638.0
VEH_007206,YV1XZH981819236,EX30,Pure_EV,Ultimate,69.0,50150.0,36816.0
VEH_007207,YV1XZA406077032,XC60,PHEV,Core,18.8,64500.0,46200.0
VEH_007208,YV1XZD989997332,EX30,Pure_EV,Ultimate,69.0,50150.0,36816.0
VEH_007209,YV1XZE442451929,EX30,Pure_EV,Ultimate,69.0,50150.0,36816.0
VEH_007210,YV1XZE119729988,EC40,Pure_EV,Core,82.0,53500.0,39800.0
VEH_007211,YV1XZC291352683,EX90,Pure_EV,Ultimate,111.0,101480.0,73750.0
VEH_007212,YV1XZA831188786,EX30,Pure_EV,Ultimate,69.0,50150.0,36816.0
VEH_007213,YV1XZG522685169,EX90,Pure_EV,Ultimate,111.0,101480.0,73750.0
VEH_007214,YV1XZA356138322,EX90,Pure_EV,Ultimate,111.0,101480.0,73750.0
VEH_007215,YV1XZG834968443,XC90,PHEV,Plus,18.8,96120.0,69228.0
VEH_007216,YV1XZA808746345,EC40,Pure_EV,Ultimate,82.0,63130.0,46964.0
VEH_007217,YV1XZA262727467,XC60,PHEV,Ultimate,18.8,76110.0,54516.0
VEH_007218,YV1XZC752921459,XC60,PHEV,Plus,18.8,69660.0,49896.0
VEH_007219,YV1XZB510315979,V60,MHEV,Plus,0.0,48384.0,35532.0
VEH_007220,YV1XZG861598608,EC40,Pure_EV,Ultimate,82.0,63130.0,46964.0
VEH_007221,YV1XZD875644153,XC90,PHEV,Core,18.8,89000.0,64100.0
VEH_007222,YV1XZG241896216,EX90,Pure_EV,Plus,111.0,92880.0,67500.0
VEH_007223,YV1XZD749507930,EX90,Pure_EV,Core,111.0,86000.0,62500.0
VEH_007224,YV1XZE122188902,XC60,PHEV,Plus,18.8,69660.0,49896.0
VEH_007225,YV1XZA918284805,XC90,PHEV,Ultimate,18.8,105020.0,75638.0
VEH_007226,YV1XZA642872186,XC60,PHEV,Plus,18.8,69660.0,49896.0
VEH_007227,YV1XZH145698578,V60,MHEV,Ultimate,0.0,52864.0,38822.0
VEH_007228,YV1XZA829606364,XC90,PHEV,Core,18.8,89000.0,64100.0
VEH_007229,YV1XZB680734759,V60,MHEV,Core,0.0,44800.0,32900.0
VEH_007230,YV1XZE338754933,V60,MHEV,Ultimate,0.0,52864.0,38822.0
VEH_007231,YV1XZD830949166,EX30,Pure_EV,Core,69.0,42500.0,31200.0
VEH_007232,YV1XZG207653333,EX90,Pure_EV,Plus,111.0,92880.0,67500.0
VEH_007233,YV1XZE694364236,EX30,Pure_EV,Plus,69.0,45900.0,33696.0
VEH_007234,YV1XZA468197053,EC40,Pure_EV,Ultimate,82.0,63130.0,46964.0
VEH_007235,YV1XZD300221414,EX90,Pure_EV,Plus,111.0,92880.0,67500.0
VEH_007236,YV1XZB737802212,V60,MHEV,Core,0.0,44800.0,32900.0
VEH_007237,YV1XZA417042260,V60,MHEV,Plus,0.0,48384.0,35532.0
VEH_007238,YV1XZC257560938,XC60,PHEV,Ultimate,18.8,76110.0,54516.0
VEH_007239,YV1XZD744910480,EX30,Pure_EV,Plus,69.0,45900.0,33696.0
VEH_007240,YV1XZA611153501,XC60,PHEV,Ultimate,18.8,76110.0,54516.0
VEH_007241,YV1XZF863610970,XC60,PHEV,Plus,18.8,69660.0,49896.0
VEH_007242,YV1XZH879976256,EC40,Pure_EV,Plus,82.0,57780.0,42984.0
VEH_007243,YV1XZC787809411,V60,MHEV,Core,0.0,44800.0,32900.0
VEH_007244,YV1XZH906074127,EX90,Pure_EV,Core,111.0,86000.0,62500.0
VEH_007245,YV1XZG900901714,EX30,Pure_EV,Plus,69.0,45900.0,33696.0
VEH_007246,YV1XZF882966815,EX30,Pure_EV,Ultimate,69.0,50150.0,36816.0
VEH_007247,YV1XZE552286408,EX90,Pure_EV,Ultimate,111.0,101480.0,73750.0
VEH_007248,YV1XZG242024391,XC60,PHEV,Plus,18.8,69660.0,49896.0
VEH_007249,YV1XZD450809554,XC60,PHEV,Core,18.8,64500.0,46200.0
VEH_007250,YV1XZG102980741,V60,MHEV,Ultimate,0.0,52864.0,38822.0
VEH_007251,YV1XZA248034524,EC40,Pure_EV,Core,82.0,53500.0,39800.0
VEH_007252,YV1XZB894421988,V60,MHEV,Plus,0.0,48384.0,35532.0
VEH_007253,YV1XZA239307133,XC90,PHEV,Plus,18.8,96120.0,69228.0
VEH_007254,YV1XZH106375515,EC40,Pure_EV,Plus,82.0,57780.0,42984.0
VEH_007255,YV1XZG151989168,EX90,Pure_EV,Plus,111.0,92880.0,67500.0
VEH_007256,YV1XZG353944272,EC40,Pure_EV,Core,82.0,53500.0,39800.0
VEH_007257,YV1XZG356308622,EX30,Pure_EV,Plus,69.0,45900.0,33696.0
VEH_007258,YV1XZF147262675,XC60,PHEV,Core,18.8,64500.0,46200.0
VEH_007259,YV1XZB794688785,EX90,Pure_EV,Ultimate,111.0,101480.0,73750.0
VEH_007260,YV1XZE999172542,V60,MHEV,Plus,0.0,48384.0,35532.0
VEH_007261,YV1XZB111756387,EX30,Pure_EV,Ultimate,69.0,50150.0,36816.0
VEH_007262,YV1XZA736047284,EX90,Pure_EV,Ultimate,111.0,101480.0,73750.0
VEH_007263,YV1XZA964892695,EX30,Pure_EV,Core,69.0,42500.0,31200.0
VEH_007264,YV1XZA253719450,V60,MHEV,Core,0.0,44800.0,32900.0
VEH_007265,YV1XZA753167936,EC40,Pure_EV,Core,82.0,53500.0,39800.0
VEH_007266,YV1XZC839335201,EC40,Pure_EV,Plus,82.0,57780.0,42984.0
VEH_007267,YV1XZF710340302,EX90,Pure_EV,Plus,111.0,92880.0,67500.0
VEH_007268,YV1XZF348319133,XC60,PHEV,Ultimate,18.8,76110.0,54516.0
VEH_007269,YV1XZC521361157,EX30,Pure_EV,Ultimate,69.0,50150.0,36816.0
VEH_007270,YV1XZG146168664,EX30,Pure_EV,Core,69.0,42500.0,31200.0
VEH_007271,YV1XZF974807053,EX90,Pure_EV,Plus,111.0,92880.0,67500.0
VEH_007272,YV1XZF376799449,XC60,PHEV,Plus,18.8,69660.0,49896.0
VEH_007273,YV1XZC147077936,EC40,Pure_EV,Ultimate,82.0,63130.0,46964.0
VEH_007274,YV1XZE844624702,EC40,Pure_EV,Plus,82.0,57780.0,42984.0
VEH_007275,YV1XZD651682876,EC40,Pure_EV,Plus,82.0,57780.0,42984.0
VEH_007276,YV1XZA777124900,EX30,Pure_EV,Core,69.0,42500.0,31200.0
VEH_007277,YV1XZG473512658,XC90,PHEV,Core,18.8,89000.0,64100.0
VEH_007278,YV1XZD404291481,V60,MHEV,Plus,0.0,48384.0,35532.0
VEH_007279,YV1XZG536094271,EC40,Pure_EV,Plus,82.0,57780.0,42984.0
VEH_007280,YV1XZF260425685,EX90,Pure_EV,Core,111.0,86000.0,62500.0
VEH_007281,YV1XZH156192055,EX30,Pure_EV,Plus,69.0,45900.0,33696.0
VEH_007282,YV1XZG507899679,EC40,Pure_EV,Ultimate,82.0,63130.0,46964.0
VEH_007283,YV1XZG210111071,EX30,Pure_EV,Core,69.0,42500.0,31200.0
VEH_007284,YV1XZE681711199,XC60,PHEV,Core,18.8,64500.0,46200.0
VEH_007285,YV1XZH111258189,XC60,PHEV,Core,18.8,64500.0,46200.0
VEH_007286,YV1XZC913648731,EC40,Pure_EV,Plus,82.0,57780.0,42984.0
VEH_007287,YV1XZA240748043,XC60,PHEV,Plus,18.8,69660.0,49896.0
VEH_007288,YV1XZB492959953,EX90,Pure_EV,Plus,111.0,92880.0,67500.0
VEH_007289,YV1XZA176242387,XC90,PHEV,Plus,18.8,96120.0,69228.0
VEH_007290,YV1XZA172855040,EC40,Pure_EV,Core,82.0,53500.0,39800.0
VEH_007291,YV1XZB554365071,XC60,PHEV,Core,18.8,64500.0,46200.0
VEH_007292,YV1XZF554457734,XC60,PHEV,Core,18.8,64500.0,46200.0
VEH_007293,YV1XZH714267952,EX30,Pure_EV,Plus,69.0,45900.0,33696.0
VEH_007294,YV1XZC292460426,EX30,Pure_EV,Plus,69.0,45900.0,33696.0
VEH_007295,YV1XZB324614789,EC40,Pure_EV,Plus,82.0,57780.0,42984.0
VEH_007296,YV1XZF430273044,EX90,Pure_EV,Ultimate,111.0,101480.0,73750.0
VEH_007297,YV1XZE160789252,XC60,PHEV,Ultimate,18.8,76110.0,54516.0
VEH_007298,YV1XZE885896253,V60,MHEV,Plus,0.0,48384.0,35532.0
VEH_007299,YV1XZD204232221,V60,MHEV,Plus,0.0,48384.0,35532.0
VEH_007300,YV1XZH726554808,V60,MHEV,Plus,0.0,48384.0,35532.0
VEH_007301,YV1XZH232186465,EX30,Pure_EV,Plus,69.0,45900.0,33696.0
VEH_007302,YV1XZB914402326,XC90,PHEV,Ultimate,18.8,105020.0,75638.0
VEH_007303,YV1XZG566784800,V60,MHEV,Ultimate,0.0,52864.0,38822.0
VEH_007304,YV1XZG723561018,V60,MHEV,Plus,0.0,48384.0,35532.0
VEH_007305,YV1XZF516980397,EX90,Pure_EV,Plus,111.0,92880.0,67500.0
VEH_007306,YV1XZD309173804,EX30,Pure_EV,Ultimate,69.0,50150.0,36816.0
VEH_007307,YV1XZH383299427,EC40,Pure_EV,Ultimate,82.0,63130.0,46964.0
VEH_007308,YV1XZH525188957,V60,MHEV,Ultimate,0.0,52864.0,38822.0
VEH_007309,YV1XZF837300692,XC90,PHEV,Core,18.8,89000.0,64100.0
VEH_007310,YV1XZC360798337,XC60,PHEV,Core,18.8,64500.0,46200.0
VEH_007311,YV1XZH609004951,V60,MHEV,Ultimate,0.0,52864.0,38822.0
VEH_007312,YV1XZE362380248,V60,MHEV,Core,0.0,44800.0,32900.0
VEH_007313,YV1XZB705227409,EX30,Pure_EV,Ultimate,69.0,50150.0,36816.0
VEH_007314,YV1XZA747970973,EX90,Pure_EV,Core,111.0,86000.0,62500.0
VEH_007315,YV1XZH359733321,EC40,Pure_EV,Plus,82.0,57780.0,42984.0
VEH_007316,YV1XZC841100072,EX90,Pure_EV,Core,111.0,86000.0,62500.0
VEH_007317,YV1XZH328386419,V60,MHEV,Ultimate,0.0,52864.0,38822.0
VEH_007318,YV1XZD707225056,V60,MHEV,Core,0.0,44800.0,32900.0
VEH_007319,YV1XZE142861764,XC60,PHEV,Plus,18.8,69660.0,49896.0
VEH_007320,YV1XZC445916685,EX90,Pure_EV,Ultimate,111.0,101480.0,73750.0
VEH_007321,YV1XZG963174951,EX90,Pure_EV,Core,111.0,86000.0,62500.0
VEH_007322,YV1XZC377333882,XC60,PHEV,Plus,18.8,69660.0,49896.0
VEH_007323,YV1XZH354215988,EX90,Pure_EV,Plus,111.0,92880.0,67500.0
VEH_007324,YV1XZC340340331,XC90,PHEV,Ultimate,18.8,105020.0,75638.0
VEH_007325,YV1XZF799763520,V60,MHEV,Ultimate,0.0,52864.0,38822.0
VEH_007326,YV1XZC355871037,EX90,Pure_EV,Core,111.0,86000.0,62500.0
VEH_007327,YV1XZA717650280,V60,MHEV,Core,0.0,44800.0,32900.0
VEH_007328,YV1XZA170070955,EX30,Pure_EV,Plus,69.0,45900.0,33696.0
VEH_007329,YV1XZD344762874,XC60,PHEV,Ultimate,18.8,76110.0,54516.0
VEH_007330,YV1XZE414966144,EX90,Pure_EV,Ultimate,111.0,101480.0,73750.0
VEH_007331,YV1XZE631119971,EX90,Pure_EV,Core,111.0,86000.0,62500.0
VEH_007332,YV1XZC752950895,V60,MHEV,Core,0.0,44800.0,32900.0
VEH_007333,YV1XZH455837418,EX30,Pure_EV,Ultimate,69.0,50150.0,36816.0
VEH_007334,YV1XZF388545571,EC40,Pure_EV,Core,82.0,53500.0,39800.0
VEH_007335,YV1XZC517689895,V60,MHEV,Plus,0.0,48384.0,35532.0
VEH_007336,YV1XZF568599729,EX30,Pure_EV,Plus,69.0,45900.0,33696.0
VEH_007337,YV1XZB316616149,XC90,PHEV,Ultimate,18.8,105020.0,75638.0
VEH_007338,YV1XZB131626483,XC90,PHEV,Core,18.8,89000.0,64100.0
VEH_007339,YV1XZG946755407,EX30,Pure_EV,Ultimate,69.0,50150.0,36816.0
VEH_007340,YV1XZD823094929,EC40,Pure_EV,Core,82.0,53500.0,39800.0
VEH_007341,YV1XZG771536189,EX90,Pure_EV,Core,111.0,86000.0,62500.0
VEH_007342,YV1XZC629100384,V60,MHEV,Core,0.0,44800.0,32900.0
VEH_007343,YV1XZH334445010,XC60,PHEV,Plus,18.8,69660.0,49896.0
VEH_007344,YV1XZG879511405,EX90,Pure_EV,Core,111.0,86000.0,62500.0
VEH_007345,YV1XZA527806405,XC90,PHEV,Ultimate,18.8,105020.0,75638.0
VEH_007346,YV1XZH130362354,XC60,PHEV,Plus,18.8,69660.0,49896.0
VEH_007347,YV1XZD699697364,XC60,PHEV,Core,18.8,64500.0,46200.0
VEH_007348,YV1XZD506359893,EC40,Pure_EV,Core,82.0,53500.0,39800.0
VEH_007349,YV1XZF281962431,EX30,Pure_EV,Plus,69.0,45900.0,33696.0
VEH_007350,YV1XZE245247252,XC90,PHEV,Ultimate,18.8,105020.0,75638.0
VEH_007351,YV1XZB881604722,V60,MHEV,Plus,0.0,48384.0,35532.0
VEH_007352,YV1XZH949421482,EX30,Pure_EV,Ultimate,69.0,50150.0,36816.0
VEH_007353,YV1XZA242030724,V60,MHEV,Plus,0.0,48384.0,35532.0
VEH_007354,YV1XZA825202546,XC60,PHEV,Plus,18.8,69660.0,49896.0
VEH_007355,YV1XZH939130551,V60,MHEV,Plus,0.0,48384.0,35532.0
VEH_007356,YV1XZC559591173,EC40,Pure_EV,Ultimate,82.0,63130.0,46964.0
VEH_007357,YV1XZC498626939,XC60,PHEV,Plus,18.8,69660.0,49896.0
VEH_007358,YV1XZG991642144,XC90,PHEV,Core,18.8,89000.0,64100.0
VEH_007359,YV1XZA363185142,EX90,Pure_EV,Core,111.0,86000.0,62500.0
VEH_007360,YV1XZD964201380,V60,MHEV,Plus,0.0,48384.0,35532.0
VEH_007361,YV1XZF781066645,XC90,PHEV,Ultimate,18.8,105020.0,75638.0
VEH_007362,YV1XZG882681026,XC60,PHEV,Plus,18.8,69660.0,49896.0
VEH_007363,YV1XZH386974459,EX30,Pure_EV,Plus,69.0,45900.0,33696.0
VEH_007364,YV1XZH793303150,EC40,Pure_EV,Ultimate,82.0,63130.0,46964.0
VEH_007365,YV1XZB661264846,XC90,PHEV,Core,18.8,89000.0,64100.0
VEH_007366,YV1XZH903761910,EX90,Pure_EV,Ultimate,111.0,101480.0,73750.0
VEH_007367,YV1XZE742266101,XC90,PHEV,Ultimate,18.8,105020.0,75638.0
VEH_007368,YV1XZG136917065,EX30,Pure_EV,Plus,69.0,45900.0,33696.0
VEH_007369,YV1XZF973883682,XC90,PHEV,Ultimate,18.8,105020.0,75638.0
VEH_007370,YV1XZE741255139,EC40,Pure_EV,Core,82.0,53500.0,39800.0
VEH_007371,YV1XZD253461814,V60,MHEV,Ultimate,0.0,52864.0,38822.0
VEH_007372,YV1XZE332441744,XC60,PHEV,Plus,18.8,69660.0,49896.0
VEH_007373,YV1XZD734020498,EX90,Pure_EV,Core,111.0,86000.0,62500.0
VEH_007374,YV1XZB240404944,EC40,Pure_EV,Plus,82.0,57780.0,42984.0
VEH_007375,YV1XZB809241789,EX30,Pure_EV,Core,69.0,42500.0,31200.0
VEH_007376,YV1XZE703856167,EX30,Pure_EV,Plus,69.0,45900.0,33696.0
VEH_007377,YV1XZE117484425,EC40,Pure_EV,Core,82.0,53500.0,39800.0
VEH_007378,YV1XZB295906878,EX30,Pure_EV,Ultimate,69.0,50150.0,36816.0
VEH_007379,YV1XZG895978241,V60,MHEV,Plus,0.0,48384.0,35532.0
VEH_007380,YV1XZC307348733,V60,MHEV,Core,0.0,44800.0,32900.0
VEH_007381,YV1XZE634409591,XC90,PHEV,Ultimate,18.8,105020.0,75638.0
VEH_007382,YV1XZC466154497,EC40,Pure_EV,Core,82.0,53500.0,39800.0
VEH_007383,YV1XZH901573226,XC60,PHEV,Ultimate,18.8,76110.0,54516.0
VEH_007384,YV1XZH168949233,XC90,PHEV,Ultimate,18.8,105020.0,75638.0
VEH_007385,YV1XZC238263447,XC90,PHEV,Ultimate,18.8,105020.0,75638.0
VEH_007386,YV1XZH162071486,EX90,Pure_EV,Plus,111.0,92880.0,67500.0
VEH_007387,YV1XZE172362185,EC40,Pure_EV,Ultimate,82.0,63130.0,46964.0
VEH_007388,YV1XZA512767481,XC60,PHEV,Ultimate,18.8,76110.0,54516.0
VEH_007389,YV1XZD849372868,V60,MHEV,Core,0.0,44800.0,32900.0
VEH_007390,YV1XZF530370812,V60,MHEV,Plus,0.0,48384.0,35532.0
VEH_007391,YV1XZE520278662,EC40,Pure_EV,Plus,82.0,57780.0,42984.0
VEH_007392,YV1XZF653314082,EX30,Pure_EV,Ultimate,69.0,50150.0,36816.0
VEH_007393,YV1XZH769512542,XC60,PHEV,Ultimate,18.8,76110.0,54516.0
VEH_007394,YV1XZG307015005,EC40,Pure_EV,Ultimate,82.0,63130.0,46964.0
VEH_007395,YV1XZD103980685,V60,MHEV,Ultimate,0.0,52864.0,38822.0
VEH_007396,YV1XZC316177102,XC90,PHEV,Plus,18.8,96120.0,69228.0
VEH_007397,YV1XZA683045299,XC60,PHEV,Core,18.8,64500.0,46200.0
VEH_007398,YV1XZC547944517,EX30,Pure_EV,Ultimate,69.0,50150.0,36816.0
VEH_007399,YV1XZG242172514,EX30,Pure_EV,Plus,69.0,45900.0,33696.0
VEH_007400,YV1XZG446444433,EX30,Pure_EV,Core,69.0,42500.0,31200.0
VEH_007401,YV1XZH834851529,EC40,Pure_EV,Plus,82.0,57780.0,42984.0
VEH_007402,YV1XZE454918890,XC90,PHEV,Plus,18.8,96120.0,69228.0
VEH_007403,YV1XZG446253503,XC60,PHEV,Ultimate,18.8,76110.0,54516.0
VEH_007404,YV1XZH478026991,EC40,Pure_EV,Plus,82.0,57780.0,42984.0
VEH_007405,YV1XZE604938143,EX30,Pure_EV,Core,69.0,42500.0,31200.0
VEH_007406,YV1XZA107353617,XC60,PHEV,Plus,18.8,69660.0,49896.0
VEH_007407,YV1XZH462472142,EX30,Pure_EV,Plus,69.0,45900.0,33696.0
VEH_007408,YV1XZC412641556,XC90,PHEV,Plus,18.8,96120.0,69228.0
VEH_007409,YV1XZF176548248,V60,MHEV,Core,0.0,44800.0,32900.0
VEH_007410,YV1XZF374184267,XC60,PHEV,Plus,18.8,69660.0,49896.0
VEH_007411,YV1XZC288039131,EC40,Pure_EV,Core,82.0,53500.0,39800.0
VEH_007412,YV1XZE173777969,EC40,Pure_EV,Plus,82.0,57780.0,42984.0
VEH_007413,YV1XZH417941511,XC90,PHEV,Ultimate,18.8,105020.0,75638.0
VEH_007414,YV1XZD316456600,EX30,Pure_EV,Core,69.0,42500.0,31200.0
VEH_007415,YV1XZG118241330,XC90,PHEV,Plus,18.8,96120.0,69228.0
VEH_007416,YV1XZF981093466,XC90,PHEV,Core,18.8,89000.0,64100.0
VEH_007417,YV1XZB586013453,XC60,PHEV,Core,18.8,64500.0,46200.0
VEH_007418,YV1XZG308290739,EX30,Pure_EV,Core,69.0,42500.0,31200.0
VEH_007419,YV1XZE969613090,EX30,Pure_EV,Ultimate,69.0,50150.0,36816.0
VEH_007420,YV1XZD650501575,EC40,Pure_EV,Core,82.0,53500.0,39800.0
VEH_007421,YV1XZA286142240,V60,MHEV,Plus,0.0,48384.0,35532.0
VEH_007422,YV1XZF885251038,EX30,Pure_EV,Ultimate,69.0,50150.0,36816.0
VEH_007423,YV1XZD132638306,EX30,Pure_EV,Ultimate,69.0,50150.0,36816.0
VEH_007424,YV1XZB328268030,XC90,PHEV,Plus,18.8,96120.0,69228.0
VEH_007425,YV1XZA726938297,EC40,Pure_EV,Ultimate,82.0,63130.0,46964.0
VEH_007426,YV1XZB984411612,XC60,PHEV,Ultimate,18.8,76110.0,54516.0
VEH_007427,YV1XZH981830988,XC90,PHEV,Plus,18.8,96120.0,69228.0
VEH_007428,YV1XZC392848031,XC90,PHEV,Plus,18.8,96120.0,69228.0
VEH_007429,YV1XZE217591776,EC40,Pure_EV,Core,82.0,53500.0,39800.0
VEH_007430,YV1XZG754330632,EX90,Pure_EV,Plus,111.0,92880.0,67500.0
VEH_007431,YV1XZA420859944,EC40,Pure_EV,Ultimate,82.0,63130.0,46964.0
VEH_007432,YV1XZH319734780,EC40,Pure_EV,Core,82.0,53500.0,39800.0
VEH_007433,YV1XZH421215367,EC40,Pure_EV,Plus,82.0,57780.0,42984.0
VEH_007434,YV1XZF635008358,XC90,PHEV,Core,18.8,89000.0,64100.0
VEH_007435,YV1XZD715293993,V60,MHEV,Ultimate,0.0,52864.0,38822.0
VEH_007436,YV1XZA461617321,EC40,Pure_EV,Ultimate,82.0,63130.0,46964.0
VEH_007437,YV1XZA250705917,XC90,PHEV,Ultimate,18.8,105020.0,75638.0
VEH_007438,YV1XZA281017601,V60,MHEV,Plus,0.0,48384.0,35532.0
VEH_007439,YV1XZE390194673,V60,MHEV,Ultimate,0.0,52864.0,38822.0
VEH_007440,YV1XZA960529750,EX90,Pure_EV,Ultimate,111.0,101480.0,73750.0
VEH_007441,YV1XZF669562242,EX90,Pure_EV,Core,111.0,86000.0,62500.0
VEH_007442,YV1XZF658973371,XC90,PHEV,Core,18.8,89000.0,64100.0
VEH_007443,YV1XZA603202486,EC40,Pure_EV,Ultimate,82.0,63130.0,46964.0
VEH_007444,YV1XZC143882780,EX90,Pure_EV,Plus,111.0,92880.0,67500.0
VEH_007445,YV1XZH814025317,EX90,Pure_EV,Core,111.0,86000.0,62500.0
VEH_007446,YV1XZE671864576,XC60,PHEV,Plus,18.8,69660.0,49896.0
VEH_007447,YV1XZF754620092,XC60,PHEV,Plus,18.8,69660.0,49896.0
VEH_007448,YV1XZE171611803,EC40,Pure_EV,Core,82.0,53500.0,39800.0
VEH_007449,YV1XZE837376984,XC90,PHEV,Plus,18.8,96120.0,69228.0
VEH_007450,YV1XZC316323109,XC90,PHEV,Ultimate,18.8,105020.0,75638.0
VEH_007451,YV1XZC751088958,EX30,Pure_EV,Ultimate,69.0,50150.0,36816.0
VEH_007452,YV1XZG847680119,EC40,Pure_EV,Ultimate,82.0,63130.0,46964.0
VEH_007453,YV1XZB712625050,XC90,PHEV,Plus,18.8,96120.0,69228.0
VEH_007454,YV1XZD794391882,XC60,PHEV,Core,18.8,64500.0,46200.0
VEH_007455,YV1XZG133423400,EX90,Pure_EV,Core,111.0,86000.0,62500.0
VEH_007456,YV1XZF875855314,V60,MHEV,Ultimate,0.0,52864.0,38822.0
VEH_007457,YV1XZE277968787,XC90,PHEV,Plus,18.8,96120.0,69228.0
VEH_007458,YV1XZH414107655,XC60,PHEV,Plus,18.8,69660.0,49896.0
VEH_007459,YV1XZB576153570,XC90,PHEV,Core,18.8,89000.0,64100.0
VEH_007460,YV1XZA512262186,EX90,Pure_EV,Ultimate,111.0,101480.0,73750.0
VEH_007461,YV1XZD805666604,XC60,PHEV,Core,18.8,64500.0,46200.0
VEH_007462,YV1XZB498927805,V60,MHEV,Ultimate,0.0,52864.0,38822.0
VEH_007463,YV1XZB603304708,EX30,Pure_EV,Ultimate,69.0,50150.0,36816.0
VEH_007464,YV1XZC416647587,XC90,PHEV,Ultimate,18.8,105020.0,75638.0
VEH_007465,YV1XZF982296130,EX90,Pure_EV,Plus,111.0,92880.0,67500.0
VEH_007466,YV1XZE544872135,EC40,Pure_EV,Ultimate,82.0,63130.0,46964.0
VEH_007467,YV1XZA551410152,XC90,PHEV,Ultimate,18.8,105020.0,75638.0
VEH_007468,YV1XZC594101846,EX90,Pure_EV,Core,111.0,86000.0,62500.0
VEH_007469,YV1XZD801973086,V60,MHEV,Core,0.0,44800.0,32900.0
VEH_007470,YV1XZH770738389,XC60,PHEV,Core,18.8,64500.0,46200.0
VEH_007471,YV1XZA262676582,XC90,PHEV,Ultimate,18.8,105020.0,75638.0
VEH_007472,YV1XZH829403184,EX90,Pure_EV,Core,111.0,86000.0,62500.0
VEH_007473,YV1XZA860670305,XC90,PHEV,Core,18.8,89000.0,64100.0
VEH_007474,YV1XZE958406338,XC60,PHEV,Plus,18.8,69660.0,49896.0
VEH_007475,YV1XZH159730990,V60,MHEV,Ultimate,0.0,52864.0,38822.0
VEH_007476,YV1XZE969644770,V60,MHEV,Ultimate,0.0,52864.0,38822.0
VEH_007477,YV1XZF855127133,XC60,PHEV,Plus,18.8,69660.0,49896.0
VEH_007478,YV1XZH551743874,EC40,Pure_EV,Core,82.0,53500.0,39800.0
VEH_007479,YV1XZF317459614,XC60,PHEV,Plus,18.8,69660.0,49896.0
VEH_007480,YV1XZB978903995,XC90,PHEV,Ultimate,18.8,105020.0,75638.0
VEH_007481,YV1XZA585796257,XC90,PHEV,Ultimate,18.8,105020.0,75638.0
VEH_007482,YV1XZH652105521,V60,MHEV,Core,0.0,44800.0,32900.0
VEH_007483,YV1XZB444032888,EX30,Pure_EV,Plus,69.0,45900.0,33696.0
VEH_007484,YV1XZA698961481,XC60,PHEV,Ultimate,18.8,76110.0,54516.0
VEH_007485,YV1XZF647530767,XC90,PHEV,Plus,18.8,96120.0,69228.0
VEH_007486,YV1XZG280010955,XC90,PHEV,Ultimate,18.8,105020.0,75638.0
VEH_007487,YV1XZD642806507,XC60,PHEV,Ultimate,18.8,76110.0,54516.0
VEH_007488,YV1XZH541334646,EC40,Pure_EV,Ultimate,82.0,63130.0,46964.0
VEH_007489,YV1XZA267025475,EX90,Pure_EV,Ultimate,111.0,101480.0,73750.0
VEH_007490,YV1XZH527986710,EX30,Pure_EV,Ultimate,69.0,50150.0,36816.0
VEH_007491,YV1XZD737456707,EX30,Pure_EV,Core,69.0,42500.0,31200.0
VEH_007492,YV1XZB293710228,XC60,PHEV,Ultimate,18.8,76110.0,54516.0
VEH_007493,YV1XZA778642238,EX30,Pure_EV,Ultimate,69.0,50150.0,36816.0
VEH_007494,YV1XZB687532232,EC40,Pure_EV,Ultimate,82.0,63130.0,46964.0
VEH_007495,YV1XZC708889385,XC90,PHEV,Core,18.8,89000.0,64100.0
VEH_007496,YV1XZG804013071,V60,MHEV,Ultimate,0.0,52864.0,38822.0
VEH_007497,YV1XZC975614277,EX30,Pure_EV,Ultimate,69.0,50150.0,36816.0
VEH_007498,YV1XZH107562191,EX30,Pure_EV,Ultimate,69.0,50150.0,36816.0
VEH_007499,YV1XZA227154328,XC60,PHEV,Plus,18.8,69660.0,49896.0
VEH_007500,YV1XZC335628419,EX30,Pure_EV,Plus,69.0,45900.0,33696.0
VEH_007501,YV1XZC516206207,XC60,PHEV,Core,18.8,64500.0,46200.0
VEH_007502,YV1XZD340414769,XC90,PHEV,Ultimate,18.8,105020.0,75638.0
VEH_007503,YV1XZG810122316,EC40,Pure_EV,Ultimate,82.0,63130.0,46964.0
VEH_007504,YV1XZH149628534,EC40,Pure_EV,Ultimate,82.0,63130.0,46964.0
VEH_007505,YV1XZF147500964,EX90,Pure_EV,Ultimate,111.0,101480.0,73750.0
VEH_007506,YV1XZF594180727,XC60,PHEV,Plus,18.8,69660.0,49896.0
VEH_007507,YV1XZG656804281,XC90,PHEV,Ultimate,18.8,105020.0,75638.0
VEH_007508,YV1XZD463267502,V60,MHEV,Core,0.0,44800.0,32900.0
VEH_007509,YV1XZH114248235,EC40,Pure_EV,Ultimate,82.0,63130.0,46964.0
VEH_007510,YV1XZD894284492,XC60,PHEV,Plus,18.8,69660.0,49896.0
VEH_007511,YV1XZD207535290,EX30,Pure_EV,Core,69.0,42500.0,31200.0
VEH_007512,YV1XZF778739715,EC40,Pure_EV,Plus,82.0,57780.0,42984.0
VEH_007513,YV1XZF572423094,EX30,Pure_EV,Ultimate,69.0,50150.0,36816.0
VEH_007514,YV1XZF236341984,V60,MHEV,Core,0.0,44800.0,32900.0
VEH_007515,YV1XZH763429973,V60,MHEV,Core,0.0,44800.0,32900.0
VEH_007516,YV1XZD654671717,XC90,PHEV,Ultimate,18.8,105020.0,75638.0
VEH_007517,YV1XZE382831675,EC40,Pure_EV,Ultimate,82.0,63130.0,46964.0
VEH_007518,YV1XZF646642852,EX30,Pure_EV,Plus,69.0,45900.0,33696.0
VEH_007519,YV1XZB181980092,XC90,PHEV,Core,18.8,89000.0,64100.0
VEH_007520,YV1XZE619043864,EC40,Pure_EV,Core,82.0,53500.0,39800.0
VEH_007521,YV1XZB908036622,EX30,Pure_EV,Ultimate,69.0,50150.0,36816.0
VEH_007522,YV1XZF152849110,EX90,Pure_EV,Core,111.0,86000.0,62500.0
VEH_007523,YV1XZH222224928,EX90,Pure_EV,Plus,111.0,92880.0,67500.0
VEH_007524,YV1XZG979540035,EC40,Pure_EV,Ultimate,82.0,63130.0,46964.0
VEH_007525,YV1XZB898493028,XC90,PHEV,Ultimate,18.8,105020.0,75638.0
VEH_007526,YV1XZH583542715,EX30,Pure_EV,Ultimate,69.0,50150.0,36816.0
VEH_007527,YV1XZA252604094,XC90,PHEV,Plus,18.8,96120.0,69228.0
VEH_007528,YV1XZE963606853,EX90,Pure_EV,Ultimate,111.0,101480.0,73750.0
VEH_007529,YV1XZF557791634,V60,MHEV,Plus,0.0,48384.0,35532.0
VEH_007530,YV1XZE542396350,XC90,PHEV,Plus,18.8,96120.0,69228.0
VEH_007531,YV1XZE126564074,XC60,PHEV,Ultimate,18.8,76110.0,54516.0
VEH_007532,YV1XZG420150230,EX90,Pure_EV,Plus,111.0,92880.0,67500.0
VEH_007533,YV1XZG333999677,EX30,Pure_EV,Core,69.0,42500.0,31200.0
VEH_007534,YV1XZF615144640,EX90,Pure_EV,Ultimate,111.0,101480.0,73750.0
VEH_007535,YV1XZD227802344,EX90,Pure_EV,Plus,111.0,92880.0,67500.0
VEH_007536,YV1XZH493044791,EC40,Pure_EV,Ultimate,82.0,63130.0,46964.0
VEH_007537,YV1XZC745769764,XC60,PHEV,Ultimate,18.8,76110.0,54516.0
VEH_007538,YV1XZC811403766,V60,MHEV,Ultimate,0.0,52864.0,38822.0
VEH_007539,YV1XZB646581788,XC60,PHEV,Core,18.8,64500.0,46200.0
VEH_007540,YV1XZD863076502,XC60,PHEV,Ultimate,18.8,76110.0,54516.0
VEH_007541,YV1XZB455866743,EX30,Pure_EV,Core,69.0,42500.0,31200.0
VEH_007542,YV1XZE789914514,XC90,PHEV,Plus,18.8,96120.0,69228.0
VEH_007543,YV1XZD287958875,EX90,Pure_EV,Core,111.0,86000.0,62500.0
VEH_007544,YV1XZG890690604,EC40,Pure_EV,Core,82.0,53500.0,39800.0
VEH_007545,YV1XZF773052297,EC40,Pure_EV,Core,82.0,53500.0,39800.0
VEH_007546,YV1XZD726075181,V60,MHEV,Plus,0.0,48384.0,35532.0
VEH_007547,YV1XZA600969027,XC60,PHEV,Plus,18.8,69660.0,49896.0
VEH_007548,YV1XZE953312462,EX90,Pure_EV,Plus,111.0,92880.0,67500.0
VEH_007549,YV1XZE517445276,XC60,PHEV,Plus,18.8,69660.0,49896.0
VEH_007550,YV1XZB470845636,EX90,Pure_EV,Ultimate,111.0,101480.0,73750.0
VEH_007551,YV1XZF684941638,V60,MHEV,Ultimate,0.0,52864.0,38822.0
VEH_007552,YV1XZB773355906,EC40,Pure_EV,Ultimate,82.0,63130.0,46964.0
VEH_007553,YV1XZB556012552,XC60,PHEV,Plus,18.8,69660.0,49896.0
VEH_007554,YV1XZA461496783,EX30,Pure_EV,Plus,69.0,45900.0,33696.0
VEH_007555,YV1XZC182594982,EX30,Pure_EV,Core,69.0,42500.0,31200.0
VEH_007556,YV1XZB534317284,XC90,PHEV,Ultimate,18.8,105020.0,75638.0
VEH_007557,YV1XZB793133016,XC90,PHEV,Ultimate,18.8,105020.0,75638.0
VEH_007558,YV1XZD945824703,EC40,Pure_EV,Core,82.0,53500.0,39800.0
VEH_007559,YV1XZH515112849,EC40,Pure_EV,Plus,82.0,57780.0,42984.0
VEH_007560,YV1XZE977567511,V60,MHEV,Core,0.0,44800.0,32900.0
VEH_007561,YV1XZH970655711,XC90,PHEV,Core,18.8,89000.0,64100.0
VEH_007562,YV1XZA890213860,XC60,PHEV,Plus,18.8,69660.0,49896.0
VEH_007563,YV1XZC675541228,EX90,Pure_EV,Ultimate,111.0,101480.0,73750.0
VEH_007564,YV1XZD316125325,XC60,PHEV,Plus,18.8,69660.0,49896.0
VEH_007565,YV1XZG781197814,EX30,Pure_EV,Core,69.0,42500.0,31200.0
VEH_007566,YV1XZA717549691,EC40,Pure_EV,Ultimate,82.0,63130.0,46964.0
VEH_007567,YV1XZG859221556,V60,MHEV,Ultimate,0.0,52864.0,38822.0
VEH_007568,YV1XZD546264411,EX90,Pure_EV,Core,111.0,86000.0,62500.0
VEH_007569,YV1XZH232192956,XC60,PHEV,Plus,18.8,69660.0,49896.0
VEH_007570,YV1XZG546126710,XC90,PHEV,Ultimate,18.8,105020.0,75638.0
VEH_007571,YV1XZB101605955,XC60,PHEV,Plus,18.8,69660.0,49896.0
VEH_007572,YV1XZG358245981,EX90,Pure_EV,Plus,111.0,92880.0,67500.0
VEH_007573,YV1XZA244340189,EC40,Pure_EV,Core,82.0,53500.0,39800.0
VEH_007574,YV1XZD388476710,EX90,Pure_EV,Core,111.0,86000.0,62500.0
VEH_007575,YV1XZA177707263,XC90,PHEV,Ultimate,18.8,105020.0,75638.0
VEH_007576,YV1XZH554597289,EX90,Pure_EV,Ultimate,111.0,101480.0,73750.0
VEH_007577,YV1XZG624224538,XC90,PHEV,Core,18.8,89000.0,64100.0
VEH_007578,YV1XZA200703392,EC40,Pure_EV,Ultimate,82.0,63130.0,46964.0
VEH_007579,YV1XZB451540744,XC60,PHEV,Plus,18.8,69660.0,49896.0
VEH_007580,YV1XZE396436681,EX90,Pure_EV,Ultimate,111.0,101480.0,73750.0
VEH_007581,YV1XZE415428507,XC60,PHEV,Core,18.8,64500.0,46200.0
VEH_007582,YV1XZC326869570,EX30,Pure_EV,Ultimate,69.0,50150.0,36816.0
VEH_007583,YV1XZB591689158,EX90,Pure_EV,Plus,111.0,92880.0,67500.0
VEH_007584,YV1XZF566305670,EC40,Pure_EV,Plus,82.0,57780.0,42984.0
VEH_007585,YV1XZG973549236,EC40,Pure_EV,Core,82.0,53500.0,39800.0
VEH_007586,YV1XZG364497932,EX30,Pure_EV,Core,69.0,42500.0,31200.0
VEH_007587,YV1XZG334274669,XC60,PHEV,Core,18.8,64500.0,46200.0
VEH_007588,YV1XZF889269065,EX30,Pure_EV,Ultimate,69.0,50150.0,36816.0
VEH_007589,YV1XZF482268223,V60,MHEV,Plus,0.0,48384.0,35532.0
VEH_007590,YV1XZC621803741,XC90,PHEV,Core,18.8,89000.0,64100.0
VEH_007591,YV1XZG382080773,V60,MHEV,Plus,0.0,48384.0,35532.0
VEH_007592,YV1XZA128267121,EX30,Pure_EV,Plus,69.0,45900.0,33696.0
VEH_007593,YV1XZF102663028,EX90,Pure_EV,Ultimate,111.0,101480.0,73750.0
VEH_007594,YV1XZF468588798,EX90,Pure_EV,Ultimate,111.0,101480.0,73750.0
VEH_007595,YV1XZD993077760,EX30,Pure_EV,Ultimate,69.0,50150.0,36816.0
VEH_007596,YV1XZE689834838,EC40,Pure_EV,Plus,82.0,57780.0,42984.0
VEH_007597,YV1XZC293883347,XC60,PHEV,Plus,18.8,69660.0,49896.0
VEH_007598,YV1XZD714892127,XC90,PHEV,Ultimate,18.8,105020.0,75638.0
VEH_007599,YV1XZH910705458,EX30,Pure_EV,Plus,69.0,45900.0,33696.0
VEH_007600,YV1XZB371324826,EX90,Pure_EV,Core,111.0,86000.0,62500.0
VEH_007601,YV1XZG885136202,EC40,Pure_EV,Plus,82.0,57780.0,42984.0
VEH_007602,YV1XZB501355420,V60,MHEV,Ultimate,0.0,52864.0,38822.0
VEH_007603,YV1XZE723049042,V60,MHEV,Plus,0.0,48384.0,35532.0
VEH_007604,YV1XZF199637865,EX90,Pure_EV,Core,111.0,86000.0,62500.0
VEH_007605,YV1XZH664770094,EX30,Pure_EV,Plus,69.0,45900.0,33696.0
VEH_007606,YV1XZF329411667,XC90,PHEV,Plus,18.8,96120.0,69228.0
VEH_007607,YV1XZA410862464,EX30,Pure_EV,Core,69.0,42500.0,31200.0
VEH_007608,YV1XZF406461916,EX30,Pure_EV,Ultimate,69.0,50150.0,36816.0
VEH_007609,YV1XZH798610241,EX90,Pure_EV,Plus,111.0,92880.0,67500.0
VEH_007610,YV1XZB651723747,XC60,PHEV,Plus,18.8,69660.0,49896.0
VEH_007611,YV1XZF639070425,EX90,Pure_EV,Core,111.0,86000.0,62500.0
VEH_007612,YV1XZB876408389,EX30,Pure_EV,Core,69.0,42500.0,31200.0
VEH_007613,YV1XZH361143429,V60,MHEV,Ultimate,0.0,52864.0,38822.0
VEH_007614,YV1XZD725236759,EX30,Pure_EV,Plus,69.0,45900.0,33696.0
VEH_007615,YV1XZB169710448,EX30,Pure_EV,Plus,69.0,45900.0,33696.0
VEH_007616,YV1XZG616879006,EC40,Pure_EV,Core,82.0,53500.0,39800.0
VEH_007617,YV1XZC777861093,XC90,PHEV,Plus,18.8,96120.0,69228.0
VEH_007618,YV1XZH957309625,EX30,Pure_EV,Core,69.0,42500.0,31200.0
VEH_007619,YV1XZH204494207,XC90,PHEV,Core,18.8,89000.0,64100.0
VEH_007620,YV1XZG777382709,EX30,Pure_EV,Ultimate,69.0,50150.0,36816.0
VEH_007621,YV1XZG423402772,XC90,PHEV,Plus,18.8,96120.0,69228.0
VEH_007622,YV1XZH156778439,EX90,Pure_EV,Plus,111.0,92880.0,67500.0
VEH_007623,YV1XZA253317341,XC60,PHEV,Ultimate,18.8,76110.0,54516.0
VEH_007624,YV1XZD362412963,XC60,PHEV,Ultimate,18.8,76110.0,54516.0
VEH_007625,YV1XZF382692545,V60,MHEV,Core,0.0,44800.0,32900.0
VEH_007626,YV1XZD113139785,EX90,Pure_EV,Ultimate,111.0,101480.0,73750.0
VEH_007627,YV1XZA298305283,XC60,PHEV,Core,18.8,64500.0,46200.0
VEH_007628,YV1XZC639235838,EX90,Pure_EV,Core,111.0,86000.0,62500.0
VEH_007629,YV1XZF846652786,XC60,PHEV,Plus,18.8,69660.0,49896.0
VEH_007630,YV1XZF992217608,EX30,Pure_EV,Ultimate,69.0,50150.0,36816.0
VEH_007631,YV1XZE895535798,EX90,Pure_EV,Core,111.0,86000.0,62500.0
VEH_007632,YV1XZE946389170,EX30,Pure_EV,Core,69.0,42500.0,31200.0
VEH_007633,YV1XZG539007575,EX90,Pure_EV,Core,111.0,86000.0,62500.0
VEH_007634,YV1XZB438268506,XC60,PHEV,Core,18.8,64500.0,46200.0
VEH_007635,YV1XZF892996284,EX30,Pure_EV,Plus,69.0,45900.0,33696.0
VEH_007636,YV1XZC120501292,XC90,PHEV,Ultimate,18.8,105020.0,75638.0
VEH_007637,YV1XZG368273078,EX30,Pure_EV,Plus,69.0,45900.0,33696.0
VEH_007638,YV1XZC238217410,EX90,Pure_EV,Ultimate,111.0,101480.0,73750.0
VEH_007639,YV1XZE140113126,EX90,Pure_EV,Core,111.0,86000.0,62500.0
VEH_007640,YV1XZD730400488,EX30,Pure_EV,Plus,69.0,45900.0,33696.0
VEH_007641,YV1XZC150671530,EX90,Pure_EV,Core,111.0,86000.0,62500.0
VEH_007642,YV1XZC803317049,EC40,Pure_EV,Plus,82.0,57780.0,42984.0
VEH_007643,YV1XZA181095048,EX30,Pure_EV,Core,69.0,42500.0,31200.0
VEH_007644,YV1XZE673576866,EX30,Pure_EV,Core,69.0,42500.0,31200.0
VEH_007645,YV1XZD718342232,EC40,Pure_EV,Core,82.0,53500.0,39800.0
VEH_007646,YV1XZD789065600,EX30,Pure_EV,Core,69.0,42500.0,31200.0
VEH_007647,YV1XZC655149383,EX90,Pure_EV,Plus,111.0,92880.0,67500.0
VEH_007648,YV1XZD269998959,XC60,PHEV,Core,18.8,64500.0,46200.0
VEH_007649,YV1XZE460278024,EX90,Pure_EV,Ultimate,111.0,101480.0,73750.0
VEH_007650,YV1XZE457831517,XC60,PHEV,Ultimate,18.8,76110.0,54516.0
VEH_007651,YV1XZE299362146,EX90,Pure_EV,Core,111.0,86000.0,62500.0
VEH_007652,YV1XZE929481744,XC90,PHEV,Plus,18.8,96120.0,69228.0
VEH_007653,YV1XZH559772803,EC40,Pure_EV,Ultimate,82.0,63130.0,46964.0
VEH_007654,YV1XZE726689236,EX30,Pure_EV,Core,69.0,42500.0,31200.0
VEH_007655,YV1XZG307582943,XC90,PHEV,Plus,18.8,96120.0,69228.0
VEH_007656,YV1XZA883490622,EC40,Pure_EV,Core,82.0,53500.0,39800.0
VEH_007657,YV1XZD569510152,XC90,PHEV,Plus,18.8,96120.0,69228.0
VEH_007658,YV1XZH771198563,XC60,PHEV,Ultimate,18.8,76110.0,54516.0
VEH_007659,YV1XZF290424826,EX90,Pure_EV,Plus,111.0,92880.0,67500.0
VEH_007660,YV1XZD482479056,XC90,PHEV,Plus,18.8,96120.0,69228.0
VEH_007661,YV1XZF839118629,XC60,PHEV,Core,18.8,64500.0,46200.0
VEH_007662,YV1XZG498279095,EX90,Pure_EV,Plus,111.0,92880.0,67500.0
VEH_007663,YV1XZB387237827,EC40,Pure_EV,Ultimate,82.0,63130.0,46964.0
VEH_007664,YV1XZC496996648,XC60,PHEV,Plus,18.8,69660.0,49896.0
VEH_007665,YV1XZA765278108,EX90,Pure_EV,Ultimate,111.0,101480.0,73750.0
VEH_007666,YV1XZE212985973,XC60,PHEV,Plus,18.8,69660.0,49896.0
VEH_007667,YV1XZF335337896,EC40,Pure_EV,Plus,82.0,57780.0,42984.0
VEH_007668,YV1XZF270997635,EX90,Pure_EV,Plus,111.0,92880.0,67500.0
VEH_007669,YV1XZE921073156,EC40,Pure_EV,Plus,82.0,57780.0,42984.0
VEH_007670,YV1XZF816103500,XC60,PHEV,Plus,18.8,69660.0,49896.0
VEH_007671,YV1XZD702576411,EX90,Pure_EV,Plus,111.0,92880.0,67500.0
VEH_007672,YV1XZG236667802,XC90,PHEV,Ultimate,18.8,105020.0,75638.0
VEH_007673,YV1XZF903091954,V60,MHEV,Ultimate,0.0,52864.0,38822.0
VEH_007674,YV1XZE317484230,EX90,Pure_EV,Core,111.0,86000.0,62500.0
VEH_007675,YV1XZH736074159,V60,MHEV,Plus,0.0,48384.0,35532.0
VEH_007676,YV1XZB463735153,EX90,Pure_EV,Plus,111.0,92880.0,67500.0
VEH_007677,YV1XZC788218722,XC60,PHEV,Core,18.8,64500.0,46200.0
VEH_007678,YV1XZG311007145,XC60,PHEV,Ultimate,18.8,76110.0,54516.0
VEH_007679,YV1XZD447872560,V60,MHEV,Ultimate,0.0,52864.0,38822.0
VEH_007680,YV1XZE541119217,EC40,Pure_EV,Core,82.0,53500.0,39800.0
VEH_007681,YV1XZG364517377,XC90,PHEV,Plus,18.8,96120.0,69228.0
VEH_007682,YV1XZA543411119,V60,MHEV,Ultimate,0.0,52864.0,38822.0
VEH_007683,YV1XZC417865266,EX30,Pure_EV,Plus,69.0,45900.0,33696.0
VEH_007684,YV1XZD761329522,XC90,PHEV,Plus,18.8,96120.0,69228.0
VEH_007685,YV1XZB545904106,XC90,PHEV,Ultimate,18.8,105020.0,75638.0
VEH_007686,YV1XZD823498853,EX30,Pure_EV,Plus,69.0,45900.0,33696.0
VEH_007687,YV1XZB522679992,XC90,PHEV,Core,18.8,89000.0,64100.0
VEH_007688,YV1XZD845862088,XC90,PHEV,Ultimate,18.8,105020.0,75638.0
VEH_007689,YV1XZA362898308,XC60,PHEV,Core,18.8,64500.0,46200.0
VEH_007690,YV1XZD608936232,EX30,Pure_EV,Plus,69.0,45900.0,33696.0
VEH_007691,YV1XZA606301857,EX90,Pure_EV,Plus,111.0,92880.0,67500.0
VEH_007692,YV1XZA202455175,V60,MHEV,Core,0.0,44800.0,32900.0
VEH_007693,YV1XZG974582300,EC40,Pure_EV,Ultimate,82.0,63130.0,46964.0
VEH_007694,YV1XZA696927376,XC60,PHEV,Ultimate,18.8,76110.0,54516.0
VEH_007695,YV1XZE716156905,EX90,Pure_EV,Plus,111.0,92880.0,67500.0
VEH_007696,YV1XZC231518435,EX90,Pure_EV,Core,111.0,86000.0,62500.0
VEH_007697,YV1XZD735819714,EC40,Pure_EV,Plus,82.0,57780.0,42984.0
VEH_007698,YV1XZG297507871,EC40,Pure_EV,Plus,82.0,57780.0,42984.0
VEH_007699,YV1XZE254779707,EC40,Pure_EV,Ultimate,82.0,63130.0,46964.0
VEH_007700,YV1XZC517256515,V60,MHEV,Ultimate,0.0,52864.0,38822.0
VEH_007701,YV1XZF906007114,V60,MHEV,Plus,0.0,48384.0,35532.0
VEH_007702,YV1XZD741934318,XC60,PHEV,Core,18.8,64500.0,46200.0
VEH_007703,YV1XZC903213869,EX30,Pure_EV,Plus,69.0,45900.0,33696.0
VEH_007704,YV1XZE112184992,XC90,PHEV,Ultimate,18.8,105020.0,75638.0
VEH_007705,YV1XZE642912968,EX90,Pure_EV,Plus,111.0,92880.0,67500.0
VEH_007706,YV1XZB294907838,V60,MHEV,Core,0.0,44800.0,32900.0
VEH_007707,YV1XZG871596547,V60,MHEV,Plus,0.0,48384.0,35532.0
VEH_007708,YV1XZH194952259,EC40,Pure_EV,Ultimate,82.0,63130.0,46964.0
VEH_007709,YV1XZH821806761,XC90,PHEV,Plus,18.8,96120.0,69228.0
VEH_007710,YV1XZD334559782,EX30,Pure_EV,Plus,69.0,45900.0,33696.0
VEH_007711,YV1XZB135284751,EC40,Pure_EV,Core,82.0,53500.0,39800.0
VEH_007712,YV1XZB282330232,EX30,Pure_EV,Plus,69.0,45900.0,33696.0
VEH_007713,YV1XZA221964801,EC40,Pure_EV,Ultimate,82.0,63130.0,46964.0
VEH_007714,YV1XZD709548712,XC60,PHEV,Ultimate,18.8,76110.0,54516.0
VEH_007715,YV1XZA917567004,XC90,PHEV,Plus,18.8,96120.0,69228.0
VEH_007716,YV1XZD348704170,EX30,Pure_EV,Core,69.0,42500.0,31200.0
VEH_007717,YV1XZD611356700,EC40,Pure_EV,Plus,82.0,57780.0,42984.0
VEH_007718,YV1XZH805224457,V60,MHEV,Plus,0.0,48384.0,35532.0
VEH_007719,YV1XZE672818823,EX90,Pure_EV,Ultimate,111.0,101480.0,73750.0
VEH_007720,YV1XZA986400277,EX30,Pure_EV,Plus,69.0,45900.0,33696.0
VEH_007721,YV1XZE195145232,XC90,PHEV,Ultimate,18.8,105020.0,75638.0
VEH_007722,YV1XZB566176139,V60,MHEV,Core,0.0,44800.0,32900.0
VEH_007723,YV1XZD140477098,XC60,PHEV,Ultimate,18.8,76110.0,54516.0
VEH_007724,YV1XZB211378694,EX30,Pure_EV,Plus,69.0,45900.0,33696.0
VEH_007725,YV1XZE720989891,XC60,PHEV,Core,18.8,64500.0,46200.0
VEH_007726,YV1XZB928562611,V60,MHEV,Ultimate,0.0,52864.0,38822.0
VEH_007727,YV1XZE804543412,EX30,Pure_EV,Core,69.0,42500.0,31200.0
VEH_007728,YV1XZC668693231,EX90,Pure_EV,Core,111.0,86000.0,62500.0
VEH_007729,YV1XZG227850368,XC90,PHEV,Plus,18.8,96120.0,69228.0
VEH_007730,YV1XZA903147848,XC60,PHEV,Ultimate,18.8,76110.0,54516.0
VEH_007731,YV1XZA364621313,EX30,Pure_EV,Ultimate,69.0,50150.0,36816.0
VEH_007732,YV1XZB926468012,EC40,Pure_EV,Core,82.0,53500.0,39800.0
VEH_007733,YV1XZF424660244,EX90,Pure_EV,Plus,111.0,92880.0,67500.0
VEH_007734,YV1XZC164331867,XC90,PHEV,Plus,18.8,96120.0,69228.0
VEH_007735,YV1XZD180194702,EX90,Pure_EV,Plus,111.0,92880.0,67500.0
VEH_007736,YV1XZH707173372,XC60,PHEV,Core,18.8,64500.0,46200.0
VEH_007737,YV1XZH999079920,V60,MHEV,Core,0.0,44800.0,32900.0
VEH_007738,YV1XZD683627205,XC90,PHEV,Core,18.8,89000.0,64100.0
VEH_007739,YV1XZB447812347,XC60,PHEV,Core,18.8,64500.0,46200.0
VEH_007740,YV1XZB949024504,XC60,PHEV,Core,18.8,64500.0,46200.0
VEH_007741,YV1XZD245203810,XC60,PHEV,Core,18.8,64500.0,46200.0
VEH_007742,YV1XZE977154054,V60,MHEV,Core,0.0,44800.0,32900.0
VEH_007743,YV1XZE598141520,EX30,Pure_EV,Core,69.0,42500.0,31200.0
VEH_007744,YV1XZC659155913,V60,MHEV,Core,0.0,44800.0,32900.0
VEH_007745,YV1XZB410663768,XC90,PHEV,Ultimate,18.8,105020.0,75638.0
VEH_007746,YV1XZC672967641,EX30,Pure_EV,Core,69.0,42500.0,31200.0
VEH_007747,YV1XZE440498339,XC60,PHEV,Ultimate,18.8,76110.0,54516.0
VEH_007748,YV1XZB929580506,EX90,Pure_EV,Plus,111.0,92880.0,67500.0
VEH_007749,YV1XZG611570179,XC90,PHEV,Core,18.8,89000.0,64100.0
VEH_007750,YV1XZH508627910,XC90,PHEV,Plus,18.8,96120.0,69228.0
VEH_007751,YV1XZD749824591,EC40,Pure_EV,Plus,82.0,57780.0,42984.0
VEH_007752,YV1XZB140275218,EX30,Pure_EV,Core,69.0,42500.0,31200.0
VEH_007753,YV1XZE759992800,V60,MHEV,Plus,0.0,48384.0,35532.0
VEH_007754,YV1XZG231119155,EX30,Pure_EV,Ultimate,69.0,50150.0,36816.0
VEH_007755,YV1XZC367902440,XC90,PHEV,Plus,18.8,96120.0,69228.0
VEH_007756,YV1XZB474039143,V60,MHEV,Core,0.0,44800.0,32900.0
VEH_007757,YV1XZB862342195,EC40,Pure_EV,Core,82.0,53500.0,39800.0
VEH_007758,YV1XZF333855589,EX90,Pure_EV,Core,111.0,86000.0,62500.0
VEH_007759,YV1XZG740821972,EC40,Pure_EV,Core,82.0,53500.0,39800.0
VEH_007760,YV1XZC517187417,V60,MHEV,Plus,0.0,48384.0,35532.0
VEH_007761,YV1XZE974185572,EX30,Pure_EV,Plus,69.0,45900.0,33696.0
VEH_007762,YV1XZC447006489,EC40,Pure_EV,Plus,82.0,57780.0,42984.0
VEH_007763,YV1XZH894132650,EX90,Pure_EV,Ultimate,111.0,101480.0,73750.0
VEH_007764,YV1XZA249175681,EC40,Pure_EV,Core,82.0,53500.0,39800.0
VEH_007765,YV1XZE622438534,V60,MHEV,Plus,0.0,48384.0,35532.0
VEH_007766,YV1XZH726796234,V60,MHEV,Core,0.0,44800.0,32900.0
VEH_007767,YV1XZE658986139,XC90,PHEV,Ultimate,18.8,105020.0,75638.0
VEH_007768,YV1XZG519217514,XC90,PHEV,Plus,18.8,96120.0,69228.0
VEH_007769,YV1XZD162657456,XC90,PHEV,Plus,18.8,96120.0,69228.0
VEH_007770,YV1XZB734417214,EX30,Pure_EV,Plus,69.0,45900.0,33696.0
VEH_007771,YV1XZF564592940,V60,MHEV,Ultimate,0.0,52864.0,38822.0
VEH_007772,YV1XZG323560797,XC60,PHEV,Plus,18.8,69660.0,49896.0
VEH_007773,YV1XZE256384640,EC40,Pure_EV,Plus,82.0,57780.0,42984.0
VEH_007774,YV1XZB589287766,EX90,Pure_EV,Plus,111.0,92880.0,67500.0
VEH_007775,YV1XZG243096531,EX90,Pure_EV,Plus,111.0,92880.0,67500.0
VEH_007776,YV1XZG494018505,V60,MHEV,Plus,0.0,48384.0,35532.0
VEH_007777,YV1XZG108584526,EX30,Pure_EV,Plus,69.0,45900.0,33696.0
VEH_007778,YV1XZA189123910,XC60,PHEV,Core,18.8,64500.0,46200.0
VEH_007779,YV1XZE219434017,EC40,Pure_EV,Ultimate,82.0,63130.0,46964.0
VEH_007780,YV1XZG646796602,EX90,Pure_EV,Core,111.0,86000.0,62500.0
VEH_007781,YV1XZC379899811,V60,MHEV,Plus,0.0,48384.0,35532.0
VEH_007782,YV1XZH935402644,EX30,Pure_EV,Ultimate,69.0,50150.0,36816.0
VEH_007783,YV1XZA785231383,EX30,Pure_EV,Core,69.0,42500.0,31200.0
VEH_007784,YV1XZA821893612,XC60,PHEV,Plus,18.8,69660.0,49896.0
VEH_007785,YV1XZH245573193,EC40,Pure_EV,Core,82.0,53500.0,39800.0
VEH_007786,YV1XZA606497318,XC90,PHEV,Core,18.8,89000.0,64100.0
VEH_007787,YV1XZD638483880,XC60,PHEV,Core,18.8,64500.0,46200.0
VEH_007788,YV1XZB477070584,V60,MHEV,Core,0.0,44800.0,32900.0
VEH_007789,YV1XZC346282525,V60,MHEV,Core,0.0,44800.0,32900.0
VEH_007790,YV1XZC294327188,EX90,Pure_EV,Ultimate,111.0,101480.0,73750.0
VEH_007791,YV1XZC404844433,EX90,Pure_EV,Ultimate,111.0,101480.0,73750.0
VEH_007792,YV1XZE605777985,EX30,Pure_EV,Ultimate,69.0,50150.0,36816.0
VEH_007793,YV1XZD484309225,EC40,Pure_EV,Core,82.0,53500.0,39800.0
VEH_007794,YV1XZE134305816,XC90,PHEV,Ultimate,18.8,105020.0,75638.0
VEH_007795,YV1XZB141890667,EX30,Pure_EV,Plus,69.0,45900.0,33696.0
VEH_007796,YV1XZE585729796,V60,MHEV,Ultimate,0.0,52864.0,38822.0
VEH_007797,YV1XZD500533304,XC90,PHEV,Core,18.8,89000.0,64100.0
VEH_007798,YV1XZB364435446,EX30,Pure_EV,Ultimate,69.0,50150.0,36816.0
VEH_007799,YV1XZA986956564,EC40,Pure_EV,Ultimate,82.0,63130.0,46964.0
VEH_007800,YV1XZF937270243,EC40,Pure_EV,Core,82.0,53500.0,39800.0
VEH_007801,YV1XZC922640285,XC60,PHEV,Core,18.8,64500.0,46200.0
VEH_007802,YV1XZC986526385,V60,MHEV,Ultimate,0.0,52864.0,38822.0
VEH_007803,YV1XZE226336657,EX30,Pure_EV,Plus,69.0,45900.0,33696.0
VEH_007804,YV1XZF625462480,V60,MHEV,Ultimate,0.0,52864.0,38822.0
VEH_007805,YV1XZH662845642,XC90,PHEV,Core,18.8,89000.0,64100.0
VEH_007806,YV1XZC680303132,EX90,Pure_EV,Core,111.0,86000.0,62500.0
VEH_007807,YV1XZA422232001,EX30,Pure_EV,Core,69.0,42500.0,31200.0
VEH_007808,YV1XZE864820968,EX30,Pure_EV,Ultimate,69.0,50150.0,36816.0
VEH_007809,YV1XZE182894259,EC40,Pure_EV,Core,82.0,53500.0,39800.0
VEH_007810,YV1XZC944651846,XC90,PHEV,Plus,18.8,96120.0,69228.0
VEH_007811,YV1XZE409142310,XC90,PHEV,Core,18.8,89000.0,64100.0
VEH_007812,YV1XZG958851130,XC60,PHEV,Ultimate,18.8,76110.0,54516.0
VEH_007813,YV1XZC691205127,XC60,PHEV,Plus,18.8,69660.0,49896.0
VEH_007814,YV1XZB788869169,EX30,Pure_EV,Core,69.0,42500.0,31200.0
VEH_007815,YV1XZD124237378,XC90,PHEV,Ultimate,18.8,105020.0,75638.0
VEH_007816,YV1XZF634424799,XC60,PHEV,Core,18.8,64500.0,46200.0
VEH_007817,YV1XZA823367600,XC90,PHEV,Ultimate,18.8,105020.0,75638.0
VEH_007818,YV1XZB816866969,EX90,Pure_EV,Plus,111.0,92880.0,67500.0
VEH_007819,YV1XZD984663831,EX90,Pure_EV,Core,111.0,86000.0,62500.0
VEH_007820,YV1XZH369059310,V60,MHEV,Ultimate,0.0,52864.0,38822.0
VEH_007821,YV1XZG740230708,EX90,Pure_EV,Ultimate,111.0,101480.0,73750.0
VEH_007822,YV1XZF974370733,XC90,PHEV,Core,18.8,89000.0,64100.0
VEH_007823,YV1XZF469883245,EC40,Pure_EV,Ultimate,82.0,63130.0,46964.0
VEH_007824,YV1XZE849335149,XC60,PHEV,Plus,18.8,69660.0,49896.0
VEH_007825,YV1XZE300330668,EX30,Pure_EV,Ultimate,69.0,50150.0,36816.0
VEH_007826,YV1XZA995624778,XC90,PHEV,Ultimate,18.8,105020.0,75638.0
VEH_007827,YV1XZG708208946,XC60,PHEV,Ultimate,18.8,76110.0,54516.0
VEH_007828,YV1XZE485780517,V60,MHEV,Core,0.0,44800.0,32900.0
VEH_007829,YV1XZG115862045,EX90,Pure_EV,Ultimate,111.0,101480.0,73750.0
VEH_007830,YV1XZA517156536,XC60,PHEV,Core,18.8,64500.0,46200.0
VEH_007831,YV1XZH358334487,EC40,Pure_EV,Plus,82.0,57780.0,42984.0
VEH_007832,YV1XZE498631646,EX90,Pure_EV,Plus,111.0,92880.0,67500.0
VEH_007833,YV1XZB528501576,XC60,PHEV,Core,18.8,64500.0,46200.0
VEH_007834,YV1XZH544931228,EC40,Pure_EV,Core,82.0,53500.0,39800.0
VEH_007835,YV1XZG812838024,EX30,Pure_EV,Core,69.0,42500.0,31200.0
VEH_007836,YV1XZE731087338,XC90,PHEV,Core,18.8,89000.0,64100.0
VEH_007837,YV1XZC484092859,XC90,PHEV,Core,18.8,89000.0,64100.0
VEH_007838,YV1XZA649786162,EX90,Pure_EV,Ultimate,111.0,101480.0,73750.0
VEH_007839,YV1XZH876192887,EC40,Pure_EV,Core,82.0,53500.0,39800.0
VEH_007840,YV1XZC787353394,XC60,PHEV,Ultimate,18.8,76110.0,54516.0
VEH_007841,YV1XZE389215848,XC90,PHEV,Plus,18.8,96120.0,69228.0
VEH_007842,YV1XZH293649379,EC40,Pure_EV,Plus,82.0,57780.0,42984.0
VEH_007843,YV1XZE825110871,EC40,Pure_EV,Core,82.0,53500.0,39800.0
VEH_007844,YV1XZC369006948,EX90,Pure_EV,Core,111.0,86000.0,62500.0
VEH_007845,YV1XZE650060512,EX90,Pure_EV,Core,111.0,86000.0,62500.0
VEH_007846,YV1XZE185917077,EX30,Pure_EV,Core,69.0,42500.0,31200.0
VEH_007847,YV1XZC430512996,XC60,PHEV,Ultimate,18.8,76110.0,54516.0
VEH_007848,YV1XZF467228311,EX30,Pure_EV,Ultimate,69.0,50150.0,36816.0
VEH_007849,YV1XZB451788060,EX90,Pure_EV,Plus,111.0,92880.0,67500.0
VEH_007850,YV1XZF592349166,XC90,PHEV,Plus,18.8,96120.0,69228.0
VEH_007851,YV1XZA512502316,EC40,Pure_EV,Ultimate,82.0,63130.0,46964.0
VEH_007852,YV1XZG116048474,EX90,Pure_EV,Plus,111.0,92880.0,67500.0
VEH_007853,YV1XZC496127640,EX90,Pure_EV,Plus,111.0,92880.0,67500.0
VEH_007854,YV1XZD919145719,XC60,PHEV,Core,18.8,64500.0,46200.0
VEH_007855,YV1XZC766345503,EX90,Pure_EV,Core,111.0,86000.0,62500.0
VEH_007856,YV1XZE485297578,EC40,Pure_EV,Ultimate,82.0,63130.0,46964.0
VEH_007857,YV1XZB445915066,EX90,Pure_EV,Core,111.0,86000.0,62500.0
VEH_007858,YV1XZC664101797,V60,MHEV,Ultimate,0.0,52864.0,38822.0
VEH_007859,YV1XZA400147499,XC60,PHEV,Core,18.8,64500.0,46200.0
VEH_007860,YV1XZG521239642,EX30,Pure_EV,Core,69.0,42500.0,31200.0
VEH_007861,YV1XZB575261602,EX90,Pure_EV,Ultimate,111.0,101480.0,73750.0
VEH_007862,YV1XZH417280810,EX90,Pure_EV,Core,111.0,86000.0,62500.0
VEH_007863,YV1XZC990368516,EX90,Pure_EV,Ultimate,111.0,101480.0,73750.0
VEH_007864,YV1XZE193429353,EX90,Pure_EV,Core,111.0,86000.0,62500.0
VEH_007865,YV1XZC228015227,XC60,PHEV,Plus,18.8,69660.0,49896.0
VEH_007866,YV1XZD733873057,EC40,Pure_EV,Ultimate,82.0,63130.0,46964.0
VEH_007867,YV1XZG748672787,EX90,Pure_EV,Plus,111.0,92880.0,67500.0
VEH_007868,YV1XZA525432708,EX90,Pure_EV,Plus,111.0,92880.0,67500.0
VEH_007869,YV1XZF906943035,EX90,Pure_EV,Core,111.0,86000.0,62500.0
VEH_007870,YV1XZB347635067,EX30,Pure_EV,Core,69.0,42500.0,31200.0
VEH_007871,YV1XZA424345573,XC90,PHEV,Core,18.8,89000.0,64100.0
VEH_007872,YV1XZA298584850,XC90,PHEV,Plus,18.8,96120.0,69228.0
VEH_007873,YV1XZG202241338,EX90,Pure_EV,Core,111.0,86000.0,62500.0
VEH_007874,YV1XZA214077454,V60,MHEV,Ultimate,0.0,52864.0,38822.0
VEH_007875,YV1XZD327253619,XC90,PHEV,Core,18.8,89000.0,64100.0
VEH_007876,YV1XZD625498942,EC40,Pure_EV,Ultimate,82.0,63130.0,46964.0
VEH_007877,YV1XZB748220964,XC90,PHEV,Plus,18.8,96120.0,69228.0
VEH_007878,YV1XZA793774286,EX30,Pure_EV,Core,69.0,42500.0,31200.0
VEH_007879,YV1XZF562017056,EX30,Pure_EV,Core,69.0,42500.0,31200.0
VEH_007880,YV1XZC297789539,EX30,Pure_EV,Plus,69.0,45900.0,33696.0
VEH_007881,YV1XZE851634174,EC40,Pure_EV,Plus,82.0,57780.0,42984.0
VEH_007882,YV1XZF479994398,XC60,PHEV,Core,18.8,64500.0,46200.0
VEH_007883,YV1XZA880711349,XC90,PHEV,Plus,18.8,96120.0,69228.0
VEH_007884,YV1XZC343636854,XC60,PHEV,Ultimate,18.8,76110.0,54516.0
VEH_007885,YV1XZF880563393,EX30,Pure_EV,Plus,69.0,45900.0,33696.0
VEH_007886,YV1XZD188952833,EX90,Pure_EV,Core,111.0,86000.0,62500.0
VEH_007887,YV1XZH599798047,XC60,PHEV,Ultimate,18.8,76110.0,54516.0
VEH_007888,YV1XZE455942903,XC90,PHEV,Core,18.8,89000.0,64100.0
VEH_007889,YV1XZH888037262,XC60,PHEV,Plus,18.8,69660.0,49896.0
VEH_007890,YV1XZH113796010,EC40,Pure_EV,Core,82.0,53500.0,39800.0
VEH_007891,YV1XZE912754910,V60,MHEV,Core,0.0,44800.0,32900.0
VEH_007892,YV1XZB186199403,EC40,Pure_EV,Core,82.0,53500.0,39800.0
VEH_007893,YV1XZH559462927,V60,MHEV,Plus,0.0,48384.0,35532.0
VEH_007894,YV1XZG465052178,XC60,PHEV,Ultimate,18.8,76110.0,54516.0
VEH_007895,YV1XZC807417013,EX30,Pure_EV,Plus,69.0,45900.0,33696.0
VEH_007896,YV1XZG171829542,XC60,PHEV,Ultimate,18.8,76110.0,54516.0
VEH_007897,YV1XZC694610649,EX90,Pure_EV,Core,111.0,86000.0,62500.0
VEH_007898,YV1XZF611949457,EX30,Pure_EV,Ultimate,69.0,50150.0,36816.0
VEH_007899,YV1XZG811011291,XC90,PHEV,Core,18.8,89000.0,64100.0
VEH_007900,YV1XZA267374517,EX30,Pure_EV,Ultimate,69.0,50150.0,36816.0
VEH_007901,YV1XZB824960881,EX90,Pure_EV,Core,111.0,86000.0,62500.0
VEH_007902,YV1XZH772230652,EX30,Pure_EV,Plus,69.0,45900.0,33696.0
VEH_007903,YV1XZH125813192,XC90,PHEV,Ultimate,18.8,105020.0,75638.0
VEH_007904,YV1XZH779260985,XC60,PHEV,Ultimate,18.8,76110.0,54516.0
VEH_007905,YV1XZF364220420,XC60,PHEV,Core,18.8,64500.0,46200.0
VEH_007906,YV1XZD834391465,EX90,Pure_EV,Core,111.0,86000.0,62500.0
VEH_007907,YV1XZF728969739,XC60,PHEV,Core,18.8,64500.0,46200.0
VEH_007908,YV1XZC506465823,EX90,Pure_EV,Core,111.0,86000.0,62500.0
VEH_007909,YV1XZE794841455,V60,MHEV,Ultimate,0.0,52864.0,38822.0
VEH_007910,YV1XZG336942857,XC90,PHEV,Plus,18.8,96120.0,69228.0
VEH_007911,YV1XZB407162097,XC60,PHEV,Core,18.8,64500.0,46200.0
VEH_007912,YV1XZE306765234,EX90,Pure_EV,Ultimate,111.0,101480.0,73750.0
VEH_007913,YV1XZA901502803,EX30,Pure_EV,Core,69.0,42500.0,31200.0
VEH_007914,YV1XZF929904866,EX90,Pure_EV,Plus,111.0,92880.0,67500.0
VEH_007915,YV1XZC361230342,EX90,Pure_EV,Ultimate,111.0,101480.0,73750.0
VEH_007916,YV1XZB322456840,V60,MHEV,Ultimate,0.0,52864.0,38822.0
VEH_007917,YV1XZG469989543,EX90,Pure_EV,Plus,111.0,92880.0,67500.0
VEH_007918,YV1XZG508010532,XC90,PHEV,Ultimate,18.8,105020.0,75638.0
VEH_007919,YV1XZC614051496,XC90,PHEV,Core,18.8,89000.0,64100.0
VEH_007920,YV1XZE210897670,XC90,PHEV,Ultimate,18.8,105020.0,75638.0
VEH_007921,YV1XZD960547563,XC60,PHEV,Ultimate,18.8,76110.0,54516.0
VEH_007922,YV1XZG467754980,V60,MHEV,Plus,0.0,48384.0,35532.0
VEH_007923,YV1XZF325817903,XC90,PHEV,Core,18.8,89000.0,64100.0
VEH_007924,YV1XZA201197568,XC90,PHEV,Core,18.8,89000.0,64100.0
VEH_007925,YV1XZA974589687,EX30,Pure_EV,Plus,69.0,45900.0,33696.0
VEH_007926,YV1XZC851972908,XC60,PHEV,Plus,18.8,69660.0,49896.0
VEH_007927,YV1XZE297556804,XC60,PHEV,Plus,18.8,69660.0,49896.0
VEH_007928,YV1XZD495996250,XC60,PHEV,Plus,18.8,69660.0,49896.0
VEH_007929,YV1XZH296579255,EX30,Pure_EV,Core,69.0,42500.0,31200.0
VEH_007930,YV1XZF336875344,EC40,Pure_EV,Plus,82.0,57780.0,42984.0
VEH_007931,YV1XZF822243014,EX90,Pure_EV,Plus,111.0,92880.0,67500.0
VEH_007932,YV1XZG758842676,XC60,PHEV,Plus,18.8,69660.0,49896.0
VEH_007933,YV1XZE667939466,XC60,PHEV,Plus,18.8,69660.0,49896.0
VEH_007934,YV1XZE732090958,XC60,PHEV,Ultimate,18.8,76110.0,54516.0
VEH_007935,YV1XZC399232586,XC60,PHEV,Core,18.8,64500.0,46200.0
VEH_007936,YV1XZF991700681,XC90,PHEV,Plus,18.8,96120.0,69228.0
VEH_007937,YV1XZE536793882,EX30,Pure_EV,Core,69.0,42500.0,31200.0
VEH_007938,YV1XZF106242265,V60,MHEV,Core,0.0,44800.0,32900.0
VEH_007939,YV1XZC709329827,XC60,PHEV,Ultimate,18.8,76110.0,54516.0
VEH_007940,YV1XZG673197608,XC60,PHEV,Plus,18.8,69660.0,49896.0
VEH_007941,YV1XZC978775469,EC40,Pure_EV,Core,82.0,53500.0,39800.0
VEH_007942,YV1XZG922395677,V60,MHEV,Core,0.0,44800.0,32900.0
VEH_007943,YV1XZG863389561,EX90,Pure_EV,Plus,111.0,92880.0,67500.0
VEH_007944,YV1XZD894241542,XC60,PHEV,Core,18.8,64500.0,46200.0
VEH_007945,YV1XZA759158247,EC40,Pure_EV,Ultimate,82.0,63130.0,46964.0
VEH_007946,YV1XZD376381823,XC60,PHEV,Ultimate,18.8,76110.0,54516.0
VEH_007947,YV1XZC178328639,V60,MHEV,Plus,0.0,48384.0,35532.0
VEH_007948,YV1XZB423369996,EX90,Pure_EV,Ultimate,111.0,101480.0,73750.0
VEH_007949,YV1XZF104692647,XC60,PHEV,Ultimate,18.8,76110.0,54516.0
VEH_007950,YV1XZD414292188,EX90,Pure_EV,Core,111.0,86000.0,62500.0
VEH_007951,YV1XZA408029141,XC60,PHEV,Plus,18.8,69660.0,49896.0
VEH_007952,YV1XZH247038561,EC40,Pure_EV,Plus,82.0,57780.0,42984.0
VEH_007953,YV1XZE849594722,EC40,Pure_EV,Core,82.0,53500.0,39800.0
VEH_007954,YV1XZH126013922,V60,MHEV,Core,0.0,44800.0,32900.0
VEH_007955,YV1XZC200510003,EX90,Pure_EV,Core,111.0,86000.0,62500.0
VEH_007956,YV1XZC931260068,EC40,Pure_EV,Plus,82.0,57780.0,42984.0
VEH_007957,YV1XZH792679092,EX90,Pure_EV,Core,111.0,86000.0,62500.0
VEH_007958,YV1XZA709226106,V60,MHEV,Core,0.0,44800.0,32900.0
VEH_007959,YV1XZE440006948,V60,MHEV,Ultimate,0.0,52864.0,38822.0
VEH_007960,YV1XZG624241199,EX30,Pure_EV,Ultimate,69.0,50150.0,36816.0
VEH_007961,YV1XZH112617233,XC60,PHEV,Ultimate,18.8,76110.0,54516.0
VEH_007962,YV1XZG776607861,XC60,PHEV,Core,18.8,64500.0,46200.0
VEH_007963,YV1XZC941623880,EX90,Pure_EV,Ultimate,111.0,101480.0,73750.0
VEH_007964,YV1XZD104664655,XC90,PHEV,Plus,18.8,96120.0,69228.0
VEH_007965,YV1XZC952309783,EX30,Pure_EV,Core,69.0,42500.0,31200.0
VEH_007966,YV1XZA873138581,EX90,Pure_EV,Core,111.0,86000.0,62500.0
VEH_007967,YV1XZE640499929,V60,MHEV,Ultimate,0.0,52864.0,38822.0
VEH_007968,YV1XZG977361720,EC40,Pure_EV,Core,82.0,53500.0,39800.0
VEH_007969,YV1XZD319679803,EC40,Pure_EV,Ultimate,82.0,63130.0,46964.0
VEH_007970,YV1XZH825522076,EX90,Pure_EV,Plus,111.0,92880.0,67500.0
VEH_007971,YV1XZA948238398,XC90,PHEV,Plus,18.8,96120.0,69228.0
VEH_007972,YV1XZG635545199,XC90,PHEV,Core,18.8,89000.0,64100.0
VEH_007973,YV1XZB848732917,V60,MHEV,Ultimate,0.0,52864.0,38822.0
VEH_007974,YV1XZA460313580,EX90,Pure_EV,Plus,111.0,92880.0,67500.0
VEH_007975,YV1XZE751320617,V60,MHEV,Ultimate,0.0,52864.0,38822.0
VEH_007976,YV1XZC125798620,EC40,Pure_EV,Plus,82.0,57780.0,42984.0
VEH_007977,YV1XZG400574412,XC90,PHEV,Plus,18.8,96120.0,69228.0
VEH_007978,YV1XZA222110890,XC90,PHEV,Ultimate,18.8,105020.0,75638.0
VEH_007979,YV1XZE767471886,EX90,Pure_EV,Core,111.0,86000.0,62500.0
VEH_007980,YV1XZD501794646,EC40,Pure_EV,Core,82.0,53500.0,39800.0
VEH_007981,YV1XZA183156238,EX30,Pure_EV,Ultimate,69.0,50150.0,36816.0
VEH_007982,YV1XZE520374694,EX30,Pure_EV,Plus,69.0,45900.0,33696.0
VEH_007983,YV1XZF945124106,EX30,Pure_EV,Plus,69.0,45900.0,33696.0
VEH_007984,YV1XZA680779824,XC90,PHEV,Ultimate,18.8,105020.0,75638.0
VEH_007985,YV1XZA406919711,EX30,Pure_EV,Core,69.0,42500.0,31200.0
VEH_007986,YV1XZB165767893,EC40,Pure_EV,Ultimate,82.0,63130.0,46964.0
VEH_007987,YV1XZE359835090,EC40,Pure_EV,Core,82.0,53500.0,39800.0
VEH_007988,YV1XZG513349886,EX30,Pure_EV,Plus,69.0,45900.0,33696.0
VEH_007989,YV1XZB837771850,XC90,PHEV,Plus,18.8,96120.0,69228.0
VEH_007990,YV1XZD660966411,EX90,Pure_EV,Plus,111.0,92880.0,67500.0
VEH_007991,YV1XZB394678205,V60,MHEV,Ultimate,0.0,52864.0,38822.0
VEH_007992,YV1XZD612509663,XC90,PHEV,Ultimate,18.8,105020.0,75638.0
VEH_007993,YV1XZF478240172,EC40,Pure_EV,Plus,82.0,57780.0,42984.0
VEH_007994,YV1XZD145164575,XC90,PHEV,Core,18.8,89000.0,64100.0
VEH_007995,YV1XZA210712765,XC90,PHEV,Ultimate,18.8,105020.0,75638.0
VEH_007996,YV1XZF509560759,XC60,PHEV,Ultimate,18.8,76110.0,54516.0
VEH_007997,YV1XZB622974827,EC40,Pure_EV,Plus,82.0,57780.0,42984.0
VEH_007998,YV1XZE138753165,XC60,PHEV,Ultimate,18.8,76110.0,54516.0
VEH_007999,YV1XZA266180587,EX30,Pure_EV,Ultimate,69.0,50150.0,36816.0
VEH_008000,YV1XZB534649019,XC60,PHEV,Ultimate,18.8,76110.0,54516.0
VEH_008001,YV1XZD619404179,XC90,PHEV,Ultimate,18.8,105020.0,75638.0
VEH_008002,YV1XZG200296964,V60,MHEV,Core,0.0,44800.0,32900.0
VEH_008003,YV1XZG555581409,EX30,Pure_EV,Plus,69.0,45900.0,33696.0
VEH_008004,YV1XZB191469330,XC90,PHEV,Plus,18.8,96120.0,69228.0
VEH_008005,YV1XZH987556863,XC90,PHEV,Ultimate,18.8,105020.0,75638.0
VEH_008006,YV1XZF721849498,XC60,PHEV,Plus,18.8,69660.0,49896.0
VEH_008007,YV1XZD812959837,V60,MHEV,Ultimate,0.0,52864.0,38822.0
VEH_008008,YV1XZG170515727,EX90,Pure_EV,Core,111.0,86000.0,62500.0
VEH_008009,YV1XZF130154837,XC60,PHEV,Core,18.8,64500.0,46200.0
VEH_008010,YV1XZD502571541,EC40,Pure_EV,Ultimate,82.0,63130.0,46964.0
VEH_008011,YV1XZF791085813,EX90,Pure_EV,Plus,111.0,92880.0,67500.0
VEH_008012,YV1XZF553099742,XC90,PHEV,Core,18.8,89000.0,64100.0
VEH_008013,YV1XZC685653505,EC40,Pure_EV,Plus,82.0,57780.0,42984.0
VEH_008014,YV1XZF357070361,EC40,Pure_EV,Core,82.0,53500.0,39800.0
VEH_008015,YV1XZC403105147,EX90,Pure_EV,Ultimate,111.0,101480.0,73750.0
VEH_008016,YV1XZG808087800,EX90,Pure_EV,Plus,111.0,92880.0,67500.0
VEH_008017,YV1XZH934057702,EX90,Pure_EV,Core,111.0,86000.0,62500.0
VEH_008018,YV1XZF700820902,V60,MHEV,Plus,0.0,48384.0,35532.0
VEH_008019,YV1XZF679204098,EX30,Pure_EV,Core,69.0,42500.0,31200.0
VEH_008020,YV1XZG688467437,EC40,Pure_EV,Plus,82.0,57780.0,42984.0
VEH_008021,YV1XZD104617588,XC60,PHEV,Ultimate,18.8,76110.0,54516.0
VEH_008022,YV1XZC946852780,EX90,Pure_EV,Core,111.0,86000.0,62500.0
VEH_008023,YV1XZD269211291,XC90,PHEV,Plus,18.8,96120.0,69228.0
VEH_008024,YV1XZH909547419,XC60,PHEV,Core,18.8,64500.0,46200.0
VEH_008025,YV1XZD373853847,XC60,PHEV,Plus,18.8,69660.0,49896.0
VEH_008026,YV1XZF970811194,EC40,Pure_EV,Core,82.0,53500.0,39800.0
VEH_008027,YV1XZA276744903,V60,MHEV,Ultimate,0.0,52864.0,38822.0
VEH_008028,YV1XZF421933803,EC40,Pure_EV,Core,82.0,53500.0,39800.0
VEH_008029,YV1XZD104743978,XC60,PHEV,Core,18.8,64500.0,46200.0
VEH_008030,YV1XZD108218490,XC90,PHEV,Plus,18.8,96120.0,69228.0
VEH_008031,YV1XZH234283913,XC90,PHEV,Ultimate,18.8,105020.0,75638.0
VEH_008032,YV1XZH921976984,V60,MHEV,Core,0.0,44800.0,32900.0
VEH_008033,YV1XZC619455070,EX90,Pure_EV,Ultimate,111.0,101480.0,73750.0
VEH_008034,YV1XZH901972909,XC60,PHEV,Plus,18.8,69660.0,49896.0
VEH_008035,YV1XZE250547787,EX30,Pure_EV,Core,69.0,42500.0,31200.0
VEH_008036,YV1XZH800587789,EC40,Pure_EV,Core,82.0,53500.0,39800.0
VEH_008037,YV1XZD101177582,XC90,PHEV,Plus,18.8,96120.0,69228.0
VEH_008038,YV1XZA575222427,XC90,PHEV,Core,18.8,89000.0,64100.0
VEH_008039,YV1XZB151593244,EX30,Pure_EV,Core,69.0,42500.0,31200.0
VEH_008040,YV1XZE251196040,EX90,Pure_EV,Ultimate,111.0,101480.0,73750.0
VEH_008041,YV1XZE624909238,EX90,Pure_EV,Plus,111.0,92880.0,67500.0
VEH_008042,YV1XZA474519808,EX90,Pure_EV,Ultimate,111.0,101480.0,73750.0
VEH_008043,YV1XZH982240807,V60,MHEV,Ultimate,0.0,52864.0,38822.0
VEH_008044,YV1XZH604283985,V60,MHEV,Ultimate,0.0,52864.0,38822.0
VEH_008045,YV1XZG229181373,EX30,Pure_EV,Ultimate,69.0,50150.0,36816.0
VEH_008046,YV1XZH216325355,V60,MHEV,Ultimate,0.0,52864.0,38822.0
VEH_008047,YV1XZG475666832,XC60,PHEV,Plus,18.8,69660.0,49896.0
VEH_008048,YV1XZH536711889,XC60,PHEV,Plus,18.8,69660.0,49896.0
VEH_008049,YV1XZG662657008,EC40,Pure_EV,Core,82.0,53500.0,39800.0
VEH_008050,YV1XZE936421995,EX90,Pure_EV,Core,111.0,86000.0,62500.0
VEH_008051,YV1XZA760343984,EC40,Pure_EV,Core,82.0,53500.0,39800.0
VEH_008052,YV1XZC273384473,V60,MHEV,Plus,0.0,48384.0,35532.0
VEH_008053,YV1XZG832453815,EC40,Pure_EV,Core,82.0,53500.0,39800.0
VEH_008054,YV1XZD937874378,V60,MHEV,Plus,0.0,48384.0,35532.0
VEH_008055,YV1XZD845775496,XC60,PHEV,Ultimate,18.8,76110.0,54516.0
VEH_008056,YV1XZB722185513,EX90,Pure_EV,Core,111.0,86000.0,62500.0
VEH_008057,YV1XZD769764671,EX30,Pure_EV,Plus,69.0,45900.0,33696.0
VEH_008058,YV1XZH122818301,V60,MHEV,Core,0.0,44800.0,32900.0
VEH_008059,YV1XZE613507099,EC40,Pure_EV,Ultimate,82.0,63130.0,46964.0
VEH_008060,YV1XZG153761008,V60,MHEV,Core,0.0,44800.0,32900.0
VEH_008061,YV1XZH946742958,EX30,Pure_EV,Plus,69.0,45900.0,33696.0
VEH_008062,YV1XZB188708282,V60,MHEV,Ultimate,0.0,52864.0,38822.0
VEH_008063,YV1XZB147090260,EC40,Pure_EV,Core,82.0,53500.0,39800.0
VEH_008064,YV1XZC549961186,EX30,Pure_EV,Plus,69.0,45900.0,33696.0
VEH_008065,YV1XZA244472303,EX30,Pure_EV,Core,69.0,42500.0,31200.0
VEH_008066,YV1XZD818789234,XC60,PHEV,Plus,18.8,69660.0,49896.0
VEH_008067,YV1XZF741961632,EC40,Pure_EV,Plus,82.0,57780.0,42984.0
VEH_008068,YV1XZD336928708,XC60,PHEV,Ultimate,18.8,76110.0,54516.0
VEH_008069,YV1XZD484567759,EC40,Pure_EV,Plus,82.0,57780.0,42984.0
VEH_008070,YV1XZC215746097,XC60,PHEV,Core,18.8,64500.0,46200.0
VEH_008071,YV1XZG606799338,EC40,Pure_EV,Ultimate,82.0,63130.0,46964.0
VEH_008072,YV1XZE512750544,XC90,PHEV,Core,18.8,89000.0,64100.0
VEH_008073,YV1XZG780290934,EX90,Pure_EV,Ultimate,111.0,101480.0,73750.0
VEH_008074,YV1XZD972214492,XC60,PHEV,Plus,18.8,69660.0,49896.0
VEH_008075,YV1XZD198375408,EX90,Pure_EV,Core,111.0,86000.0,62500.0
VEH_008076,YV1XZC977555023,XC60,PHEV,Ultimate,18.8,76110.0,54516.0
VEH_008077,YV1XZG491773126,V60,MHEV,Plus,0.0,48384.0,35532.0
VEH_008078,YV1XZC433265776,EX90,Pure_EV,Ultimate,111.0,101480.0,73750.0
VEH_008079,YV1XZF383327863,XC60,PHEV,Ultimate,18.8,76110.0,54516.0
VEH_008080,YV1XZH819203604,XC90,PHEV,Core,18.8,89000.0,64100.0
VEH_008081,YV1XZA142302950,EX90,Pure_EV,Plus,111.0,92880.0,67500.0
VEH_008082,YV1XZC122324292,EX30,Pure_EV,Ultimate,69.0,50150.0,36816.0
VEH_008083,YV1XZA192729088,XC90,PHEV,Plus,18.8,96120.0,69228.0
VEH_008084,YV1XZG948160206,EC40,Pure_EV,Ultimate,82.0,63130.0,46964.0
VEH_008085,YV1XZB732679040,EX30,Pure_EV,Plus,69.0,45900.0,33696.0
VEH_008086,YV1XZF400436570,EX30,Pure_EV,Ultimate,69.0,50150.0,36816.0
VEH_008087,YV1XZH222988105,EX90,Pure_EV,Core,111.0,86000.0,62500.0
VEH_008088,YV1XZD883437618,XC60,PHEV,Ultimate,18.8,76110.0,54516.0
VEH_008089,YV1XZD351762154,EX30,Pure_EV,Ultimate,69.0,50150.0,36816.0
VEH_008090,YV1XZD509513770,EC40,Pure_EV,Plus,82.0,57780.0,42984.0
VEH_008091,YV1XZD971688876,XC90,PHEV,Ultimate,18.8,105020.0,75638.0
VEH_008092,YV1XZA161057708,EX30,Pure_EV,Core,69.0,42500.0,31200.0
VEH_008093,YV1XZA665135403,V60,MHEV,Core,0.0,44800.0,32900.0
VEH_008094,YV1XZD170830990,XC90,PHEV,Ultimate,18.8,105020.0,75638.0
VEH_008095,YV1XZB880737473,XC90,PHEV,Plus,18.8,96120.0,69228.0
VEH_008096,YV1XZA286283655,EX30,Pure_EV,Plus,69.0,45900.0,33696.0
VEH_008097,YV1XZD460693834,XC90,PHEV,Ultimate,18.8,105020.0,75638.0
VEH_008098,YV1XZB459814013,V60,MHEV,Plus,0.0,48384.0,35532.0
VEH_008099,YV1XZC771081440,XC90,PHEV,Ultimate,18.8,105020.0,75638.0
VEH_008100,YV1XZD153009488,V60,MHEV,Core,0.0,44800.0,32900.0
VEH_008101,YV1XZD780062139,EC40,Pure_EV,Ultimate,82.0,63130.0,46964.0
VEH_008102,YV1XZG195048123,XC60,PHEV,Plus,18.8,69660.0,49896.0
VEH_008103,YV1XZG282958826,EX90,Pure_EV,Plus,111.0,92880.0,67500.0
VEH_008104,YV1XZA649589315,XC90,PHEV,Ultimate,18.8,105020.0,75638.0
VEH_008105,YV1XZC824109060,EX30,Pure_EV,Core,69.0,42500.0,31200.0
VEH_008106,YV1XZB474510539,V60,MHEV,Plus,0.0,48384.0,35532.0
VEH_008107,YV1XZH848835675,XC90,PHEV,Plus,18.8,96120.0,69228.0
VEH_008108,YV1XZA473106596,EC40,Pure_EV,Plus,82.0,57780.0,42984.0
VEH_008109,YV1XZB989282376,V60,MHEV,Core,0.0,44800.0,32900.0
VEH_008110,YV1XZF831090035,EX30,Pure_EV,Core,69.0,42500.0,31200.0
VEH_008111,YV1XZD108983986,XC90,PHEV,Core,18.8,89000.0,64100.0
VEH_008112,YV1XZH317758061,XC90,PHEV,Plus,18.8,96120.0,69228.0
VEH_008113,YV1XZE249795747,XC90,PHEV,Plus,18.8,96120.0,69228.0
VEH_008114,YV1XZB902080894,EX30,Pure_EV,Ultimate,69.0,50150.0,36816.0
VEH_008115,YV1XZG751121470,EC40,Pure_EV,Core,82.0,53500.0,39800.0
VEH_008116,YV1XZG887532217,EX90,Pure_EV,Plus,111.0,92880.0,67500.0
VEH_008117,YV1XZA913325187,EC40,Pure_EV,Ultimate,82.0,63130.0,46964.0
VEH_008118,YV1XZG972194552,V60,MHEV,Core,0.0,44800.0,32900.0
VEH_008119,YV1XZH840966807,XC60,PHEV,Plus,18.8,69660.0,49896.0
VEH_008120,YV1XZH614017645,EX30,Pure_EV,Ultimate,69.0,50150.0,36816.0
VEH_008121,YV1XZD539339766,XC60,PHEV,Core,18.8,64500.0,46200.0
VEH_008122,YV1XZF126386985,EX90,Pure_EV,Plus,111.0,92880.0,67500.0
VEH_008123,YV1XZG933155836,EX30,Pure_EV,Ultimate,69.0,50150.0,36816.0
VEH_008124,YV1XZH531126807,V60,MHEV,Core,0.0,44800.0,32900.0
VEH_008125,YV1XZC297649504,EX90,Pure_EV,Ultimate,111.0,101480.0,73750.0
VEH_008126,YV1XZG576583771,XC60,PHEV,Plus,18.8,69660.0,49896.0
VEH_008127,YV1XZA711899667,XC90,PHEV,Ultimate,18.8,105020.0,75638.0
VEH_008128,YV1XZD580549142,V60,MHEV,Ultimate,0.0,52864.0,38822.0
VEH_008129,YV1XZB524314330,V60,MHEV,Plus,0.0,48384.0,35532.0
VEH_008130,YV1XZC690876838,EC40,Pure_EV,Core,82.0,53500.0,39800.0
VEH_008131,YV1XZA598000979,V60,MHEV,Ultimate,0.0,52864.0,38822.0
VEH_008132,YV1XZD968038114,EC40,Pure_EV,Ultimate,82.0,63130.0,46964.0
VEH_008133,YV1XZB245576909,EC40,Pure_EV,Ultimate,82.0,63130.0,46964.0
VEH_008134,YV1XZH615688401,EC40,Pure_EV,Plus,82.0,57780.0,42984.0
VEH_008135,YV1XZG446513740,XC60,PHEV,Core,18.8,64500.0,46200.0
VEH_008136,YV1XZG418241848,XC90,PHEV,Plus,18.8,96120.0,69228.0
VEH_008137,YV1XZD698121114,EX30,Pure_EV,Ultimate,69.0,50150.0,36816.0
VEH_008138,YV1XZA440470409,EC40,Pure_EV,Ultimate,82.0,63130.0,46964.0
VEH_008139,YV1XZE234001312,EX30,Pure_EV,Core,69.0,42500.0,31200.0
VEH_008140,YV1XZG453971277,XC60,PHEV,Core,18.8,64500.0,46200.0
VEH_008141,YV1XZD713812213,XC60,PHEV,Ultimate,18.8,76110.0,54516.0
VEH_008142,YV1XZF525718988,EX30,Pure_EV,Core,69.0,42500.0,31200.0
VEH_008143,YV1XZH186198710,EC40,Pure_EV,Core,82.0,53500.0,39800.0
VEH_008144,YV1XZE664339511,V60,MHEV,Core,0.0,44800.0,32900.0
VEH_008145,YV1XZA799530232,XC60,PHEV,Core,18.8,64500.0,46200.0
VEH_008146,YV1XZA871375397,EC40,Pure_EV,Core,82.0,53500.0,39800.0
VEH_008147,YV1XZE389663020,XC90,PHEV,Core,18.8,89000.0,64100.0
VEH_008148,YV1XZC661409134,XC90,PHEV,Ultimate,18.8,105020.0,75638.0
VEH_008149,YV1XZH475359489,XC60,PHEV,Ultimate,18.8,76110.0,54516.0
VEH_008150,YV1XZA772655611,V60,MHEV,Plus,0.0,48384.0,35532.0
VEH_008151,YV1XZA931013283,EX90,Pure_EV,Ultimate,111.0,101480.0,73750.0
VEH_008152,YV1XZD119346520,EX90,Pure_EV,Ultimate,111.0,101480.0,73750.0
VEH_008153,YV1XZC464959908,EX30,Pure_EV,Core,69.0,42500.0,31200.0
VEH_008154,YV1XZB791217014,V60,MHEV,Core,0.0,44800.0,32900.0
VEH_008155,YV1XZA629792387,XC90,PHEV,Plus,18.8,96120.0,69228.0
VEH_008156,YV1XZA531107521,EC40,Pure_EV,Core,82.0,53500.0,39800.0
VEH_008157,YV1XZF260239713,V60,MHEV,Ultimate,0.0,52864.0,38822.0
VEH_008158,YV1XZD302972197,EX90,Pure_EV,Core,111.0,86000.0,62500.0
VEH_008159,YV1XZD981370046,XC60,PHEV,Ultimate,18.8,76110.0,54516.0
VEH_008160,YV1XZA512791218,EX30,Pure_EV,Ultimate,69.0,50150.0,36816.0
VEH_008161,YV1XZA940158988,EX90,Pure_EV,Core,111.0,86000.0,62500.0
VEH_008162,YV1XZD121274005,XC60,PHEV,Ultimate,18.8,76110.0,54516.0
VEH_008163,YV1XZC513277550,EX90,Pure_EV,Plus,111.0,92880.0,67500.0
VEH_008164,YV1XZG249135033,V60,MHEV,Ultimate,0.0,52864.0,38822.0
VEH_008165,YV1XZH490283723,EC40,Pure_EV,Ultimate,82.0,63130.0,46964.0
VEH_008166,YV1XZE126717496,EX90,Pure_EV,Plus,111.0,92880.0,67500.0
VEH_008167,YV1XZH939552941,V60,MHEV,Plus,0.0,48384.0,35532.0
VEH_008168,YV1XZE427572358,V60,MHEV,Core,0.0,44800.0,32900.0
VEH_008169,YV1XZF538093907,XC60,PHEV,Ultimate,18.8,76110.0,54516.0
VEH_008170,YV1XZE153364641,V60,MHEV,Plus,0.0,48384.0,35532.0
VEH_008171,YV1XZH947167085,V60,MHEV,Plus,0.0,48384.0,35532.0
VEH_008172,YV1XZE371819915,EX90,Pure_EV,Plus,111.0,92880.0,67500.0
VEH_008173,YV1XZE454663748,EC40,Pure_EV,Core,82.0,53500.0,39800.0
VEH_008174,YV1XZE508899382,V60,MHEV,Core,0.0,44800.0,32900.0
VEH_008175,YV1XZG480035703,V60,MHEV,Plus,0.0,48384.0,35532.0
VEH_008176,YV1XZE644039773,XC90,PHEV,Core,18.8,89000.0,64100.0
VEH_008177,YV1XZD810119644,EX90,Pure_EV,Plus,111.0,92880.0,67500.0
VEH_008178,YV1XZG776437011,EC40,Pure_EV,Ultimate,82.0,63130.0,46964.0
VEH_008179,YV1XZH331750332,EX90,Pure_EV,Plus,111.0,92880.0,67500.0
VEH_008180,YV1XZE655752874,XC60,PHEV,Plus,18.8,69660.0,49896.0
VEH_008181,YV1XZC131459063,EC40,Pure_EV,Core,82.0,53500.0,39800.0
VEH_008182,YV1XZH491828352,V60,MHEV,Plus,0.0,48384.0,35532.0
VEH_008183,YV1XZA645345460,XC90,PHEV,Plus,18.8,96120.0,69228.0
VEH_008184,YV1XZD270798072,XC90,PHEV,Plus,18.8,96120.0,69228.0
VEH_008185,YV1XZD805327275,V60,MHEV,Plus,0.0,48384.0,35532.0
VEH_008186,YV1XZE361837363,V60,MHEV,Plus,0.0,48384.0,35532.0
VEH_008187,YV1XZF675066010,V60,MHEV,Plus,0.0,48384.0,35532.0
VEH_008188,YV1XZA919435702,EX30,Pure_EV,Plus,69.0,45900.0,33696.0
VEH_008189,YV1XZF958681931,V60,MHEV,Plus,0.0,48384.0,35532.0
VEH_008190,YV1XZA739822046,EX30,Pure_EV,Plus,69.0,45900.0,33696.0
VEH_008191,YV1XZE530455617,EX90,Pure_EV,Ultimate,111.0,101480.0,73750.0
VEH_008192,YV1XZA154907528,XC60,PHEV,Core,18.8,64500.0,46200.0
VEH_008193,YV1XZE284914801,XC60,PHEV,Core,18.8,64500.0,46200.0
VEH_008194,YV1XZA848336824,XC90,PHEV,Core,18.8,89000.0,64100.0
VEH_008195,YV1XZD892747925,XC60,PHEV,Plus,18.8,69660.0,49896.0
VEH_008196,YV1XZF389524906,XC60,PHEV,Core,18.8,64500.0,46200.0
VEH_008197,YV1XZA359511714,V60,MHEV,Plus,0.0,48384.0,35532.0
VEH_008198,YV1XZB552807806,XC90,PHEV,Core,18.8,89000.0,64100.0
VEH_008199,YV1XZF218045760,EX90,Pure_EV,Plus,111.0,92880.0,67500.0
VEH_008200,YV1XZC839945187,EC40,Pure_EV,Core,82.0,53500.0,39800.0
VEH_008201,YV1XZA422012349,V60,MHEV,Ultimate,0.0,52864.0,38822.0
VEH_008202,YV1XZC703793998,EC40,Pure_EV,Core,82.0,53500.0,39800.0
VEH_008203,YV1XZD468741931,EX30,Pure_EV,Plus,69.0,45900.0,33696.0
VEH_008204,YV1XZC598211064,EX90,Pure_EV,Core,111.0,86000.0,62500.0
VEH_008205,YV1XZD985154285,XC90,PHEV,Plus,18.8,96120.0,69228.0
VEH_008206,YV1XZF301960858,EX90,Pure_EV,Plus,111.0,92880.0,67500.0
VEH_008207,YV1XZB219910474,EX30,Pure_EV,Ultimate,69.0,50150.0,36816.0
VEH_008208,YV1XZF718587449,EX90,Pure_EV,Core,111.0,86000.0,62500.0
VEH_008209,YV1XZC530683223,EX30,Pure_EV,Plus,69.0,45900.0,33696.0
VEH_008210,YV1XZH977370600,EC40,Pure_EV,Core,82.0,53500.0,39800.0
VEH_008211,YV1XZG825467229,EC40,Pure_EV,Core,82.0,53500.0,39800.0
VEH_008212,YV1XZF219195540,XC60,PHEV,Core,18.8,64500.0,46200.0
VEH_008213,YV1XZF632479507,V60,MHEV,Core,0.0,44800.0,32900.0
VEH_008214,YV1XZD694860708,EX90,Pure_EV,Ultimate,111.0,101480.0,73750.0
VEH_008215,YV1XZF474265162,V60,MHEV,Ultimate,0.0,52864.0,38822.0
VEH_008216,YV1XZB378683318,EC40,Pure_EV,Plus,82.0,57780.0,42984.0
VEH_008217,YV1XZA957046045,V60,MHEV,Plus,0.0,48384.0,35532.0
VEH_008218,YV1XZB727709808,XC90,PHEV,Ultimate,18.8,105020.0,75638.0
VEH_008219,YV1XZB184173272,EX90,Pure_EV,Plus,111.0,92880.0,67500.0
VEH_008220,YV1XZE469388693,XC60,PHEV,Ultimate,18.8,76110.0,54516.0
VEH_008221,YV1XZD839419171,EC40,Pure_EV,Plus,82.0,57780.0,42984.0
VEH_008222,YV1XZA921271622,XC60,PHEV,Ultimate,18.8,76110.0,54516.0
VEH_008223,YV1XZH300228129,XC60,PHEV,Core,18.8,64500.0,46200.0
VEH_008224,YV1XZG589226316,XC90,PHEV,Core,18.8,89000.0,64100.0
VEH_008225,YV1XZH368628504,EX90,Pure_EV,Core,111.0,86000.0,62500.0
VEH_008226,YV1XZC193274824,XC60,PHEV,Core,18.8,64500.0,46200.0
VEH_008227,YV1XZH502171933,V60,MHEV,Plus,0.0,48384.0,35532.0
VEH_008228,YV1XZC917171804,XC60,PHEV,Ultimate,18.8,76110.0,54516.0
VEH_008229,YV1XZB286616146,XC60,PHEV,Plus,18.8,69660.0,49896.0
VEH_008230,YV1XZE664486546,XC60,PHEV,Core,18.8,64500.0,46200.0
VEH_008231,YV1XZH521180576,EX30,Pure_EV,Ultimate,69.0,50150.0,36816.0
VEH_008232,YV1XZA555155329,EX90,Pure_EV,Core,111.0,86000.0,62500.0
VEH_008233,YV1XZB748011072,XC90,PHEV,Core,18.8,89000.0,64100.0
VEH_008234,YV1XZA948362993,XC60,PHEV,Core,18.8,64500.0,46200.0
VEH_008235,YV1XZF179192371,EX90,Pure_EV,Ultimate,111.0,101480.0,73750.0
VEH_008236,YV1XZH163690400,XC60,PHEV,Ultimate,18.8,76110.0,54516.0
VEH_008237,YV1XZA864801530,EC40,Pure_EV,Plus,82.0,57780.0,42984.0
VEH_008238,YV1XZC981422844,EC40,Pure_EV,Ultimate,82.0,63130.0,46964.0
VEH_008239,YV1XZG573212205,EX90,Pure_EV,Ultimate,111.0,101480.0,73750.0
VEH_008240,YV1XZB286018670,EX90,Pure_EV,Ultimate,111.0,101480.0,73750.0
VEH_008241,YV1XZD988827004,EX90,Pure_EV,Plus,111.0,92880.0,67500.0
VEH_008242,YV1XZA431331460,XC90,PHEV,Ultimate,18.8,105020.0,75638.0
VEH_008243,YV1XZB806061153,XC90,PHEV,Plus,18.8,96120.0,69228.0
VEH_008244,YV1XZC161401186,EC40,Pure_EV,Ultimate,82.0,63130.0,46964.0
VEH_008245,YV1XZD530289001,EX90,Pure_EV,Plus,111.0,92880.0,67500.0
VEH_008246,YV1XZA829631072,EC40,Pure_EV,Plus,82.0,57780.0,42984.0
VEH_008247,YV1XZC943352579,EX90,Pure_EV,Ultimate,111.0,101480.0,73750.0
VEH_008248,YV1XZB364480329,V60,MHEV,Core,0.0,44800.0,32900.0
VEH_008249,YV1XZH488492555,EC40,Pure_EV,Core,82.0,53500.0,39800.0
VEH_008250,YV1XZG600963127,EC40,Pure_EV,Plus,82.0,57780.0,42984.0
VEH_008251,YV1XZB218325394,EX90,Pure_EV,Ultimate,111.0,101480.0,73750.0
VEH_008252,YV1XZE734012416,V60,MHEV,Plus,0.0,48384.0,35532.0
VEH_008253,YV1XZE775073069,EX30,Pure_EV,Ultimate,69.0,50150.0,36816.0
VEH_008254,YV1XZB659781642,EC40,Pure_EV,Core,82.0,53500.0,39800.0
VEH_008255,YV1XZE367073513,V60,MHEV,Core,0.0,44800.0,32900.0
VEH_008256,YV1XZF341617535,XC60,PHEV,Ultimate,18.8,76110.0,54516.0
VEH_008257,YV1XZC813471849,EX30,Pure_EV,Core,69.0,42500.0,31200.0
VEH_008258,YV1XZH227455659,XC90,PHEV,Plus,18.8,96120.0,69228.0
VEH_008259,YV1XZB444341759,V60,MHEV,Ultimate,0.0,52864.0,38822.0
VEH_008260,YV1XZC833709195,EX30,Pure_EV,Plus,69.0,45900.0,33696.0
VEH_008261,YV1XZH749567251,XC90,PHEV,Core,18.8,89000.0,64100.0
VEH_008262,YV1XZF968547459,EX90,Pure_EV,Plus,111.0,92880.0,67500.0
VEH_008263,YV1XZD273649503,EX30,Pure_EV,Plus,69.0,45900.0,33696.0
VEH_008264,YV1XZG251670952,XC90,PHEV,Core,18.8,89000.0,64100.0
VEH_008265,YV1XZB898476584,V60,MHEV,Ultimate,0.0,52864.0,38822.0
VEH_008266,YV1XZH345444509,EX30,Pure_EV,Ultimate,69.0,50150.0,36816.0
VEH_008267,YV1XZC205173253,XC90,PHEV,Core,18.8,89000.0,64100.0
VEH_008268,YV1XZD526350888,XC90,PHEV,Ultimate,18.8,105020.0,75638.0
VEH_008269,YV1XZF575295669,XC90,PHEV,Core,18.8,89000.0,64100.0
VEH_008270,YV1XZH567238191,EX90,Pure_EV,Ultimate,111.0,101480.0,73750.0
VEH_008271,YV1XZA485457063,XC60,PHEV,Core,18.8,64500.0,46200.0
VEH_008272,YV1XZH623260052,EX90,Pure_EV,Ultimate,111.0,101480.0,73750.0
VEH_008273,YV1XZE471790720,EX30,Pure_EV,Plus,69.0,45900.0,33696.0
VEH_008274,YV1XZB500677608,XC90,PHEV,Ultimate,18.8,105020.0,75638.0
VEH_008275,YV1XZE394381403,EX90,Pure_EV,Core,111.0,86000.0,62500.0
VEH_008276,YV1XZA968511653,EC40,Pure_EV,Core,82.0,53500.0,39800.0
VEH_008277,YV1XZC933345770,EX90,Pure_EV,Core,111.0,86000.0,62500.0
VEH_008278,YV1XZD701790761,V60,MHEV,Plus,0.0,48384.0,35532.0
VEH_008279,YV1XZA328757418,XC60,PHEV,Ultimate,18.8,76110.0,54516.0
VEH_008280,YV1XZF159367421,V60,MHEV,Plus,0.0,48384.0,35532.0
VEH_008281,YV1XZF640090978,EX90,Pure_EV,Ultimate,111.0,101480.0,73750.0
VEH_008282,YV1XZG150713791,XC60,PHEV,Plus,18.8,69660.0,49896.0
VEH_008283,YV1XZA392273188,EX90,Pure_EV,Ultimate,111.0,101480.0,73750.0
VEH_008284,YV1XZD393284532,EX30,Pure_EV,Ultimate,69.0,50150.0,36816.0
VEH_008285,YV1XZH829521659,XC60,PHEV,Ultimate,18.8,76110.0,54516.0
VEH_008286,YV1XZB676029696,EC40,Pure_EV,Plus,82.0,57780.0,42984.0
VEH_008287,YV1XZC357798550,V60,MHEV,Ultimate,0.0,52864.0,38822.0
VEH_008288,YV1XZB147946336,XC60,PHEV,Ultimate,18.8,76110.0,54516.0
VEH_008289,YV1XZC579326098,EX30,Pure_EV,Core,69.0,42500.0,31200.0
VEH_008290,YV1XZA905674189,EX90,Pure_EV,Core,111.0,86000.0,62500.0
VEH_008291,YV1XZD362602020,EC40,Pure_EV,Core,82.0,53500.0,39800.0
VEH_008292,YV1XZA207964786,EC40,Pure_EV,Plus,82.0,57780.0,42984.0
VEH_008293,YV1XZC259877215,XC90,PHEV,Plus,18.8,96120.0,69228.0
VEH_008294,YV1XZD674899834,EX30,Pure_EV,Core,69.0,42500.0,31200.0
VEH_008295,YV1XZC488331666,V60,MHEV,Ultimate,0.0,52864.0,38822.0
VEH_008296,YV1XZA927799366,EX90,Pure_EV,Core,111.0,86000.0,62500.0
VEH_008297,YV1XZD835664891,XC90,PHEV,Ultimate,18.8,105020.0,75638.0
VEH_008298,YV1XZG661536783,V60,MHEV,Core,0.0,44800.0,32900.0
VEH_008299,YV1XZG338653750,EX30,Pure_EV,Ultimate,69.0,50150.0,36816.0
VEH_008300,YV1XZD677105121,XC60,PHEV,Core,18.8,64500.0,46200.0
VEH_008301,YV1XZB796335345,XC90,PHEV,Ultimate,18.8,105020.0,75638.0
VEH_008302,YV1XZD892721423,V60,MHEV,Plus,0.0,48384.0,35532.0
VEH_008303,YV1XZA600209747,XC60,PHEV,Ultimate,18.8,76110.0,54516.0
VEH_008304,YV1XZE795801932,V60,MHEV,Ultimate,0.0,52864.0,38822.0
VEH_008305,YV1XZH297769558,XC60,PHEV,Plus,18.8,69660.0,49896.0
VEH_008306,YV1XZA479662428,EX30,Pure_EV,Core,69.0,42500.0,31200.0
VEH_008307,YV1XZE850276424,EX90,Pure_EV,Core,111.0,86000.0,62500.0
VEH_008308,YV1XZA608834631,V60,MHEV,Core,0.0,44800.0,32900.0
VEH_008309,YV1XZB565683552,EX30,Pure_EV,Plus,69.0,45900.0,33696.0
VEH_008310,YV1XZF952848491,EX90,Pure_EV,Plus,111.0,92880.0,67500.0
VEH_008311,YV1XZF211883427,EX30,Pure_EV,Ultimate,69.0,50150.0,36816.0
VEH_008312,YV1XZH106893167,EX90,Pure_EV,Core,111.0,86000.0,62500.0
VEH_008313,YV1XZB921141717,XC90,PHEV,Plus,18.8,96120.0,69228.0
VEH_008314,YV1XZB768099110,EX30,Pure_EV,Ultimate,69.0,50150.0,36816.0
VEH_008315,YV1XZE488487392,EC40,Pure_EV,Ultimate,82.0,63130.0,46964.0
VEH_008316,YV1XZG750159178,EC40,Pure_EV,Plus,82.0,57780.0,42984.0
VEH_008317,YV1XZG469492974,XC60,PHEV,Core,18.8,64500.0,46200.0
VEH_008318,YV1XZB744287848,EC40,Pure_EV,Plus,82.0,57780.0,42984.0
VEH_008319,YV1XZG635277800,EX90,Pure_EV,Plus,111.0,92880.0,67500.0
VEH_008320,YV1XZH579046938,EX30,Pure_EV,Core,69.0,42500.0,31200.0
VEH_008321,YV1XZB838840227,V60,MHEV,Ultimate,0.0,52864.0,38822.0
VEH_008322,YV1XZG905396086,V60,MHEV,Ultimate,0.0,52864.0,38822.0
VEH_008323,YV1XZD727767787,EX90,Pure_EV,Plus,111.0,92880.0,67500.0
VEH_008324,YV1XZB244388219,EC40,Pure_EV,Plus,82.0,57780.0,42984.0
VEH_008325,YV1XZG933611596,V60,MHEV,Plus,0.0,48384.0,35532.0
VEH_008326,YV1XZD127122080,XC60,PHEV,Ultimate,18.8,76110.0,54516.0
VEH_008327,YV1XZH322772686,EC40,Pure_EV,Plus,82.0,57780.0,42984.0
VEH_008328,YV1XZD684620857,XC60,PHEV,Core,18.8,64500.0,46200.0
VEH_008329,YV1XZE983865927,XC90,PHEV,Plus,18.8,96120.0,69228.0
VEH_008330,YV1XZC333448013,EX30,Pure_EV,Core,69.0,42500.0,31200.0
VEH_008331,YV1XZE816418659,V60,MHEV,Ultimate,0.0,52864.0,38822.0
VEH_008332,YV1XZE419029495,XC60,PHEV,Core,18.8,64500.0,46200.0
VEH_008333,YV1XZC630685167,XC60,PHEV,Plus,18.8,69660.0,49896.0
VEH_008334,YV1XZD100911043,XC60,PHEV,Core,18.8,64500.0,46200.0
VEH_008335,YV1XZB176899644,EC40,Pure_EV,Ultimate,82.0,63130.0,46964.0
VEH_008336,YV1XZB834651803,XC60,PHEV,Plus,18.8,69660.0,49896.0
VEH_008337,YV1XZB502216455,EC40,Pure_EV,Core,82.0,53500.0,39800.0
VEH_008338,YV1XZD221004954,EX90,Pure_EV,Plus,111.0,92880.0,67500.0
VEH_008339,YV1XZG322488904,XC90,PHEV,Plus,18.8,96120.0,69228.0
VEH_008340,YV1XZH129219903,XC60,PHEV,Plus,18.8,69660.0,49896.0
VEH_008341,YV1XZF504916285,EC40,Pure_EV,Plus,82.0,57780.0,42984.0
VEH_008342,YV1XZG736895586,XC90,PHEV,Ultimate,18.8,105020.0,75638.0
VEH_008343,YV1XZA332412077,XC90,PHEV,Plus,18.8,96120.0,69228.0
VEH_008344,YV1XZD103210393,XC60,PHEV,Ultimate,18.8,76110.0,54516.0
VEH_008345,YV1XZD622290944,EX30,Pure_EV,Plus,69.0,45900.0,33696.0
VEH_008346,YV1XZD531176657,V60,MHEV,Ultimate,0.0,52864.0,38822.0
VEH_008347,YV1XZB921957782,V60,MHEV,Core,0.0,44800.0,32900.0
VEH_008348,YV1XZC901891836,EC40,Pure_EV,Ultimate,82.0,63130.0,46964.0
VEH_008349,YV1XZB810087627,EX90,Pure_EV,Ultimate,111.0,101480.0,73750.0
VEH_008350,YV1XZH161902389,V60,MHEV,Core,0.0,44800.0,32900.0
VEH_008351,YV1XZD400819028,XC60,PHEV,Plus,18.8,69660.0,49896.0
VEH_008352,YV1XZE153557785,EX30,Pure_EV,Core,69.0,42500.0,31200.0
VEH_008353,YV1XZC721706639,XC60,PHEV,Ultimate,18.8,76110.0,54516.0
VEH_008354,YV1XZH282899975,EX30,Pure_EV,Core,69.0,42500.0,31200.0
VEH_008355,YV1XZC401469997,EX90,Pure_EV,Ultimate,111.0,101480.0,73750.0
VEH_008356,YV1XZD121928229,XC60,PHEV,Core,18.8,64500.0,46200.0
VEH_008357,YV1XZB579264693,EX30,Pure_EV,Ultimate,69.0,50150.0,36816.0
VEH_008358,YV1XZG800083563,V60,MHEV,Ultimate,0.0,52864.0,38822.0
VEH_008359,YV1XZF827079108,EX30,Pure_EV,Plus,69.0,45900.0,33696.0
VEH_008360,YV1XZE994030464,XC60,PHEV,Ultimate,18.8,76110.0,54516.0
VEH_008361,YV1XZE724526139,XC90,PHEV,Plus,18.8,96120.0,69228.0
VEH_008362,YV1XZA439005882,XC90,PHEV,Plus,18.8,96120.0,69228.0
VEH_008363,YV1XZB626490538,EX90,Pure_EV,Core,111.0,86000.0,62500.0
VEH_008364,YV1XZE686569334,EX30,Pure_EV,Core,69.0,42500.0,31200.0
VEH_008365,YV1XZG482194270,XC60,PHEV,Plus,18.8,69660.0,49896.0
VEH_008366,YV1XZB693663206,XC90,PHEV,Ultimate,18.8,105020.0,75638.0
VEH_008367,YV1XZB110107303,XC90,PHEV,Ultimate,18.8,105020.0,75638.0
VEH_008368,YV1XZH326837961,XC60,PHEV,Core,18.8,64500.0,46200.0
VEH_008369,YV1XZF536349655,V60,MHEV,Ultimate,0.0,52864.0,38822.0
VEH_008370,YV1XZG314873195,EX90,Pure_EV,Core,111.0,86000.0,62500.0
VEH_008371,YV1XZH493551454,EX30,Pure_EV,Core,69.0,42500.0,31200.0
VEH_008372,YV1XZC899772748,EC40,Pure_EV,Plus,82.0,57780.0,42984.0
VEH_008373,YV1XZG740684021,XC60,PHEV,Core,18.8,64500.0,46200.0
VEH_008374,YV1XZG333988312,EC40,Pure_EV,Ultimate,82.0,63130.0,46964.0
VEH_008375,YV1XZB195219382,XC60,PHEV,Ultimate,18.8,76110.0,54516.0
VEH_008376,YV1XZA520867993,XC90,PHEV,Core,18.8,89000.0,64100.0
VEH_008377,YV1XZA222222579,XC90,PHEV,Core,18.8,89000.0,64100.0
VEH_008378,YV1XZA636431847,EX90,Pure_EV,Ultimate,111.0,101480.0,73750.0
VEH_008379,YV1XZH473725524,EX30,Pure_EV,Plus,69.0,45900.0,33696.0
VEH_008380,YV1XZC223393630,EX90,Pure_EV,Ultimate,111.0,101480.0,73750.0
VEH_008381,YV1XZD552680638,XC60,PHEV,Core,18.8,64500.0,46200.0
VEH_008382,YV1XZB604880324,EX30,Pure_EV,Core,69.0,42500.0,31200.0
VEH_008383,YV1XZF387506050,XC90,PHEV,Ultimate,18.8,105020.0,75638.0
VEH_008384,YV1XZA433367080,XC90,PHEV,Core,18.8,89000.0,64100.0
VEH_008385,YV1XZA360567732,V60,MHEV,Ultimate,0.0,52864.0,38822.0
VEH_008386,YV1XZC745723207,XC60,PHEV,Ultimate,18.8,76110.0,54516.0
VEH_008387,YV1XZE498971883,EC40,Pure_EV,Ultimate,82.0,63130.0,46964.0
VEH_008388,YV1XZD466947371,XC90,PHEV,Plus,18.8,96120.0,69228.0
VEH_008389,YV1XZD830233005,V60,MHEV,Plus,0.0,48384.0,35532.0
VEH_008390,YV1XZB264442052,XC90,PHEV,Ultimate,18.8,105020.0,75638.0
VEH_008391,YV1XZD748278756,XC60,PHEV,Plus,18.8,69660.0,49896.0
VEH_008392,YV1XZC445913056,V60,MHEV,Core,0.0,44800.0,32900.0
VEH_008393,YV1XZH968358608,EC40,Pure_EV,Core,82.0,53500.0,39800.0
VEH_008394,YV1XZC446465628,EC40,Pure_EV,Core,82.0,53500.0,39800.0
VEH_008395,YV1XZE993429894,XC90,PHEV,Core,18.8,89000.0,64100.0
VEH_008396,YV1XZC214131975,XC60,PHEV,Plus,18.8,69660.0,49896.0
VEH_008397,YV1XZD535741683,V60,MHEV,Core,0.0,44800.0,32900.0
VEH_008398,YV1XZG350472797,EX30,Pure_EV,Core,69.0,42500.0,31200.0
VEH_008399,YV1XZE484407626,XC90,PHEV,Ultimate,18.8,105020.0,75638.0
VEH_008400,YV1XZD876667404,EC40,Pure_EV,Core,82.0,53500.0,39800.0
VEH_008401,YV1XZF350991636,XC90,PHEV,Plus,18.8,96120.0,69228.0
VEH_008402,YV1XZG333676337,EX30,Pure_EV,Plus,69.0,45900.0,33696.0
VEH_008403,YV1XZD109316811,EX30,Pure_EV,Ultimate,69.0,50150.0,36816.0
VEH_008404,YV1XZG659759259,XC60,PHEV,Ultimate,18.8,76110.0,54516.0
VEH_008405,YV1XZF932332520,V60,MHEV,Ultimate,0.0,52864.0,38822.0
VEH_008406,YV1XZG847070388,XC90,PHEV,Core,18.8,89000.0,64100.0
VEH_008407,YV1XZF946387649,V60,MHEV,Plus,0.0,48384.0,35532.0
VEH_008408,YV1XZH245611587,XC90,PHEV,Ultimate,18.8,105020.0,75638.0
VEH_008409,YV1XZA703875995,V60,MHEV,Plus,0.0,48384.0,35532.0
VEH_008410,YV1XZC854430555,V60,MHEV,Ultimate,0.0,52864.0,38822.0
VEH_008411,YV1XZH782954729,EX30,Pure_EV,Plus,69.0,45900.0,33696.0
VEH_008412,YV1XZB549400734,EX90,Pure_EV,Plus,111.0,92880.0,67500.0
VEH_008413,YV1XZB171449522,XC60,PHEV,Ultimate,18.8,76110.0,54516.0
VEH_008414,YV1XZH306275970,EX90,Pure_EV,Core,111.0,86000.0,62500.0
VEH_008415,YV1XZA613483794,XC60,PHEV,Plus,18.8,69660.0,49896.0
VEH_008416,YV1XZB614130989,V60,MHEV,Core,0.0,44800.0,32900.0
VEH_008417,YV1XZE112031453,V60,MHEV,Core,0.0,44800.0,32900.0
VEH_008418,YV1XZE242382588,V60,MHEV,Core,0.0,44800.0,32900.0
VEH_008419,YV1XZC889173702,V60,MHEV,Core,0.0,44800.0,32900.0
VEH_008420,YV1XZD970545205,EC40,Pure_EV,Core,82.0,53500.0,39800.0
VEH_008421,YV1XZD298457010,EX30,Pure_EV,Plus,69.0,45900.0,33696.0
VEH_008422,YV1XZG435728204,V60,MHEV,Core,0.0,44800.0,32900.0
VEH_008423,YV1XZB684414201,EC40,Pure_EV,Core,82.0,53500.0,39800.0
VEH_008424,YV1XZE411588366,EX30,Pure_EV,Ultimate,69.0,50150.0,36816.0
VEH_008425,YV1XZE916880487,EC40,Pure_EV,Core,82.0,53500.0,39800.0
VEH_008426,YV1XZC818764984,XC90,PHEV,Plus,18.8,96120.0,69228.0
VEH_008427,YV1XZC844239726,V60,MHEV,Core,0.0,44800.0,32900.0
VEH_008428,YV1XZF107862868,EC40,Pure_EV,Core,82.0,53500.0,39800.0
VEH_008429,YV1XZE571607001,V60,MHEV,Ultimate,0.0,52864.0,38822.0
VEH_008430,YV1XZB226717996,XC60,PHEV,Plus,18.8,69660.0,49896.0
VEH_008431,YV1XZG805845675,V60,MHEV,Ultimate,0.0,52864.0,38822.0
VEH_008432,YV1XZG394167073,EX30,Pure_EV,Plus,69.0,45900.0,33696.0
VEH_008433,YV1XZE210649261,EX30,Pure_EV,Ultimate,69.0,50150.0,36816.0
VEH_008434,YV1XZF306593840,EC40,Pure_EV,Plus,82.0,57780.0,42984.0
VEH_008435,YV1XZB306717213,XC90,PHEV,Ultimate,18.8,105020.0,75638.0
VEH_008436,YV1XZF433983173,XC60,PHEV,Core,18.8,64500.0,46200.0
VEH_008437,YV1XZE448738390,V60,MHEV,Core,0.0,44800.0,32900.0
VEH_008438,YV1XZA646073815,EX30,Pure_EV,Ultimate,69.0,50150.0,36816.0
VEH_008439,YV1XZB816612328,EX90,Pure_EV,Plus,111.0,92880.0,67500.0
VEH_008440,YV1XZD441778521,EX30,Pure_EV,Core,69.0,42500.0,31200.0
VEH_008441,YV1XZE294603463,XC60,PHEV,Plus,18.8,69660.0,49896.0
VEH_008442,YV1XZC137830760,V60,MHEV,Ultimate,0.0,52864.0,38822.0
VEH_008443,YV1XZD615701990,V60,MHEV,Core,0.0,44800.0,32900.0
VEH_008444,YV1XZG564696381,XC60,PHEV,Ultimate,18.8,76110.0,54516.0
VEH_008445,YV1XZG744189671,XC90,PHEV,Ultimate,18.8,105020.0,75638.0
VEH_008446,YV1XZF350963145,EX90,Pure_EV,Core,111.0,86000.0,62500.0
VEH_008447,YV1XZG200148466,EX90,Pure_EV,Ultimate,111.0,101480.0,73750.0
VEH_008448,YV1XZB996321382,XC90,PHEV,Plus,18.8,96120.0,69228.0
VEH_008449,YV1XZD753726009,EX30,Pure_EV,Ultimate,69.0,50150.0,36816.0
VEH_008450,YV1XZD941214062,V60,MHEV,Core,0.0,44800.0,32900.0
VEH_008451,YV1XZE801910407,EC40,Pure_EV,Core,82.0,53500.0,39800.0
VEH_008452,YV1XZE102362885,V60,MHEV,Core,0.0,44800.0,32900.0
VEH_008453,YV1XZC650171664,XC60,PHEV,Plus,18.8,69660.0,49896.0
VEH_008454,YV1XZE540353882,V60,MHEV,Core,0.0,44800.0,32900.0
VEH_008455,YV1XZE824288062,EX90,Pure_EV,Core,111.0,86000.0,62500.0
VEH_008456,YV1XZD355690120,XC90,PHEV,Ultimate,18.8,105020.0,75638.0
VEH_008457,YV1XZH498279854,EC40,Pure_EV,Core,82.0,53500.0,39800.0
VEH_008458,YV1XZG568344697,EX30,Pure_EV,Ultimate,69.0,50150.0,36816.0
VEH_008459,YV1XZA645171305,XC90,PHEV,Plus,18.8,96120.0,69228.0
VEH_008460,YV1XZE288686365,XC60,PHEV,Plus,18.8,69660.0,49896.0
VEH_008461,YV1XZC512015168,EC40,Pure_EV,Core,82.0,53500.0,39800.0
VEH_008462,YV1XZF468857602,XC90,PHEV,Core,18.8,89000.0,64100.0
VEH_008463,YV1XZE319260684,EX30,Pure_EV,Plus,69.0,45900.0,33696.0
VEH_008464,YV1XZF275115711,EC40,Pure_EV,Core,82.0,53500.0,39800.0
VEH_008465,YV1XZF753671054,XC90,PHEV,Ultimate,18.8,105020.0,75638.0
VEH_008466,YV1XZA367081115,EC40,Pure_EV,Plus,82.0,57780.0,42984.0
VEH_008467,YV1XZG404276135,XC90,PHEV,Plus,18.8,96120.0,69228.0
VEH_008468,YV1XZF745254104,EC40,Pure_EV,Core,82.0,53500.0,39800.0
VEH_008469,YV1XZG452334763,EX30,Pure_EV,Plus,69.0,45900.0,33696.0
VEH_008470,YV1XZH233789095,EX30,Pure_EV,Plus,69.0,45900.0,33696.0
VEH_008471,YV1XZD104864289,XC90,PHEV,Ultimate,18.8,105020.0,75638.0
VEH_008472,YV1XZF394171675,EX30,Pure_EV,Ultimate,69.0,50150.0,36816.0
VEH_008473,YV1XZH327919454,EX90,Pure_EV,Ultimate,111.0,101480.0,73750.0
VEH_008474,YV1XZG816145000,EC40,Pure_EV,Plus,82.0,57780.0,42984.0
VEH_008475,YV1XZG561386307,XC60,PHEV,Ultimate,18.8,76110.0,54516.0
VEH_008476,YV1XZE590684068,XC60,PHEV,Ultimate,18.8,76110.0,54516.0
VEH_008477,YV1XZB591318575,EX30,Pure_EV,Plus,69.0,45900.0,33696.0
VEH_008478,YV1XZA565177461,V60,MHEV,Ultimate,0.0,52864.0,38822.0
VEH_008479,YV1XZB380098706,XC90,PHEV,Core,18.8,89000.0,64100.0
VEH_008480,YV1XZB186751443,XC90,PHEV,Plus,18.8,96120.0,69228.0
VEH_008481,YV1XZE954824896,EX30,Pure_EV,Core,69.0,42500.0,31200.0
VEH_008482,YV1XZB461552865,V60,MHEV,Plus,0.0,48384.0,35532.0
VEH_008483,YV1XZF549716716,XC60,PHEV,Plus,18.8,69660.0,49896.0
VEH_008484,YV1XZF100055317,XC60,PHEV,Ultimate,18.8,76110.0,54516.0
VEH_008485,YV1XZB682848040,V60,MHEV,Plus,0.0,48384.0,35532.0
VEH_008486,YV1XZG121477842,V60,MHEV,Ultimate,0.0,52864.0,38822.0
VEH_008487,YV1XZG627631129,V60,MHEV,Core,0.0,44800.0,32900.0
VEH_008488,YV1XZE704489928,V60,MHEV,Plus,0.0,48384.0,35532.0
VEH_008489,YV1XZC319483775,V60,MHEV,Ultimate,0.0,52864.0,38822.0
VEH_008490,YV1XZD495069737,EC40,Pure_EV,Ultimate,82.0,63130.0,46964.0
VEH_008491,YV1XZG717920888,XC90,PHEV,Ultimate,18.8,105020.0,75638.0
VEH_008492,YV1XZA398756682,XC90,PHEV,Plus,18.8,96120.0,69228.0
VEH_008493,YV1XZF939172011,EC40,Pure_EV,Core,82.0,53500.0,39800.0
VEH_008494,YV1XZD620198442,XC60,PHEV,Plus,18.8,69660.0,49896.0
VEH_008495,YV1XZA245722248,EC40,Pure_EV,Plus,82.0,57780.0,42984.0
VEH_008496,YV1XZE291069859,V60,MHEV,Ultimate,0.0,52864.0,38822.0
VEH_008497,YV1XZB606407638,XC90,PHEV,Plus,18.8,96120.0,69228.0
VEH_008498,YV1XZC455551454,V60,MHEV,Ultimate,0.0,52864.0,38822.0
VEH_008499,YV1XZE135747571,XC60,PHEV,Core,18.8,64500.0,46200.0
VEH_008500,YV1XZA832816859,EX90,Pure_EV,Plus,111.0,92880.0,67500.0
VEH_008501,YV1XZF857766835,EX90,Pure_EV,Ultimate,111.0,101480.0,73750.0
VEH_008502,YV1XZC911286994,XC60,PHEV,Plus,18.8,69660.0,49896.0
VEH_008503,YV1XZB775582258,XC60,PHEV,Plus,18.8,69660.0,49896.0
VEH_008504,YV1XZE715222108,XC60,PHEV,Core,18.8,64500.0,46200.0
VEH_008505,YV1XZG700530563,EX90,Pure_EV,Ultimate,111.0,101480.0,73750.0
VEH_008506,YV1XZG310305599,EX30,Pure_EV,Ultimate,69.0,50150.0,36816.0
VEH_008507,YV1XZF337012088,EC40,Pure_EV,Ultimate,82.0,63130.0,46964.0
VEH_008508,YV1XZB123338491,EX30,Pure_EV,Ultimate,69.0,50150.0,36816.0
VEH_008509,YV1XZH689775766,EX30,Pure_EV,Core,69.0,42500.0,31200.0
VEH_008510,YV1XZF190257839,XC90,PHEV,Plus,18.8,96120.0,69228.0
VEH_008511,YV1XZD101646890,XC90,PHEV,Ultimate,18.8,105020.0,75638.0
VEH_008512,YV1XZF258301477,EC40,Pure_EV,Ultimate,82.0,63130.0,46964.0
VEH_008513,YV1XZH476108295,V60,MHEV,Plus,0.0,48384.0,35532.0
VEH_008514,YV1XZH152369237,XC90,PHEV,Plus,18.8,96120.0,69228.0
VEH_008515,YV1XZF545553352,EX90,Pure_EV,Plus,111.0,92880.0,67500.0
VEH_008516,YV1XZD902469456,EX90,Pure_EV,Core,111.0,86000.0,62500.0
VEH_008517,YV1XZE426465386,XC60,PHEV,Core,18.8,64500.0,46200.0
VEH_008518,YV1XZD775241896,V60,MHEV,Plus,0.0,48384.0,35532.0
VEH_008519,YV1XZG646180292,XC90,PHEV,Plus,18.8,96120.0,69228.0
VEH_008520,YV1XZD349783650,XC90,PHEV,Plus,18.8,96120.0,69228.0
VEH_008521,YV1XZB823986776,EX30,Pure_EV,Ultimate,69.0,50150.0,36816.0
VEH_008522,YV1XZD498126059,EX90,Pure_EV,Core,111.0,86000.0,62500.0
VEH_008523,YV1XZG195323866,XC60,PHEV,Ultimate,18.8,76110.0,54516.0
VEH_008524,YV1XZA581565908,XC60,PHEV,Ultimate,18.8,76110.0,54516.0
VEH_008525,YV1XZH423682852,EX90,Pure_EV,Core,111.0,86000.0,62500.0
VEH_008526,YV1XZH595586415,EC40,Pure_EV,Plus,82.0,57780.0,42984.0
VEH_008527,YV1XZG245926740,XC60,PHEV,Core,18.8,64500.0,46200.0
VEH_008528,YV1XZG577274150,XC60,PHEV,Core,18.8,64500.0,46200.0
VEH_008529,YV1XZA647007301,XC90,PHEV,Plus,18.8,96120.0,69228.0
VEH_008530,YV1XZH973722326,XC90,PHEV,Ultimate,18.8,105020.0,75638.0
VEH_008531,YV1XZH930413941,XC60,PHEV,Plus,18.8,69660.0,49896.0
VEH_008532,YV1XZE834587946,EC40,Pure_EV,Ultimate,82.0,63130.0,46964.0
VEH_008533,YV1XZD406295291,EC40,Pure_EV,Ultimate,82.0,63130.0,46964.0
VEH_008534,YV1XZF248538572,XC90,PHEV,Ultimate,18.8,105020.0,75638.0
VEH_008535,YV1XZD579023200,XC90,PHEV,Plus,18.8,96120.0,69228.0
VEH_008536,YV1XZE986725251,V60,MHEV,Plus,0.0,48384.0,35532.0
VEH_008537,YV1XZH518000601,EX30,Pure_EV,Core,69.0,42500.0,31200.0
VEH_008538,YV1XZH402142953,XC60,PHEV,Plus,18.8,69660.0,49896.0
VEH_008539,YV1XZC124188595,EX30,Pure_EV,Plus,69.0,45900.0,33696.0
VEH_008540,YV1XZH480847085,XC60,PHEV,Plus,18.8,69660.0,49896.0
VEH_008541,YV1XZH476595909,EX30,Pure_EV,Plus,69.0,45900.0,33696.0
VEH_008542,YV1XZB181638046,EX90,Pure_EV,Plus,111.0,92880.0,67500.0
VEH_008543,YV1XZD799801244,EC40,Pure_EV,Plus,82.0,57780.0,42984.0
VEH_008544,YV1XZA946931431,EX90,Pure_EV,Core,111.0,86000.0,62500.0
VEH_008545,YV1XZA713080143,EX30,Pure_EV,Ultimate,69.0,50150.0,36816.0
VEH_008546,YV1XZA955030011,EC40,Pure_EV,Ultimate,82.0,63130.0,46964.0
VEH_008547,YV1XZG483399210,XC60,PHEV,Plus,18.8,69660.0,49896.0
VEH_008548,YV1XZC360026075,V60,MHEV,Ultimate,0.0,52864.0,38822.0
VEH_008549,YV1XZE468728607,V60,MHEV,Plus,0.0,48384.0,35532.0
VEH_008550,YV1XZF802972470,EX90,Pure_EV,Ultimate,111.0,101480.0,73750.0
VEH_008551,YV1XZF364142429,V60,MHEV,Plus,0.0,48384.0,35532.0
VEH_008552,YV1XZD826744963,EC40,Pure_EV,Core,82.0,53500.0,39800.0
VEH_008553,YV1XZG134243421,EX90,Pure_EV,Plus,111.0,92880.0,67500.0
VEH_008554,YV1XZA139534273,V60,MHEV,Ultimate,0.0,52864.0,38822.0
VEH_008555,YV1XZA712698424,EC40,Pure_EV,Plus,82.0,57780.0,42984.0
VEH_008556,YV1XZB164349347,V60,MHEV,Core,0.0,44800.0,32900.0
VEH_008557,YV1XZE728046958,V60,MHEV,Core,0.0,44800.0,32900.0
VEH_008558,YV1XZG183533496,V60,MHEV,Plus,0.0,48384.0,35532.0
VEH_008559,YV1XZG995015427,EX30,Pure_EV,Ultimate,69.0,50150.0,36816.0
VEH_008560,YV1XZB688000960,EC40,Pure_EV,Core,82.0,53500.0,39800.0
VEH_008561,YV1XZF639429016,EX30,Pure_EV,Ultimate,69.0,50150.0,36816.0
VEH_008562,YV1XZH945631194,EX90,Pure_EV,Ultimate,111.0,101480.0,73750.0
VEH_008563,YV1XZG182142091,EC40,Pure_EV,Plus,82.0,57780.0,42984.0
VEH_008564,YV1XZE605070797,EC40,Pure_EV,Ultimate,82.0,63130.0,46964.0
VEH_008565,YV1XZB648388626,XC60,PHEV,Plus,18.8,69660.0,49896.0
VEH_008566,YV1XZG648812777,V60,MHEV,Ultimate,0.0,52864.0,38822.0
VEH_008567,YV1XZA401360817,XC60,PHEV,Ultimate,18.8,76110.0,54516.0
VEH_008568,YV1XZG529384292,V60,MHEV,Plus,0.0,48384.0,35532.0
VEH_008569,YV1XZG687938169,V60,MHEV,Ultimate,0.0,52864.0,38822.0
VEH_008570,YV1XZA894970622,EX90,Pure_EV,Ultimate,111.0,101480.0,73750.0
VEH_008571,YV1XZC496060524,EC40,Pure_EV,Ultimate,82.0,63130.0,46964.0
VEH_008572,YV1XZF118012944,XC60,PHEV,Plus,18.8,69660.0,49896.0
VEH_008573,YV1XZB396595818,XC90,PHEV,Ultimate,18.8,105020.0,75638.0
VEH_008574,YV1XZD842659360,V60,MHEV,Core,0.0,44800.0,32900.0
VEH_008575,YV1XZC716597902,EX90,Pure_EV,Core,111.0,86000.0,62500.0
VEH_008576,YV1XZH553992074,V60,MHEV,Core,0.0,44800.0,32900.0
VEH_008577,YV1XZF398757367,EC40,Pure_EV,Core,82.0,53500.0,39800.0
VEH_008578,YV1XZD769093336,XC60,PHEV,Ultimate,18.8,76110.0,54516.0
VEH_008579,YV1XZC267037777,XC90,PHEV,Plus,18.8,96120.0,69228.0
VEH_008580,YV1XZA480698743,EX30,Pure_EV,Plus,69.0,45900.0,33696.0
VEH_008581,YV1XZB671159915,EX30,Pure_EV,Core,69.0,42500.0,31200.0
VEH_008582,YV1XZA431063584,XC60,PHEV,Plus,18.8,69660.0,49896.0
VEH_008583,YV1XZH361602151,XC60,PHEV,Plus,18.8,69660.0,49896.0
VEH_008584,YV1XZB372011491,EX90,Pure_EV,Ultimate,111.0,101480.0,73750.0
VEH_008585,YV1XZF280023141,XC60,PHEV,Ultimate,18.8,76110.0,54516.0
VEH_008586,YV1XZE424748448,EC40,Pure_EV,Plus,82.0,57780.0,42984.0
VEH_008587,YV1XZD451451123,EX90,Pure_EV,Core,111.0,86000.0,62500.0
VEH_008588,YV1XZE210715242,XC90,PHEV,Plus,18.8,96120.0,69228.0
VEH_008589,YV1XZC875249151,EX30,Pure_EV,Ultimate,69.0,50150.0,36816.0
VEH_008590,YV1XZH792713483,EX90,Pure_EV,Ultimate,111.0,101480.0,73750.0
VEH_008591,YV1XZB676889865,EX90,Pure_EV,Plus,111.0,92880.0,67500.0
VEH_008592,YV1XZG544120877,V60,MHEV,Ultimate,0.0,52864.0,38822.0
VEH_008593,YV1XZH424749280,EC40,Pure_EV,Plus,82.0,57780.0,42984.0
VEH_008594,YV1XZB318566338,EX30,Pure_EV,Core,69.0,42500.0,31200.0
VEH_008595,YV1XZD109301481,EC40,Pure_EV,Core,82.0,53500.0,39800.0
VEH_008596,YV1XZF310018939,EX90,Pure_EV,Plus,111.0,92880.0,67500.0
VEH_008597,YV1XZF673927597,EC40,Pure_EV,Plus,82.0,57780.0,42984.0
VEH_008598,YV1XZD767868236,EX30,Pure_EV,Plus,69.0,45900.0,33696.0
VEH_008599,YV1XZF784720281,XC90,PHEV,Ultimate,18.8,105020.0,75638.0
VEH_008600,YV1XZB625016111,EX90,Pure_EV,Ultimate,111.0,101480.0,73750.0
VEH_008601,YV1XZF469074264,XC90,PHEV,Ultimate,18.8,105020.0,75638.0
VEH_008602,YV1XZA968491687,XC90,PHEV,Ultimate,18.8,105020.0,75638.0
VEH_008603,YV1XZE857934826,XC90,PHEV,Ultimate,18.8,105020.0,75638.0
VEH_008604,YV1XZC694853574,V60,MHEV,Core,0.0,44800.0,32900.0
VEH_008605,YV1XZF967208728,XC60,PHEV,Plus,18.8,69660.0,49896.0
VEH_008606,YV1XZG594689548,XC90,PHEV,Core,18.8,89000.0,64100.0
VEH_008607,YV1XZC330996421,EC40,Pure_EV,Ultimate,82.0,63130.0,46964.0
VEH_008608,YV1XZB730927112,XC90,PHEV,Core,18.8,89000.0,64100.0
VEH_008609,YV1XZB688122380,EX90,Pure_EV,Plus,111.0,92880.0,67500.0
VEH_008610,YV1XZA310537146,V60,MHEV,Core,0.0,44800.0,32900.0
VEH_008611,YV1XZE513583322,XC90,PHEV,Core,18.8,89000.0,64100.0
VEH_008612,YV1XZC855460504,EX90,Pure_EV,Plus,111.0,92880.0,67500.0
VEH_008613,YV1XZE268562642,XC90,PHEV,Core,18.8,89000.0,64100.0
VEH_008614,YV1XZF716578295,EX30,Pure_EV,Ultimate,69.0,50150.0,36816.0
VEH_008615,YV1XZD919403468,XC60,PHEV,Ultimate,18.8,76110.0,54516.0
VEH_008616,YV1XZB286174894,EX30,Pure_EV,Ultimate,69.0,50150.0,36816.0
VEH_008617,YV1XZF266148276,EX30,Pure_EV,Ultimate,69.0,50150.0,36816.0
VEH_008618,YV1XZE197364663,XC60,PHEV,Core,18.8,64500.0,46200.0
VEH_008619,YV1XZG194619281,EX30,Pure_EV,Plus,69.0,45900.0,33696.0
VEH_008620,YV1XZB456847519,EX90,Pure_EV,Core,111.0,86000.0,62500.0
VEH_008621,YV1XZF310214170,V60,MHEV,Plus,0.0,48384.0,35532.0
VEH_008622,YV1XZF339935149,EX30,Pure_EV,Core,69.0,42500.0,31200.0
VEH_008623,YV1XZA968085215,EX30,Pure_EV,Core,69.0,42500.0,31200.0
VEH_008624,YV1XZA582947871,EC40,Pure_EV,Plus,82.0,57780.0,42984.0
VEH_008625,YV1XZB821252399,XC60,PHEV,Ultimate,18.8,76110.0,54516.0
VEH_008626,YV1XZA762110978,V60,MHEV,Core,0.0,44800.0,32900.0
VEH_008627,YV1XZF759182324,V60,MHEV,Plus,0.0,48384.0,35532.0
VEH_008628,YV1XZF443346851,XC90,PHEV,Plus,18.8,96120.0,69228.0
VEH_008629,YV1XZG354885772,XC60,PHEV,Plus,18.8,69660.0,49896.0
VEH_008630,YV1XZF425962070,V60,MHEV,Plus,0.0,48384.0,35532.0
VEH_008631,YV1XZC741706635,EX30,Pure_EV,Ultimate,69.0,50150.0,36816.0
VEH_008632,YV1XZC536593786,XC90,PHEV,Core,18.8,89000.0,64100.0
VEH_008633,YV1XZE466407103,XC90,PHEV,Ultimate,18.8,105020.0,75638.0
VEH_008634,YV1XZG429408986,EX90,Pure_EV,Core,111.0,86000.0,62500.0
VEH_008635,YV1XZB124597092,V60,MHEV,Core,0.0,44800.0,32900.0
VEH_008636,YV1XZG787964107,XC60,PHEV,Core,18.8,64500.0,46200.0
VEH_008637,YV1XZB118542837,XC60,PHEV,Ultimate,18.8,76110.0,54516.0
VEH_008638,YV1XZC271838739,EX30,Pure_EV,Ultimate,69.0,50150.0,36816.0
VEH_008639,YV1XZC959059825,V60,MHEV,Plus,0.0,48384.0,35532.0
VEH_008640,YV1XZG675039461,V60,MHEV,Core,0.0,44800.0,32900.0
VEH_008641,YV1XZC263149661,EX90,Pure_EV,Plus,111.0,92880.0,67500.0
VEH_008642,YV1XZH482079907,V60,MHEV,Core,0.0,44800.0,32900.0
VEH_008643,YV1XZC798343956,V60,MHEV,Plus,0.0,48384.0,35532.0
VEH_008644,YV1XZG256777689,XC60,PHEV,Ultimate,18.8,76110.0,54516.0
VEH_008645,YV1XZD777989786,EX30,Pure_EV,Ultimate,69.0,50150.0,36816.0
VEH_008646,YV1XZB900748674,EC40,Pure_EV,Plus,82.0,57780.0,42984.0
VEH_008647,YV1XZF710640269,EX30,Pure_EV,Core,69.0,42500.0,31200.0
VEH_008648,YV1XZF628577993,EX90,Pure_EV,Core,111.0,86000.0,62500.0
VEH_008649,YV1XZH152781191,EX90,Pure_EV,Core,111.0,86000.0,62500.0
VEH_008650,YV1XZC256516400,V60,MHEV,Core,0.0,44800.0,32900.0
VEH_008651,YV1XZH387044869,EX30,Pure_EV,Core,69.0,42500.0,31200.0
VEH_008652,YV1XZH889217493,XC90,PHEV,Plus,18.8,96120.0,69228.0
VEH_008653,YV1XZD697538506,EX90,Pure_EV,Plus,111.0,92880.0,67500.0
VEH_008654,YV1XZC755047173,XC60,PHEV,Core,18.8,64500.0,46200.0
VEH_008655,YV1XZE459356821,EC40,Pure_EV,Core,82.0,53500.0,39800.0
VEH_008656,YV1XZA455604686,EX90,Pure_EV,Ultimate,111.0,101480.0,73750.0
VEH_008657,YV1XZA858595420,V60,MHEV,Ultimate,0.0,52864.0,38822.0
VEH_008658,YV1XZG117110715,EX90,Pure_EV,Ultimate,111.0,101480.0,73750.0
VEH_008659,YV1XZE693154395,XC60,PHEV,Core,18.8,64500.0,46200.0
VEH_008660,YV1XZC381478637,EX30,Pure_EV,Core,69.0,42500.0,31200.0
VEH_008661,YV1XZF422590594,EX30,Pure_EV,Plus,69.0,45900.0,33696.0
VEH_008662,YV1XZH963979514,XC60,PHEV,Plus,18.8,69660.0,49896.0
VEH_008663,YV1XZF144729990,XC60,PHEV,Ultimate,18.8,76110.0,54516.0
VEH_008664,YV1XZA376140252,V60,MHEV,Ultimate,0.0,52864.0,38822.0
VEH_008665,YV1XZF567777330,EX30,Pure_EV,Ultimate,69.0,50150.0,36816.0
VEH_008666,YV1XZE319298577,XC60,PHEV,Ultimate,18.8,76110.0,54516.0
VEH_008667,YV1XZG453506845,EX30,Pure_EV,Core,69.0,42500.0,31200.0
VEH_008668,YV1XZG964640420,V60,MHEV,Plus,0.0,48384.0,35532.0
VEH_008669,YV1XZH669988464,EX90,Pure_EV,Core,111.0,86000.0,62500.0
VEH_008670,YV1XZH881689672,XC90,PHEV,Ultimate,18.8,105020.0,75638.0
VEH_008671,YV1XZG848673952,XC60,PHEV,Plus,18.8,69660.0,49896.0
VEH_008672,YV1XZD179530865,XC90,PHEV,Ultimate,18.8,105020.0,75638.0
VEH_008673,YV1XZA547417978,EX90,Pure_EV,Plus,111.0,92880.0,67500.0
VEH_008674,YV1XZC735202247,V60,MHEV,Core,0.0,44800.0,32900.0
VEH_008675,YV1XZB958310961,EX30,Pure_EV,Core,69.0,42500.0,31200.0
VEH_008676,YV1XZG109794149,V60,MHEV,Core,0.0,44800.0,32900.0
VEH_008677,YV1XZE814477625,EC40,Pure_EV,Plus,82.0,57780.0,42984.0
VEH_008678,YV1XZA330123335,XC60,PHEV,Core,18.8,64500.0,46200.0
VEH_008679,YV1XZD453552017,XC90,PHEV,Core,18.8,89000.0,64100.0
VEH_008680,YV1XZE659478974,EX30,Pure_EV,Ultimate,69.0,50150.0,36816.0
VEH_008681,YV1XZD701423724,XC90,PHEV,Plus,18.8,96120.0,69228.0
VEH_008682,YV1XZE430755122,EX90,Pure_EV,Ultimate,111.0,101480.0,73750.0
VEH_008683,YV1XZB378760003,EX30,Pure_EV,Ultimate,69.0,50150.0,36816.0
VEH_008684,YV1XZA488358749,XC60,PHEV,Ultimate,18.8,76110.0,54516.0
VEH_008685,YV1XZH237595514,EX90,Pure_EV,Plus,111.0,92880.0,67500.0
VEH_008686,YV1XZF199831937,XC90,PHEV,Core,18.8,89000.0,64100.0
VEH_008687,YV1XZH330911255,V60,MHEV,Plus,0.0,48384.0,35532.0
VEH_008688,YV1XZF882449471,V60,MHEV,Core,0.0,44800.0,32900.0
VEH_008689,YV1XZG629810408,EX90,Pure_EV,Core,111.0,86000.0,62500.0
VEH_008690,YV1XZE648180525,EX30,Pure_EV,Ultimate,69.0,50150.0,36816.0
VEH_008691,YV1XZG996266423,XC90,PHEV,Plus,18.8,96120.0,69228.0
VEH_008692,YV1XZC736730173,EC40,Pure_EV,Plus,82.0,57780.0,42984.0
VEH_008693,YV1XZC270564185,EX90,Pure_EV,Plus,111.0,92880.0,67500.0
VEH_008694,YV1XZA916190410,XC90,PHEV,Core,18.8,89000.0,64100.0
VEH_008695,YV1XZD265638001,EX30,Pure_EV,Ultimate,69.0,50150.0,36816.0
VEH_008696,YV1XZD144811985,EX90,Pure_EV,Plus,111.0,92880.0,67500.0
VEH_008697,YV1XZF558588596,XC60,PHEV,Ultimate,18.8,76110.0,54516.0
VEH_008698,YV1XZE831764020,XC90,PHEV,Ultimate,18.8,105020.0,75638.0
VEH_008699,YV1XZG786269852,XC60,PHEV,Plus,18.8,69660.0,49896.0
VEH_008700,YV1XZA755854223,XC60,PHEV,Ultimate,18.8,76110.0,54516.0
VEH_008701,YV1XZF960829732,XC60,PHEV,Plus,18.8,69660.0,49896.0
VEH_008702,YV1XZH388622680,XC90,PHEV,Core,18.8,89000.0,64100.0
VEH_008703,YV1XZF992226732,V60,MHEV,Plus,0.0,48384.0,35532.0
VEH_008704,YV1XZF257366852,XC90,PHEV,Plus,18.8,96120.0,69228.0
VEH_008705,YV1XZF783091325,EX30,Pure_EV,Core,69.0,42500.0,31200.0
VEH_008706,YV1XZH446149901,EX90,Pure_EV,Core,111.0,86000.0,62500.0
VEH_008707,YV1XZF743923268,EC40,Pure_EV,Ultimate,82.0,63130.0,46964.0
VEH_008708,YV1XZH394782915,V60,MHEV,Core,0.0,44800.0,32900.0
VEH_008709,YV1XZH396818857,XC90,PHEV,Ultimate,18.8,105020.0,75638.0
VEH_008710,YV1XZB857797684,EX30,Pure_EV,Ultimate,69.0,50150.0,36816.0
VEH_008711,YV1XZG834336563,V60,MHEV,Plus,0.0,48384.0,35532.0
VEH_008712,YV1XZH447066146,EX90,Pure_EV,Plus,111.0,92880.0,67500.0
VEH_008713,YV1XZB948158262,EX30,Pure_EV,Ultimate,69.0,50150.0,36816.0
VEH_008714,YV1XZH555696872,XC90,PHEV,Ultimate,18.8,105020.0,75638.0
VEH_008715,YV1XZD387999913,EC40,Pure_EV,Plus,82.0,57780.0,42984.0
VEH_008716,YV1XZF945174794,XC90,PHEV,Plus,18.8,96120.0,69228.0
VEH_008717,YV1XZF936068779,EC40,Pure_EV,Core,82.0,53500.0,39800.0
VEH_008718,YV1XZE219821381,V60,MHEV,Plus,0.0,48384.0,35532.0
VEH_008719,YV1XZH668426481,XC90,PHEV,Plus,18.8,96120.0,69228.0
VEH_008720,YV1XZD875913440,XC90,PHEV,Plus,18.8,96120.0,69228.0
VEH_008721,YV1XZD476843019,EX30,Pure_EV,Core,69.0,42500.0,31200.0
VEH_008722,YV1XZC165525688,V60,MHEV,Ultimate,0.0,52864.0,38822.0
VEH_008723,YV1XZD998854636,EX30,Pure_EV,Plus,69.0,45900.0,33696.0
VEH_008724,YV1XZF718053520,EX30,Pure_EV,Core,69.0,42500.0,31200.0
VEH_008725,YV1XZC285276246,XC60,PHEV,Ultimate,18.8,76110.0,54516.0
VEH_008726,YV1XZC662990246,EC40,Pure_EV,Core,82.0,53500.0,39800.0
VEH_008727,YV1XZD427823738,EC40,Pure_EV,Ultimate,82.0,63130.0,46964.0
VEH_008728,YV1XZC614963740,V60,MHEV,Ultimate,0.0,52864.0,38822.0
VEH_008729,YV1XZA709590736,XC60,PHEV,Plus,18.8,69660.0,49896.0
VEH_008730,YV1XZE568037536,V60,MHEV,Ultimate,0.0,52864.0,38822.0
VEH_008731,YV1XZA188919422,V60,MHEV,Ultimate,0.0,52864.0,38822.0
VEH_008732,YV1XZA394843390,V60,MHEV,Ultimate,0.0,52864.0,38822.0
VEH_008733,YV1XZD422135540,EX30,Pure_EV,Core,69.0,42500.0,31200.0
VEH_008734,YV1XZB458247397,XC90,PHEV,Core,18.8,89000.0,64100.0
VEH_008735,YV1XZD502361074,EX90,Pure_EV,Plus,111.0,92880.0,67500.0
VEH_008736,YV1XZG901946435,XC90,PHEV,Plus,18.8,96120.0,69228.0
VEH_008737,YV1XZF450357670,XC60,PHEV,Core,18.8,64500.0,46200.0
VEH_008738,YV1XZG116935610,EC40,Pure_EV,Plus,82.0,57780.0,42984.0
VEH_008739,YV1XZC521927856,EC40,Pure_EV,Core,82.0,53500.0,39800.0
VEH_008740,YV1XZG620287754,EX30,Pure_EV,Ultimate,69.0,50150.0,36816.0
VEH_008741,YV1XZG779670047,EC40,Pure_EV,Ultimate,82.0,63130.0,46964.0
VEH_008742,YV1XZH246064345,V60,MHEV,Core,0.0,44800.0,32900.0
VEH_008743,YV1XZF904647951,EX30,Pure_EV,Ultimate,69.0,50150.0,36816.0
VEH_008744,YV1XZE770069531,EX90,Pure_EV,Plus,111.0,92880.0,67500.0
VEH_008745,YV1XZB743494332,XC90,PHEV,Core,18.8,89000.0,64100.0
VEH_008746,YV1XZF538911327,V60,MHEV,Core,0.0,44800.0,32900.0
VEH_008747,YV1XZC962235694,XC60,PHEV,Ultimate,18.8,76110.0,54516.0
VEH_008748,YV1XZA283301143,XC90,PHEV,Plus,18.8,96120.0,69228.0
VEH_008749,YV1XZF875944748,EX30,Pure_EV,Plus,69.0,45900.0,33696.0
VEH_008750,YV1XZD698163109,V60,MHEV,Ultimate,0.0,52864.0,38822.0
VEH_008751,YV1XZH587466702,EX90,Pure_EV,Core,111.0,86000.0,62500.0
VEH_008752,YV1XZC195928966,EC40,Pure_EV,Plus,82.0,57780.0,42984.0
VEH_008753,YV1XZC547519474,EX90,Pure_EV,Plus,111.0,92880.0,67500.0
VEH_008754,YV1XZF526989497,EC40,Pure_EV,Core,82.0,53500.0,39800.0
VEH_008755,YV1XZE409851142,XC60,PHEV,Ultimate,18.8,76110.0,54516.0
VEH_008756,YV1XZA578685950,V60,MHEV,Plus,0.0,48384.0,35532.0
VEH_008757,YV1XZA992482946,XC90,PHEV,Ultimate,18.8,105020.0,75638.0
VEH_008758,YV1XZB815438196,XC60,PHEV,Plus,18.8,69660.0,49896.0
VEH_008759,YV1XZB751922209,XC90,PHEV,Ultimate,18.8,105020.0,75638.0
VEH_008760,YV1XZH618912026,XC90,PHEV,Core,18.8,89000.0,64100.0
VEH_008761,YV1XZB264472266,EC40,Pure_EV,Plus,82.0,57780.0,42984.0
VEH_008762,YV1XZE420979374,XC90,PHEV,Ultimate,18.8,105020.0,75638.0
VEH_008763,YV1XZC464055618,EX30,Pure_EV,Plus,69.0,45900.0,33696.0
VEH_008764,YV1XZB561112019,EX90,Pure_EV,Ultimate,111.0,101480.0,73750.0
VEH_008765,YV1XZC658360212,EC40,Pure_EV,Ultimate,82.0,63130.0,46964.0
VEH_008766,YV1XZF811851734,V60,MHEV,Core,0.0,44800.0,32900.0
VEH_008767,YV1XZE572419336,XC90,PHEV,Plus,18.8,96120.0,69228.0
VEH_008768,YV1XZF507200851,XC60,PHEV,Plus,18.8,69660.0,49896.0
VEH_008769,YV1XZA616908764,EC40,Pure_EV,Ultimate,82.0,63130.0,46964.0
VEH_008770,YV1XZF425335588,EX30,Pure_EV,Plus,69.0,45900.0,33696.0
VEH_008771,YV1XZE796474230,V60,MHEV,Ultimate,0.0,52864.0,38822.0
VEH_008772,YV1XZE339074098,V60,MHEV,Core,0.0,44800.0,32900.0
VEH_008773,YV1XZH805708989,XC60,PHEV,Ultimate,18.8,76110.0,54516.0
VEH_008774,YV1XZF540800250,XC60,PHEV,Core,18.8,64500.0,46200.0
VEH_008775,YV1XZC879454950,XC90,PHEV,Core,18.8,89000.0,64100.0
VEH_008776,YV1XZE924291996,EX30,Pure_EV,Ultimate,69.0,50150.0,36816.0
VEH_008777,YV1XZH534774523,XC90,PHEV,Core,18.8,89000.0,64100.0
VEH_008778,YV1XZE220853189,V60,MHEV,Core,0.0,44800.0,32900.0
VEH_008779,YV1XZF737526006,EC40,Pure_EV,Core,82.0,53500.0,39800.0
VEH_008780,YV1XZB154710586,XC60,PHEV,Plus,18.8,69660.0,49896.0
VEH_008781,YV1XZB232144692,V60,MHEV,Core,0.0,44800.0,32900.0
VEH_008782,YV1XZE596437722,EC40,Pure_EV,Ultimate,82.0,63130.0,46964.0
VEH_008783,YV1XZE759880446,XC60,PHEV,Core,18.8,64500.0,46200.0
VEH_008784,YV1XZB979015729,EC40,Pure_EV,Core,82.0,53500.0,39800.0
VEH_008785,YV1XZH243335812,V60,MHEV,Plus,0.0,48384.0,35532.0
VEH_008786,YV1XZF602831595,EX90,Pure_EV,Plus,111.0,92880.0,67500.0
VEH_008787,YV1XZG373334269,XC90,PHEV,Plus,18.8,96120.0,69228.0
VEH_008788,YV1XZF390300589,EX30,Pure_EV,Core,69.0,42500.0,31200.0
VEH_008789,YV1XZH431808353,V60,MHEV,Ultimate,0.0,52864.0,38822.0
VEH_008790,YV1XZF796537714,EX30,Pure_EV,Plus,69.0,45900.0,33696.0
VEH_008791,YV1XZD765263050,EC40,Pure_EV,Plus,82.0,57780.0,42984.0
VEH_008792,YV1XZC355322132,V60,MHEV,Plus,0.0,48384.0,35532.0
VEH_008793,YV1XZF500376095,EX90,Pure_EV,Ultimate,111.0,101480.0,73750.0
VEH_008794,YV1XZA995489776,EC40,Pure_EV,Ultimate,82.0,63130.0,46964.0
VEH_008795,YV1XZF621821791,V60,MHEV,Ultimate,0.0,52864.0,38822.0
VEH_008796,YV1XZE994281308,V60,MHEV,Ultimate,0.0,52864.0,38822.0
VEH_008797,YV1XZB801820321,XC60,PHEV,Plus,18.8,69660.0,49896.0
VEH_008798,YV1XZA266842246,XC60,PHEV,Plus,18.8,69660.0,49896.0
VEH_008799,YV1XZB933969528,XC90,PHEV,Plus,18.8,96120.0,69228.0
VEH_008800,YV1XZC355911507,EX90,Pure_EV,Plus,111.0,92880.0,67500.0
VEH_008801,YV1XZE576783883,EX90,Pure_EV,Ultimate,111.0,101480.0,73750.0
VEH_008802,YV1XZA599305000,EX30,Pure_EV,Plus,69.0,45900.0,33696.0
VEH_008803,YV1XZG966363382,EX30,Pure_EV,Plus,69.0,45900.0,33696.0
VEH_008804,YV1XZB373251640,XC90,PHEV,Plus,18.8,96120.0,69228.0
VEH_008805,YV1XZH873485234,V60,MHEV,Plus,0.0,48384.0,35532.0
VEH_008806,YV1XZE233665346,V60,MHEV,Core,0.0,44800.0,32900.0
VEH_008807,YV1XZF714078997,XC90,PHEV,Plus,18.8,96120.0,69228.0
VEH_008808,YV1XZD636134020,EC40,Pure_EV,Core,82.0,53500.0,39800.0
VEH_008809,YV1XZG139813931,EC40,Pure_EV,Plus,82.0,57780.0,42984.0
VEH_008810,YV1XZA305045498,EX30,Pure_EV,Plus,69.0,45900.0,33696.0
VEH_008811,YV1XZB120717832,XC90,PHEV,Plus,18.8,96120.0,69228.0
VEH_008812,YV1XZF761183026,EX30,Pure_EV,Plus,69.0,45900.0,33696.0
VEH_008813,YV1XZA913873212,V60,MHEV,Core,0.0,44800.0,32900.0
VEH_008814,YV1XZA511476783,EX30,Pure_EV,Plus,69.0,45900.0,33696.0
VEH_008815,YV1XZE716997878,XC60,PHEV,Ultimate,18.8,76110.0,54516.0
VEH_008816,YV1XZG852402145,EX30,Pure_EV,Plus,69.0,45900.0,33696.0
VEH_008817,YV1XZF436957418,XC90,PHEV,Core,18.8,89000.0,64100.0
VEH_008818,YV1XZG855522992,V60,MHEV,Core,0.0,44800.0,32900.0
VEH_008819,YV1XZF720945818,EX90,Pure_EV,Core,111.0,86000.0,62500.0
VEH_008820,YV1XZG577997240,EX90,Pure_EV,Ultimate,111.0,101480.0,73750.0
VEH_008821,YV1XZD478967068,XC60,PHEV,Ultimate,18.8,76110.0,54516.0
VEH_008822,YV1XZH357862057,EX90,Pure_EV,Plus,111.0,92880.0,67500.0
VEH_008823,YV1XZF855088496,EC40,Pure_EV,Ultimate,82.0,63130.0,46964.0
VEH_008824,YV1XZG148828886,XC90,PHEV,Ultimate,18.8,105020.0,75638.0
VEH_008825,YV1XZH237532507,XC60,PHEV,Core,18.8,64500.0,46200.0
VEH_008826,YV1XZD390007607,EX90,Pure_EV,Ultimate,111.0,101480.0,73750.0
VEH_008827,YV1XZD959901261,EX30,Pure_EV,Core,69.0,42500.0,31200.0
VEH_008828,YV1XZD757228527,EC40,Pure_EV,Core,82.0,53500.0,39800.0
VEH_008829,YV1XZE303540138,EX30,Pure_EV,Core,69.0,42500.0,31200.0
VEH_008830,YV1XZH432739139,EX30,Pure_EV,Ultimate,69.0,50150.0,36816.0
VEH_008831,YV1XZE759799861,EX90,Pure_EV,Plus,111.0,92880.0,67500.0
VEH_008832,YV1XZG821954037,EX90,Pure_EV,Plus,111.0,92880.0,67500.0
VEH_008833,YV1XZH864791379,EX90,Pure_EV,Plus,111.0,92880.0,67500.0
VEH_008834,YV1XZG574195992,V60,MHEV,Ultimate,0.0,52864.0,38822.0
VEH_008835,YV1XZE658517601,EX30,Pure_EV,Ultimate,69.0,50150.0,36816.0
VEH_008836,YV1XZA813171907,EX30,Pure_EV,Core,69.0,42500.0,31200.0
VEH_008837,YV1XZD963924852,EX30,Pure_EV,Plus,69.0,45900.0,33696.0
VEH_008838,YV1XZG491655300,EC40,Pure_EV,Ultimate,82.0,63130.0,46964.0
VEH_008839,YV1XZG985152033,XC90,PHEV,Core,18.8,89000.0,64100.0
VEH_008840,YV1XZC467976839,EX30,Pure_EV,Ultimate,69.0,50150.0,36816.0
VEH_008841,YV1XZG354782376,EX90,Pure_EV,Ultimate,111.0,101480.0,73750.0
VEH_008842,YV1XZE859717424,V60,MHEV,Plus,0.0,48384.0,35532.0
VEH_008843,YV1XZG560811579,EX30,Pure_EV,Core,69.0,42500.0,31200.0
VEH_008844,YV1XZB969997027,XC90,PHEV,Core,18.8,89000.0,64100.0
VEH_008845,YV1XZC310586614,EX90,Pure_EV,Ultimate,111.0,101480.0,73750.0
VEH_008846,YV1XZE772831310,EX90,Pure_EV,Core,111.0,86000.0,62500.0
VEH_008847,YV1XZF270796560,V60,MHEV,Core,0.0,44800.0,32900.0
VEH_008848,YV1XZB728762664,XC60,PHEV,Core,18.8,64500.0,46200.0
VEH_008849,YV1XZC457713542,XC60,PHEV,Ultimate,18.8,76110.0,54516.0
VEH_008850,YV1XZG914136036,XC90,PHEV,Plus,18.8,96120.0,69228.0
VEH_008851,YV1XZE775573615,EC40,Pure_EV,Plus,82.0,57780.0,42984.0
VEH_008852,YV1XZG499755720,V60,MHEV,Plus,0.0,48384.0,35532.0
VEH_008853,YV1XZC502421988,V60,MHEV,Core,0.0,44800.0,32900.0
VEH_008854,YV1XZE407530609,V60,MHEV,Plus,0.0,48384.0,35532.0
VEH_008855,YV1XZB956086411,EX30,Pure_EV,Core,69.0,42500.0,31200.0
VEH_008856,YV1XZF191620316,V60,MHEV,Ultimate,0.0,52864.0,38822.0
VEH_008857,YV1XZH301412748,EX90,Pure_EV,Plus,111.0,92880.0,67500.0
VEH_008858,YV1XZF255031661,XC90,PHEV,Core,18.8,89000.0,64100.0
VEH_008859,YV1XZB840899821,EX30,Pure_EV,Core,69.0,42500.0,31200.0
VEH_008860,YV1XZH999260223,XC90,PHEV,Core,18.8,89000.0,64100.0
VEH_008861,YV1XZE937865413,V60,MHEV,Plus,0.0,48384.0,35532.0
VEH_008862,YV1XZE633279331,EX30,Pure_EV,Ultimate,69.0,50150.0,36816.0
VEH_008863,YV1XZG820223816,EX30,Pure_EV,Plus,69.0,45900.0,33696.0
VEH_008864,YV1XZA179994634,EX90,Pure_EV,Core,111.0,86000.0,62500.0
VEH_008865,YV1XZD312951211,EC40,Pure_EV,Ultimate,82.0,63130.0,46964.0
VEH_008866,YV1XZE164064827,EX90,Pure_EV,Plus,111.0,92880.0,67500.0
VEH_008867,YV1XZC575577319,EX30,Pure_EV,Core,69.0,42500.0,31200.0
VEH_008868,YV1XZD517865294,EX90,Pure_EV,Ultimate,111.0,101480.0,73750.0
VEH_008869,YV1XZA645630721,EX30,Pure_EV,Core,69.0,42500.0,31200.0
VEH_008870,YV1XZE603276564,XC60,PHEV,Plus,18.8,69660.0,49896.0
VEH_008871,YV1XZA552891279,XC60,PHEV,Core,18.8,64500.0,46200.0
VEH_008872,YV1XZH567604469,V60,MHEV,Ultimate,0.0,52864.0,38822.0
VEH_008873,YV1XZD932664891,EX30,Pure_EV,Ultimate,69.0,50150.0,36816.0
VEH_008874,YV1XZC895065665,XC60,PHEV,Plus,18.8,69660.0,49896.0
VEH_008875,YV1XZA618813636,XC90,PHEV,Plus,18.8,96120.0,69228.0
VEH_008876,YV1XZH839854158,XC60,PHEV,Ultimate,18.8,76110.0,54516.0
VEH_008877,YV1XZG299223964,EX30,Pure_EV,Ultimate,69.0,50150.0,36816.0
VEH_008878,YV1XZC144878805,EX30,Pure_EV,Plus,69.0,45900.0,33696.0
VEH_008879,YV1XZG702276993,EC40,Pure_EV,Ultimate,82.0,63130.0,46964.0
VEH_008880,YV1XZE210571823,EX30,Pure_EV,Ultimate,69.0,50150.0,36816.0
VEH_008881,YV1XZD148013555,XC90,PHEV,Plus,18.8,96120.0,69228.0
VEH_008882,YV1XZC515669761,EX90,Pure_EV,Ultimate,111.0,101480.0,73750.0
VEH_008883,YV1XZF954532354,EC40,Pure_EV,Ultimate,82.0,63130.0,46964.0
VEH_008884,YV1XZG601725388,XC60,PHEV,Plus,18.8,69660.0,49896.0
VEH_008885,YV1XZB530869012,EC40,Pure_EV,Core,82.0,53500.0,39800.0
VEH_008886,YV1XZD754151548,EX30,Pure_EV,Plus,69.0,45900.0,33696.0
VEH_008887,YV1XZG942487295,V60,MHEV,Core,0.0,44800.0,32900.0
VEH_008888,YV1XZA706191421,EC40,Pure_EV,Ultimate,82.0,63130.0,46964.0
VEH_008889,YV1XZH792749155,V60,MHEV,Ultimate,0.0,52864.0,38822.0
VEH_008890,YV1XZE240325588,EX30,Pure_EV,Core,69.0,42500.0,31200.0
VEH_008891,YV1XZB857167893,EC40,Pure_EV,Ultimate,82.0,63130.0,46964.0
VEH_008892,YV1XZA232481302,XC90,PHEV,Plus,18.8,96120.0,69228.0
VEH_008893,YV1XZF699849352,XC90,PHEV,Core,18.8,89000.0,64100.0
VEH_008894,YV1XZD526389360,XC90,PHEV,Core,18.8,89000.0,64100.0
VEH_008895,YV1XZG598803400,XC90,PHEV,Core,18.8,89000.0,64100.0
VEH_008896,YV1XZE288067527,EX30,Pure_EV,Plus,69.0,45900.0,33696.0
VEH_008897,YV1XZD171924274,EX30,Pure_EV,Plus,69.0,45900.0,33696.0
VEH_008898,YV1XZG882355658,XC90,PHEV,Core,18.8,89000.0,64100.0
VEH_008899,YV1XZC531138599,EX90,Pure_EV,Plus,111.0,92880.0,67500.0
VEH_008900,YV1XZC221420441,EX30,Pure_EV,Core,69.0,42500.0,31200.0
VEH_008901,YV1XZA690990656,XC60,PHEV,Ultimate,18.8,76110.0,54516.0
VEH_008902,YV1XZH493889731,V60,MHEV,Ultimate,0.0,52864.0,38822.0
VEH_008903,YV1XZA252003776,EC40,Pure_EV,Ultimate,82.0,63130.0,46964.0
VEH_008904,YV1XZD929683109,XC90,PHEV,Core,18.8,89000.0,64100.0
VEH_008905,YV1XZD911754549,EC40,Pure_EV,Ultimate,82.0,63130.0,46964.0
VEH_008906,YV1XZD832767551,XC90,PHEV,Plus,18.8,96120.0,69228.0
VEH_008907,YV1XZB104575998,XC90,PHEV,Ultimate,18.8,105020.0,75638.0
VEH_008908,YV1XZH356960471,XC60,PHEV,Plus,18.8,69660.0,49896.0
VEH_008909,YV1XZH434468862,EC40,Pure_EV,Core,82.0,53500.0,39800.0
VEH_008910,YV1XZG716231329,EC40,Pure_EV,Plus,82.0,57780.0,42984.0
VEH_008911,YV1XZF231122932,EX90,Pure_EV,Ultimate,111.0,101480.0,73750.0
VEH_008912,YV1XZB426694745,EX30,Pure_EV,Core,69.0,42500.0,31200.0
VEH_008913,YV1XZC683127510,EX30,Pure_EV,Core,69.0,42500.0,31200.0
VEH_008914,YV1XZB713489683,EX90,Pure_EV,Core,111.0,86000.0,62500.0
VEH_008915,YV1XZH708018512,EC40,Pure_EV,Plus,82.0,57780.0,42984.0
VEH_008916,YV1XZD463864010,XC90,PHEV,Core,18.8,89000.0,64100.0
VEH_008917,YV1XZB629120555,XC90,PHEV,Plus,18.8,96120.0,69228.0
VEH_008918,YV1XZH850823495,XC60,PHEV,Core,18.8,64500.0,46200.0
VEH_008919,YV1XZA470870088,EX30,Pure_EV,Core,69.0,42500.0,31200.0
VEH_008920,YV1XZH161186030,XC60,PHEV,Ultimate,18.8,76110.0,54516.0
VEH_008921,YV1XZB239124162,XC90,PHEV,Plus,18.8,96120.0,69228.0
VEH_008922,YV1XZG105167612,EC40,Pure_EV,Ultimate,82.0,63130.0,46964.0
VEH_008923,YV1XZG372053993,EC40,Pure_EV,Core,82.0,53500.0,39800.0
VEH_008924,YV1XZF324233695,XC90,PHEV,Core,18.8,89000.0,64100.0
VEH_008925,YV1XZG699808902,EX90,Pure_EV,Plus,111.0,92880.0,67500.0
VEH_008926,YV1XZH920300122,EC40,Pure_EV,Core,82.0,53500.0,39800.0
VEH_008927,YV1XZH816434001,XC60,PHEV,Plus,18.8,69660.0,49896.0
VEH_008928,YV1XZA516368871,XC60,PHEV,Core,18.8,64500.0,46200.0
VEH_008929,YV1XZE448533803,EC40,Pure_EV,Core,82.0,53500.0,39800.0
VEH_008930,YV1XZH826195560,V60,MHEV,Ultimate,0.0,52864.0,38822.0
VEH_008931,YV1XZD185930369,V60,MHEV,Ultimate,0.0,52864.0,38822.0
VEH_008932,YV1XZD147896623,V60,MHEV,Plus,0.0,48384.0,35532.0
VEH_008933,YV1XZC383679007,EX90,Pure_EV,Core,111.0,86000.0,62500.0
VEH_008934,YV1XZH457911424,XC90,PHEV,Plus,18.8,96120.0,69228.0
VEH_008935,YV1XZF224887333,XC60,PHEV,Plus,18.8,69660.0,49896.0
VEH_008936,YV1XZE672657956,EX30,Pure_EV,Plus,69.0,45900.0,33696.0
VEH_008937,YV1XZE852595857,EX30,Pure_EV,Ultimate,69.0,50150.0,36816.0
VEH_008938,YV1XZD225700427,XC60,PHEV,Ultimate,18.8,76110.0,54516.0
VEH_008939,YV1XZF515556038,XC90,PHEV,Core,18.8,89000.0,64100.0
VEH_008940,YV1XZE274158708,EX30,Pure_EV,Plus,69.0,45900.0,33696.0
VEH_008941,YV1XZH738180055,XC60,PHEV,Core,18.8,64500.0,46200.0
VEH_008942,YV1XZE961942251,XC90,PHEV,Plus,18.8,96120.0,69228.0
VEH_008943,YV1XZB212942798,XC60,PHEV,Plus,18.8,69660.0,49896.0
VEH_008944,YV1XZH718615243,EX30,Pure_EV,Core,69.0,42500.0,31200.0
VEH_008945,YV1XZE582727473,XC60,PHEV,Plus,18.8,69660.0,49896.0
VEH_008946,YV1XZF549175816,EC40,Pure_EV,Plus,82.0,57780.0,42984.0
VEH_008947,YV1XZC649472420,EC40,Pure_EV,Plus,82.0,57780.0,42984.0
VEH_008948,YV1XZC278691465,XC90,PHEV,Plus,18.8,96120.0,69228.0
VEH_008949,YV1XZD417874061,XC60,PHEV,Ultimate,18.8,76110.0,54516.0
VEH_008950,YV1XZE830466821,XC90,PHEV,Plus,18.8,96120.0,69228.0
VEH_008951,YV1XZA753753155,EX30,Pure_EV,Core,69.0,42500.0,31200.0
VEH_008952,YV1XZG667391729,XC90,PHEV,Plus,18.8,96120.0,69228.0
VEH_008953,YV1XZG112249011,EC40,Pure_EV,Ultimate,82.0,63130.0,46964.0
VEH_008954,YV1XZC797883290,XC60,PHEV,Plus,18.8,69660.0,49896.0
VEH_008955,YV1XZB334595264,V60,MHEV,Plus,0.0,48384.0,35532.0
VEH_008956,YV1XZG939438221,XC90,PHEV,Core,18.8,89000.0,64100.0
VEH_008957,YV1XZA770869311,XC90,PHEV,Plus,18.8,96120.0,69228.0
VEH_008958,YV1XZH571407952,XC60,PHEV,Plus,18.8,69660.0,49896.0
VEH_008959,YV1XZH143894791,XC90,PHEV,Plus,18.8,96120.0,69228.0
VEH_008960,YV1XZG254957147,V60,MHEV,Core,0.0,44800.0,32900.0
VEH_008961,YV1XZH602979173,XC60,PHEV,Core,18.8,64500.0,46200.0
VEH_008962,YV1XZH174903247,XC90,PHEV,Core,18.8,89000.0,64100.0
VEH_008963,YV1XZA570089369,V60,MHEV,Core,0.0,44800.0,32900.0
VEH_008964,YV1XZB239604093,EX90,Pure_EV,Plus,111.0,92880.0,67500.0
VEH_008965,YV1XZG285103715,XC90,PHEV,Ultimate,18.8,105020.0,75638.0
VEH_008966,YV1XZA536869717,EX90,Pure_EV,Ultimate,111.0,101480.0,73750.0
VEH_008967,YV1XZC408614476,XC90,PHEV,Ultimate,18.8,105020.0,75638.0
VEH_008968,YV1XZD306794474,EX90,Pure_EV,Core,111.0,86000.0,62500.0
VEH_008969,YV1XZA945886861,V60,MHEV,Core,0.0,44800.0,32900.0
VEH_008970,YV1XZD370831157,EX90,Pure_EV,Core,111.0,86000.0,62500.0
VEH_008971,YV1XZA945569641,EC40,Pure_EV,Plus,82.0,57780.0,42984.0
VEH_008972,YV1XZA996057376,XC60,PHEV,Ultimate,18.8,76110.0,54516.0
VEH_008973,YV1XZE859906363,XC60,PHEV,Ultimate,18.8,76110.0,54516.0
VEH_008974,YV1XZA528236850,EX90,Pure_EV,Ultimate,111.0,101480.0,73750.0
VEH_008975,YV1XZC304793911,XC90,PHEV,Plus,18.8,96120.0,69228.0
VEH_008976,YV1XZG446946056,EC40,Pure_EV,Plus,82.0,57780.0,42984.0
VEH_008977,YV1XZE197006089,EX90,Pure_EV,Ultimate,111.0,101480.0,73750.0
VEH_008978,YV1XZF360318076,EX90,Pure_EV,Ultimate,111.0,101480.0,73750.0
VEH_008979,YV1XZA135440208,XC60,PHEV,Ultimate,18.8,76110.0,54516.0
VEH_008980,YV1XZE670224031,XC60,PHEV,Plus,18.8,69660.0,49896.0
VEH_008981,YV1XZE670917179,XC90,PHEV,Plus,18.8,96120.0,69228.0
VEH_008982,YV1XZD214497184,XC60,PHEV,Plus,18.8,69660.0,49896.0
VEH_008983,YV1XZA374797453,EX30,Pure_EV,Ultimate,69.0,50150.0,36816.0
VEH_008984,YV1XZF433953248,EX90,Pure_EV,Plus,111.0,92880.0,67500.0
VEH_008985,YV1XZA447874612,EX90,Pure_EV,Ultimate,111.0,101480.0,73750.0
VEH_008986,YV1XZG916186193,EX90,Pure_EV,Plus,111.0,92880.0,67500.0
VEH_008987,YV1XZF457578936,EC40,Pure_EV,Core,82.0,53500.0,39800.0
VEH_008988,YV1XZG691254392,EX30,Pure_EV,Plus,69.0,45900.0,33696.0
VEH_008989,YV1XZH684498292,XC90,PHEV,Ultimate,18.8,105020.0,75638.0
VEH_008990,YV1XZC145143576,XC60,PHEV,Core,18.8,64500.0,46200.0
VEH_008991,YV1XZC281230224,EX90,Pure_EV,Ultimate,111.0,101480.0,73750.0
VEH_008992,YV1XZB615971405,EX30,Pure_EV,Core,69.0,42500.0,31200.0
VEH_008993,YV1XZF701491547,EX30,Pure_EV,Core,69.0,42500.0,31200.0
VEH_008994,YV1XZD735511831,XC60,PHEV,Plus,18.8,69660.0,49896.0
VEH_008995,YV1XZC679762155,XC90,PHEV,Ultimate,18.8,105020.0,75638.0
VEH_008996,YV1XZH271239874,XC60,PHEV,Ultimate,18.8,76110.0,54516.0
VEH_008997,YV1XZD987304124,XC90,PHEV,Plus,18.8,96120.0,69228.0
VEH_008998,YV1XZE960538333,V60,MHEV,Core,0.0,44800.0,32900.0
VEH_008999,YV1XZF955990796,EX90,Pure_EV,Plus,111.0,92880.0,67500.0
VEH_009000,YV1XZB608834927,XC60,PHEV,Core,18.8,64500.0,46200.0
VEH_009001,YV1XZG432548063,V60,MHEV,Ultimate,0.0,52864.0,38822.0
VEH_009002,YV1XZG108957120,EC40,Pure_EV,Core,82.0,53500.0,39800.0
VEH_009003,YV1XZC681862817,EX90,Pure_EV,Core,111.0,86000.0,62500.0
VEH_009004,YV1XZA605740329,XC90,PHEV,Ultimate,18.8,105020.0,75638.0
VEH_009005,YV1XZF184375586,EX30,Pure_EV,Core,69.0,42500.0,31200.0
VEH_009006,YV1XZC665938224,V60,MHEV,Core,0.0,44800.0,32900.0
VEH_009007,YV1XZF835271285,XC60,PHEV,Plus,18.8,69660.0,49896.0
VEH_009008,YV1XZA257989915,EX30,Pure_EV,Core,69.0,42500.0,31200.0
VEH_009009,YV1XZA188335734,V60,MHEV,Core,0.0,44800.0,32900.0
VEH_009010,YV1XZF419499873,V60,MHEV,Plus,0.0,48384.0,35532.0
VEH_009011,YV1XZB527723815,EC40,Pure_EV,Plus,82.0,57780.0,42984.0
VEH_009012,YV1XZH765198077,EC40,Pure_EV,Ultimate,82.0,63130.0,46964.0
VEH_009013,YV1XZB159650257,EX90,Pure_EV,Ultimate,111.0,101480.0,73750.0
VEH_009014,YV1XZG241313055,EC40,Pure_EV,Plus,82.0,57780.0,42984.0
VEH_009015,YV1XZA937431590,XC60,PHEV,Plus,18.8,69660.0,49896.0
VEH_009016,YV1XZC535674804,EX30,Pure_EV,Plus,69.0,45900.0,33696.0
VEH_009017,YV1XZH371508892,V60,MHEV,Ultimate,0.0,52864.0,38822.0
VEH_009018,YV1XZA346758529,EC40,Pure_EV,Core,82.0,53500.0,39800.0
VEH_009019,YV1XZA616772030,V60,MHEV,Plus,0.0,48384.0,35532.0
VEH_009020,YV1XZE889140666,XC90,PHEV,Plus,18.8,96120.0,69228.0
VEH_009021,YV1XZD114384731,XC90,PHEV,Core,18.8,89000.0,64100.0
VEH_009022,YV1XZH252212272,XC90,PHEV,Plus,18.8,96120.0,69228.0
VEH_009023,YV1XZD527238047,EX90,Pure_EV,Ultimate,111.0,101480.0,73750.0
VEH_009024,YV1XZA557676725,XC90,PHEV,Ultimate,18.8,105020.0,75638.0
VEH_009025,YV1XZE460318746,EX30,Pure_EV,Core,69.0,42500.0,31200.0
VEH_009026,YV1XZC346015722,XC60,PHEV,Ultimate,18.8,76110.0,54516.0
VEH_009027,YV1XZH181043141,EX90,Pure_EV,Plus,111.0,92880.0,67500.0
VEH_009028,YV1XZF637050887,EC40,Pure_EV,Ultimate,82.0,63130.0,46964.0
VEH_009029,YV1XZH107481109,V60,MHEV,Core,0.0,44800.0,32900.0
VEH_009030,YV1XZA875635532,EX30,Pure_EV,Plus,69.0,45900.0,33696.0
VEH_009031,YV1XZG632953308,EX30,Pure_EV,Ultimate,69.0,50150.0,36816.0
VEH_009032,YV1XZC129752081,XC90,PHEV,Plus,18.8,96120.0,69228.0
VEH_009033,YV1XZF179042383,XC90,PHEV,Core,18.8,89000.0,64100.0
VEH_009034,YV1XZA227944997,XC90,PHEV,Core,18.8,89000.0,64100.0
VEH_009035,YV1XZF235643510,XC90,PHEV,Core,18.8,89000.0,64100.0
VEH_009036,YV1XZC706773699,EX90,Pure_EV,Core,111.0,86000.0,62500.0
VEH_009037,YV1XZE717776407,XC60,PHEV,Core,18.8,64500.0,46200.0
VEH_009038,YV1XZH728665727,V60,MHEV,Core,0.0,44800.0,32900.0
VEH_009039,YV1XZC737147442,EC40,Pure_EV,Ultimate,82.0,63130.0,46964.0
VEH_009040,YV1XZF446511440,EX30,Pure_EV,Plus,69.0,45900.0,33696.0
VEH_009041,YV1XZG326573048,EX30,Pure_EV,Core,69.0,42500.0,31200.0
VEH_009042,YV1XZH189423283,XC90,PHEV,Ultimate,18.8,105020.0,75638.0
VEH_009043,YV1XZC120827652,EC40,Pure_EV,Ultimate,82.0,63130.0,46964.0
VEH_009044,YV1XZH425025868,XC60,PHEV,Plus,18.8,69660.0,49896.0
VEH_009045,YV1XZE297051491,V60,MHEV,Core,0.0,44800.0,32900.0
VEH_009046,YV1XZH987690123,EC40,Pure_EV,Ultimate,82.0,63130.0,46964.0
VEH_009047,YV1XZG270135811,EX90,Pure_EV,Ultimate,111.0,101480.0,73750.0
VEH_009048,YV1XZF745630361,XC60,PHEV,Core,18.8,64500.0,46200.0
VEH_009049,YV1XZD844211129,EX30,Pure_EV,Ultimate,69.0,50150.0,36816.0
VEH_009050,YV1XZE801298681,EX30,Pure_EV,Core,69.0,42500.0,31200.0
VEH_009051,YV1XZH353010546,XC90,PHEV,Plus,18.8,96120.0,69228.0
VEH_009052,YV1XZH615413748,V60,MHEV,Plus,0.0,48384.0,35532.0
VEH_009053,YV1XZE305373896,EX90,Pure_EV,Plus,111.0,92880.0,67500.0
VEH_009054,YV1XZD776097190,V60,MHEV,Plus,0.0,48384.0,35532.0
VEH_009055,YV1XZH657156072,EC40,Pure_EV,Plus,82.0,57780.0,42984.0
VEH_009056,YV1XZG488590565,XC60,PHEV,Core,18.8,64500.0,46200.0
VEH_009057,YV1XZF536047200,XC60,PHEV,Core,18.8,64500.0,46200.0
VEH_009058,YV1XZD656764528,V60,MHEV,Plus,0.0,48384.0,35532.0
VEH_009059,YV1XZA996486198,V60,MHEV,Ultimate,0.0,52864.0,38822.0
VEH_009060,YV1XZA919156783,EX90,Pure_EV,Ultimate,111.0,101480.0,73750.0
VEH_009061,YV1XZA787954347,EX90,Pure_EV,Plus,111.0,92880.0,67500.0
VEH_009062,YV1XZE605625357,EC40,Pure_EV,Core,82.0,53500.0,39800.0
VEH_009063,YV1XZA772682307,XC90,PHEV,Plus,18.8,96120.0,69228.0
VEH_009064,YV1XZA709481793,EX30,Pure_EV,Ultimate,69.0,50150.0,36816.0
VEH_009065,YV1XZB549844358,EC40,Pure_EV,Core,82.0,53500.0,39800.0
VEH_009066,YV1XZH344871677,V60,MHEV,Plus,0.0,48384.0,35532.0
VEH_009067,YV1XZC409220321,XC60,PHEV,Plus,18.8,69660.0,49896.0
VEH_009068,YV1XZG845738207,EX90,Pure_EV,Plus,111.0,92880.0,67500.0
VEH_009069,YV1XZC492954460,V60,MHEV,Core,0.0,44800.0,32900.0
VEH_009070,YV1XZC135490349,EC40,Pure_EV,Ultimate,82.0,63130.0,46964.0
VEH_009071,YV1XZD156963442,EX90,Pure_EV,Plus,111.0,92880.0,67500.0
VEH_009072,YV1XZE991403502,XC90,PHEV,Core,18.8,89000.0,64100.0
VEH_009073,YV1XZB828823641,V60,MHEV,Core,0.0,44800.0,32900.0
VEH_009074,YV1XZH359552189,EC40,Pure_EV,Core,82.0,53500.0,39800.0
VEH_009075,YV1XZB907606463,EX30,Pure_EV,Ultimate,69.0,50150.0,36816.0
VEH_009076,YV1XZC525203859,XC60,PHEV,Core,18.8,64500.0,46200.0
VEH_009077,YV1XZE627574783,EC40,Pure_EV,Core,82.0,53500.0,39800.0
VEH_009078,YV1XZA112375385,EC40,Pure_EV,Plus,82.0,57780.0,42984.0
VEH_009079,YV1XZE235155873,V60,MHEV,Core,0.0,44800.0,32900.0
VEH_009080,YV1XZD454290922,XC90,PHEV,Core,18.8,89000.0,64100.0
VEH_009081,YV1XZE581439114,XC90,PHEV,Ultimate,18.8,105020.0,75638.0
VEH_009082,YV1XZC717625490,EC40,Pure_EV,Core,82.0,53500.0,39800.0
VEH_009083,YV1XZD995569515,XC90,PHEV,Ultimate,18.8,105020.0,75638.0
VEH_009084,YV1XZG834860199,V60,MHEV,Plus,0.0,48384.0,35532.0
VEH_009085,YV1XZH945589539,XC60,PHEV,Ultimate,18.8,76110.0,54516.0
VEH_009086,YV1XZF367572503,XC60,PHEV,Core,18.8,64500.0,46200.0
VEH_009087,YV1XZC278417333,XC90,PHEV,Core,18.8,89000.0,64100.0
VEH_009088,YV1XZE599261285,XC60,PHEV,Core,18.8,64500.0,46200.0
VEH_009089,YV1XZG448372578,V60,MHEV,Core,0.0,44800.0,32900.0
VEH_009090,YV1XZD253813016,EX30,Pure_EV,Core,69.0,42500.0,31200.0
VEH_009091,YV1XZA717025054,XC90,PHEV,Ultimate,18.8,105020.0,75638.0
VEH_009092,YV1XZA564204314,EX30,Pure_EV,Ultimate,69.0,50150.0,36816.0
VEH_009093,YV1XZG172535210,EC40,Pure_EV,Plus,82.0,57780.0,42984.0
VEH_009094,YV1XZE256389404,V60,MHEV,Plus,0.0,48384.0,35532.0
VEH_009095,YV1XZH367812193,XC60,PHEV,Ultimate,18.8,76110.0,54516.0
VEH_009096,YV1XZF441556087,V60,MHEV,Ultimate,0.0,52864.0,38822.0
VEH_009097,YV1XZA867079633,EC40,Pure_EV,Ultimate,82.0,63130.0,46964.0
VEH_009098,YV1XZD234154312,EC40,Pure_EV,Core,82.0,53500.0,39800.0
VEH_009099,YV1XZH742839570,XC60,PHEV,Ultimate,18.8,76110.0,54516.0
VEH_009100,YV1XZA888886023,EX90,Pure_EV,Ultimate,111.0,101480.0,73750.0
VEH_009101,YV1XZF971260733,XC60,PHEV,Plus,18.8,69660.0,49896.0
VEH_009102,YV1XZD767838217,EC40,Pure_EV,Ultimate,82.0,63130.0,46964.0
VEH_009103,YV1XZD834342656,EX90,Pure_EV,Plus,111.0,92880.0,67500.0
VEH_009104,YV1XZA397616114,XC90,PHEV,Plus,18.8,96120.0,69228.0
VEH_009105,YV1XZC949527899,EC40,Pure_EV,Core,82.0,53500.0,39800.0
VEH_009106,YV1XZC651242041,V60,MHEV,Plus,0.0,48384.0,35532.0
VEH_009107,YV1XZD459031225,XC60,PHEV,Ultimate,18.8,76110.0,54516.0
VEH_009108,YV1XZD988237335,XC60,PHEV,Core,18.8,64500.0,46200.0
VEH_009109,YV1XZD364433958,XC90,PHEV,Core,18.8,89000.0,64100.0
VEH_009110,YV1XZD397677952,EX30,Pure_EV,Plus,69.0,45900.0,33696.0
VEH_009111,YV1XZD154195645,EC40,Pure_EV,Core,82.0,53500.0,39800.0
VEH_009112,YV1XZG433102802,EX90,Pure_EV,Core,111.0,86000.0,62500.0
VEH_009113,YV1XZC414735484,EX30,Pure_EV,Core,69.0,42500.0,31200.0
VEH_009114,YV1XZA780259508,XC60,PHEV,Plus,18.8,69660.0,49896.0
VEH_009115,YV1XZF304953071,XC90,PHEV,Ultimate,18.8,105020.0,75638.0
VEH_009116,YV1XZC159017926,V60,MHEV,Plus,0.0,48384.0,35532.0
VEH_009117,YV1XZF148127667,EX90,Pure_EV,Core,111.0,86000.0,62500.0
VEH_009118,YV1XZG151751946,EC40,Pure_EV,Core,82.0,53500.0,39800.0
VEH_009119,YV1XZC450741595,EX90,Pure_EV,Core,111.0,86000.0,62500.0
VEH_009120,YV1XZH860962737,EX30,Pure_EV,Core,69.0,42500.0,31200.0
VEH_009121,YV1XZF448178166,EX30,Pure_EV,Plus,69.0,45900.0,33696.0
VEH_009122,YV1XZA963258164,XC90,PHEV,Plus,18.8,96120.0,69228.0
VEH_009123,YV1XZA393542591,XC90,PHEV,Plus,18.8,96120.0,69228.0
VEH_009124,YV1XZE466026739,EX90,Pure_EV,Core,111.0,86000.0,62500.0
VEH_009125,YV1XZB184499439,XC60,PHEV,Plus,18.8,69660.0,49896.0
VEH_009126,YV1XZC498718714,XC90,PHEV,Ultimate,18.8,105020.0,75638.0
VEH_009127,YV1XZC444393994,EC40,Pure_EV,Core,82.0,53500.0,39800.0
VEH_009128,YV1XZA622175793,EX90,Pure_EV,Ultimate,111.0,101480.0,73750.0
VEH_009129,YV1XZB367862292,XC90,PHEV,Core,18.8,89000.0,64100.0
VEH_009130,YV1XZA475054281,V60,MHEV,Plus,0.0,48384.0,35532.0
VEH_009131,YV1XZD883000444,V60,MHEV,Ultimate,0.0,52864.0,38822.0
VEH_009132,YV1XZE918289697,V60,MHEV,Plus,0.0,48384.0,35532.0
VEH_009133,YV1XZH218192329,EX30,Pure_EV,Ultimate,69.0,50150.0,36816.0
VEH_009134,YV1XZH912232510,EC40,Pure_EV,Ultimate,82.0,63130.0,46964.0
VEH_009135,YV1XZH230219625,EC40,Pure_EV,Plus,82.0,57780.0,42984.0
VEH_009136,YV1XZD286484949,XC60,PHEV,Plus,18.8,69660.0,49896.0
VEH_009137,YV1XZC398142837,XC90,PHEV,Ultimate,18.8,105020.0,75638.0
VEH_009138,YV1XZA941635335,XC60,PHEV,Core,18.8,64500.0,46200.0
VEH_009139,YV1XZG244018707,XC60,PHEV,Core,18.8,64500.0,46200.0
VEH_009140,YV1XZF868926861,EX30,Pure_EV,Ultimate,69.0,50150.0,36816.0
VEH_009141,YV1XZF241114697,XC60,PHEV,Core,18.8,64500.0,46200.0
VEH_009142,YV1XZH567956460,EX30,Pure_EV,Core,69.0,42500.0,31200.0
VEH_009143,YV1XZA410485095,EX30,Pure_EV,Plus,69.0,45900.0,33696.0
VEH_009144,YV1XZF751883055,EX90,Pure_EV,Core,111.0,86000.0,62500.0
VEH_009145,YV1XZG637917632,XC90,PHEV,Ultimate,18.8,105020.0,75638.0
VEH_009146,YV1XZG739570485,EC40,Pure_EV,Ultimate,82.0,63130.0,46964.0
VEH_009147,YV1XZB428642243,XC60,PHEV,Plus,18.8,69660.0,49896.0
VEH_009148,YV1XZD843813587,EX90,Pure_EV,Ultimate,111.0,101480.0,73750.0
VEH_009149,YV1XZA900112577,XC60,PHEV,Core,18.8,64500.0,46200.0
VEH_009150,YV1XZB147385648,XC90,PHEV,Core,18.8,89000.0,64100.0
VEH_009151,YV1XZG886767326,EX30,Pure_EV,Plus,69.0,45900.0,33696.0
VEH_009152,YV1XZD744133120,EX30,Pure_EV,Core,69.0,42500.0,31200.0
VEH_009153,YV1XZB677616179,EX90,Pure_EV,Plus,111.0,92880.0,67500.0
VEH_009154,YV1XZA401772547,XC90,PHEV,Core,18.8,89000.0,64100.0
VEH_009155,YV1XZB514328767,XC60,PHEV,Ultimate,18.8,76110.0,54516.0
VEH_009156,YV1XZB537691284,EX90,Pure_EV,Ultimate,111.0,101480.0,73750.0
VEH_009157,YV1XZF195128140,XC90,PHEV,Plus,18.8,96120.0,69228.0
VEH_009158,YV1XZF551469867,XC90,PHEV,Ultimate,18.8,105020.0,75638.0
VEH_009159,YV1XZF773999030,XC90,PHEV,Core,18.8,89000.0,64100.0
VEH_009160,YV1XZG458706412,EX30,Pure_EV,Ultimate,69.0,50150.0,36816.0
VEH_009161,YV1XZC508229691,XC60,PHEV,Ultimate,18.8,76110.0,54516.0
VEH_009162,YV1XZA112918749,XC60,PHEV,Core,18.8,64500.0,46200.0
VEH_009163,YV1XZH268140443,XC60,PHEV,Core,18.8,64500.0,46200.0
VEH_009164,YV1XZB822874740,EX30,Pure_EV,Ultimate,69.0,50150.0,36816.0
VEH_009165,YV1XZH265718942,V60,MHEV,Plus,0.0,48384.0,35532.0
VEH_009166,YV1XZH326321517,V60,MHEV,Core,0.0,44800.0,32900.0
VEH_009167,YV1XZE119050984,EC40,Pure_EV,Plus,82.0,57780.0,42984.0
VEH_009168,YV1XZD880773239,XC60,PHEV,Ultimate,18.8,76110.0,54516.0
VEH_009169,YV1XZA672806127,V60,MHEV,Ultimate,0.0,52864.0,38822.0
VEH_009170,YV1XZG748175471,EX90,Pure_EV,Core,111.0,86000.0,62500.0
VEH_009171,YV1XZF210853329,XC60,PHEV,Ultimate,18.8,76110.0,54516.0
VEH_009172,YV1XZF405002393,V60,MHEV,Plus,0.0,48384.0,35532.0
VEH_009173,YV1XZD542012377,XC90,PHEV,Ultimate,18.8,105020.0,75638.0
VEH_009174,YV1XZE516105256,XC60,PHEV,Core,18.8,64500.0,46200.0
VEH_009175,YV1XZA566843094,XC60,PHEV,Plus,18.8,69660.0,49896.0
VEH_009176,YV1XZG582582934,XC60,PHEV,Ultimate,18.8,76110.0,54516.0
VEH_009177,YV1XZF919116279,EC40,Pure_EV,Core,82.0,53500.0,39800.0
VEH_009178,YV1XZB556325857,XC60,PHEV,Core,18.8,64500.0,46200.0
VEH_009179,YV1XZG148784188,EC40,Pure_EV,Plus,82.0,57780.0,42984.0
VEH_009180,YV1XZF981570822,EC40,Pure_EV,Ultimate,82.0,63130.0,46964.0
VEH_009181,YV1XZE367301365,XC60,PHEV,Core,18.8,64500.0,46200.0
VEH_009182,YV1XZA771965679,EX30,Pure_EV,Ultimate,69.0,50150.0,36816.0
VEH_009183,YV1XZD731973591,V60,MHEV,Plus,0.0,48384.0,35532.0
VEH_009184,YV1XZA244635938,EX90,Pure_EV,Core,111.0,86000.0,62500.0
VEH_009185,YV1XZF560122252,EC40,Pure_EV,Ultimate,82.0,63130.0,46964.0
VEH_009186,YV1XZD927350687,EC40,Pure_EV,Core,82.0,53500.0,39800.0
VEH_009187,YV1XZH617662704,XC60,PHEV,Ultimate,18.8,76110.0,54516.0
VEH_009188,YV1XZD206753199,EX90,Pure_EV,Core,111.0,86000.0,62500.0
VEH_009189,YV1XZH216249057,XC60,PHEV,Plus,18.8,69660.0,49896.0
VEH_009190,YV1XZG215675480,XC90,PHEV,Core,18.8,89000.0,64100.0
VEH_009191,YV1XZH822947901,EC40,Pure_EV,Plus,82.0,57780.0,42984.0
VEH_009192,YV1XZB254164973,EX90,Pure_EV,Core,111.0,86000.0,62500.0
VEH_009193,YV1XZA248708633,EC40,Pure_EV,Ultimate,82.0,63130.0,46964.0
VEH_009194,YV1XZF444939454,EC40,Pure_EV,Plus,82.0,57780.0,42984.0
VEH_009195,YV1XZA467328707,EX30,Pure_EV,Ultimate,69.0,50150.0,36816.0
VEH_009196,YV1XZA644688636,EC40,Pure_EV,Ultimate,82.0,63130.0,46964.0
VEH_009197,YV1XZA814905876,V60,MHEV,Ultimate,0.0,52864.0,38822.0
VEH_009198,YV1XZD709915949,XC90,PHEV,Ultimate,18.8,105020.0,75638.0
VEH_009199,YV1XZH354371107,XC60,PHEV,Plus,18.8,69660.0,49896.0
VEH_009200,YV1XZH245067480,XC90,PHEV,Ultimate,18.8,105020.0,75638.0
VEH_009201,YV1XZB520614508,EC40,Pure_EV,Plus,82.0,57780.0,42984.0
VEH_009202,YV1XZD957204592,EX90,Pure_EV,Core,111.0,86000.0,62500.0
VEH_009203,YV1XZD929408655,EC40,Pure_EV,Core,82.0,53500.0,39800.0
VEH_009204,YV1XZA132114179,V60,MHEV,Core,0.0,44800.0,32900.0
VEH_009205,YV1XZE339875676,XC90,PHEV,Core,18.8,89000.0,64100.0
VEH_009206,YV1XZE764067790,EC40,Pure_EV,Core,82.0,53500.0,39800.0
VEH_009207,YV1XZH842644861,EX90,Pure_EV,Core,111.0,86000.0,62500.0
VEH_009208,YV1XZB569958437,V60,MHEV,Plus,0.0,48384.0,35532.0
VEH_009209,YV1XZG437253608,XC90,PHEV,Ultimate,18.8,105020.0,75638.0
VEH_009210,YV1XZG263857208,EC40,Pure_EV,Plus,82.0,57780.0,42984.0
VEH_009211,YV1XZH844303913,XC90,PHEV,Ultimate,18.8,105020.0,75638.0
VEH_009212,YV1XZB660352520,EX90,Pure_EV,Plus,111.0,92880.0,67500.0
VEH_009213,YV1XZC255984764,XC90,PHEV,Plus,18.8,96120.0,69228.0
VEH_009214,YV1XZH935359438,EC40,Pure_EV,Core,82.0,53500.0,39800.0
VEH_009215,YV1XZG159793243,EC40,Pure_EV,Ultimate,82.0,63130.0,46964.0
VEH_009216,YV1XZC368233273,EX30,Pure_EV,Core,69.0,42500.0,31200.0
VEH_009217,YV1XZD408131663,EX30,Pure_EV,Core,69.0,42500.0,31200.0
VEH_009218,YV1XZG898389397,EX30,Pure_EV,Plus,69.0,45900.0,33696.0
VEH_009219,YV1XZB298054041,XC60,PHEV,Plus,18.8,69660.0,49896.0
VEH_009220,YV1XZF656903813,EC40,Pure_EV,Core,82.0,53500.0,39800.0
VEH_009221,YV1XZA986981360,XC90,PHEV,Ultimate,18.8,105020.0,75638.0
VEH_009222,YV1XZC929146444,EC40,Pure_EV,Core,82.0,53500.0,39800.0
VEH_009223,YV1XZF174571085,XC90,PHEV,Core,18.8,89000.0,64100.0
VEH_009224,YV1XZG146648196,XC60,PHEV,Plus,18.8,69660.0,49896.0
VEH_009225,YV1XZB292943702,V60,MHEV,Ultimate,0.0,52864.0,38822.0
VEH_009226,YV1XZC623767642,EX90,Pure_EV,Ultimate,111.0,101480.0,73750.0
VEH_009227,YV1XZE928202966,XC90,PHEV,Ultimate,18.8,105020.0,75638.0
VEH_009228,YV1XZA726746552,EC40,Pure_EV,Plus,82.0,57780.0,42984.0
VEH_009229,YV1XZD546981755,XC90,PHEV,Plus,18.8,96120.0,69228.0
VEH_009230,YV1XZC608562079,EX30,Pure_EV,Plus,69.0,45900.0,33696.0
VEH_009231,YV1XZF990269180,XC60,PHEV,Ultimate,18.8,76110.0,54516.0
VEH_009232,YV1XZE425269662,XC90,PHEV,Plus,18.8,96120.0,69228.0
VEH_009233,YV1XZC271874577,EX90,Pure_EV,Core,111.0,86000.0,62500.0
VEH_009234,YV1XZC369575884,EC40,Pure_EV,Ultimate,82.0,63130.0,46964.0
VEH_009235,YV1XZG305506499,XC90,PHEV,Ultimate,18.8,105020.0,75638.0
VEH_009236,YV1XZD595520540,V60,MHEV,Core,0.0,44800.0,32900.0
VEH_009237,YV1XZB422340967,EX90,Pure_EV,Plus,111.0,92880.0,67500.0
VEH_009238,YV1XZD179106194,EC40,Pure_EV,Core,82.0,53500.0,39800.0
VEH_009239,YV1XZA846733886,EX30,Pure_EV,Ultimate,69.0,50150.0,36816.0
VEH_009240,YV1XZG777851546,EX90,Pure_EV,Plus,111.0,92880.0,67500.0
VEH_009241,YV1XZE946093820,XC90,PHEV,Core,18.8,89000.0,64100.0
VEH_009242,YV1XZD818908985,EX30,Pure_EV,Ultimate,69.0,50150.0,36816.0
VEH_009243,YV1XZA511495212,XC90,PHEV,Plus,18.8,96120.0,69228.0
VEH_009244,YV1XZE587693627,EX30,Pure_EV,Core,69.0,42500.0,31200.0
VEH_009245,YV1XZB992085406,EX30,Pure_EV,Ultimate,69.0,50150.0,36816.0
VEH_009246,YV1XZC887737473,EX30,Pure_EV,Ultimate,69.0,50150.0,36816.0
VEH_009247,YV1XZC426174634,EC40,Pure_EV,Plus,82.0,57780.0,42984.0
VEH_009248,YV1XZG701508999,V60,MHEV,Plus,0.0,48384.0,35532.0
VEH_009249,YV1XZD410811784,XC90,PHEV,Ultimate,18.8,105020.0,75638.0
VEH_009250,YV1XZD381141727,EX30,Pure_EV,Core,69.0,42500.0,31200.0
VEH_009251,YV1XZB312605333,EX30,Pure_EV,Plus,69.0,45900.0,33696.0
VEH_009252,YV1XZB219039671,EX30,Pure_EV,Ultimate,69.0,50150.0,36816.0
VEH_009253,YV1XZB435061642,XC90,PHEV,Ultimate,18.8,105020.0,75638.0
VEH_009254,YV1XZB848835684,EX30,Pure_EV,Plus,69.0,45900.0,33696.0
VEH_009255,YV1XZC438081409,V60,MHEV,Core,0.0,44800.0,32900.0
VEH_009256,YV1XZH730550994,V60,MHEV,Core,0.0,44800.0,32900.0
VEH_009257,YV1XZE434813242,V60,MHEV,Core,0.0,44800.0,32900.0
VEH_009258,YV1XZF544604817,XC60,PHEV,Core,18.8,64500.0,46200.0
VEH_009259,YV1XZE950816810,EX30,Pure_EV,Ultimate,69.0,50150.0,36816.0
VEH_009260,YV1XZH207468128,EX30,Pure_EV,Plus,69.0,45900.0,33696.0
VEH_009261,YV1XZH665397101,EC40,Pure_EV,Ultimate,82.0,63130.0,46964.0
VEH_009262,YV1XZA312528425,EX90,Pure_EV,Core,111.0,86000.0,62500.0
VEH_009263,YV1XZF919187126,EX30,Pure_EV,Plus,69.0,45900.0,33696.0
VEH_009264,YV1XZF608740226,XC60,PHEV,Plus,18.8,69660.0,49896.0
VEH_009265,YV1XZH452318586,EX90,Pure_EV,Core,111.0,86000.0,62500.0
VEH_009266,YV1XZE948856783,V60,MHEV,Plus,0.0,48384.0,35532.0
VEH_009267,YV1XZE129336116,EX30,Pure_EV,Plus,69.0,45900.0,33696.0
VEH_009268,YV1XZH385104918,EX90,Pure_EV,Core,111.0,86000.0,62500.0
VEH_009269,YV1XZH103983540,EC40,Pure_EV,Ultimate,82.0,63130.0,46964.0
VEH_009270,YV1XZD753327440,XC90,PHEV,Core,18.8,89000.0,64100.0
VEH_009271,YV1XZD522178551,EX30,Pure_EV,Ultimate,69.0,50150.0,36816.0
VEH_009272,YV1XZE195521774,V60,MHEV,Ultimate,0.0,52864.0,38822.0
VEH_009273,YV1XZG422615928,EX90,Pure_EV,Ultimate,111.0,101480.0,73750.0
VEH_009274,YV1XZG118169192,EX30,Pure_EV,Core,69.0,42500.0,31200.0
VEH_009275,YV1XZG915053296,EX90,Pure_EV,Core,111.0,86000.0,62500.0
VEH_009276,YV1XZD170187957,XC60,PHEV,Plus,18.8,69660.0,49896.0
VEH_009277,YV1XZA473321713,V60,MHEV,Ultimate,0.0,52864.0,38822.0
VEH_009278,YV1XZD194048095,XC60,PHEV,Plus,18.8,69660.0,49896.0
VEH_009279,YV1XZB128735716,V60,MHEV,Core,0.0,44800.0,32900.0
VEH_009280,YV1XZG791497366,XC90,PHEV,Ultimate,18.8,105020.0,75638.0
VEH_009281,YV1XZG944825905,EC40,Pure_EV,Plus,82.0,57780.0,42984.0
VEH_009282,YV1XZF342514695,EX30,Pure_EV,Core,69.0,42500.0,31200.0
VEH_009283,YV1XZG409903820,XC60,PHEV,Core,18.8,64500.0,46200.0
VEH_009284,YV1XZE573318637,EX30,Pure_EV,Core,69.0,42500.0,31200.0
VEH_009285,YV1XZG598086439,EC40,Pure_EV,Ultimate,82.0,63130.0,46964.0
VEH_009286,YV1XZG932039746,XC90,PHEV,Plus,18.8,96120.0,69228.0
VEH_009287,YV1XZE646282887,V60,MHEV,Ultimate,0.0,52864.0,38822.0
VEH_009288,YV1XZB601756431,EC40,Pure_EV,Ultimate,82.0,63130.0,46964.0
VEH_009289,YV1XZD535174145,EX30,Pure_EV,Ultimate,69.0,50150.0,36816.0
VEH_009290,YV1XZA589620796,EX30,Pure_EV,Core,69.0,42500.0,31200.0
VEH_009291,YV1XZB577295191,XC60,PHEV,Core,18.8,64500.0,46200.0
VEH_009292,YV1XZH436294469,XC60,PHEV,Core,18.8,64500.0,46200.0
VEH_009293,YV1XZD968597782,XC90,PHEV,Plus,18.8,96120.0,69228.0
VEH_009294,YV1XZH666726463,EX90,Pure_EV,Core,111.0,86000.0,62500.0
VEH_009295,YV1XZB574969427,EX30,Pure_EV,Core,69.0,42500.0,31200.0
VEH_009296,YV1XZG993511454,EX30,Pure_EV,Ultimate,69.0,50150.0,36816.0
VEH_009297,YV1XZE761518815,EX30,Pure_EV,Core,69.0,42500.0,31200.0
VEH_009298,YV1XZB387815984,EX30,Pure_EV,Core,69.0,42500.0,31200.0
VEH_009299,YV1XZB969895920,EC40,Pure_EV,Plus,82.0,57780.0,42984.0
VEH_009300,YV1XZG580755996,EC40,Pure_EV,Plus,82.0,57780.0,42984.0
VEH_009301,YV1XZD350497002,EC40,Pure_EV,Core,82.0,53500.0,39800.0
VEH_009302,YV1XZE812526377,V60,MHEV,Ultimate,0.0,52864.0,38822.0
VEH_009303,YV1XZG853047008,XC90,PHEV,Ultimate,18.8,105020.0,75638.0
VEH_009304,YV1XZC345684788,EC40,Pure_EV,Plus,82.0,57780.0,42984.0
VEH_009305,YV1XZH933390007,XC90,PHEV,Core,18.8,89000.0,64100.0
VEH_009306,YV1XZD880495122,V60,MHEV,Core,0.0,44800.0,32900.0
VEH_009307,YV1XZD101355379,EX90,Pure_EV,Plus,111.0,92880.0,67500.0
VEH_009308,YV1XZC513097268,EX30,Pure_EV,Plus,69.0,45900.0,33696.0
VEH_009309,YV1XZF330255706,V60,MHEV,Plus,0.0,48384.0,35532.0
VEH_009310,YV1XZB894245956,V60,MHEV,Plus,0.0,48384.0,35532.0
VEH_009311,YV1XZH352713768,XC90,PHEV,Plus,18.8,96120.0,69228.0
VEH_009312,YV1XZD709804832,EX30,Pure_EV,Plus,69.0,45900.0,33696.0
VEH_009313,YV1XZC393181224,EC40,Pure_EV,Plus,82.0,57780.0,42984.0
VEH_009314,YV1XZC310535131,XC90,PHEV,Plus,18.8,96120.0,69228.0
VEH_009315,YV1XZF664844179,V60,MHEV,Ultimate,0.0,52864.0,38822.0
VEH_009316,YV1XZD997211782,XC60,PHEV,Plus,18.8,69660.0,49896.0
VEH_009317,YV1XZH807438097,XC90,PHEV,Core,18.8,89000.0,64100.0
VEH_009318,YV1XZH812729887,XC60,PHEV,Ultimate,18.8,76110.0,54516.0
VEH_009319,YV1XZB359229220,EX30,Pure_EV,Plus,69.0,45900.0,33696.0
VEH_009320,YV1XZD949362954,EC40,Pure_EV,Ultimate,82.0,63130.0,46964.0
VEH_009321,YV1XZG572788298,EX30,Pure_EV,Plus,69.0,45900.0,33696.0
VEH_009322,YV1XZA492228541,EX30,Pure_EV,Plus,69.0,45900.0,33696.0
VEH_009323,YV1XZB612916746,EC40,Pure_EV,Ultimate,82.0,63130.0,46964.0
VEH_009324,YV1XZH752324937,EX90,Pure_EV,Plus,111.0,92880.0,67500.0
VEH_009325,YV1XZB517235860,EX90,Pure_EV,Core,111.0,86000.0,62500.0
VEH_009326,YV1XZA522196864,EX90,Pure_EV,Plus,111.0,92880.0,67500.0
VEH_009327,YV1XZD498352238,V60,MHEV,Ultimate,0.0,52864.0,38822.0
VEH_009328,YV1XZE530188347,EC40,Pure_EV,Plus,82.0,57780.0,42984.0
VEH_009329,YV1XZH116724094,EX90,Pure_EV,Ultimate,111.0,101480.0,73750.0
VEH_009330,YV1XZF487211937,EX30,Pure_EV,Plus,69.0,45900.0,33696.0
VEH_009331,YV1XZD743493239,XC60,PHEV,Core,18.8,64500.0,46200.0
VEH_009332,YV1XZE810185724,V60,MHEV,Core,0.0,44800.0,32900.0
VEH_009333,YV1XZB877709698,EX90,Pure_EV,Plus,111.0,92880.0,67500.0
VEH_009334,YV1XZG902475071,XC90,PHEV,Plus,18.8,96120.0,69228.0
VEH_009335,YV1XZF445910463,XC90,PHEV,Core,18.8,89000.0,64100.0
VEH_009336,YV1XZA453547833,EX90,Pure_EV,Ultimate,111.0,101480.0,73750.0
VEH_009337,YV1XZC518147424,EX30,Pure_EV,Ultimate,69.0,50150.0,36816.0
VEH_009338,YV1XZA815980906,EX30,Pure_EV,Core,69.0,42500.0,31200.0
VEH_009339,YV1XZA189296866,EX30,Pure_EV,Core,69.0,42500.0,31200.0
VEH_009340,YV1XZB545901527,EC40,Pure_EV,Plus,82.0,57780.0,42984.0
VEH_009341,YV1XZH306723705,EX30,Pure_EV,Ultimate,69.0,50150.0,36816.0
VEH_009342,YV1XZE928194306,XC90,PHEV,Plus,18.8,96120.0,69228.0
VEH_009343,YV1XZB249588410,V60,MHEV,Ultimate,0.0,52864.0,38822.0
VEH_009344,YV1XZA150335709,EX30,Pure_EV,Core,69.0,42500.0,31200.0
VEH_009345,YV1XZC803460415,V60,MHEV,Ultimate,0.0,52864.0,38822.0
VEH_009346,YV1XZE815122161,EX90,Pure_EV,Ultimate,111.0,101480.0,73750.0
VEH_009347,YV1XZA920512735,XC60,PHEV,Ultimate,18.8,76110.0,54516.0
VEH_009348,YV1XZG613325161,V60,MHEV,Ultimate,0.0,52864.0,38822.0
VEH_009349,YV1XZD179002029,EX90,Pure_EV,Core,111.0,86000.0,62500.0
VEH_009350,YV1XZE668251350,EX30,Pure_EV,Plus,69.0,45900.0,33696.0
VEH_009351,YV1XZH774414062,EX30,Pure_EV,Plus,69.0,45900.0,33696.0
VEH_009352,YV1XZG489554188,EX90,Pure_EV,Ultimate,111.0,101480.0,73750.0
VEH_009353,YV1XZG175384500,EC40,Pure_EV,Ultimate,82.0,63130.0,46964.0
VEH_009354,YV1XZC177117953,XC90,PHEV,Core,18.8,89000.0,64100.0
VEH_009355,YV1XZC250011536,XC90,PHEV,Ultimate,18.8,105020.0,75638.0
VEH_009356,YV1XZD906007418,EX30,Pure_EV,Plus,69.0,45900.0,33696.0
VEH_009357,YV1XZG982559290,EX30,Pure_EV,Ultimate,69.0,50150.0,36816.0
VEH_009358,YV1XZH512753325,EC40,Pure_EV,Core,82.0,53500.0,39800.0
VEH_009359,YV1XZD989562867,EX30,Pure_EV,Ultimate,69.0,50150.0,36816.0
VEH_009360,YV1XZD543949290,EX30,Pure_EV,Core,69.0,42500.0,31200.0
VEH_009361,YV1XZG752352596,EC40,Pure_EV,Core,82.0,53500.0,39800.0
VEH_009362,YV1XZD440230297,EX90,Pure_EV,Plus,111.0,92880.0,67500.0
VEH_009363,YV1XZB544343478,V60,MHEV,Ultimate,0.0,52864.0,38822.0
VEH_009364,YV1XZE116053010,XC60,PHEV,Plus,18.8,69660.0,49896.0
VEH_009365,YV1XZD939185468,EX90,Pure_EV,Core,111.0,86000.0,62500.0
VEH_009366,YV1XZB865596218,XC90,PHEV,Ultimate,18.8,105020.0,75638.0
VEH_009367,YV1XZD807154776,XC90,PHEV,Ultimate,18.8,105020.0,75638.0
VEH_009368,YV1XZC946531572,EX90,Pure_EV,Plus,111.0,92880.0,67500.0
VEH_009369,YV1XZG964408627,XC90,PHEV,Core,18.8,89000.0,64100.0
VEH_009370,YV1XZC508595597,XC60,PHEV,Core,18.8,64500.0,46200.0
VEH_009371,YV1XZH726177624,XC90,PHEV,Core,18.8,89000.0,64100.0
VEH_009372,YV1XZF277613903,EC40,Pure_EV,Ultimate,82.0,63130.0,46964.0
VEH_009373,YV1XZC760244640,EX90,Pure_EV,Plus,111.0,92880.0,67500.0
VEH_009374,YV1XZE423502067,XC60,PHEV,Plus,18.8,69660.0,49896.0
VEH_009375,YV1XZE916173290,V60,MHEV,Ultimate,0.0,52864.0,38822.0
VEH_009376,YV1XZG923285016,EX90,Pure_EV,Ultimate,111.0,101480.0,73750.0
VEH_009377,YV1XZG644704530,V60,MHEV,Ultimate,0.0,52864.0,38822.0
VEH_009378,YV1XZB431904599,EX30,Pure_EV,Core,69.0,42500.0,31200.0
VEH_009379,YV1XZA557506022,EX90,Pure_EV,Core,111.0,86000.0,62500.0
VEH_009380,YV1XZA444106950,EC40,Pure_EV,Core,82.0,53500.0,39800.0
VEH_009381,YV1XZH191453698,XC90,PHEV,Plus,18.8,96120.0,69228.0
VEH_009382,YV1XZF737622438,EC40,Pure_EV,Plus,82.0,57780.0,42984.0
VEH_009383,YV1XZA927772720,V60,MHEV,Ultimate,0.0,52864.0,38822.0
VEH_009384,YV1XZC937517273,V60,MHEV,Plus,0.0,48384.0,35532.0
VEH_009385,YV1XZH754713900,XC60,PHEV,Ultimate,18.8,76110.0,54516.0
VEH_009386,YV1XZF719685716,EX30,Pure_EV,Core,69.0,42500.0,31200.0
VEH_009387,YV1XZC116977346,EX30,Pure_EV,Ultimate,69.0,50150.0,36816.0
VEH_009388,YV1XZE518945592,V60,MHEV,Ultimate,0.0,52864.0,38822.0
VEH_009389,YV1XZC224800844,EX90,Pure_EV,Plus,111.0,92880.0,67500.0
VEH_009390,YV1XZG524417704,XC60,PHEV,Core,18.8,64500.0,46200.0
VEH_009391,YV1XZD256502391,V60,MHEV,Core,0.0,44800.0,32900.0
VEH_009392,YV1XZE177803614,EX90,Pure_EV,Plus,111.0,92880.0,67500.0
VEH_009393,YV1XZC768392220,XC90,PHEV,Core,18.8,89000.0,64100.0
VEH_009394,YV1XZH602948302,EC40,Pure_EV,Plus,82.0,57780.0,42984.0
VEH_009395,YV1XZH955402299,EX90,Pure_EV,Ultimate,111.0,101480.0,73750.0
VEH_009396,YV1XZF624914563,XC90,PHEV,Core,18.8,89000.0,64100.0
VEH_009397,YV1XZF172421770,XC90,PHEV,Plus,18.8,96120.0,69228.0
VEH_009398,YV1XZC373649419,XC90,PHEV,Ultimate,18.8,105020.0,75638.0
VEH_009399,YV1XZE832495547,V60,MHEV,Plus,0.0,48384.0,35532.0
VEH_009400,YV1XZB614842322,EX30,Pure_EV,Core,69.0,42500.0,31200.0
VEH_009401,YV1XZG589679540,V60,MHEV,Core,0.0,44800.0,32900.0
VEH_009402,YV1XZG259362239,EX30,Pure_EV,Core,69.0,42500.0,31200.0
VEH_009403,YV1XZH562877943,EC40,Pure_EV,Plus,82.0,57780.0,42984.0
VEH_009404,YV1XZC491666512,EX30,Pure_EV,Core,69.0,42500.0,31200.0
VEH_009405,YV1XZC320424480,XC90,PHEV,Plus,18.8,96120.0,69228.0
VEH_009406,YV1XZA683085262,EX90,Pure_EV,Core,111.0,86000.0,62500.0
VEH_009407,YV1XZG367624478,EX30,Pure_EV,Plus,69.0,45900.0,33696.0
VEH_009408,YV1XZC720661960,EX30,Pure_EV,Ultimate,69.0,50150.0,36816.0
VEH_009409,YV1XZE784503779,EX90,Pure_EV,Ultimate,111.0,101480.0,73750.0
VEH_009410,YV1XZH339628711,XC90,PHEV,Core,18.8,89000.0,64100.0
VEH_009411,YV1XZA606487457,EX90,Pure_EV,Core,111.0,86000.0,62500.0
VEH_009412,YV1XZD189361676,V60,MHEV,Ultimate,0.0,52864.0,38822.0
VEH_009413,YV1XZH346453529,EX90,Pure_EV,Ultimate,111.0,101480.0,73750.0
VEH_009414,YV1XZF918724586,V60,MHEV,Plus,0.0,48384.0,35532.0
VEH_009415,YV1XZF260358936,EC40,Pure_EV,Ultimate,82.0,63130.0,46964.0
VEH_009416,YV1XZH243596143,EX90,Pure_EV,Core,111.0,86000.0,62500.0
VEH_009417,YV1XZH124165418,EX30,Pure_EV,Core,69.0,42500.0,31200.0
VEH_009418,YV1XZC684942314,XC90,PHEV,Plus,18.8,96120.0,69228.0
VEH_009419,YV1XZB569067905,XC60,PHEV,Plus,18.8,69660.0,49896.0
VEH_009420,YV1XZC626194403,V60,MHEV,Ultimate,0.0,52864.0,38822.0
VEH_009421,YV1XZG918226110,XC90,PHEV,Ultimate,18.8,105020.0,75638.0
VEH_009422,YV1XZG450305203,EX90,Pure_EV,Ultimate,111.0,101480.0,73750.0
VEH_009423,YV1XZF479548891,EX30,Pure_EV,Core,69.0,42500.0,31200.0
VEH_009424,YV1XZA119671355,EC40,Pure_EV,Core,82.0,53500.0,39800.0
VEH_009425,YV1XZA651116857,EC40,Pure_EV,Core,82.0,53500.0,39800.0
VEH_009426,YV1XZE839416834,EX30,Pure_EV,Ultimate,69.0,50150.0,36816.0
VEH_009427,YV1XZC238320836,XC90,PHEV,Plus,18.8,96120.0,69228.0
VEH_009428,YV1XZD840969588,XC60,PHEV,Core,18.8,64500.0,46200.0
VEH_009429,YV1XZD549190859,EX30,Pure_EV,Core,69.0,42500.0,31200.0
VEH_009430,YV1XZC238514760,EX30,Pure_EV,Plus,69.0,45900.0,33696.0
VEH_009431,YV1XZA264863105,EX90,Pure_EV,Plus,111.0,92880.0,67500.0
VEH_009432,YV1XZD103028552,V60,MHEV,Ultimate,0.0,52864.0,38822.0
VEH_009433,YV1XZE833153976,V60,MHEV,Core,0.0,44800.0,32900.0
VEH_009434,YV1XZE312054757,EX90,Pure_EV,Ultimate,111.0,101480.0,73750.0
VEH_009435,YV1XZD716666731,XC60,PHEV,Plus,18.8,69660.0,49896.0
VEH_009436,YV1XZC701568535,EX30,Pure_EV,Plus,69.0,45900.0,33696.0
VEH_009437,YV1XZB546185735,EX30,Pure_EV,Ultimate,69.0,50150.0,36816.0
VEH_009438,YV1XZD233109495,V60,MHEV,Plus,0.0,48384.0,35532.0
VEH_009439,YV1XZG997807450,XC60,PHEV,Plus,18.8,69660.0,49896.0
VEH_009440,YV1XZE109931839,XC90,PHEV,Plus,18.8,96120.0,69228.0
VEH_009441,YV1XZA372987211,EX90,Pure_EV,Core,111.0,86000.0,62500.0
VEH_009442,YV1XZE169017556,EC40,Pure_EV,Plus,82.0,57780.0,42984.0
VEH_009443,YV1XZB568037732,EX30,Pure_EV,Plus,69.0,45900.0,33696.0
VEH_009444,YV1XZH104600113,XC60,PHEV,Plus,18.8,69660.0,49896.0
VEH_009445,YV1XZE411546045,EX30,Pure_EV,Ultimate,69.0,50150.0,36816.0
VEH_009446,YV1XZA207215676,V60,MHEV,Plus,0.0,48384.0,35532.0
VEH_009447,YV1XZB625920288,EC40,Pure_EV,Ultimate,82.0,63130.0,46964.0
VEH_009448,YV1XZC722884962,XC60,PHEV,Plus,18.8,69660.0,49896.0
VEH_009449,YV1XZC653754787,XC60,PHEV,Ultimate,18.8,76110.0,54516.0
VEH_009450,YV1XZC417524952,EX30,Pure_EV,Ultimate,69.0,50150.0,36816.0
VEH_009451,YV1XZF106518893,EX30,Pure_EV,Core,69.0,42500.0,31200.0
VEH_009452,YV1XZG760645270,EC40,Pure_EV,Core,82.0,53500.0,39800.0
VEH_009453,YV1XZG205994946,XC90,PHEV,Ultimate,18.8,105020.0,75638.0
VEH_009454,YV1XZD231178008,V60,MHEV,Ultimate,0.0,52864.0,38822.0
VEH_009455,YV1XZF499945062,EC40,Pure_EV,Core,82.0,53500.0,39800.0
VEH_009456,YV1XZD847661610,EX90,Pure_EV,Ultimate,111.0,101480.0,73750.0
VEH_009457,YV1XZA448297368,EX90,Pure_EV,Core,111.0,86000.0,62500.0
VEH_009458,YV1XZD589657516,XC90,PHEV,Ultimate,18.8,105020.0,75638.0
VEH_009459,YV1XZE352341832,V60,MHEV,Plus,0.0,48384.0,35532.0
VEH_009460,YV1XZA851014408,EC40,Pure_EV,Plus,82.0,57780.0,42984.0
VEH_009461,YV1XZH534427239,V60,MHEV,Plus,0.0,48384.0,35532.0
VEH_009462,YV1XZD739750825,EX90,Pure_EV,Plus,111.0,92880.0,67500.0
VEH_009463,YV1XZB193350704,EC40,Pure_EV,Core,82.0,53500.0,39800.0
VEH_009464,YV1XZC977323687,EX30,Pure_EV,Plus,69.0,45900.0,33696.0
VEH_009465,YV1XZG996385432,EC40,Pure_EV,Plus,82.0,57780.0,42984.0
VEH_009466,YV1XZH856047748,EX90,Pure_EV,Plus,111.0,92880.0,67500.0
VEH_009467,YV1XZC531500275,XC90,PHEV,Ultimate,18.8,105020.0,75638.0
VEH_009468,YV1XZB577967803,EX30,Pure_EV,Core,69.0,42500.0,31200.0
VEH_009469,YV1XZA355507439,EC40,Pure_EV,Ultimate,82.0,63130.0,46964.0
VEH_009470,YV1XZF961507786,EX30,Pure_EV,Plus,69.0,45900.0,33696.0
VEH_009471,YV1XZA858811908,XC90,PHEV,Ultimate,18.8,105020.0,75638.0
VEH_009472,YV1XZB998474990,XC90,PHEV,Plus,18.8,96120.0,69228.0
VEH_009473,YV1XZB958212496,XC90,PHEV,Plus,18.8,96120.0,69228.0
VEH_009474,YV1XZC754072194,EC40,Pure_EV,Core,82.0,53500.0,39800.0
VEH_009475,YV1XZF843175867,EX90,Pure_EV,Plus,111.0,92880.0,67500.0
VEH_009476,YV1XZF740226364,EC40,Pure_EV,Ultimate,82.0,63130.0,46964.0
VEH_009477,YV1XZF890759554,EX90,Pure_EV,Core,111.0,86000.0,62500.0
VEH_009478,YV1XZG575618953,EC40,Pure_EV,Ultimate,82.0,63130.0,46964.0
VEH_009479,YV1XZH743798814,EC40,Pure_EV,Plus,82.0,57780.0,42984.0
VEH_009480,YV1XZB830809546,XC90,PHEV,Core,18.8,89000.0,64100.0
VEH_009481,YV1XZD119672496,EX90,Pure_EV,Plus,111.0,92880.0,67500.0
VEH_009482,YV1XZF602227590,V60,MHEV,Plus,0.0,48384.0,35532.0
VEH_009483,YV1XZH368557996,XC60,PHEV,Core,18.8,64500.0,46200.0
VEH_009484,YV1XZB194234956,EC40,Pure_EV,Ultimate,82.0,63130.0,46964.0
VEH_009485,YV1XZF669734831,XC60,PHEV,Core,18.8,64500.0,46200.0
VEH_009486,YV1XZA956837541,XC90,PHEV,Plus,18.8,96120.0,69228.0
VEH_009487,YV1XZC294920726,EX30,Pure_EV,Plus,69.0,45900.0,33696.0
VEH_009488,YV1XZD506857607,EX30,Pure_EV,Core,69.0,42500.0,31200.0
VEH_009489,YV1XZG165270507,V60,MHEV,Ultimate,0.0,52864.0,38822.0
VEH_009490,YV1XZD392374097,EX30,Pure_EV,Ultimate,69.0,50150.0,36816.0
VEH_009491,YV1XZB239484115,XC60,PHEV,Plus,18.8,69660.0,49896.0
VEH_009492,YV1XZD107551049,V60,MHEV,Ultimate,0.0,52864.0,38822.0
VEH_009493,YV1XZE519205858,V60,MHEV,Plus,0.0,48384.0,35532.0
VEH_009494,YV1XZB902837921,EX30,Pure_EV,Ultimate,69.0,50150.0,36816.0
VEH_009495,YV1XZH719888434,EX90,Pure_EV,Ultimate,111.0,101480.0,73750.0
VEH_009496,YV1XZH212885214,XC90,PHEV,Core,18.8,89000.0,64100.0
VEH_009497,YV1XZG152225319,V60,MHEV,Plus,0.0,48384.0,35532.0
VEH_009498,YV1XZH903339571,EX90,Pure_EV,Core,111.0,86000.0,62500.0
VEH_009499,YV1XZF989841411,XC90,PHEV,Ultimate,18.8,105020.0,75638.0
VEH_009500,YV1XZF887998044,EX90,Pure_EV,Ultimate,111.0,101480.0,73750.0
VEH_009501,YV1XZG650324388,V60,MHEV,Ultimate,0.0,52864.0,38822.0
VEH_009502,YV1XZE933161731,V60,MHEV,Core,0.0,44800.0,32900.0
VEH_009503,YV1XZH525122007,EX90,Pure_EV,Ultimate,111.0,101480.0,73750.0
VEH_009504,YV1XZA864251060,V60,MHEV,Core,0.0,44800.0,32900.0
VEH_009505,YV1XZA604942089,XC90,PHEV,Core,18.8,89000.0,64100.0
VEH_009506,YV1XZE760862890,EX90,Pure_EV,Plus,111.0,92880.0,67500.0
VEH_009507,YV1XZE939487638,XC90,PHEV,Ultimate,18.8,105020.0,75638.0
VEH_009508,YV1XZH834429782,EC40,Pure_EV,Plus,82.0,57780.0,42984.0
VEH_009509,YV1XZE958962208,V60,MHEV,Ultimate,0.0,52864.0,38822.0
VEH_009510,YV1XZB146401617,EC40,Pure_EV,Plus,82.0,57780.0,42984.0
VEH_009511,YV1XZC898667791,XC60,PHEV,Plus,18.8,69660.0,49896.0
VEH_009512,YV1XZG787462682,XC60,PHEV,Core,18.8,64500.0,46200.0
VEH_009513,YV1XZD419672499,EC40,Pure_EV,Plus,82.0,57780.0,42984.0
VEH_009514,YV1XZB840204610,XC60,PHEV,Plus,18.8,69660.0,49896.0
VEH_009515,YV1XZE367883176,XC60,PHEV,Core,18.8,64500.0,46200.0
VEH_009516,YV1XZD756296671,EC40,Pure_EV,Ultimate,82.0,63130.0,46964.0
VEH_009517,YV1XZA596134474,XC90,PHEV,Plus,18.8,96120.0,69228.0
VEH_009518,YV1XZG490707021,XC90,PHEV,Ultimate,18.8,105020.0,75638.0
VEH_009519,YV1XZH644798502,XC90,PHEV,Plus,18.8,96120.0,69228.0
VEH_009520,YV1XZH454190560,EX90,Pure_EV,Ultimate,111.0,101480.0,73750.0
VEH_009521,YV1XZB506321822,XC60,PHEV,Ultimate,18.8,76110.0,54516.0
VEH_009522,YV1XZE984560615,XC60,PHEV,Ultimate,18.8,76110.0,54516.0
VEH_009523,YV1XZA624851130,EX90,Pure_EV,Plus,111.0,92880.0,67500.0
VEH_009524,YV1XZA575513846,V60,MHEV,Core,0.0,44800.0,32900.0
VEH_009525,YV1XZB965833550,V60,MHEV,Ultimate,0.0,52864.0,38822.0
VEH_009526,YV1XZH516536103,V60,MHEV,Plus,0.0,48384.0,35532.0
VEH_009527,YV1XZD439627700,EX30,Pure_EV,Ultimate,69.0,50150.0,36816.0
VEH_009528,YV1XZA628205318,V60,MHEV,Core,0.0,44800.0,32900.0
VEH_009529,YV1XZD516508961,XC90,PHEV,Ultimate,18.8,105020.0,75638.0
VEH_009530,YV1XZC304813417,XC90,PHEV,Core,18.8,89000.0,64100.0
VEH_009531,YV1XZF403354826,EX90,Pure_EV,Ultimate,111.0,101480.0,73750.0
VEH_009532,YV1XZD538945901,EX30,Pure_EV,Core,69.0,42500.0,31200.0
VEH_009533,YV1XZF239474584,XC90,PHEV,Ultimate,18.8,105020.0,75638.0
VEH_009534,YV1XZA881732811,XC90,PHEV,Plus,18.8,96120.0,69228.0
VEH_009535,YV1XZB921390264,EX90,Pure_EV,Core,111.0,86000.0,62500.0
VEH_009536,YV1XZG438294185,EX90,Pure_EV,Ultimate,111.0,101480.0,73750.0
VEH_009537,YV1XZH355435539,EX90,Pure_EV,Core,111.0,86000.0,62500.0
VEH_009538,YV1XZF968509000,EC40,Pure_EV,Ultimate,82.0,63130.0,46964.0
VEH_009539,YV1XZH267369689,EX30,Pure_EV,Plus,69.0,45900.0,33696.0
VEH_009540,YV1XZA302265648,EC40,Pure_EV,Ultimate,82.0,63130.0,46964.0
VEH_009541,YV1XZD387589201,EX90,Pure_EV,Core,111.0,86000.0,62500.0
VEH_009542,YV1XZB413553217,XC60,PHEV,Plus,18.8,69660.0,49896.0
VEH_009543,YV1XZF135841318,XC60,PHEV,Ultimate,18.8,76110.0,54516.0
VEH_009544,YV1XZF437115542,XC90,PHEV,Core,18.8,89000.0,64100.0
VEH_009545,YV1XZH144991551,EC40,Pure_EV,Plus,82.0,57780.0,42984.0
VEH_009546,YV1XZA541386565,EX90,Pure_EV,Core,111.0,86000.0,62500.0
VEH_009547,YV1XZE179073471,EX30,Pure_EV,Plus,69.0,45900.0,33696.0
VEH_009548,YV1XZE385045116,EX90,Pure_EV,Plus,111.0,92880.0,67500.0
VEH_009549,YV1XZE958264042,EC40,Pure_EV,Ultimate,82.0,63130.0,46964.0
VEH_009550,YV1XZB922455454,XC60,PHEV,Plus,18.8,69660.0,49896.0
VEH_009551,YV1XZD811538592,EX90,Pure_EV,Core,111.0,86000.0,62500.0
VEH_009552,YV1XZC612828852,XC90,PHEV,Core,18.8,89000.0,64100.0
VEH_009553,YV1XZA549335146,V60,MHEV,Ultimate,0.0,52864.0,38822.0
VEH_009554,YV1XZH889138945,EC40,Pure_EV,Core,82.0,53500.0,39800.0
VEH_009555,YV1XZC281311983,XC60,PHEV,Core,18.8,64500.0,46200.0
VEH_009556,YV1XZD804605755,EX90,Pure_EV,Ultimate,111.0,101480.0,73750.0
VEH_009557,YV1XZA491569744,V60,MHEV,Ultimate,0.0,52864.0,38822.0
VEH_009558,YV1XZE550162323,XC60,PHEV,Plus,18.8,69660.0,49896.0
VEH_009559,YV1XZF366644863,XC90,PHEV,Ultimate,18.8,105020.0,75638.0
VEH_009560,YV1XZE498335005,V60,MHEV,Core,0.0,44800.0,32900.0
VEH_009561,YV1XZF723449205,EC40,Pure_EV,Plus,82.0,57780.0,42984.0
VEH_009562,YV1XZC537968479,EC40,Pure_EV,Core,82.0,53500.0,39800.0
VEH_009563,YV1XZF560317312,EX90,Pure_EV,Ultimate,111.0,101480.0,73750.0
VEH_009564,YV1XZH623222117,EX30,Pure_EV,Plus,69.0,45900.0,33696.0
VEH_009565,YV1XZE952105962,XC90,PHEV,Ultimate,18.8,105020.0,75638.0
VEH_009566,YV1XZC624156335,EX90,Pure_EV,Core,111.0,86000.0,62500.0
VEH_009567,YV1XZA382236203,XC60,PHEV,Core,18.8,64500.0,46200.0
VEH_009568,YV1XZA131387364,V60,MHEV,Plus,0.0,48384.0,35532.0
VEH_009569,YV1XZD529826789,XC90,PHEV,Core,18.8,89000.0,64100.0
VEH_009570,YV1XZC555361948,XC90,PHEV,Plus,18.8,96120.0,69228.0
VEH_009571,YV1XZC836213139,XC90,PHEV,Core,18.8,89000.0,64100.0
VEH_009572,YV1XZA705841406,EX90,Pure_EV,Core,111.0,86000.0,62500.0
VEH_009573,YV1XZF826423485,XC60,PHEV,Plus,18.8,69660.0,49896.0
VEH_009574,YV1XZB591678787,EX30,Pure_EV,Plus,69.0,45900.0,33696.0
VEH_009575,YV1XZG790754201,XC90,PHEV,Core,18.8,89000.0,64100.0
VEH_009576,YV1XZB465888604,XC60,PHEV,Core,18.8,64500.0,46200.0
VEH_009577,YV1XZC141524671,V60,MHEV,Core,0.0,44800.0,32900.0
VEH_009578,YV1XZD371497134,EX30,Pure_EV,Core,69.0,42500.0,31200.0
VEH_009579,YV1XZA590802884,EC40,Pure_EV,Ultimate,82.0,63130.0,46964.0
VEH_009580,YV1XZH275653186,XC60,PHEV,Ultimate,18.8,76110.0,54516.0
VEH_009581,YV1XZC881808432,EX30,Pure_EV,Plus,69.0,45900.0,33696.0
VEH_009582,YV1XZD836444173,EX30,Pure_EV,Ultimate,69.0,50150.0,36816.0
VEH_009583,YV1XZD731538641,EX90,Pure_EV,Ultimate,111.0,101480.0,73750.0
VEH_009584,YV1XZB895248213,V60,MHEV,Ultimate,0.0,52864.0,38822.0
VEH_009585,YV1XZG940950983,XC90,PHEV,Core,18.8,89000.0,64100.0
VEH_009586,YV1XZC220769011,V60,MHEV,Ultimate,0.0,52864.0,38822.0
VEH_009587,YV1XZD126725997,EX30,Pure_EV,Plus,69.0,45900.0,33696.0
VEH_009588,YV1XZC286118456,XC60,PHEV,Core,18.8,64500.0,46200.0
VEH_009589,YV1XZA700463925,XC60,PHEV,Core,18.8,64500.0,46200.0
VEH_009590,YV1XZD800474552,EX90,Pure_EV,Core,111.0,86000.0,62500.0
VEH_009591,YV1XZE295239631,XC60,PHEV,Plus,18.8,69660.0,49896.0
VEH_009592,YV1XZF407167380,XC60,PHEV,Core,18.8,64500.0,46200.0
VEH_009593,YV1XZF627202460,XC90,PHEV,Ultimate,18.8,105020.0,75638.0
VEH_009594,YV1XZH947489355,V60,MHEV,Ultimate,0.0,52864.0,38822.0
VEH_009595,YV1XZC166721791,EX90,Pure_EV,Ultimate,111.0,101480.0,73750.0
VEH_009596,YV1XZC270488105,XC60,PHEV,Core,18.8,64500.0,46200.0
VEH_009597,YV1XZA184986962,V60,MHEV,Ultimate,0.0,52864.0,38822.0
VEH_009598,YV1XZA412605184,EX90,Pure_EV,Plus,111.0,92880.0,67500.0
VEH_009599,YV1XZG492640366,EC40,Pure_EV,Plus,82.0,57780.0,42984.0
VEH_009600,YV1XZF247482954,XC90,PHEV,Ultimate,18.8,105020.0,75638.0
VEH_009601,YV1XZH538464491,V60,MHEV,Plus,0.0,48384.0,35532.0
VEH_009602,YV1XZG978829298,EX30,Pure_EV,Ultimate,69.0,50150.0,36816.0
VEH_009603,YV1XZG991543818,V60,MHEV,Core,0.0,44800.0,32900.0
VEH_009604,YV1XZC846008427,EC40,Pure_EV,Plus,82.0,57780.0,42984.0
VEH_009605,YV1XZF289927791,V60,MHEV,Plus,0.0,48384.0,35532.0
VEH_009606,YV1XZD586457193,EC40,Pure_EV,Plus,82.0,57780.0,42984.0
VEH_009607,YV1XZE603878654,XC90,PHEV,Plus,18.8,96120.0,69228.0
VEH_009608,YV1XZE115133323,XC60,PHEV,Ultimate,18.8,76110.0,54516.0
VEH_009609,YV1XZE547293135,XC60,PHEV,Core,18.8,64500.0,46200.0
VEH_009610,YV1XZH591932883,EC40,Pure_EV,Plus,82.0,57780.0,42984.0
VEH_009611,YV1XZB252771124,EX30,Pure_EV,Plus,69.0,45900.0,33696.0
VEH_009612,YV1XZH264446975,XC90,PHEV,Ultimate,18.8,105020.0,75638.0
VEH_009613,YV1XZC528300073,XC90,PHEV,Plus,18.8,96120.0,69228.0
VEH_009614,YV1XZC650453226,XC90,PHEV,Core,18.8,89000.0,64100.0
VEH_009615,YV1XZB859611953,EX90,Pure_EV,Plus,111.0,92880.0,67500.0
VEH_009616,YV1XZE228340448,V60,MHEV,Plus,0.0,48384.0,35532.0
VEH_009617,YV1XZA466790336,XC60,PHEV,Core,18.8,64500.0,46200.0
VEH_009618,YV1XZB793072184,EX90,Pure_EV,Plus,111.0,92880.0,67500.0
VEH_009619,YV1XZA459369434,XC90,PHEV,Plus,18.8,96120.0,69228.0
VEH_009620,YV1XZG682772025,XC60,PHEV,Ultimate,18.8,76110.0,54516.0
VEH_009621,YV1XZD179747572,XC90,PHEV,Core,18.8,89000.0,64100.0
VEH_009622,YV1XZG505873223,V60,MHEV,Ultimate,0.0,52864.0,38822.0
VEH_009623,YV1XZF782875554,EC40,Pure_EV,Plus,82.0,57780.0,42984.0
VEH_009624,YV1XZH725597750,EX30,Pure_EV,Core,69.0,42500.0,31200.0
VEH_009625,YV1XZB287046022,XC90,PHEV,Core,18.8,89000.0,64100.0
VEH_009626,YV1XZF355789337,EC40,Pure_EV,Core,82.0,53500.0,39800.0
VEH_009627,YV1XZE189341589,EC40,Pure_EV,Ultimate,82.0,63130.0,46964.0
VEH_009628,YV1XZB719335233,XC60,PHEV,Core,18.8,64500.0,46200.0
VEH_009629,YV1XZE697177049,XC90,PHEV,Core,18.8,89000.0,64100.0
VEH_009630,YV1XZH102966829,EX30,Pure_EV,Ultimate,69.0,50150.0,36816.0
VEH_009631,YV1XZH101261301,V60,MHEV,Core,0.0,44800.0,32900.0
VEH_009632,YV1XZG621729941,V60,MHEV,Ultimate,0.0,52864.0,38822.0
VEH_009633,YV1XZC142315720,EX30,Pure_EV,Plus,69.0,45900.0,33696.0
VEH_009634,YV1XZB877959387,XC60,PHEV,Plus,18.8,69660.0,49896.0
VEH_009635,YV1XZE162508055,EX30,Pure_EV,Plus,69.0,45900.0,33696.0
VEH_009636,YV1XZD555963196,EC40,Pure_EV,Core,82.0,53500.0,39800.0
VEH_009637,YV1XZF885989218,XC90,PHEV,Ultimate,18.8,105020.0,75638.0
VEH_009638,YV1XZG586417614,XC60,PHEV,Ultimate,18.8,76110.0,54516.0
VEH_009639,YV1XZE542686437,V60,MHEV,Core,0.0,44800.0,32900.0
VEH_009640,YV1XZA451675231,EX30,Pure_EV,Ultimate,69.0,50150.0,36816.0
VEH_009641,YV1XZA989785451,EX30,Pure_EV,Core,69.0,42500.0,31200.0
VEH_009642,YV1XZA826156118,XC90,PHEV,Core,18.8,89000.0,64100.0
VEH_009643,YV1XZB632964809,XC60,PHEV,Core,18.8,64500.0,46200.0
VEH_009644,YV1XZF130147501,XC90,PHEV,Ultimate,18.8,105020.0,75638.0
VEH_009645,YV1XZA499672481,V60,MHEV,Core,0.0,44800.0,32900.0
VEH_009646,YV1XZF814171212,EX30,Pure_EV,Core,69.0,42500.0,31200.0
VEH_009647,YV1XZH275527063,EC40,Pure_EV,Ultimate,82.0,63130.0,46964.0
VEH_009648,YV1XZD855194295,V60,MHEV,Ultimate,0.0,52864.0,38822.0
VEH_009649,YV1XZC135188788,V60,MHEV,Ultimate,0.0,52864.0,38822.0
VEH_009650,YV1XZC765831649,EX30,Pure_EV,Core,69.0,42500.0,31200.0
VEH_009651,YV1XZH388869192,XC60,PHEV,Plus,18.8,69660.0,49896.0
VEH_009652,YV1XZF787198747,V60,MHEV,Plus,0.0,48384.0,35532.0
VEH_009653,YV1XZG444983696,EX90,Pure_EV,Ultimate,111.0,101480.0,73750.0
VEH_009654,YV1XZH903337225,XC90,PHEV,Ultimate,18.8,105020.0,75638.0
VEH_009655,YV1XZC472103760,EC40,Pure_EV,Plus,82.0,57780.0,42984.0
VEH_009656,YV1XZE818278581,EX90,Pure_EV,Plus,111.0,92880.0,67500.0
VEH_009657,YV1XZA402022804,V60,MHEV,Core,0.0,44800.0,32900.0
VEH_009658,YV1XZE221339048,EX30,Pure_EV,Plus,69.0,45900.0,33696.0
VEH_009659,YV1XZD573314481,EC40,Pure_EV,Ultimate,82.0,63130.0,46964.0
VEH_009660,YV1XZF199767426,EC40,Pure_EV,Core,82.0,53500.0,39800.0
VEH_009661,YV1XZH938567330,EX90,Pure_EV,Core,111.0,86000.0,62500.0
VEH_009662,YV1XZH947627611,XC90,PHEV,Core,18.8,89000.0,64100.0
VEH_009663,YV1XZH507292286,XC60,PHEV,Plus,18.8,69660.0,49896.0
VEH_009664,YV1XZG923691492,XC90,PHEV,Core,18.8,89000.0,64100.0
VEH_009665,YV1XZF468835729,EX30,Pure_EV,Ultimate,69.0,50150.0,36816.0
VEH_009666,YV1XZH423388093,XC60,PHEV,Core,18.8,64500.0,46200.0
VEH_009667,YV1XZA958927485,XC90,PHEV,Ultimate,18.8,105020.0,75638.0
VEH_009668,YV1XZE760756019,EC40,Pure_EV,Ultimate,82.0,63130.0,46964.0
VEH_009669,YV1XZB395313844,V60,MHEV,Plus,0.0,48384.0,35532.0
VEH_009670,YV1XZA653522562,EC40,Pure_EV,Ultimate,82.0,63130.0,46964.0
VEH_009671,YV1XZF640431176,EX30,Pure_EV,Core,69.0,42500.0,31200.0
VEH_009672,YV1XZE888632665,XC60,PHEV,Core,18.8,64500.0,46200.0
VEH_009673,YV1XZF576965484,EX30,Pure_EV,Ultimate,69.0,50150.0,36816.0
VEH_009674,YV1XZF128786144,EC40,Pure_EV,Plus,82.0,57780.0,42984.0
VEH_009675,YV1XZG324519120,XC90,PHEV,Ultimate,18.8,105020.0,75638.0
VEH_009676,YV1XZF921254250,EX90,Pure_EV,Plus,111.0,92880.0,67500.0
VEH_009677,YV1XZC573919495,EX90,Pure_EV,Plus,111.0,92880.0,67500.0
VEH_009678,YV1XZB204336784,V60,MHEV,Ultimate,0.0,52864.0,38822.0
VEH_009679,YV1XZA852837482,EX30,Pure_EV,Core,69.0,42500.0,31200.0
VEH_009680,YV1XZB673627381,XC90,PHEV,Plus,18.8,96120.0,69228.0
VEH_009681,YV1XZG649410704,EC40,Pure_EV,Plus,82.0,57780.0,42984.0
VEH_009682,YV1XZF740437920,XC90,PHEV,Ultimate,18.8,105020.0,75638.0
VEH_009683,YV1XZB360664643,EX90,Pure_EV,Core,111.0,86000.0,62500.0
VEH_009684,YV1XZG226470090,EC40,Pure_EV,Ultimate,82.0,63130.0,46964.0
VEH_009685,YV1XZD156173148,XC90,PHEV,Ultimate,18.8,105020.0,75638.0
VEH_009686,YV1XZD798828107,V60,MHEV,Plus,0.0,48384.0,35532.0
VEH_009687,YV1XZA915356141,EC40,Pure_EV,Ultimate,82.0,63130.0,46964.0
VEH_009688,YV1XZC805062913,EX30,Pure_EV,Core,69.0,42500.0,31200.0
VEH_009689,YV1XZC471692249,XC60,PHEV,Plus,18.8,69660.0,49896.0
VEH_009690,YV1XZC109289909,XC90,PHEV,Plus,18.8,96120.0,69228.0
VEH_009691,YV1XZE686959816,EC40,Pure_EV,Plus,82.0,57780.0,42984.0
VEH_009692,YV1XZH950065142,EX90,Pure_EV,Ultimate,111.0,101480.0,73750.0
VEH_009693,YV1XZC168974724,XC90,PHEV,Core,18.8,89000.0,64100.0
VEH_009694,YV1XZE753747953,EC40,Pure_EV,Plus,82.0,57780.0,42984.0
VEH_009695,YV1XZE579808455,V60,MHEV,Ultimate,0.0,52864.0,38822.0
VEH_009696,YV1XZA416418203,EC40,Pure_EV,Plus,82.0,57780.0,42984.0
VEH_009697,YV1XZD589268942,EX90,Pure_EV,Ultimate,111.0,101480.0,73750.0
VEH_009698,YV1XZE832499074,EX30,Pure_EV,Plus,69.0,45900.0,33696.0
VEH_009699,YV1XZB381589317,XC60,PHEV,Core,18.8,64500.0,46200.0
VEH_009700,YV1XZH296668192,XC60,PHEV,Core,18.8,64500.0,46200.0
VEH_009701,YV1XZA968305137,XC60,PHEV,Plus,18.8,69660.0,49896.0
VEH_009702,YV1XZC767324913,EC40,Pure_EV,Plus,82.0,57780.0,42984.0
VEH_009703,YV1XZH559408494,EX90,Pure_EV,Plus,111.0,92880.0,67500.0
VEH_009704,YV1XZH733164377,XC90,PHEV,Ultimate,18.8,105020.0,75638.0
VEH_009705,YV1XZH605342768,XC90,PHEV,Ultimate,18.8,105020.0,75638.0
VEH_009706,YV1XZE453679193,EC40,Pure_EV,Plus,82.0,57780.0,42984.0
VEH_009707,YV1XZH914424256,XC90,PHEV,Plus,18.8,96120.0,69228.0
VEH_009708,YV1XZD398108229,EC40,Pure_EV,Core,82.0,53500.0,39800.0
VEH_009709,YV1XZC875288501,EX30,Pure_EV,Core,69.0,42500.0,31200.0
VEH_009710,YV1XZD546621678,XC90,PHEV,Ultimate,18.8,105020.0,75638.0
VEH_009711,YV1XZF746464434,EX30,Pure_EV,Ultimate,69.0,50150.0,36816.0
VEH_009712,YV1XZH457417883,XC60,PHEV,Core,18.8,64500.0,46200.0
VEH_009713,YV1XZD369689457,V60,MHEV,Core,0.0,44800.0,32900.0
VEH_009714,YV1XZA219056404,XC60,PHEV,Core,18.8,64500.0,46200.0
VEH_009715,YV1XZE945706949,EX90,Pure_EV,Plus,111.0,92880.0,67500.0
VEH_009716,YV1XZD553046380,EC40,Pure_EV,Plus,82.0,57780.0,42984.0
VEH_009717,YV1XZF537145597,V60,MHEV,Ultimate,0.0,52864.0,38822.0
VEH_009718,YV1XZF539793388,EX30,Pure_EV,Core,69.0,42500.0,31200.0
VEH_009719,YV1XZC857257491,XC90,PHEV,Plus,18.8,96120.0,69228.0
VEH_009720,YV1XZD166682009,EX90,Pure_EV,Ultimate,111.0,101480.0,73750.0
VEH_009721,YV1XZG460012610,XC60,PHEV,Core,18.8,64500.0,46200.0
VEH_009722,YV1XZA439380589,XC90,PHEV,Plus,18.8,96120.0,69228.0
VEH_009723,YV1XZG137713268,EX90,Pure_EV,Core,111.0,86000.0,62500.0
VEH_009724,YV1XZC582658418,EX90,Pure_EV,Ultimate,111.0,101480.0,73750.0
VEH_009725,YV1XZD366369351,V60,MHEV,Plus,0.0,48384.0,35532.0
VEH_009726,YV1XZH824976810,EX30,Pure_EV,Core,69.0,42500.0,31200.0
VEH_009727,YV1XZH172376400,EX90,Pure_EV,Ultimate,111.0,101480.0,73750.0
VEH_009728,YV1XZC405231319,XC90,PHEV,Plus,18.8,96120.0,69228.0
VEH_009729,YV1XZF549221166,EC40,Pure_EV,Plus,82.0,57780.0,42984.0
VEH_009730,YV1XZB239649243,EX90,Pure_EV,Core,111.0,86000.0,62500.0
VEH_009731,YV1XZD683692875,V60,MHEV,Core,0.0,44800.0,32900.0
VEH_009732,YV1XZH684685474,V60,MHEV,Core,0.0,44800.0,32900.0
VEH_009733,YV1XZH679376355,EX90,Pure_EV,Ultimate,111.0,101480.0,73750.0
VEH_009734,YV1XZG183294728,EX30,Pure_EV,Plus,69.0,45900.0,33696.0
VEH_009735,YV1XZE472284378,EC40,Pure_EV,Ultimate,82.0,63130.0,46964.0
VEH_009736,YV1XZF651473196,XC90,PHEV,Ultimate,18.8,105020.0,75638.0
VEH_009737,YV1XZD479717417,XC60,PHEV,Plus,18.8,69660.0,49896.0
VEH_009738,YV1XZE185797204,XC60,PHEV,Plus,18.8,69660.0,49896.0
VEH_009739,YV1XZC774823933,XC90,PHEV,Core,18.8,89000.0,64100.0
VEH_009740,YV1XZC463556679,XC90,PHEV,Ultimate,18.8,105020.0,75638.0
VEH_009741,YV1XZC811646400,EX90,Pure_EV,Core,111.0,86000.0,62500.0
VEH_009742,YV1XZG564706101,XC90,PHEV,Ultimate,18.8,105020.0,75638.0
VEH_009743,YV1XZF995695137,XC90,PHEV,Core,18.8,89000.0,64100.0
VEH_009744,YV1XZG732790363,XC90,PHEV,Plus,18.8,96120.0,69228.0
VEH_009745,YV1XZE288552410,V60,MHEV,Ultimate,0.0,52864.0,38822.0
VEH_009746,YV1XZC843758464,XC90,PHEV,Ultimate,18.8,105020.0,75638.0
VEH_009747,YV1XZH138658300,XC90,PHEV,Plus,18.8,96120.0,69228.0
VEH_009748,YV1XZA360424172,EC40,Pure_EV,Core,82.0,53500.0,39800.0
VEH_009749,YV1XZD824251519,EX30,Pure_EV,Ultimate,69.0,50150.0,36816.0
VEH_009750,YV1XZH197893949,EX90,Pure_EV,Ultimate,111.0,101480.0,73750.0
VEH_009751,YV1XZD900788227,V60,MHEV,Core,0.0,44800.0,32900.0
VEH_009752,YV1XZD564490803,EX90,Pure_EV,Core,111.0,86000.0,62500.0
VEH_009753,YV1XZG414584768,XC60,PHEV,Ultimate,18.8,76110.0,54516.0
VEH_009754,YV1XZH685339681,EX90,Pure_EV,Plus,111.0,92880.0,67500.0
VEH_009755,YV1XZG681515528,XC60,PHEV,Core,18.8,64500.0,46200.0
VEH_009756,YV1XZF299879835,V60,MHEV,Ultimate,0.0,52864.0,38822.0
VEH_009757,YV1XZH893260058,XC60,PHEV,Core,18.8,64500.0,46200.0
VEH_009758,YV1XZD260570819,XC60,PHEV,Core,18.8,64500.0,46200.0
VEH_009759,YV1XZH581933783,EX30,Pure_EV,Ultimate,69.0,50150.0,36816.0
VEH_009760,YV1XZE569903266,XC90,PHEV,Core,18.8,89000.0,64100.0
VEH_009761,YV1XZA536690691,EX30,Pure_EV,Ultimate,69.0,50150.0,36816.0
VEH_009762,YV1XZD984633374,EX90,Pure_EV,Ultimate,111.0,101480.0,73750.0
VEH_009763,YV1XZF973237528,EX90,Pure_EV,Plus,111.0,92880.0,67500.0
VEH_009764,YV1XZF615759706,V60,MHEV,Ultimate,0.0,52864.0,38822.0
VEH_009765,YV1XZG286277308,EX90,Pure_EV,Plus,111.0,92880.0,67500.0
VEH_009766,YV1XZC963524623,EX90,Pure_EV,Ultimate,111.0,101480.0,73750.0
VEH_009767,YV1XZA160059396,XC60,PHEV,Plus,18.8,69660.0,49896.0
VEH_009768,YV1XZD464703805,EC40,Pure_EV,Plus,82.0,57780.0,42984.0
VEH_009769,YV1XZH334423629,XC90,PHEV,Plus,18.8,96120.0,69228.0
VEH_009770,YV1XZH336895749,EX30,Pure_EV,Core,69.0,42500.0,31200.0
VEH_009771,YV1XZC282767261,V60,MHEV,Ultimate,0.0,52864.0,38822.0
VEH_009772,YV1XZH124315093,XC90,PHEV,Plus,18.8,96120.0,69228.0
VEH_009773,YV1XZC946816526,EC40,Pure_EV,Ultimate,82.0,63130.0,46964.0
VEH_009774,YV1XZC455480893,EC40,Pure_EV,Core,82.0,53500.0,39800.0
VEH_009775,YV1XZE540818891,EC40,Pure_EV,Plus,82.0,57780.0,42984.0
VEH_009776,YV1XZD721532517,XC90,PHEV,Ultimate,18.8,105020.0,75638.0
VEH_009777,YV1XZA414790703,XC60,PHEV,Plus,18.8,69660.0,49896.0
VEH_009778,YV1XZG611827084,EX30,Pure_EV,Core,69.0,42500.0,31200.0
VEH_009779,YV1XZB486208946,XC90,PHEV,Ultimate,18.8,105020.0,75638.0
VEH_009780,YV1XZE529207799,XC90,PHEV,Plus,18.8,96120.0,69228.0
VEH_009781,YV1XZD666552821,V60,MHEV,Plus,0.0,48384.0,35532.0
VEH_009782,YV1XZG753610437,XC60,PHEV,Plus,18.8,69660.0,49896.0
VEH_009783,YV1XZE652868878,EX30,Pure_EV,Plus,69.0,45900.0,33696.0
VEH_009784,YV1XZG636292215,V60,MHEV,Plus,0.0,48384.0,35532.0
VEH_009785,YV1XZD301232445,V60,MHEV,Core,0.0,44800.0,32900.0
VEH_009786,YV1XZB840649545,V60,MHEV,Core,0.0,44800.0,32900.0
VEH_009787,YV1XZF478224779,EX90,Pure_EV,Plus,111.0,92880.0,67500.0
VEH_009788,YV1XZH131146481,XC90,PHEV,Plus,18.8,96120.0,69228.0
VEH_009789,YV1XZG273603528,EX30,Pure_EV,Ultimate,69.0,50150.0,36816.0
VEH_009790,YV1XZE435851135,EX90,Pure_EV,Ultimate,111.0,101480.0,73750.0
VEH_009791,YV1XZE271433479,XC90,PHEV,Ultimate,18.8,105020.0,75638.0
VEH_009792,YV1XZA624189699,XC60,PHEV,Plus,18.8,69660.0,49896.0
VEH_009793,YV1XZF321544059,XC60,PHEV,Core,18.8,64500.0,46200.0
VEH_009794,YV1XZC871387731,EX30,Pure_EV,Core,69.0,42500.0,31200.0
VEH_009795,YV1XZD718390067,EX30,Pure_EV,Core,69.0,42500.0,31200.0
VEH_009796,YV1XZB359119541,XC90,PHEV,Core,18.8,89000.0,64100.0
VEH_009797,YV1XZH197836569,V60,MHEV,Ultimate,0.0,52864.0,38822.0
VEH_009798,YV1XZD366020733,XC60,PHEV,Core,18.8,64500.0,46200.0
VEH_009799,YV1XZA444100408,EC40,Pure_EV,Plus,82.0,57780.0,42984.0
VEH_009800,YV1XZA680720507,XC90,PHEV,Core,18.8,89000.0,64100.0
VEH_009801,YV1XZB492963000,V60,MHEV,Core,0.0,44800.0,32900.0
VEH_009802,YV1XZH400866235,EX90,Pure_EV,Core,111.0,86000.0,62500.0
VEH_009803,YV1XZG592186291,EX90,Pure_EV,Plus,111.0,92880.0,67500.0
VEH_009804,YV1XZH627209566,EX30,Pure_EV,Core,69.0,42500.0,31200.0
VEH_009805,YV1XZH176104413,EX90,Pure_EV,Ultimate,111.0,101480.0,73750.0
VEH_009806,YV1XZF752999241,EC40,Pure_EV,Plus,82.0,57780.0,42984.0
VEH_009807,YV1XZF596798815,XC60,PHEV,Ultimate,18.8,76110.0,54516.0
VEH_009808,YV1XZE479517511,V60,MHEV,Ultimate,0.0,52864.0,38822.0
VEH_009809,YV1XZF756706305,XC60,PHEV,Plus,18.8,69660.0,49896.0
VEH_009810,YV1XZF127292416,XC90,PHEV,Plus,18.8,96120.0,69228.0
VEH_009811,YV1XZD839087567,EC40,Pure_EV,Plus,82.0,57780.0,42984.0
VEH_009812,YV1XZC704672358,V60,MHEV,Plus,0.0,48384.0,35532.0
VEH_009813,YV1XZB575786219,V60,MHEV,Ultimate,0.0,52864.0,38822.0
VEH_009814,YV1XZF407331728,EX30,Pure_EV,Plus,69.0,45900.0,33696.0
VEH_009815,YV1XZD770300117,EX30,Pure_EV,Ultimate,69.0,50150.0,36816.0
VEH_009816,YV1XZF240640266,EC40,Pure_EV,Core,82.0,53500.0,39800.0
VEH_009817,YV1XZF253987655,V60,MHEV,Ultimate,0.0,52864.0,38822.0
VEH_009818,YV1XZC931980298,EX30,Pure_EV,Plus,69.0,45900.0,33696.0
VEH_009819,YV1XZF203380605,EX30,Pure_EV,Plus,69.0,45900.0,33696.0
VEH_009820,YV1XZC199354801,EX30,Pure_EV,Ultimate,69.0,50150.0,36816.0
VEH_009821,YV1XZH417179264,EC40,Pure_EV,Plus,82.0,57780.0,42984.0
VEH_009822,YV1XZF259920714,V60,MHEV,Plus,0.0,48384.0,35532.0
VEH_009823,YV1XZA947710564,EX30,Pure_EV,Core,69.0,42500.0,31200.0
VEH_009824,YV1XZH777182184,V60,MHEV,Core,0.0,44800.0,32900.0
VEH_009825,YV1XZE597388789,XC60,PHEV,Ultimate,18.8,76110.0,54516.0
VEH_009826,YV1XZC422321740,EX90,Pure_EV,Core,111.0,86000.0,62500.0
VEH_009827,YV1XZF833582557,EX30,Pure_EV,Core,69.0,42500.0,31200.0
VEH_009828,YV1XZB943718307,EX90,Pure_EV,Core,111.0,86000.0,62500.0
VEH_009829,YV1XZE406801200,EX90,Pure_EV,Ultimate,111.0,101480.0,73750.0
VEH_009830,YV1XZC725722562,EX30,Pure_EV,Ultimate,69.0,50150.0,36816.0
VEH_009831,YV1XZD410914307,EX90,Pure_EV,Plus,111.0,92880.0,67500.0
VEH_009832,YV1XZE196909691,V60,MHEV,Core,0.0,44800.0,32900.0
VEH_009833,YV1XZB983411083,EX90,Pure_EV,Ultimate,111.0,101480.0,73750.0
VEH_009834,YV1XZF871408456,XC90,PHEV,Core,18.8,89000.0,64100.0
VEH_009835,YV1XZF613458191,V60,MHEV,Core,0.0,44800.0,32900.0
VEH_009836,YV1XZA859567175,XC90,PHEV,Plus,18.8,96120.0,69228.0
VEH_009837,YV1XZH752601097,EX30,Pure_EV,Plus,69.0,45900.0,33696.0
VEH_009838,YV1XZC959505897,EC40,Pure_EV,Core,82.0,53500.0,39800.0
VEH_009839,YV1XZC448877497,V60,MHEV,Core,0.0,44800.0,32900.0
VEH_009840,YV1XZA192711040,EC40,Pure_EV,Plus,82.0,57780.0,42984.0
VEH_009841,YV1XZB939374575,XC90,PHEV,Ultimate,18.8,105020.0,75638.0
VEH_009842,YV1XZE895658237,EX30,Pure_EV,Core,69.0,42500.0,31200.0
VEH_009843,YV1XZE960115159,V60,MHEV,Core,0.0,44800.0,32900.0
VEH_009844,YV1XZF607870785,XC90,PHEV,Ultimate,18.8,105020.0,75638.0
VEH_009845,YV1XZD745132650,EX30,Pure_EV,Core,69.0,42500.0,31200.0
VEH_009846,YV1XZG842926843,V60,MHEV,Ultimate,0.0,52864.0,38822.0
VEH_009847,YV1XZG687191522,EX90,Pure_EV,Plus,111.0,92880.0,67500.0
VEH_009848,YV1XZC629965483,XC60,PHEV,Core,18.8,64500.0,46200.0
VEH_009849,YV1XZC224526710,EX90,Pure_EV,Plus,111.0,92880.0,67500.0
VEH_009850,YV1XZA930294596,EX30,Pure_EV,Core,69.0,42500.0,31200.0
VEH_009851,YV1XZB847115468,EX90,Pure_EV,Ultimate,111.0,101480.0,73750.0
VEH_009852,YV1XZB340290885,V60,MHEV,Core,0.0,44800.0,32900.0
VEH_009853,YV1XZE735722828,EX30,Pure_EV,Core,69.0,42500.0,31200.0
VEH_009854,YV1XZA274763458,EC40,Pure_EV,Ultimate,82.0,63130.0,46964.0
VEH_009855,YV1XZA697062730,XC90,PHEV,Ultimate,18.8,105020.0,75638.0
VEH_009856,YV1XZB721047638,XC90,PHEV,Ultimate,18.8,105020.0,75638.0
VEH_009857,YV1XZG424289971,XC60,PHEV,Ultimate,18.8,76110.0,54516.0
VEH_009858,YV1XZD225646279,EC40,Pure_EV,Core,82.0,53500.0,39800.0
VEH_009859,YV1XZA650976602,XC90,PHEV,Core,18.8,89000.0,64100.0
VEH_009860,YV1XZD306365958,EX90,Pure_EV,Core,111.0,86000.0,62500.0
VEH_009861,YV1XZD201039298,EC40,Pure_EV,Plus,82.0,57780.0,42984.0
VEH_009862,YV1XZD916446801,XC60,PHEV,Core,18.8,64500.0,46200.0
VEH_009863,YV1XZG625119993,XC60,PHEV,Ultimate,18.8,76110.0,54516.0
VEH_009864,YV1XZB619962837,EX30,Pure_EV,Plus,69.0,45900.0,33696.0
VEH_009865,YV1XZD841721188,EX30,Pure_EV,Core,69.0,42500.0,31200.0
VEH_009866,YV1XZB763981171,XC90,PHEV,Ultimate,18.8,105020.0,75638.0
VEH_009867,YV1XZH411988793,EX30,Pure_EV,Ultimate,69.0,50150.0,36816.0
VEH_009868,YV1XZA220274666,EX30,Pure_EV,Plus,69.0,45900.0,33696.0
VEH_009869,YV1XZD939367135,EX90,Pure_EV,Ultimate,111.0,101480.0,73750.0
VEH_009870,YV1XZD392520382,EX90,Pure_EV,Core,111.0,86000.0,62500.0
VEH_009871,YV1XZF561555795,EC40,Pure_EV,Ultimate,82.0,63130.0,46964.0
VEH_009872,YV1XZB374987205,EX30,Pure_EV,Plus,69.0,45900.0,33696.0
VEH_009873,YV1XZG470379056,XC90,PHEV,Plus,18.8,96120.0,69228.0
VEH_009874,YV1XZH587244650,EX30,Pure_EV,Ultimate,69.0,50150.0,36816.0
VEH_009875,YV1XZC484513349,EC40,Pure_EV,Ultimate,82.0,63130.0,46964.0
VEH_009876,YV1XZH263234339,V60,MHEV,Ultimate,0.0,52864.0,38822.0
VEH_009877,YV1XZG911644273,EX90,Pure_EV,Core,111.0,86000.0,62500.0
VEH_009878,YV1XZB523455793,V60,MHEV,Core,0.0,44800.0,32900.0
VEH_009879,YV1XZH789868119,EX30,Pure_EV,Core,69.0,42500.0,31200.0
VEH_009880,YV1XZB199666865,XC90,PHEV,Ultimate,18.8,105020.0,75638.0
VEH_009881,YV1XZA438719638,V60,MHEV,Ultimate,0.0,52864.0,38822.0
VEH_009882,YV1XZA301824104,V60,MHEV,Plus,0.0,48384.0,35532.0
VEH_009883,YV1XZG928376932,XC90,PHEV,Ultimate,18.8,105020.0,75638.0
VEH_009884,YV1XZG528355751,EX90,Pure_EV,Core,111.0,86000.0,62500.0
VEH_009885,YV1XZA470838197,XC60,PHEV,Core,18.8,64500.0,46200.0
VEH_009886,YV1XZE532281667,XC90,PHEV,Ultimate,18.8,105020.0,75638.0
VEH_009887,YV1XZG837036636,XC90,PHEV,Plus,18.8,96120.0,69228.0
VEH_009888,YV1XZC922344427,XC90,PHEV,Core,18.8,89000.0,64100.0
VEH_009889,YV1XZH163635537,EX90,Pure_EV,Core,111.0,86000.0,62500.0
VEH_009890,YV1XZB896919869,EX30,Pure_EV,Plus,69.0,45900.0,33696.0
VEH_009891,YV1XZA938969140,V60,MHEV,Plus,0.0,48384.0,35532.0
VEH_009892,YV1XZH170546310,EX30,Pure_EV,Ultimate,69.0,50150.0,36816.0
VEH_009893,YV1XZA700686670,EC40,Pure_EV,Ultimate,82.0,63130.0,46964.0
VEH_009894,YV1XZD296071367,XC60,PHEV,Core,18.8,64500.0,46200.0
VEH_009895,YV1XZD132878838,EX90,Pure_EV,Plus,111.0,92880.0,67500.0
VEH_009896,YV1XZH414770196,XC60,PHEV,Plus,18.8,69660.0,49896.0
VEH_009897,YV1XZD768996152,EC40,Pure_EV,Ultimate,82.0,63130.0,46964.0
VEH_009898,YV1XZD602640345,V60,MHEV,Core,0.0,44800.0,32900.0
VEH_009899,YV1XZA720375619,EC40,Pure_EV,Ultimate,82.0,63130.0,46964.0
VEH_009900,YV1XZC663283801,XC60,PHEV,Core,18.8,64500.0,46200.0
VEH_009901,YV1XZC836476019,EC40,Pure_EV,Ultimate,82.0,63130.0,46964.0
VEH_009902,YV1XZF897462170,EC40,Pure_EV,Ultimate,82.0,63130.0,46964.0
VEH_009903,YV1XZF220870786,EC40,Pure_EV,Plus,82.0,57780.0,42984.0
VEH_009904,YV1XZB718591586,EX90,Pure_EV,Ultimate,111.0,101480.0,73750.0
VEH_009905,YV1XZD433734018,XC60,PHEV,Core,18.8,64500.0,46200.0
VEH_009906,YV1XZD559954011,XC90,PHEV,Core,18.8,89000.0,64100.0
VEH_009907,YV1XZD688200205,XC60,PHEV,Ultimate,18.8,76110.0,54516.0
VEH_009908,YV1XZD525608985,V60,MHEV,Plus,0.0,48384.0,35532.0
VEH_009909,YV1XZD256089996,XC90,PHEV,Ultimate,18.8,105020.0,75638.0
VEH_009910,YV1XZA134941234,EX90,Pure_EV,Ultimate,111.0,101480.0,73750.0
VEH_009911,YV1XZD541516775,EC40,Pure_EV,Ultimate,82.0,63130.0,46964.0
VEH_009912,YV1XZF657145122,EC40,Pure_EV,Plus,82.0,57780.0,42984.0
VEH_009913,YV1XZG958524527,EC40,Pure_EV,Plus,82.0,57780.0,42984.0
VEH_009914,YV1XZG892479741,EC40,Pure_EV,Ultimate,82.0,63130.0,46964.0
VEH_009915,YV1XZE205511157,XC60,PHEV,Ultimate,18.8,76110.0,54516.0
VEH_009916,YV1XZH923263556,XC60,PHEV,Core,18.8,64500.0,46200.0
VEH_009917,YV1XZA529845412,EX30,Pure_EV,Core,69.0,42500.0,31200.0
VEH_009918,YV1XZH457466215,EX90,Pure_EV,Core,111.0,86000.0,62500.0
VEH_009919,YV1XZH616239917,EC40,Pure_EV,Core,82.0,53500.0,39800.0
VEH_009920,YV1XZB379331896,XC60,PHEV,Core,18.8,64500.0,46200.0
VEH_009921,YV1XZE105230073,EC40,Pure_EV,Ultimate,82.0,63130.0,46964.0
VEH_009922,YV1XZB904551228,XC90,PHEV,Core,18.8,89000.0,64100.0
VEH_009923,YV1XZB497146454,EC40,Pure_EV,Plus,82.0,57780.0,42984.0
VEH_009924,YV1XZB858849443,XC60,PHEV,Core,18.8,64500.0,46200.0
VEH_009925,YV1XZD854891556,EC40,Pure_EV,Ultimate,82.0,63130.0,46964.0
VEH_009926,YV1XZB544605715,XC60,PHEV,Core,18.8,64500.0,46200.0
VEH_009927,YV1XZB209497482,XC90,PHEV,Plus,18.8,96120.0,69228.0
VEH_009928,YV1XZA312862076,EC40,Pure_EV,Plus,82.0,57780.0,42984.0
VEH_009929,YV1XZB654477082,XC60,PHEV,Core,18.8,64500.0,46200.0
VEH_009930,YV1XZG903712640,XC90,PHEV,Core,18.8,89000.0,64100.0
VEH_009931,YV1XZF466892342,V60,MHEV,Core,0.0,44800.0,32900.0
VEH_009932,YV1XZE507038168,EC40,Pure_EV,Ultimate,82.0,63130.0,46964.0
VEH_009933,YV1XZC896199420,EC40,Pure_EV,Plus,82.0,57780.0,42984.0
VEH_009934,YV1XZD507780140,XC60,PHEV,Ultimate,18.8,76110.0,54516.0
VEH_009935,YV1XZD636690382,XC90,PHEV,Plus,18.8,96120.0,69228.0
VEH_009936,YV1XZE966461099,XC60,PHEV,Core,18.8,64500.0,46200.0
VEH_009937,YV1XZE958237376,EX30,Pure_EV,Core,69.0,42500.0,31200.0
VEH_009938,YV1XZF401517204,V60,MHEV,Plus,0.0,48384.0,35532.0
VEH_009939,YV1XZF824310998,EC40,Pure_EV,Ultimate,82.0,63130.0,46964.0
VEH_009940,YV1XZA109520557,XC60,PHEV,Plus,18.8,69660.0,49896.0
VEH_009941,YV1XZB199552871,EX90,Pure_EV,Core,111.0,86000.0,62500.0
VEH_009942,YV1XZC263410357,XC90,PHEV,Plus,18.8,96120.0,69228.0
VEH_009943,YV1XZD661201193,XC60,PHEV,Core,18.8,64500.0,46200.0
VEH_009944,YV1XZH386748835,XC60,PHEV,Ultimate,18.8,76110.0,54516.0
VEH_009945,YV1XZB799685659,V60,MHEV,Core,0.0,44800.0,32900.0
VEH_009946,YV1XZD519380862,V60,MHEV,Plus,0.0,48384.0,35532.0
VEH_009947,YV1XZF806651177,XC90,PHEV,Core,18.8,89000.0,64100.0
VEH_009948,YV1XZF999507991,EX30,Pure_EV,Ultimate,69.0,50150.0,36816.0
VEH_009949,YV1XZH123059753,V60,MHEV,Ultimate,0.0,52864.0,38822.0
VEH_009950,YV1XZE131542946,XC90,PHEV,Core,18.8,89000.0,64100.0
VEH_009951,YV1XZB536355289,V60,MHEV,Ultimate,0.0,52864.0,38822.0
VEH_009952,YV1XZA683681542,V60,MHEV,Plus,0.0,48384.0,35532.0
VEH_009953,YV1XZD542234804,EX30,Pure_EV,Core,69.0,42500.0,31200.0
VEH_009954,YV1XZA358286540,V60,MHEV,Plus,0.0,48384.0,35532.0
VEH_009955,YV1XZE703413829,EC40,Pure_EV,Ultimate,82.0,63130.0,46964.0
VEH_009956,YV1XZH972900572,EC40,Pure_EV,Core,82.0,53500.0,39800.0
VEH_009957,YV1XZA841984974,XC60,PHEV,Core,18.8,64500.0,46200.0
VEH_009958,YV1XZH712475733,XC60,PHEV,Core,18.8,64500.0,46200.0
VEH_009959,YV1XZF862167845,EC40,Pure_EV,Ultimate,82.0,63130.0,46964.0
VEH_009960,YV1XZC737714362,EX30,Pure_EV,Plus,69.0,45900.0,33696.0
VEH_009961,YV1XZE758264623,EC40,Pure_EV,Plus,82.0,57780.0,42984.0
VEH_009962,YV1XZG718558730,V60,MHEV,Plus,0.0,48384.0,35532.0
VEH_009963,YV1XZC996903910,EC40,Pure_EV,Plus,82.0,57780.0,42984.0
VEH_009964,YV1XZH846586528,EX30,Pure_EV,Ultimate,69.0,50150.0,36816.0
VEH_009965,YV1XZG240048805,V60,MHEV,Plus,0.0,48384.0,35532.0
VEH_009966,YV1XZC637396778,XC60,PHEV,Plus,18.8,69660.0,49896.0
VEH_009967,YV1XZB545501949,EX30,Pure_EV,Core,69.0,42500.0,31200.0
VEH_009968,YV1XZB796172300,V60,MHEV,Ultimate,0.0,52864.0,38822.0
VEH_009969,YV1XZE428600406,XC60,PHEV,Core,18.8,64500.0,46200.0
VEH_009970,YV1XZE848524398,XC60,PHEV,Ultimate,18.8,76110.0,54516.0
VEH_009971,YV1XZC351507806,EC40,Pure_EV,Ultimate,82.0,63130.0,46964.0
VEH_009972,YV1XZB976296466,EC40,Pure_EV,Ultimate,82.0,63130.0,46964.0
VEH_009973,YV1XZD691420012,XC60,PHEV,Ultimate,18.8,76110.0,54516.0
VEH_009974,YV1XZG399034832,EX90,Pure_EV,Core,111.0,86000.0,62500.0
VEH_009975,YV1XZH871410381,V60,MHEV,Ultimate,0.0,52864.0,38822.0
VEH_009976,YV1XZA156930671,EX30,Pure_EV,Ultimate,69.0,50150.0,36816.0
VEH_009977,YV1XZA599422344,EX30,Pure_EV,Plus,69.0,45900.0,33696.0
VEH_009978,YV1XZC833460244,XC90,PHEV,Core,18.8,89000.0,64100.0
VEH_009979,YV1XZE783176771,V60,MHEV,Ultimate,0.0,52864.0,38822.0
VEH_009980,YV1XZH534903775,V60,MHEV,Plus,0.0,48384.0,35532.0
VEH_009981,YV1XZD143974140,EX30,Pure_EV,Ultimate,69.0,50150.0,36816.0
VEH_009982,YV1XZE700691166,EC40,Pure_EV,Ultimate,82.0,63130.0,46964.0
VEH_009983,YV1XZE286541403,EC40,Pure_EV,Core,82.0,53500.0,39800.0
VEH_009984,YV1XZD436488400,V60,MHEV,Ultimate,0.0,52864.0,38822.0
VEH_009985,YV1XZC945223230,V60,MHEV,Plus,0.0,48384.0,35532.0
VEH_009986,YV1XZD619039546,XC90,PHEV,Core,18.8,89000.0,64100.0
VEH_009987,YV1XZH865515431,EX90,Pure_EV,Ultimate,111.0,101480.0,73750.0
VEH_009988,YV1XZH716089756,EC40,Pure_EV,Plus,82.0,57780.0,42984.0
VEH_009989,YV1XZD151837905,XC90,PHEV,Core,18.8,89000.0,64100.0
VEH_009990,YV1XZF506257861,EX90,Pure_EV,Plus,111.0,92880.0,67500.0
VEH_009991,YV1XZH863403941,EC40,Pure_EV,Ultimate,82.0,63130.0,46964.0
VEH_009992,YV1XZB466845344,XC60,PHEV,Core,18.8,64500.0,46200.0
VEH_009993,YV1XZC882499937,XC90,PHEV,Ultimate,18.8,105020.0,75638.0
VEH_009994,YV1XZH140285915,V60,MHEV,Core,0.0,44800.0,32900.0
VEH_009995,YV1XZE178366314,V60,MHEV,Ultimate,0.0,52864.0,38822.0
VEH_009996,YV1XZH881384840,V60,MHEV,Core,0.0,44800.0,32900.0
VEH_009997,YV1XZB547236945,XC90,PHEV,Core,18.8,89000.0,64100.0
VEH_009998,YV1XZE530923467,EX30,Pure_EV,Core,69.0,42500.0,31200.0
VEH_009999,YV1XZG865109754,EC40,Pure_EV,Plus,82.0,57780.0,42984.0
VEH_010000,YV1XZB725479928,V60,MHEV,Core,0.0,44800.0,32900.0
VEH_010001,YV1XZA914163139,XC90,PHEV,Core,18.8,89000.0,64100.0
VEH_010002,YV1XZF959255898,XC90,PHEV,Plus,18.8,96120.0,69228.0
VEH_010003,YV1XZE625567351,EC40,Pure_EV,Core,82.0,53500.0,39800.0
VEH_010004,YV1XZF862838044,EX90,Pure_EV,Ultimate,111.0,101480.0,73750.0
VEH_010005,YV1XZH874825001,EX90,Pure_EV,Core,111.0,86000.0,62500.0
VEH_010006,YV1XZE700831409,V60,MHEV,Plus,0.0,48384.0,35532.0
VEH_010007,YV1XZH592301175,V60,MHEV,Ultimate,0.0,52864.0,38822.0
VEH_010008,YV1XZH701636318,EX30,Pure_EV,Core,69.0,42500.0,31200.0
VEH_010009,YV1XZC465756137,XC90,PHEV,Core,18.8,89000.0,64100.0
VEH_010010,YV1XZF201798023,EX90,Pure_EV,Core,111.0,86000.0,62500.0
VEH_010011,YV1XZA691203740,EX90,Pure_EV,Core,111.0,86000.0,62500.0
VEH_010012,YV1XZG618693373,EX90,Pure_EV,Core,111.0,86000.0,62500.0
VEH_010013,YV1XZA759819416,XC90,PHEV,Ultimate,18.8,105020.0,75638.0
VEH_010014,YV1XZG542311553,XC60,PHEV,Ultimate,18.8,76110.0,54516.0
VEH_010015,YV1XZC681047454,V60,MHEV,Core,0.0,44800.0,32900.0
VEH_010016,YV1XZD689821200,XC60,PHEV,Plus,18.8,69660.0,49896.0
VEH_010017,YV1XZF593249310,EX90,Pure_EV,Ultimate,111.0,101480.0,73750.0
VEH_010018,YV1XZE532192934,EX30,Pure_EV,Plus,69.0,45900.0,33696.0
VEH_010019,YV1XZC216412247,V60,MHEV,Ultimate,0.0,52864.0,38822.0
VEH_010020,YV1XZA302842616,V60,MHEV,Core,0.0,44800.0,32900.0
VEH_010021,YV1XZH110336124,V60,MHEV,Ultimate,0.0,52864.0,38822.0
VEH_010022,YV1XZA579981898,V60,MHEV,Ultimate,0.0,52864.0,38822.0
VEH_010023,YV1XZH658546670,EX30,Pure_EV,Core,69.0,42500.0,31200.0
VEH_010024,YV1XZG866216026,EX30,Pure_EV,Ultimate,69.0,50150.0,36816.0
VEH_010025,YV1XZD276331359,V60,MHEV,Plus,0.0,48384.0,35532.0
VEH_010026,YV1XZA712718970,EX30,Pure_EV,Plus,69.0,45900.0,33696.0
VEH_010027,YV1XZE641817695,XC90,PHEV,Core,18.8,89000.0,64100.0
VEH_010028,YV1XZC821969537,EC40,Pure_EV,Ultimate,82.0,63130.0,46964.0
VEH_010029,YV1XZG627967333,V60,MHEV,Ultimate,0.0,52864.0,38822.0
VEH_010030,YV1XZH539553381,V60,MHEV,Plus,0.0,48384.0,35532.0
VEH_010031,YV1XZG473246805,V60,MHEV,Core,0.0,44800.0,32900.0
VEH_010032,YV1XZE822840441,EX30,Pure_EV,Plus,69.0,45900.0,33696.0
VEH_010033,YV1XZG440013315,EC40,Pure_EV,Plus,82.0,57780.0,42984.0
VEH_010034,YV1XZG605615444,XC60,PHEV,Core,18.8,64500.0,46200.0
VEH_010035,YV1XZE196435175,XC60,PHEV,Plus,18.8,69660.0,49896.0
VEH_010036,YV1XZC639174216,XC90,PHEV,Ultimate,18.8,105020.0,75638.0
VEH_010037,YV1XZE635165686,EX30,Pure_EV,Plus,69.0,45900.0,33696.0
VEH_010038,YV1XZF103749932,XC60,PHEV,Ultimate,18.8,76110.0,54516.0
VEH_010039,YV1XZE458462604,EX30,Pure_EV,Core,69.0,42500.0,31200.0
VEH_010040,YV1XZA299611414,EX90,Pure_EV,Core,111.0,86000.0,62500.0
VEH_010041,YV1XZG756546276,XC60,PHEV,Core,18.8,64500.0,46200.0
VEH_010042,YV1XZD234225604,EX90,Pure_EV,Core,111.0,86000.0,62500.0
VEH_010043,YV1XZE470777296,V60,MHEV,Plus,0.0,48384.0,35532.0
VEH_010044,YV1XZH339101436,EX90,Pure_EV,Plus,111.0,92880.0,67500.0
VEH_010045,YV1XZA595474385,EX90,Pure_EV,Core,111.0,86000.0,62500.0
VEH_010046,YV1XZG343847080,EC40,Pure_EV,Core,82.0,53500.0,39800.0
VEH_010047,YV1XZG652913101,EC40,Pure_EV,Core,82.0,53500.0,39800.0
VEH_010048,YV1XZC391803243,EC40,Pure_EV,Core,82.0,53500.0,39800.0
VEH_010049,YV1XZH495240051,XC60,PHEV,Plus,18.8,69660.0,49896.0
VEH_010050,YV1XZF860306066,EX30,Pure_EV,Core,69.0,42500.0,31200.0
VEH_010051,YV1XZH916104265,XC90,PHEV,Core,18.8,89000.0,64100.0
VEH_010052,YV1XZA166409609,V60,MHEV,Ultimate,0.0,52864.0,38822.0
VEH_010053,YV1XZD528895906,V60,MHEV,Plus,0.0,48384.0,35532.0
VEH_010054,YV1XZD308437490,V60,MHEV,Plus,0.0,48384.0,35532.0
VEH_010055,YV1XZG347549203,EX90,Pure_EV,Plus,111.0,92880.0,67500.0
VEH_010056,YV1XZC260469142,EX90,Pure_EV,Plus,111.0,92880.0,67500.0
VEH_010057,YV1XZG271090952,XC90,PHEV,Plus,18.8,96120.0,69228.0
VEH_010058,YV1XZH250122898,XC90,PHEV,Core,18.8,89000.0,64100.0
VEH_010059,YV1XZC299972109,EX90,Pure_EV,Plus,111.0,92880.0,67500.0
VEH_010060,YV1XZD209529296,EC40,Pure_EV,Ultimate,82.0,63130.0,46964.0
VEH_010061,YV1XZD870367611,EX30,Pure_EV,Core,69.0,42500.0,31200.0
VEH_010062,YV1XZA107414852,XC60,PHEV,Ultimate,18.8,76110.0,54516.0
VEH_010063,YV1XZE253088660,XC90,PHEV,Ultimate,18.8,105020.0,75638.0
VEH_010064,YV1XZE136538728,V60,MHEV,Core,0.0,44800.0,32900.0
VEH_010065,YV1XZH111962073,EX90,Pure_EV,Ultimate,111.0,101480.0,73750.0
VEH_010066,YV1XZD350419748,EC40,Pure_EV,Core,82.0,53500.0,39800.0
VEH_010067,YV1XZB778879427,EX90,Pure_EV,Ultimate,111.0,101480.0,73750.0
VEH_010068,YV1XZD672707218,V60,MHEV,Ultimate,0.0,52864.0,38822.0
VEH_010069,YV1XZG781415172,EC40,Pure_EV,Plus,82.0,57780.0,42984.0
VEH_010070,YV1XZF793282561,EX30,Pure_EV,Core,69.0,42500.0,31200.0
VEH_010071,YV1XZA389246942,XC60,PHEV,Ultimate,18.8,76110.0,54516.0
VEH_010072,YV1XZH208477609,XC60,PHEV,Core,18.8,64500.0,46200.0
VEH_010073,YV1XZF908249565,XC90,PHEV,Ultimate,18.8,105020.0,75638.0
VEH_010074,YV1XZB612731589,V60,MHEV,Ultimate,0.0,52864.0,38822.0
VEH_010075,YV1XZG680200438,XC60,PHEV,Ultimate,18.8,76110.0,54516.0
VEH_010076,YV1XZG417604667,EX30,Pure_EV,Ultimate,69.0,50150.0,36816.0
VEH_010077,YV1XZF429813964,EC40,Pure_EV,Ultimate,82.0,63130.0,46964.0
VEH_010078,YV1XZC202927908,EC40,Pure_EV,Ultimate,82.0,63130.0,46964.0
VEH_010079,YV1XZD597751737,EC40,Pure_EV,Plus,82.0,57780.0,42984.0
VEH_010080,YV1XZC567159530,XC90,PHEV,Ultimate,18.8,105020.0,75638.0
VEH_010081,YV1XZF321468507,EC40,Pure_EV,Core,82.0,53500.0,39800.0
VEH_010082,YV1XZH312836039,V60,MHEV,Core,0.0,44800.0,32900.0
VEH_010083,YV1XZG660917085,V60,MHEV,Ultimate,0.0,52864.0,38822.0
VEH_010084,YV1XZD382473504,XC90,PHEV,Plus,18.8,96120.0,69228.0
VEH_010085,YV1XZD782533897,V60,MHEV,Core,0.0,44800.0,32900.0
VEH_010086,YV1XZD747713554,XC90,PHEV,Core,18.8,89000.0,64100.0
VEH_010087,YV1XZH826857206,XC60,PHEV,Ultimate,18.8,76110.0,54516.0
VEH_010088,YV1XZD827695820,V60,MHEV,Ultimate,0.0,52864.0,38822.0
VEH_010089,YV1XZF124542795,EX90,Pure_EV,Core,111.0,86000.0,62500.0
VEH_010090,YV1XZB737655438,EX90,Pure_EV,Core,111.0,86000.0,62500.0
VEH_010091,YV1XZG470919112,XC90,PHEV,Plus,18.8,96120.0,69228.0
VEH_010092,YV1XZA237188533,EC40,Pure_EV,Core,82.0,53500.0,39800.0
VEH_010093,YV1XZG568056824,EC40,Pure_EV,Core,82.0,53500.0,39800.0
VEH_010094,YV1XZG784936122,XC60,PHEV,Ultimate,18.8,76110.0,54516.0
VEH_010095,YV1XZG793886707,V60,MHEV,Core,0.0,44800.0,32900.0
VEH_010096,YV1XZE630656408,XC60,PHEV,Core,18.8,64500.0,46200.0
VEH_010097,YV1XZB419806433,XC60,PHEV,Plus,18.8,69660.0,49896.0
VEH_010098,YV1XZG364798825,XC90,PHEV,Ultimate,18.8,105020.0,75638.0
VEH_010099,YV1XZF877559838,EX90,Pure_EV,Ultimate,111.0,101480.0,73750.0
VEH_010100,YV1XZA348153502,XC90,PHEV,Core,18.8,89000.0,64100.0
VEH_010101,YV1XZC433310448,XC90,PHEV,Plus,18.8,96120.0,69228.0
VEH_010102,YV1XZG281351053,EX90,Pure_EV,Plus,111.0,92880.0,67500.0
VEH_010103,YV1XZF478461422,EX90,Pure_EV,Core,111.0,86000.0,62500.0
VEH_010104,YV1XZD826928165,XC90,PHEV,Plus,18.8,96120.0,69228.0
VEH_010105,YV1XZD714997410,XC60,PHEV,Plus,18.8,69660.0,49896.0
VEH_010106,YV1XZD740563044,V60,MHEV,Plus,0.0,48384.0,35532.0
VEH_010107,YV1XZF740459562,XC90,PHEV,Plus,18.8,96120.0,69228.0
VEH_010108,YV1XZD697356349,EC40,Pure_EV,Core,82.0,53500.0,39800.0
VEH_010109,YV1XZF945974588,XC90,PHEV,Plus,18.8,96120.0,69228.0
VEH_010110,YV1XZG489010069,V60,MHEV,Plus,0.0,48384.0,35532.0
VEH_010111,YV1XZF313015750,XC60,PHEV,Ultimate,18.8,76110.0,54516.0
VEH_010112,YV1XZA651417634,EX30,Pure_EV,Plus,69.0,45900.0,33696.0
VEH_010113,YV1XZA157526117,XC60,PHEV,Core,18.8,64500.0,46200.0
VEH_010114,YV1XZB116857943,EX90,Pure_EV,Ultimate,111.0,101480.0,73750.0
VEH_010115,YV1XZH319068996,V60,MHEV,Core,0.0,44800.0,32900.0
VEH_010116,YV1XZG337777259,XC60,PHEV,Ultimate,18.8,76110.0,54516.0
VEH_010117,YV1XZC476801784,V60,MHEV,Ultimate,0.0,52864.0,38822.0
VEH_010118,YV1XZH319996555,V60,MHEV,Plus,0.0,48384.0,35532.0
VEH_010119,YV1XZC282548833,V60,MHEV,Ultimate,0.0,52864.0,38822.0
VEH_010120,YV1XZE642231175,V60,MHEV,Core,0.0,44800.0,32900.0
VEH_010121,YV1XZD742515850,XC60,PHEV,Plus,18.8,69660.0,49896.0
VEH_010122,YV1XZG105463630,EX30,Pure_EV,Plus,69.0,45900.0,33696.0
VEH_010123,YV1XZB135847163,EX30,Pure_EV,Ultimate,69.0,50150.0,36816.0
VEH_010124,YV1XZE689178808,XC90,PHEV,Core,18.8,89000.0,64100.0
VEH_010125,YV1XZG873091397,XC90,PHEV,Plus,18.8,96120.0,69228.0
VEH_010126,YV1XZH323201617,V60,MHEV,Core,0.0,44800.0,32900.0
VEH_010127,YV1XZG432367961,V60,MHEV,Core,0.0,44800.0,32900.0
VEH_010128,YV1XZD813473052,EC40,Pure_EV,Plus,82.0,57780.0,42984.0
VEH_010129,YV1XZF759317972,XC60,PHEV,Ultimate,18.8,76110.0,54516.0
VEH_010130,YV1XZE198103184,EC40,Pure_EV,Ultimate,82.0,63130.0,46964.0
VEH_010131,YV1XZA944918864,XC60,PHEV,Plus,18.8,69660.0,49896.0
VEH_010132,YV1XZA743676136,XC90,PHEV,Ultimate,18.8,105020.0,75638.0
VEH_010133,YV1XZB545424233,EX90,Pure_EV,Plus,111.0,92880.0,67500.0
VEH_010134,YV1XZF785584809,EC40,Pure_EV,Ultimate,82.0,63130.0,46964.0
VEH_010135,YV1XZA406622147,XC90,PHEV,Core,18.8,89000.0,64100.0
VEH_010136,YV1XZD868554797,EC40,Pure_EV,Plus,82.0,57780.0,42984.0
VEH_010137,YV1XZG717024006,EC40,Pure_EV,Plus,82.0,57780.0,42984.0
VEH_010138,YV1XZH951235758,EC40,Pure_EV,Plus,82.0,57780.0,42984.0
VEH_010139,YV1XZD679350162,EX90,Pure_EV,Ultimate,111.0,101480.0,73750.0
VEH_010140,YV1XZA899078978,XC60,PHEV,Ultimate,18.8,76110.0,54516.0
VEH_010141,YV1XZC638130888,V60,MHEV,Plus,0.0,48384.0,35532.0
VEH_010142,YV1XZF517675987,XC90,PHEV,Core,18.8,89000.0,64100.0
VEH_010143,YV1XZB693914313,XC60,PHEV,Plus,18.8,69660.0,49896.0
VEH_010144,YV1XZE894730104,EX90,Pure_EV,Plus,111.0,92880.0,67500.0
VEH_010145,YV1XZB737174525,XC60,PHEV,Plus,18.8,69660.0,49896.0
VEH_010146,YV1XZD577880155,XC90,PHEV,Ultimate,18.8,105020.0,75638.0
VEH_010147,YV1XZE480920851,EC40,Pure_EV,Core,82.0,53500.0,39800.0
VEH_010148,YV1XZG645580284,EX30,Pure_EV,Ultimate,69.0,50150.0,36816.0
VEH_010149,YV1XZD640482894,EC40,Pure_EV,Ultimate,82.0,63130.0,46964.0
VEH_010150,YV1XZC901984693,EX30,Pure_EV,Plus,69.0,45900.0,33696.0
VEH_010151,YV1XZC357422785,EC40,Pure_EV,Core,82.0,53500.0,39800.0
VEH_010152,YV1XZG401097380,EX30,Pure_EV,Ultimate,69.0,50150.0,36816.0
VEH_010153,YV1XZC384775347,XC60,PHEV,Ultimate,18.8,76110.0,54516.0
VEH_010154,YV1XZD484750773,EX90,Pure_EV,Plus,111.0,92880.0,67500.0
VEH_010155,YV1XZG738731034,EC40,Pure_EV,Ultimate,82.0,63130.0,46964.0
VEH_010156,YV1XZB300429687,EC40,Pure_EV,Core,82.0,53500.0,39800.0
VEH_010157,YV1XZF517552319,EX30,Pure_EV,Ultimate,69.0,50150.0,36816.0
VEH_010158,YV1XZH168180148,EX30,Pure_EV,Core,69.0,42500.0,31200.0
VEH_010159,YV1XZA325031539,EX30,Pure_EV,Ultimate,69.0,50150.0,36816.0
VEH_010160,YV1XZG767757649,EC40,Pure_EV,Plus,82.0,57780.0,42984.0
VEH_010161,YV1XZG100742783,EC40,Pure_EV,Plus,82.0,57780.0,42984.0
VEH_010162,YV1XZA327566219,EC40,Pure_EV,Ultimate,82.0,63130.0,46964.0
VEH_010163,YV1XZE573838084,XC60,PHEV,Plus,18.8,69660.0,49896.0
VEH_010164,YV1XZG888830120,EC40,Pure_EV,Plus,82.0,57780.0,42984.0
VEH_010165,YV1XZB557445416,XC90,PHEV,Core,18.8,89000.0,64100.0
VEH_010166,YV1XZC224331092,EX30,Pure_EV,Core,69.0,42500.0,31200.0
VEH_010167,YV1XZD880636663,EC40,Pure_EV,Core,82.0,53500.0,39800.0
VEH_010168,YV1XZG850279813,XC90,PHEV,Ultimate,18.8,105020.0,75638.0
VEH_010169,YV1XZG862529189,EC40,Pure_EV,Plus,82.0,57780.0,42984.0
VEH_010170,YV1XZB785555831,XC90,PHEV,Ultimate,18.8,105020.0,75638.0
VEH_010171,YV1XZA145532188,XC90,PHEV,Ultimate,18.8,105020.0,75638.0
VEH_010172,YV1XZF659563145,EC40,Pure_EV,Core,82.0,53500.0,39800.0
VEH_010173,YV1XZD332653029,XC90,PHEV,Core,18.8,89000.0,64100.0
VEH_010174,YV1XZG867348286,EC40,Pure_EV,Core,82.0,53500.0,39800.0
VEH_010175,YV1XZG101363076,V60,MHEV,Ultimate,0.0,52864.0,38822.0
VEH_010176,YV1XZF438930285,EX30,Pure_EV,Core,69.0,42500.0,31200.0
VEH_010177,YV1XZA279690991,V60,MHEV,Core,0.0,44800.0,32900.0
VEH_010178,YV1XZH307256730,XC90,PHEV,Plus,18.8,96120.0,69228.0
VEH_010179,YV1XZB133464894,XC90,PHEV,Core,18.8,89000.0,64100.0
VEH_010180,YV1XZE970425349,EX30,Pure_EV,Core,69.0,42500.0,31200.0
VEH_010181,YV1XZB681943615,EC40,Pure_EV,Plus,82.0,57780.0,42984.0
VEH_010182,YV1XZA513140320,EX30,Pure_EV,Plus,69.0,45900.0,33696.0
VEH_010183,YV1XZB741815664,V60,MHEV,Ultimate,0.0,52864.0,38822.0
VEH_010184,YV1XZB303681054,EC40,Pure_EV,Ultimate,82.0,63130.0,46964.0
VEH_010185,YV1XZF138850168,XC60,PHEV,Ultimate,18.8,76110.0,54516.0
VEH_010186,YV1XZB718031620,EC40,Pure_EV,Plus,82.0,57780.0,42984.0
VEH_010187,YV1XZD994764302,EX30,Pure_EV,Ultimate,69.0,50150.0,36816.0
VEH_010188,YV1XZH187492688,XC90,PHEV,Plus,18.8,96120.0,69228.0
VEH_010189,YV1XZH182466503,XC90,PHEV,Plus,18.8,96120.0,69228.0
VEH_010190,YV1XZA789353414,XC60,PHEV,Core,18.8,64500.0,46200.0
VEH_010191,YV1XZC741502374,EC40,Pure_EV,Ultimate,82.0,63130.0,46964.0
VEH_010192,YV1XZC906609429,EX90,Pure_EV,Ultimate,111.0,101480.0,73750.0
VEH_010193,YV1XZF118546302,XC90,PHEV,Ultimate,18.8,105020.0,75638.0
VEH_010194,YV1XZB744419648,XC60,PHEV,Ultimate,18.8,76110.0,54516.0
VEH_010195,YV1XZC734572353,XC60,PHEV,Core,18.8,64500.0,46200.0
VEH_010196,YV1XZC179699319,EX90,Pure_EV,Core,111.0,86000.0,62500.0
VEH_010197,YV1XZF275227554,EX90,Pure_EV,Plus,111.0,92880.0,67500.0
VEH_010198,YV1XZE144397688,EX90,Pure_EV,Core,111.0,86000.0,62500.0
VEH_010199,YV1XZD613249108,V60,MHEV,Core,0.0,44800.0,32900.0
VEH_010200,YV1XZH632604618,V60,MHEV,Core,0.0,44800.0,32900.0
VEH_010201,YV1XZF513773778,EC40,Pure_EV,Ultimate,82.0,63130.0,46964.0
VEH_010202,YV1XZH373682422,EX90,Pure_EV,Ultimate,111.0,101480.0,73750.0
VEH_010203,YV1XZG528880973,XC90,PHEV,Core,18.8,89000.0,64100.0
VEH_010204,YV1XZC545080958,EX30,Pure_EV,Core,69.0,42500.0,31200.0
VEH_010205,YV1XZA797574141,V60,MHEV,Core,0.0,44800.0,32900.0
VEH_010206,YV1XZG735557446,EX90,Pure_EV,Core,111.0,86000.0,62500.0
VEH_010207,YV1XZG441450856,EC40,Pure_EV,Core,82.0,53500.0,39800.0
VEH_010208,YV1XZB280408313,XC60,PHEV,Ultimate,18.8,76110.0,54516.0
VEH_010209,YV1XZG151610783,EX30,Pure_EV,Core,69.0,42500.0,31200.0
VEH_010210,YV1XZB230393925,V60,MHEV,Core,0.0,44800.0,32900.0
VEH_010211,YV1XZC817447075,V60,MHEV,Ultimate,0.0,52864.0,38822.0
VEH_010212,YV1XZD829658251,V60,MHEV,Ultimate,0.0,52864.0,38822.0
VEH_010213,YV1XZD310095909,XC90,PHEV,Ultimate,18.8,105020.0,75638.0
VEH_010214,YV1XZF483516132,EX30,Pure_EV,Core,69.0,42500.0,31200.0
VEH_010215,YV1XZH723639086,XC90,PHEV,Ultimate,18.8,105020.0,75638.0
VEH_010216,YV1XZA560840363,V60,MHEV,Core,0.0,44800.0,32900.0
VEH_010217,YV1XZB949021450,EX90,Pure_EV,Core,111.0,86000.0,62500.0
VEH_010218,YV1XZF744280416,EC40,Pure_EV,Ultimate,82.0,63130.0,46964.0
VEH_010219,YV1XZB121650791,XC60,PHEV,Ultimate,18.8,76110.0,54516.0
VEH_010220,YV1XZG779964047,XC90,PHEV,Ultimate,18.8,105020.0,75638.0
VEH_010221,YV1XZG687951964,EX30,Pure_EV,Ultimate,69.0,50150.0,36816.0
VEH_010222,YV1XZF133115847,EX30,Pure_EV,Plus,69.0,45900.0,33696.0
VEH_010223,YV1XZB169902951,EC40,Pure_EV,Core,82.0,53500.0,39800.0
VEH_010224,YV1XZD951054772,EX90,Pure_EV,Core,111.0,86000.0,62500.0
VEH_010225,YV1XZB534809829,XC60,PHEV,Core,18.8,64500.0,46200.0
VEH_010226,YV1XZA371842001,EC40,Pure_EV,Core,82.0,53500.0,39800.0
VEH_010227,YV1XZG145635255,EC40,Pure_EV,Ultimate,82.0,63130.0,46964.0
VEH_010228,YV1XZB842805924,XC90,PHEV,Ultimate,18.8,105020.0,75638.0
VEH_010229,YV1XZB375580530,XC90,PHEV,Plus,18.8,96120.0,69228.0
VEH_010230,YV1XZD393319570,EX30,Pure_EV,Ultimate,69.0,50150.0,36816.0
VEH_010231,YV1XZF383051320,XC60,PHEV,Ultimate,18.8,76110.0,54516.0
VEH_010232,YV1XZF132037354,EC40,Pure_EV,Ultimate,82.0,63130.0,46964.0
VEH_010233,YV1XZF989739382,XC60,PHEV,Core,18.8,64500.0,46200.0
VEH_010234,YV1XZG988731573,XC90,PHEV,Core,18.8,89000.0,64100.0
VEH_010235,YV1XZH381616407,EX90,Pure_EV,Ultimate,111.0,101480.0,73750.0
VEH_010236,YV1XZG737932581,EC40,Pure_EV,Plus,82.0,57780.0,42984.0
VEH_010237,YV1XZF713641950,XC90,PHEV,Core,18.8,89000.0,64100.0
VEH_010238,YV1XZH376908983,V60,MHEV,Core,0.0,44800.0,32900.0
VEH_010239,YV1XZE183938732,EX90,Pure_EV,Ultimate,111.0,101480.0,73750.0
VEH_010240,YV1XZA411767255,EC40,Pure_EV,Core,82.0,53500.0,39800.0
VEH_010241,YV1XZH798514635,XC90,PHEV,Plus,18.8,96120.0,69228.0
VEH_010242,YV1XZC439512928,XC60,PHEV,Plus,18.8,69660.0,49896.0
VEH_010243,YV1XZE587628422,EX90,Pure_EV,Ultimate,111.0,101480.0,73750.0
VEH_010244,YV1XZB744857360,XC60,PHEV,Plus,18.8,69660.0,49896.0
VEH_010245,YV1XZA202785243,EC40,Pure_EV,Core,82.0,53500.0,39800.0
VEH_010246,YV1XZH249232874,XC60,PHEV,Plus,18.8,69660.0,49896.0
VEH_010247,YV1XZG232567157,XC90,PHEV,Ultimate,18.8,105020.0,75638.0
VEH_010248,YV1XZG657006412,XC60,PHEV,Plus,18.8,69660.0,49896.0
VEH_010249,YV1XZA244687445,EC40,Pure_EV,Ultimate,82.0,63130.0,46964.0
VEH_010250,YV1XZC753640664,V60,MHEV,Plus,0.0,48384.0,35532.0
VEH_010251,YV1XZB229879483,XC60,PHEV,Plus,18.8,69660.0,49896.0
VEH_010252,YV1XZC925415450,XC60,PHEV,Plus,18.8,69660.0,49896.0
VEH_010253,YV1XZG567492430,V60,MHEV,Ultimate,0.0,52864.0,38822.0
VEH_010254,YV1XZE740770588,EX30,Pure_EV,Core,69.0,42500.0,31200.0
VEH_010255,YV1XZE967490713,XC90,PHEV,Core,18.8,89000.0,64100.0
VEH_010256,YV1XZG618742769,XC60,PHEV,Ultimate,18.8,76110.0,54516.0
VEH_010257,YV1XZB525023557,V60,MHEV,Core,0.0,44800.0,32900.0
VEH_010258,YV1XZC634333282,EC40,Pure_EV,Plus,82.0,57780.0,42984.0
VEH_010259,YV1XZE148109234,V60,MHEV,Plus,0.0,48384.0,35532.0
VEH_010260,YV1XZF982465279,EX90,Pure_EV,Core,111.0,86000.0,62500.0
VEH_010261,YV1XZD193133084,XC60,PHEV,Core,18.8,64500.0,46200.0
VEH_010262,YV1XZF258869891,V60,MHEV,Core,0.0,44800.0,32900.0
VEH_010263,YV1XZD465289946,EC40,Pure_EV,Core,82.0,53500.0,39800.0
VEH_010264,YV1XZG992432275,EX90,Pure_EV,Plus,111.0,92880.0,67500.0
VEH_010265,YV1XZF900071711,EX30,Pure_EV,Core,69.0,42500.0,31200.0
VEH_010266,YV1XZE744463516,XC90,PHEV,Ultimate,18.8,105020.0,75638.0
VEH_010267,YV1XZH293008105,XC60,PHEV,Core,18.8,64500.0,46200.0
VEH_010268,YV1XZA464513008,EX30,Pure_EV,Plus,69.0,45900.0,33696.0
VEH_010269,YV1XZF886141104,EX90,Pure_EV,Core,111.0,86000.0,62500.0
VEH_010270,YV1XZD924142012,EX90,Pure_EV,Plus,111.0,92880.0,67500.0
VEH_010271,YV1XZB653015181,EX30,Pure_EV,Core,69.0,42500.0,31200.0
VEH_010272,YV1XZG117886681,EC40,Pure_EV,Plus,82.0,57780.0,42984.0
VEH_010273,YV1XZD409404070,EC40,Pure_EV,Ultimate,82.0,63130.0,46964.0
VEH_010274,YV1XZD260441737,V60,MHEV,Core,0.0,44800.0,32900.0
VEH_010275,YV1XZB107117563,EX90,Pure_EV,Ultimate,111.0,101480.0,73750.0
VEH_010276,YV1XZC721323101,XC90,PHEV,Core,18.8,89000.0,64100.0
VEH_010277,YV1XZD879039937,EC40,Pure_EV,Plus,82.0,57780.0,42984.0
VEH_010278,YV1XZB401761622,EX30,Pure_EV,Plus,69.0,45900.0,33696.0
VEH_010279,YV1XZH649749055,EX30,Pure_EV,Ultimate,69.0,50150.0,36816.0
VEH_010280,YV1XZD831125753,EX90,Pure_EV,Plus,111.0,92880.0,67500.0
VEH_010281,YV1XZH735376927,V60,MHEV,Plus,0.0,48384.0,35532.0
VEH_010282,YV1XZE148460572,XC90,PHEV,Core,18.8,89000.0,64100.0
VEH_010283,YV1XZB558578054,EX90,Pure_EV,Core,111.0,86000.0,62500.0
VEH_010284,YV1XZD199567576,XC90,PHEV,Core,18.8,89000.0,64100.0
VEH_010285,YV1XZB639284955,EX90,Pure_EV,Plus,111.0,92880.0,67500.0
VEH_010286,YV1XZA145778616,EX30,Pure_EV,Ultimate,69.0,50150.0,36816.0
VEH_010287,YV1XZG261709601,V60,MHEV,Ultimate,0.0,52864.0,38822.0
VEH_010288,YV1XZG469156341,EC40,Pure_EV,Core,82.0,53500.0,39800.0
VEH_010289,YV1XZG970555903,XC60,PHEV,Ultimate,18.8,76110.0,54516.0
VEH_010290,YV1XZF488288546,EX90,Pure_EV,Ultimate,111.0,101480.0,73750.0
VEH_010291,YV1XZH403053719,XC90,PHEV,Plus,18.8,96120.0,69228.0
VEH_010292,YV1XZG328929200,EC40,Pure_EV,Core,82.0,53500.0,39800.0
VEH_010293,YV1XZC309832426,V60,MHEV,Plus,0.0,48384.0,35532.0
VEH_010294,YV1XZC437763977,V60,MHEV,Plus,0.0,48384.0,35532.0
VEH_010295,YV1XZC237719754,EC40,Pure_EV,Plus,82.0,57780.0,42984.0
VEH_010296,YV1XZD451044421,V60,MHEV,Plus,0.0,48384.0,35532.0
VEH_010297,YV1XZH665203355,EX30,Pure_EV,Core,69.0,42500.0,31200.0
VEH_010298,YV1XZC694357540,V60,MHEV,Ultimate,0.0,52864.0,38822.0
VEH_010299,YV1XZA367928645,EX30,Pure_EV,Plus,69.0,45900.0,33696.0
VEH_010300,YV1XZF347391500,EC40,Pure_EV,Plus,82.0,57780.0,42984.0
VEH_010301,YV1XZC648450591,XC90,PHEV,Ultimate,18.8,105020.0,75638.0
VEH_010302,YV1XZA381315835,XC60,PHEV,Core,18.8,64500.0,46200.0
VEH_010303,YV1XZH567236797,XC60,PHEV,Plus,18.8,69660.0,49896.0
VEH_010304,YV1XZA671527981,XC60,PHEV,Plus,18.8,69660.0,49896.0
VEH_010305,YV1XZH421293699,EX90,Pure_EV,Ultimate,111.0,101480.0,73750.0
VEH_010306,YV1XZH184858273,EC40,Pure_EV,Ultimate,82.0,63130.0,46964.0
VEH_010307,YV1XZC159716751,V60,MHEV,Ultimate,0.0,52864.0,38822.0
VEH_010308,YV1XZF322916535,V60,MHEV,Plus,0.0,48384.0,35532.0
VEH_010309,YV1XZD869639577,EX30,Pure_EV,Ultimate,69.0,50150.0,36816.0
VEH_010310,YV1XZF748730383,XC60,PHEV,Ultimate,18.8,76110.0,54516.0
VEH_010311,YV1XZF934442983,EX90,Pure_EV,Core,111.0,86000.0,62500.0
VEH_010312,YV1XZG237862641,V60,MHEV,Core,0.0,44800.0,32900.0
VEH_010313,YV1XZA616217145,EX30,Pure_EV,Ultimate,69.0,50150.0,36816.0
VEH_010314,YV1XZB375870677,EC40,Pure_EV,Ultimate,82.0,63130.0,46964.0
VEH_010315,YV1XZA782438456,EC40,Pure_EV,Core,82.0,53500.0,39800.0
VEH_010316,YV1XZG187638308,EX30,Pure_EV,Core,69.0,42500.0,31200.0
VEH_010317,YV1XZF252832776,EC40,Pure_EV,Plus,82.0,57780.0,42984.0
VEH_010318,YV1XZG428448079,XC90,PHEV,Ultimate,18.8,105020.0,75638.0
VEH_010319,YV1XZH434887732,EC40,Pure_EV,Ultimate,82.0,63130.0,46964.0
VEH_010320,YV1XZD174225122,EC40,Pure_EV,Core,82.0,53500.0,39800.0
VEH_010321,YV1XZH203814391,XC90,PHEV,Ultimate,18.8,105020.0,75638.0
VEH_010322,YV1XZF343504942,EX30,Pure_EV,Ultimate,69.0,50150.0,36816.0
VEH_010323,YV1XZE943414540,EX90,Pure_EV,Core,111.0,86000.0,62500.0
VEH_010324,YV1XZC768104981,XC90,PHEV,Plus,18.8,96120.0,69228.0
VEH_010325,YV1XZH130591355,XC60,PHEV,Ultimate,18.8,76110.0,54516.0
VEH_010326,YV1XZA901346087,EX30,Pure_EV,Core,69.0,42500.0,31200.0
VEH_010327,YV1XZE342973406,EX90,Pure_EV,Ultimate,111.0,101480.0,73750.0
VEH_010328,YV1XZH491160465,EC40,Pure_EV,Plus,82.0,57780.0,42984.0
VEH_010329,YV1XZF973728353,V60,MHEV,Ultimate,0.0,52864.0,38822.0
VEH_010330,YV1XZG773127566,XC90,PHEV,Ultimate,18.8,105020.0,75638.0
VEH_010331,YV1XZB999655565,EX30,Pure_EV,Ultimate,69.0,50150.0,36816.0
VEH_010332,YV1XZG157646346,XC60,PHEV,Ultimate,18.8,76110.0,54516.0
VEH_010333,YV1XZB493371793,V60,MHEV,Core,0.0,44800.0,32900.0
VEH_010334,YV1XZC635948640,XC90,PHEV,Ultimate,18.8,105020.0,75638.0
VEH_010335,YV1XZD589996205,XC90,PHEV,Plus,18.8,96120.0,69228.0
VEH_010336,YV1XZC627254700,XC60,PHEV,Core,18.8,64500.0,46200.0
VEH_010337,YV1XZA326190268,EC40,Pure_EV,Ultimate,82.0,63130.0,46964.0
VEH_010338,YV1XZC279721969,EX90,Pure_EV,Core,111.0,86000.0,62500.0
VEH_010339,YV1XZF383509352,EX90,Pure_EV,Core,111.0,86000.0,62500.0
VEH_010340,YV1XZH114796240,XC90,PHEV,Core,18.8,89000.0,64100.0
VEH_010341,YV1XZD836331693,EC40,Pure_EV,Plus,82.0,57780.0,42984.0
VEH_010342,YV1XZD956369026,EX30,Pure_EV,Plus,69.0,45900.0,33696.0
VEH_010343,YV1XZH432488404,XC60,PHEV,Ultimate,18.8,76110.0,54516.0
VEH_010344,YV1XZH374704306,XC60,PHEV,Plus,18.8,69660.0,49896.0
VEH_010345,YV1XZA337490289,EX30,Pure_EV,Plus,69.0,45900.0,33696.0
VEH_010346,YV1XZG918535069,XC60,PHEV,Plus,18.8,69660.0,49896.0
VEH_010347,YV1XZA104007017,EC40,Pure_EV,Plus,82.0,57780.0,42984.0
VEH_010348,YV1XZG869925101,V60,MHEV,Plus,0.0,48384.0,35532.0
VEH_010349,YV1XZC229006012,EX90,Pure_EV,Core,111.0,86000.0,62500.0
VEH_010350,YV1XZC229839271,EX90,Pure_EV,Ultimate,111.0,101480.0,73750.0
VEH_010351,YV1XZG676797964,XC90,PHEV,Core,18.8,89000.0,64100.0
VEH_010352,YV1XZE918789948,EX90,Pure_EV,Plus,111.0,92880.0,67500.0
VEH_010353,YV1XZG380706183,XC60,PHEV,Core,18.8,64500.0,46200.0
VEH_010354,YV1XZD312129897,V60,MHEV,Core,0.0,44800.0,32900.0
VEH_010355,YV1XZF791325424,EX30,Pure_EV,Plus,69.0,45900.0,33696.0
VEH_010356,YV1XZC811093530,XC90,PHEV,Plus,18.8,96120.0,69228.0
VEH_010357,YV1XZG808812292,EX30,Pure_EV,Plus,69.0,45900.0,33696.0
VEH_010358,YV1XZE683128336,XC60,PHEV,Core,18.8,64500.0,46200.0
VEH_010359,YV1XZB295102944,EC40,Pure_EV,Core,82.0,53500.0,39800.0
VEH_010360,YV1XZE320744105,EX90,Pure_EV,Plus,111.0,92880.0,67500.0
VEH_010361,YV1XZE720921314,EC40,Pure_EV,Ultimate,82.0,63130.0,46964.0
VEH_010362,YV1XZB659263525,XC90,PHEV,Core,18.8,89000.0,64100.0
VEH_010363,YV1XZG477403243,V60,MHEV,Plus,0.0,48384.0,35532.0
VEH_010364,YV1XZE294686143,EX30,Pure_EV,Core,69.0,42500.0,31200.0
VEH_010365,YV1XZG904620767,EX30,Pure_EV,Core,69.0,42500.0,31200.0
VEH_010366,YV1XZB608781512,EX90,Pure_EV,Plus,111.0,92880.0,67500.0
VEH_010367,YV1XZE700341051,V60,MHEV,Core,0.0,44800.0,32900.0
VEH_010368,YV1XZD947487880,V60,MHEV,Ultimate,0.0,52864.0,38822.0
VEH_010369,YV1XZB189296072,XC60,PHEV,Plus,18.8,69660.0,49896.0
VEH_010370,YV1XZF722109051,V60,MHEV,Plus,0.0,48384.0,35532.0
VEH_010371,YV1XZF714949278,EC40,Pure_EV,Plus,82.0,57780.0,42984.0
VEH_010372,YV1XZB768581293,EC40,Pure_EV,Core,82.0,53500.0,39800.0
VEH_010373,YV1XZD212100031,EX90,Pure_EV,Plus,111.0,92880.0,67500.0
VEH_010374,YV1XZD840181220,EX90,Pure_EV,Plus,111.0,92880.0,67500.0
VEH_010375,YV1XZH290338023,XC60,PHEV,Plus,18.8,69660.0,49896.0
VEH_010376,YV1XZH559206874,XC60,PHEV,Plus,18.8,69660.0,49896.0
VEH_010377,YV1XZH624110579,XC90,PHEV,Plus,18.8,96120.0,69228.0
VEH_010378,YV1XZD487491985,EC40,Pure_EV,Ultimate,82.0,63130.0,46964.0
VEH_010379,YV1XZB324002562,XC90,PHEV,Plus,18.8,96120.0,69228.0
VEH_010380,YV1XZH375778405,EC40,Pure_EV,Core,82.0,53500.0,39800.0
VEH_010381,YV1XZF336286355,XC90,PHEV,Core,18.8,89000.0,64100.0
VEH_010382,YV1XZE292367500,XC90,PHEV,Core,18.8,89000.0,64100.0
VEH_010383,YV1XZC306146200,XC60,PHEV,Plus,18.8,69660.0,49896.0
VEH_010384,YV1XZA829690085,EX90,Pure_EV,Ultimate,111.0,101480.0,73750.0
VEH_010385,YV1XZB490111284,XC60,PHEV,Plus,18.8,69660.0,49896.0
VEH_010386,YV1XZB180526208,EX30,Pure_EV,Core,69.0,42500.0,31200.0
VEH_010387,YV1XZB458965079,EX30,Pure_EV,Core,69.0,42500.0,31200.0
VEH_010388,YV1XZA430516721,EC40,Pure_EV,Ultimate,82.0,63130.0,46964.0
VEH_010389,YV1XZD543131261,EC40,Pure_EV,Core,82.0,53500.0,39800.0
VEH_010390,YV1XZC914047367,EC40,Pure_EV,Plus,82.0,57780.0,42984.0
VEH_010391,YV1XZA193448722,EX30,Pure_EV,Plus,69.0,45900.0,33696.0
VEH_010392,YV1XZG204420110,EX30,Pure_EV,Ultimate,69.0,50150.0,36816.0
VEH_010393,YV1XZH855952613,XC60,PHEV,Plus,18.8,69660.0,49896.0
VEH_010394,YV1XZE775212408,XC90,PHEV,Core,18.8,89000.0,64100.0
VEH_010395,YV1XZB467892988,V60,MHEV,Ultimate,0.0,52864.0,38822.0
VEH_010396,YV1XZA509546962,XC60,PHEV,Core,18.8,64500.0,46200.0
VEH_010397,YV1XZG595843161,XC60,PHEV,Ultimate,18.8,76110.0,54516.0
VEH_010398,YV1XZG585428584,V60,MHEV,Core,0.0,44800.0,32900.0
VEH_010399,YV1XZG226885640,EX90,Pure_EV,Core,111.0,86000.0,62500.0
VEH_010400,YV1XZD591848093,EX30,Pure_EV,Core,69.0,42500.0,31200.0
VEH_010401,YV1XZE340218578,EX90,Pure_EV,Plus,111.0,92880.0,67500.0
VEH_010402,YV1XZA490663165,V60,MHEV,Core,0.0,44800.0,32900.0
VEH_010403,YV1XZH269899795,XC90,PHEV,Plus,18.8,96120.0,69228.0
VEH_010404,YV1XZH211194892,EC40,Pure_EV,Plus,82.0,57780.0,42984.0
VEH_010405,YV1XZF488599931,V60,MHEV,Ultimate,0.0,52864.0,38822.0
VEH_010406,YV1XZD268530002,V60,MHEV,Plus,0.0,48384.0,35532.0
VEH_010407,YV1XZA227286713,XC60,PHEV,Plus,18.8,69660.0,49896.0
VEH_010408,YV1XZF430985711,EX30,Pure_EV,Ultimate,69.0,50150.0,36816.0
VEH_010409,YV1XZB995003346,V60,MHEV,Ultimate,0.0,52864.0,38822.0
VEH_010410,YV1XZH320763393,XC60,PHEV,Ultimate,18.8,76110.0,54516.0
VEH_010411,YV1XZG104941743,V60,MHEV,Core,0.0,44800.0,32900.0
VEH_010412,YV1XZF536262277,XC90,PHEV,Plus,18.8,96120.0,69228.0
VEH_010413,YV1XZG909950008,XC90,PHEV,Ultimate,18.8,105020.0,75638.0
VEH_010414,YV1XZF823219092,EX30,Pure_EV,Core,69.0,42500.0,31200.0
VEH_010415,YV1XZD472340272,XC90,PHEV,Plus,18.8,96120.0,69228.0
VEH_010416,YV1XZH991155592,XC90,PHEV,Plus,18.8,96120.0,69228.0
VEH_010417,YV1XZD848248891,XC90,PHEV,Plus,18.8,96120.0,69228.0
VEH_010418,YV1XZE391565893,EX90,Pure_EV,Plus,111.0,92880.0,67500.0
VEH_010419,YV1XZC510898248,XC60,PHEV,Core,18.8,64500.0,46200.0
VEH_010420,YV1XZH524786584,EX90,Pure_EV,Core,111.0,86000.0,62500.0
VEH_010421,YV1XZG961057930,XC60,PHEV,Ultimate,18.8,76110.0,54516.0
VEH_010422,YV1XZG968093696,EC40,Pure_EV,Ultimate,82.0,63130.0,46964.0
VEH_010423,YV1XZF656458744,EC40,Pure_EV,Ultimate,82.0,63130.0,46964.0
VEH_010424,YV1XZG513402278,XC60,PHEV,Ultimate,18.8,76110.0,54516.0
VEH_010425,YV1XZE575258225,XC90,PHEV,Plus,18.8,96120.0,69228.0
VEH_010426,YV1XZF479657088,V60,MHEV,Core,0.0,44800.0,32900.0
VEH_010427,YV1XZD395360851,V60,MHEV,Ultimate,0.0,52864.0,38822.0
VEH_010428,YV1XZF795542553,XC60,PHEV,Plus,18.8,69660.0,49896.0
VEH_010429,YV1XZC371858281,EX30,Pure_EV,Ultimate,69.0,50150.0,36816.0
VEH_010430,YV1XZD575327838,EX30,Pure_EV,Plus,69.0,45900.0,33696.0
VEH_010431,YV1XZA700391540,XC60,PHEV,Core,18.8,64500.0,46200.0
VEH_010432,YV1XZG438036009,V60,MHEV,Plus,0.0,48384.0,35532.0
VEH_010433,YV1XZE457304940,EX90,Pure_EV,Ultimate,111.0,101480.0,73750.0
VEH_010434,YV1XZH964071749,EX30,Pure_EV,Core,69.0,42500.0,31200.0
VEH_010435,YV1XZA929843781,EC40,Pure_EV,Plus,82.0,57780.0,42984.0
VEH_010436,YV1XZA502221001,XC60,PHEV,Ultimate,18.8,76110.0,54516.0
VEH_010437,YV1XZD313375756,EX90,Pure_EV,Ultimate,111.0,101480.0,73750.0
VEH_010438,YV1XZF532625167,V60,MHEV,Ultimate,0.0,52864.0,38822.0
VEH_010439,YV1XZC874828821,XC90,PHEV,Core,18.8,89000.0,64100.0
VEH_010440,YV1XZD537100685,XC90,PHEV,Core,18.8,89000.0,64100.0
VEH_010441,YV1XZE894926418,XC90,PHEV,Plus,18.8,96120.0,69228.0
VEH_010442,YV1XZE971258200,XC90,PHEV,Core,18.8,89000.0,64100.0
VEH_010443,YV1XZD592415918,EX30,Pure_EV,Plus,69.0,45900.0,33696.0
VEH_010444,YV1XZE193803294,EX90,Pure_EV,Core,111.0,86000.0,62500.0
VEH_010445,YV1XZG334530351,EC40,Pure_EV,Core,82.0,53500.0,39800.0
VEH_010446,YV1XZE131475764,EX90,Pure_EV,Ultimate,111.0,101480.0,73750.0
VEH_010447,YV1XZA961318748,EC40,Pure_EV,Core,82.0,53500.0,39800.0
VEH_010448,YV1XZG487582309,V60,MHEV,Core,0.0,44800.0,32900.0
VEH_010449,YV1XZH778217992,XC90,PHEV,Core,18.8,89000.0,64100.0
VEH_010450,YV1XZD316993537,XC90,PHEV,Plus,18.8,96120.0,69228.0
VEH_010451,YV1XZH401863889,EC40,Pure_EV,Plus,82.0,57780.0,42984.0
VEH_010452,YV1XZE842660982,V60,MHEV,Plus,0.0,48384.0,35532.0
VEH_010453,YV1XZA365901461,XC60,PHEV,Plus,18.8,69660.0,49896.0
VEH_010454,YV1XZH311061149,EX90,Pure_EV,Core,111.0,86000.0,62500.0
VEH_010455,YV1XZH383957809,XC90,PHEV,Ultimate,18.8,105020.0,75638.0
VEH_010456,YV1XZC940266957,EX30,Pure_EV,Plus,69.0,45900.0,33696.0
VEH_010457,YV1XZE978494502,EX30,Pure_EV,Ultimate,69.0,50150.0,36816.0
VEH_010458,YV1XZB122707819,EX30,Pure_EV,Core,69.0,42500.0,31200.0
VEH_010459,YV1XZH568377604,EX90,Pure_EV,Ultimate,111.0,101480.0,73750.0
VEH_010460,YV1XZB832358029,EX30,Pure_EV,Plus,69.0,45900.0,33696.0
VEH_010461,YV1XZB520627798,XC90,PHEV,Plus,18.8,96120.0,69228.0
VEH_010462,YV1XZE735546816,EC40,Pure_EV,Ultimate,82.0,63130.0,46964.0
VEH_010463,YV1XZH317094052,XC60,PHEV,Plus,18.8,69660.0,49896.0
VEH_010464,YV1XZD996066327,XC90,PHEV,Core,18.8,89000.0,64100.0
VEH_010465,YV1XZB383023047,EX30,Pure_EV,Plus,69.0,45900.0,33696.0
VEH_010466,YV1XZF580163611,EC40,Pure_EV,Core,82.0,53500.0,39800.0
VEH_010467,YV1XZE857862554,V60,MHEV,Plus,0.0,48384.0,35532.0
VEH_010468,YV1XZD466568458,XC60,PHEV,Ultimate,18.8,76110.0,54516.0
VEH_010469,YV1XZC540120739,EX30,Pure_EV,Plus,69.0,45900.0,33696.0
VEH_010470,YV1XZH131131342,EX30,Pure_EV,Core,69.0,42500.0,31200.0
VEH_010471,YV1XZH458758770,V60,MHEV,Plus,0.0,48384.0,35532.0
VEH_010472,YV1XZA616346730,XC60,PHEV,Plus,18.8,69660.0,49896.0
VEH_010473,YV1XZB271713408,EX30,Pure_EV,Ultimate,69.0,50150.0,36816.0
VEH_010474,YV1XZD871783554,XC90,PHEV,Core,18.8,89000.0,64100.0
VEH_010475,YV1XZD712017106,XC60,PHEV,Core,18.8,64500.0,46200.0
VEH_010476,YV1XZD628264075,EX30,Pure_EV,Core,69.0,42500.0,31200.0
VEH_010477,YV1XZF742335621,XC60,PHEV,Plus,18.8,69660.0,49896.0
VEH_010478,YV1XZE821738881,V60,MHEV,Ultimate,0.0,52864.0,38822.0
VEH_010479,YV1XZD366782407,EX30,Pure_EV,Ultimate,69.0,50150.0,36816.0
VEH_010480,YV1XZH109643879,XC60,PHEV,Plus,18.8,69660.0,49896.0
VEH_010481,YV1XZA625359128,EC40,Pure_EV,Ultimate,82.0,63130.0,46964.0
VEH_010482,YV1XZA774276044,XC90,PHEV,Core,18.8,89000.0,64100.0
VEH_010483,YV1XZF227888610,XC60,PHEV,Ultimate,18.8,76110.0,54516.0
VEH_010484,YV1XZE143840014,EX30,Pure_EV,Plus,69.0,45900.0,33696.0
VEH_010485,YV1XZH666624616,XC60,PHEV,Core,18.8,64500.0,46200.0
VEH_010486,YV1XZE573914701,EX90,Pure_EV,Ultimate,111.0,101480.0,73750.0
VEH_010487,YV1XZE650067540,XC90,PHEV,Ultimate,18.8,105020.0,75638.0
VEH_010488,YV1XZD373058142,EX90,Pure_EV,Core,111.0,86000.0,62500.0
VEH_010489,YV1XZH328778657,XC90,PHEV,Plus,18.8,96120.0,69228.0
VEH_010490,YV1XZE840989144,XC60,PHEV,Plus,18.8,69660.0,49896.0
VEH_010491,YV1XZE381664097,V60,MHEV,Core,0.0,44800.0,32900.0
VEH_010492,YV1XZH298323098,XC90,PHEV,Core,18.8,89000.0,64100.0
VEH_010493,YV1XZA303089905,XC90,PHEV,Core,18.8,89000.0,64100.0
VEH_010494,YV1XZD950253920,EX30,Pure_EV,Plus,69.0,45900.0,33696.0
VEH_010495,YV1XZE363823191,V60,MHEV,Plus,0.0,48384.0,35532.0
VEH_010496,YV1XZG628761890,V60,MHEV,Core,0.0,44800.0,32900.0
VEH_010497,YV1XZF901132345,V60,MHEV,Ultimate,0.0,52864.0,38822.0
VEH_010498,YV1XZE380345875,XC90,PHEV,Ultimate,18.8,105020.0,75638.0
VEH_010499,YV1XZF897182783,EC40,Pure_EV,Core,82.0,53500.0,39800.0
VEH_010500,YV1XZA314644190,XC90,PHEV,Core,18.8,89000.0,64100.0
VEH_010501,YV1XZA595174981,EX90,Pure_EV,Ultimate,111.0,101480.0,73750.0
VEH_010502,YV1XZG105453392,V60,MHEV,Plus,0.0,48384.0,35532.0
VEH_010503,YV1XZC554542329,V60,MHEV,Plus,0.0,48384.0,35532.0
VEH_010504,YV1XZA233356499,XC90,PHEV,Ultimate,18.8,105020.0,75638.0
VEH_010505,YV1XZC321966737,V60,MHEV,Plus,0.0,48384.0,35532.0
VEH_010506,YV1XZC751816805,V60,MHEV,Core,0.0,44800.0,32900.0
VEH_010507,YV1XZG509200218,XC90,PHEV,Ultimate,18.8,105020.0,75638.0
VEH_010508,YV1XZA744671587,EX90,Pure_EV,Core,111.0,86000.0,62500.0
VEH_010509,YV1XZF529014176,EX90,Pure_EV,Core,111.0,86000.0,62500.0
VEH_010510,YV1XZA362879029,EC40,Pure_EV,Plus,82.0,57780.0,42984.0
VEH_010511,YV1XZB962478697,EX30,Pure_EV,Plus,69.0,45900.0,33696.0
VEH_010512,YV1XZA963621889,EC40,Pure_EV,Plus,82.0,57780.0,42984.0
VEH_010513,YV1XZH323854091,EX90,Pure_EV,Ultimate,111.0,101480.0,73750.0
VEH_010514,YV1XZB256733548,EX90,Pure_EV,Core,111.0,86000.0,62500.0
VEH_010515,YV1XZF330856469,V60,MHEV,Ultimate,0.0,52864.0,38822.0
VEH_010516,YV1XZF104702087,EX30,Pure_EV,Ultimate,69.0,50150.0,36816.0
VEH_010517,YV1XZC315261524,EX30,Pure_EV,Plus,69.0,45900.0,33696.0
VEH_010518,YV1XZC851386610,EX30,Pure_EV,Ultimate,69.0,50150.0,36816.0
VEH_010519,YV1XZG655316573,EX30,Pure_EV,Ultimate,69.0,50150.0,36816.0
VEH_010520,YV1XZE667306663,EX90,Pure_EV,Core,111.0,86000.0,62500.0
VEH_010521,YV1XZA708398713,EX30,Pure_EV,Ultimate,69.0,50150.0,36816.0
VEH_010522,YV1XZF419246769,EX90,Pure_EV,Core,111.0,86000.0,62500.0
VEH_010523,YV1XZH333554434,XC90,PHEV,Plus,18.8,96120.0,69228.0
VEH_010524,YV1XZH912271919,XC90,PHEV,Plus,18.8,96120.0,69228.0
VEH_010525,YV1XZH319659153,XC60,PHEV,Ultimate,18.8,76110.0,54516.0
VEH_010526,YV1XZC390871557,XC90,PHEV,Ultimate,18.8,105020.0,75638.0
VEH_010527,YV1XZF354157021,V60,MHEV,Plus,0.0,48384.0,35532.0
VEH_010528,YV1XZF190887647,XC90,PHEV,Core,18.8,89000.0,64100.0
VEH_010529,YV1XZH256057258,XC90,PHEV,Core,18.8,89000.0,64100.0
VEH_010530,YV1XZC568785789,V60,MHEV,Core,0.0,44800.0,32900.0
VEH_010531,YV1XZF205727707,EC40,Pure_EV,Core,82.0,53500.0,39800.0
VEH_010532,YV1XZC489055850,XC90,PHEV,Plus,18.8,96120.0,69228.0
VEH_010533,YV1XZH836115658,EC40,Pure_EV,Ultimate,82.0,63130.0,46964.0
VEH_010534,YV1XZB461360811,XC60,PHEV,Ultimate,18.8,76110.0,54516.0
VEH_010535,YV1XZA361647651,EC40,Pure_EV,Ultimate,82.0,63130.0,46964.0
VEH_010536,YV1XZB717602891,EX30,Pure_EV,Ultimate,69.0,50150.0,36816.0
VEH_010537,YV1XZF425699604,XC60,PHEV,Ultimate,18.8,76110.0,54516.0
VEH_010538,YV1XZH516268889,EC40,Pure_EV,Ultimate,82.0,63130.0,46964.0
VEH_010539,YV1XZF115991195,EX30,Pure_EV,Ultimate,69.0,50150.0,36816.0
VEH_010540,YV1XZE728357593,V60,MHEV,Plus,0.0,48384.0,35532.0
VEH_010541,YV1XZF891448888,V60,MHEV,Core,0.0,44800.0,32900.0
VEH_010542,YV1XZC802664250,EX30,Pure_EV,Ultimate,69.0,50150.0,36816.0
VEH_010543,YV1XZG864338162,EC40,Pure_EV,Plus,82.0,57780.0,42984.0
VEH_010544,YV1XZD456950629,EC40,Pure_EV,Core,82.0,53500.0,39800.0
VEH_010545,YV1XZG739584741,EX30,Pure_EV,Plus,69.0,45900.0,33696.0
VEH_010546,YV1XZF745677878,EC40,Pure_EV,Plus,82.0,57780.0,42984.0
VEH_010547,YV1XZF457170837,V60,MHEV,Core,0.0,44800.0,32900.0
VEH_010548,YV1XZB166575258,XC90,PHEV,Ultimate,18.8,105020.0,75638.0
VEH_010549,YV1XZC813015216,XC90,PHEV,Ultimate,18.8,105020.0,75638.0
VEH_010550,YV1XZH933185188,EX90,Pure_EV,Plus,111.0,92880.0,67500.0
VEH_010551,YV1XZH924246267,EC40,Pure_EV,Plus,82.0,57780.0,42984.0
VEH_010552,YV1XZH629526782,XC60,PHEV,Ultimate,18.8,76110.0,54516.0
VEH_010553,YV1XZC497217154,EC40,Pure_EV,Plus,82.0,57780.0,42984.0
VEH_010554,YV1XZB235496587,EC40,Pure_EV,Ultimate,82.0,63130.0,46964.0
VEH_010555,YV1XZH259326927,EX90,Pure_EV,Ultimate,111.0,101480.0,73750.0
VEH_010556,YV1XZD618109957,EC40,Pure_EV,Ultimate,82.0,63130.0,46964.0
VEH_010557,YV1XZA118282463,XC90,PHEV,Plus,18.8,96120.0,69228.0
VEH_010558,YV1XZE455337604,XC60,PHEV,Core,18.8,64500.0,46200.0
VEH_010559,YV1XZE687786861,EC40,Pure_EV,Ultimate,82.0,63130.0,46964.0
VEH_010560,YV1XZG595902417,EC40,Pure_EV,Ultimate,82.0,63130.0,46964.0
VEH_010561,YV1XZB568556116,EC40,Pure_EV,Ultimate,82.0,63130.0,46964.0
VEH_010562,YV1XZD827722519,XC60,PHEV,Core,18.8,64500.0,46200.0
VEH_010563,YV1XZG807586230,XC90,PHEV,Plus,18.8,96120.0,69228.0
VEH_010564,YV1XZC454218960,XC60,PHEV,Core,18.8,64500.0,46200.0
VEH_010565,YV1XZD468836836,EC40,Pure_EV,Ultimate,82.0,63130.0,46964.0
VEH_010566,YV1XZH562703036,EX30,Pure_EV,Core,69.0,42500.0,31200.0
VEH_010567,YV1XZA503301834,XC60,PHEV,Plus,18.8,69660.0,49896.0
VEH_010568,YV1XZC933017703,EC40,Pure_EV,Core,82.0,53500.0,39800.0
VEH_010569,YV1XZC829650502,EX90,Pure_EV,Plus,111.0,92880.0,67500.0
VEH_010570,YV1XZF311896936,XC60,PHEV,Plus,18.8,69660.0,49896.0
VEH_010571,YV1XZF221521510,EX30,Pure_EV,Plus,69.0,45900.0,33696.0
VEH_010572,YV1XZD396680269,V60,MHEV,Ultimate,0.0,52864.0,38822.0
VEH_010573,YV1XZA160003016,EX30,Pure_EV,Plus,69.0,45900.0,33696.0
VEH_010574,YV1XZF461195998,EC40,Pure_EV,Plus,82.0,57780.0,42984.0
VEH_010575,YV1XZE479237246,XC90,PHEV,Core,18.8,89000.0,64100.0
VEH_010576,YV1XZF992042734,EC40,Pure_EV,Ultimate,82.0,63130.0,46964.0
VEH_010577,YV1XZC232098182,EC40,Pure_EV,Plus,82.0,57780.0,42984.0
VEH_010578,YV1XZD318546542,XC60,PHEV,Ultimate,18.8,76110.0,54516.0
VEH_010579,YV1XZH850927218,EC40,Pure_EV,Ultimate,82.0,63130.0,46964.0
VEH_010580,YV1XZA701822323,XC60,PHEV,Plus,18.8,69660.0,49896.0
VEH_010581,YV1XZA423757004,XC90,PHEV,Plus,18.8,96120.0,69228.0
VEH_010582,YV1XZB132179280,V60,MHEV,Ultimate,0.0,52864.0,38822.0
VEH_010583,YV1XZA415361317,XC90,PHEV,Plus,18.8,96120.0,69228.0
VEH_010584,YV1XZH195342293,EX90,Pure_EV,Core,111.0,86000.0,62500.0
VEH_010585,YV1XZH700388561,EC40,Pure_EV,Plus,82.0,57780.0,42984.0
VEH_010586,YV1XZB771890969,EC40,Pure_EV,Core,82.0,53500.0,39800.0
VEH_010587,YV1XZH726067667,V60,MHEV,Ultimate,0.0,52864.0,38822.0
VEH_010588,YV1XZG696987577,EX90,Pure_EV,Core,111.0,86000.0,62500.0
VEH_010589,YV1XZD173623398,XC60,PHEV,Core,18.8,64500.0,46200.0
VEH_010590,YV1XZG138704973,V60,MHEV,Ultimate,0.0,52864.0,38822.0
VEH_010591,YV1XZF793883949,XC90,PHEV,Ultimate,18.8,105020.0,75638.0
VEH_010592,YV1XZB135875791,V60,MHEV,Core,0.0,44800.0,32900.0
VEH_010593,YV1XZD741257157,EC40,Pure_EV,Plus,82.0,57780.0,42984.0
VEH_010594,YV1XZB496666051,EX30,Pure_EV,Core,69.0,42500.0,31200.0
VEH_010595,YV1XZA273692135,EX90,Pure_EV,Core,111.0,86000.0,62500.0
VEH_010596,YV1XZA135410190,XC60,PHEV,Plus,18.8,69660.0,49896.0
VEH_010597,YV1XZD836557272,XC90,PHEV,Ultimate,18.8,105020.0,75638.0
VEH_010598,YV1XZD859795666,V60,MHEV,Ultimate,0.0,52864.0,38822.0
VEH_010599,YV1XZG360912577,EX90,Pure_EV,Ultimate,111.0,101480.0,73750.0
VEH_010600,YV1XZA298578853,XC60,PHEV,Ultimate,18.8,76110.0,54516.0
VEH_010601,YV1XZD683410319,EX30,Pure_EV,Ultimate,69.0,50150.0,36816.0
VEH_010602,YV1XZH657014275,XC90,PHEV,Ultimate,18.8,105020.0,75638.0
VEH_010603,YV1XZB700863437,EX90,Pure_EV,Ultimate,111.0,101480.0,73750.0
VEH_010604,YV1XZD667164753,XC90,PHEV,Ultimate,18.8,105020.0,75638.0
VEH_010605,YV1XZH658059192,EC40,Pure_EV,Plus,82.0,57780.0,42984.0
VEH_010606,YV1XZH564153807,EX30,Pure_EV,Plus,69.0,45900.0,33696.0
VEH_010607,YV1XZE963701556,XC60,PHEV,Core,18.8,64500.0,46200.0
VEH_010608,YV1XZA683769385,EX90,Pure_EV,Ultimate,111.0,101480.0,73750.0
VEH_010609,YV1XZB299280254,EX90,Pure_EV,Plus,111.0,92880.0,67500.0
VEH_010610,YV1XZG567039904,EC40,Pure_EV,Core,82.0,53500.0,39800.0
VEH_010611,YV1XZE259879402,EC40,Pure_EV,Plus,82.0,57780.0,42984.0
VEH_010612,YV1XZE395079173,V60,MHEV,Plus,0.0,48384.0,35532.0
VEH_010613,YV1XZH796046851,EX30,Pure_EV,Plus,69.0,45900.0,33696.0
VEH_010614,YV1XZC917789110,XC90,PHEV,Core,18.8,89000.0,64100.0
VEH_010615,YV1XZG536438553,XC60,PHEV,Ultimate,18.8,76110.0,54516.0
VEH_010616,YV1XZF656502319,EX90,Pure_EV,Plus,111.0,92880.0,67500.0
VEH_010617,YV1XZH576340661,EX30,Pure_EV,Ultimate,69.0,50150.0,36816.0
VEH_010618,YV1XZC434041171,EC40,Pure_EV,Plus,82.0,57780.0,42984.0
VEH_010619,YV1XZH812697648,XC60,PHEV,Ultimate,18.8,76110.0,54516.0
VEH_010620,YV1XZE512340708,EX30,Pure_EV,Plus,69.0,45900.0,33696.0
VEH_010621,YV1XZF367706797,XC90,PHEV,Core,18.8,89000.0,64100.0
VEH_010622,YV1XZF967675976,EX30,Pure_EV,Plus,69.0,45900.0,33696.0
VEH_010623,YV1XZE801791734,XC60,PHEV,Plus,18.8,69660.0,49896.0
VEH_010624,YV1XZE110991797,EX90,Pure_EV,Core,111.0,86000.0,62500.0
VEH_010625,YV1XZG950659887,EX90,Pure_EV,Ultimate,111.0,101480.0,73750.0
VEH_010626,YV1XZG388051615,XC90,PHEV,Core,18.8,89000.0,64100.0
VEH_010627,YV1XZG549145639,XC90,PHEV,Plus,18.8,96120.0,69228.0
VEH_010628,YV1XZB230712174,V60,MHEV,Ultimate,0.0,52864.0,38822.0
VEH_010629,YV1XZC249363071,V60,MHEV,Ultimate,0.0,52864.0,38822.0
VEH_010630,YV1XZD814026551,XC90,PHEV,Core,18.8,89000.0,64100.0
VEH_010631,YV1XZC385926365,V60,MHEV,Ultimate,0.0,52864.0,38822.0
VEH_010632,YV1XZH247500885,XC60,PHEV,Ultimate,18.8,76110.0,54516.0
VEH_010633,YV1XZD602200219,EX90,Pure_EV,Core,111.0,86000.0,62500.0
VEH_010634,YV1XZH859138222,EX90,Pure_EV,Core,111.0,86000.0,62500.0
VEH_010635,YV1XZA515329905,XC90,PHEV,Plus,18.8,96120.0,69228.0
VEH_010636,YV1XZB318777716,V60,MHEV,Ultimate,0.0,52864.0,38822.0
VEH_010637,YV1XZH422983306,XC90,PHEV,Plus,18.8,96120.0,69228.0
VEH_010638,YV1XZF632331549,V60,MHEV,Ultimate,0.0,52864.0,38822.0
VEH_010639,YV1XZA385073461,XC90,PHEV,Core,18.8,89000.0,64100.0
VEH_010640,YV1XZG837108808,EC40,Pure_EV,Plus,82.0,57780.0,42984.0
VEH_010641,YV1XZH811453123,EC40,Pure_EV,Ultimate,82.0,63130.0,46964.0
VEH_010642,YV1XZF986561461,XC60,PHEV,Ultimate,18.8,76110.0,54516.0
VEH_010643,YV1XZG703037523,XC60,PHEV,Ultimate,18.8,76110.0,54516.0
VEH_010644,YV1XZA478560273,V60,MHEV,Core,0.0,44800.0,32900.0
VEH_010645,YV1XZC524771233,EC40,Pure_EV,Core,82.0,53500.0,39800.0
VEH_010646,YV1XZH799713028,V60,MHEV,Ultimate,0.0,52864.0,38822.0
VEH_010647,YV1XZE746021462,XC60,PHEV,Plus,18.8,69660.0,49896.0
VEH_010648,YV1XZG340723659,EC40,Pure_EV,Core,82.0,53500.0,39800.0
VEH_010649,YV1XZA494755870,EX90,Pure_EV,Plus,111.0,92880.0,67500.0
VEH_010650,YV1XZE566425998,XC60,PHEV,Core,18.8,64500.0,46200.0
VEH_010651,YV1XZE958602751,EC40,Pure_EV,Core,82.0,53500.0,39800.0
VEH_010652,YV1XZA165983313,EC40,Pure_EV,Core,82.0,53500.0,39800.0
VEH_010653,YV1XZB835510545,EC40,Pure_EV,Core,82.0,53500.0,39800.0
VEH_010654,YV1XZH368499883,XC90,PHEV,Plus,18.8,96120.0,69228.0
VEH_010655,YV1XZB495844223,XC60,PHEV,Ultimate,18.8,76110.0,54516.0
VEH_010656,YV1XZD449822007,EX90,Pure_EV,Core,111.0,86000.0,62500.0
VEH_010657,YV1XZB713803609,EX30,Pure_EV,Ultimate,69.0,50150.0,36816.0
VEH_010658,YV1XZA963789380,XC90,PHEV,Plus,18.8,96120.0,69228.0
VEH_010659,YV1XZF773611415,EC40,Pure_EV,Plus,82.0,57780.0,42984.0
VEH_010660,YV1XZD439945420,EX30,Pure_EV,Core,69.0,42500.0,31200.0
VEH_010661,YV1XZA683496062,XC90,PHEV,Plus,18.8,96120.0,69228.0
VEH_010662,YV1XZE301366278,EX30,Pure_EV,Ultimate,69.0,50150.0,36816.0
VEH_010663,YV1XZH554530192,EX90,Pure_EV,Core,111.0,86000.0,62500.0
VEH_010664,YV1XZD299895048,XC60,PHEV,Ultimate,18.8,76110.0,54516.0
VEH_010665,YV1XZA936890958,XC60,PHEV,Ultimate,18.8,76110.0,54516.0
VEH_010666,YV1XZD319532141,EC40,Pure_EV,Core,82.0,53500.0,39800.0
VEH_010667,YV1XZA531871563,XC90,PHEV,Core,18.8,89000.0,64100.0
VEH_010668,YV1XZB891002576,EX30,Pure_EV,Ultimate,69.0,50150.0,36816.0
VEH_010669,YV1XZA490445159,XC60,PHEV,Core,18.8,64500.0,46200.0
VEH_010670,YV1XZB667735459,EX90,Pure_EV,Core,111.0,86000.0,62500.0
VEH_010671,YV1XZH802564151,EC40,Pure_EV,Plus,82.0,57780.0,42984.0
VEH_010672,YV1XZG488532937,EC40,Pure_EV,Ultimate,82.0,63130.0,46964.0
VEH_010673,YV1XZA458363853,XC90,PHEV,Ultimate,18.8,105020.0,75638.0
VEH_010674,YV1XZA855152413,EX90,Pure_EV,Plus,111.0,92880.0,67500.0
VEH_010675,YV1XZG202738319,EX90,Pure_EV,Plus,111.0,92880.0,67500.0
VEH_010676,YV1XZD439871512,EX30,Pure_EV,Plus,69.0,45900.0,33696.0
VEH_010677,YV1XZA435126898,XC90,PHEV,Core,18.8,89000.0,64100.0
VEH_010678,YV1XZH614467138,EX30,Pure_EV,Ultimate,69.0,50150.0,36816.0
VEH_010679,YV1XZF232610028,V60,MHEV,Ultimate,0.0,52864.0,38822.0
VEH_010680,YV1XZG182474879,EX90,Pure_EV,Core,111.0,86000.0,62500.0
VEH_010681,YV1XZC250252624,EX30,Pure_EV,Ultimate,69.0,50150.0,36816.0
VEH_010682,YV1XZH408701543,EX30,Pure_EV,Plus,69.0,45900.0,33696.0
VEH_010683,YV1XZH218359728,EC40,Pure_EV,Core,82.0,53500.0,39800.0
VEH_010684,YV1XZD995900984,EC40,Pure_EV,Plus,82.0,57780.0,42984.0
VEH_010685,YV1XZE363957019,EX90,Pure_EV,Core,111.0,86000.0,62500.0
VEH_010686,YV1XZC576171971,EX30,Pure_EV,Ultimate,69.0,50150.0,36816.0
VEH_010687,YV1XZB292860384,EC40,Pure_EV,Core,82.0,53500.0,39800.0
VEH_010688,YV1XZG477302161,XC60,PHEV,Plus,18.8,69660.0,49896.0
VEH_010689,YV1XZC338009649,XC60,PHEV,Core,18.8,64500.0,46200.0
VEH_010690,YV1XZB544338175,EX90,Pure_EV,Plus,111.0,92880.0,67500.0
VEH_010691,YV1XZA549382367,EC40,Pure_EV,Plus,82.0,57780.0,42984.0
VEH_010692,YV1XZH449892997,EX90,Pure_EV,Plus,111.0,92880.0,67500.0
VEH_010693,YV1XZC552030699,EC40,Pure_EV,Plus,82.0,57780.0,42984.0
VEH_010694,YV1XZA824187497,XC60,PHEV,Core,18.8,64500.0,46200.0
VEH_010695,YV1XZH902503617,EX90,Pure_EV,Plus,111.0,92880.0,67500.0
VEH_010696,YV1XZH877414024,EX30,Pure_EV,Core,69.0,42500.0,31200.0
VEH_010697,YV1XZA108271710,EC40,Pure_EV,Core,82.0,53500.0,39800.0
VEH_010698,YV1XZG690406752,EC40,Pure_EV,Ultimate,82.0,63130.0,46964.0
VEH_010699,YV1XZG721747308,XC60,PHEV,Core,18.8,64500.0,46200.0
VEH_010700,YV1XZH181620836,EX30,Pure_EV,Plus,69.0,45900.0,33696.0
VEH_010701,YV1XZB849283114,EX30,Pure_EV,Core,69.0,42500.0,31200.0
VEH_010702,YV1XZG587092224,XC90,PHEV,Core,18.8,89000.0,64100.0
VEH_010703,YV1XZD969938028,V60,MHEV,Ultimate,0.0,52864.0,38822.0
VEH_010704,YV1XZF958390158,EX90,Pure_EV,Core,111.0,86000.0,62500.0
VEH_010705,YV1XZD916302219,EX90,Pure_EV,Ultimate,111.0,101480.0,73750.0
VEH_010706,YV1XZA776074916,V60,MHEV,Core,0.0,44800.0,32900.0
VEH_010707,YV1XZE888208090,EC40,Pure_EV,Plus,82.0,57780.0,42984.0
VEH_010708,YV1XZF187940157,XC90,PHEV,Ultimate,18.8,105020.0,75638.0
VEH_010709,YV1XZH977998133,XC60,PHEV,Plus,18.8,69660.0,49896.0
VEH_010710,YV1XZE302234408,EX30,Pure_EV,Plus,69.0,45900.0,33696.0
VEH_010711,YV1XZD134431911,EX90,Pure_EV,Core,111.0,86000.0,62500.0
VEH_010712,YV1XZC525142516,EX90,Pure_EV,Plus,111.0,92880.0,67500.0
VEH_010713,YV1XZG905173412,V60,MHEV,Plus,0.0,48384.0,35532.0
VEH_010714,YV1XZF893726677,XC90,PHEV,Plus,18.8,96120.0,69228.0
VEH_010715,YV1XZA253206309,EX30,Pure_EV,Ultimate,69.0,50150.0,36816.0
VEH_010716,YV1XZE173899194,V60,MHEV,Core,0.0,44800.0,32900.0
VEH_010717,YV1XZF862458552,V60,MHEV,Core,0.0,44800.0,32900.0
VEH_010718,YV1XZA936507017,EC40,Pure_EV,Ultimate,82.0,63130.0,46964.0
VEH_010719,YV1XZA751537654,EC40,Pure_EV,Core,82.0,53500.0,39800.0
VEH_010720,YV1XZE520209632,EX90,Pure_EV,Core,111.0,86000.0,62500.0
VEH_010721,YV1XZD340808551,EC40,Pure_EV,Ultimate,82.0,63130.0,46964.0
VEH_010722,YV1XZD106993484,XC60,PHEV,Core,18.8,64500.0,46200.0
VEH_010723,YV1XZF851514753,EC40,Pure_EV,Plus,82.0,57780.0,42984.0
VEH_010724,YV1XZH852217595,EC40,Pure_EV,Core,82.0,53500.0,39800.0
VEH_010725,YV1XZE228331462,EX30,Pure_EV,Core,69.0,42500.0,31200.0
VEH_010726,YV1XZD584082764,XC60,PHEV,Plus,18.8,69660.0,49896.0
VEH_010727,YV1XZC202963381,XC60,PHEV,Core,18.8,64500.0,46200.0
VEH_010728,YV1XZE573344197,XC60,PHEV,Core,18.8,64500.0,46200.0
VEH_010729,YV1XZC466155656,EX30,Pure_EV,Core,69.0,42500.0,31200.0
VEH_010730,YV1XZC692490040,V60,MHEV,Ultimate,0.0,52864.0,38822.0
VEH_010731,YV1XZD773865523,V60,MHEV,Core,0.0,44800.0,32900.0
VEH_010732,YV1XZH199358236,XC90,PHEV,Ultimate,18.8,105020.0,75638.0
VEH_010733,YV1XZF508754444,XC60,PHEV,Ultimate,18.8,76110.0,54516.0
VEH_010734,YV1XZH506509182,XC90,PHEV,Core,18.8,89000.0,64100.0
VEH_010735,YV1XZF139524578,XC90,PHEV,Plus,18.8,96120.0,69228.0
VEH_010736,YV1XZB629978225,EC40,Pure_EV,Ultimate,82.0,63130.0,46964.0
VEH_010737,YV1XZD132777695,V60,MHEV,Core,0.0,44800.0,32900.0
VEH_010738,YV1XZA836190949,V60,MHEV,Core,0.0,44800.0,32900.0
VEH_010739,YV1XZF986166857,EC40,Pure_EV,Ultimate,82.0,63130.0,46964.0
VEH_010740,YV1XZG751305602,XC90,PHEV,Core,18.8,89000.0,64100.0
VEH_010741,YV1XZD870382324,XC90,PHEV,Core,18.8,89000.0,64100.0
VEH_010742,YV1XZH732281475,V60,MHEV,Core,0.0,44800.0,32900.0
VEH_010743,YV1XZE791042149,EX90,Pure_EV,Plus,111.0,92880.0,67500.0
VEH_010744,YV1XZE875974646,XC60,PHEV,Core,18.8,64500.0,46200.0
VEH_010745,YV1XZG476223587,EC40,Pure_EV,Core,82.0,53500.0,39800.0
VEH_010746,YV1XZE481117417,V60,MHEV,Ultimate,0.0,52864.0,38822.0
VEH_010747,YV1XZF713035587,EX90,Pure_EV,Ultimate,111.0,101480.0,73750.0
VEH_010748,YV1XZH123036330,EX90,Pure_EV,Plus,111.0,92880.0,67500.0
VEH_010749,YV1XZG495857680,V60,MHEV,Plus,0.0,48384.0,35532.0
VEH_010750,YV1XZE520861268,EX30,Pure_EV,Ultimate,69.0,50150.0,36816.0
VEH_010751,YV1XZH677656634,EX90,Pure_EV,Core,111.0,86000.0,62500.0
VEH_010752,YV1XZG258060065,V60,MHEV,Plus,0.0,48384.0,35532.0
VEH_010753,YV1XZC583362893,V60,MHEV,Ultimate,0.0,52864.0,38822.0
VEH_010754,YV1XZC540953467,EX30,Pure_EV,Ultimate,69.0,50150.0,36816.0
VEH_010755,YV1XZG945717592,EX30,Pure_EV,Core,69.0,42500.0,31200.0
VEH_010756,YV1XZB702490500,V60,MHEV,Core,0.0,44800.0,32900.0
VEH_010757,YV1XZA894036203,XC60,PHEV,Ultimate,18.8,76110.0,54516.0
VEH_010758,YV1XZD568157126,EX30,Pure_EV,Core,69.0,42500.0,31200.0
VEH_010759,YV1XZB733043039,EX30,Pure_EV,Ultimate,69.0,50150.0,36816.0
VEH_010760,YV1XZA974650440,EC40,Pure_EV,Ultimate,82.0,63130.0,46964.0
VEH_010761,YV1XZH152568937,XC90,PHEV,Core,18.8,89000.0,64100.0
VEH_010762,YV1XZC636435123,EX30,Pure_EV,Core,69.0,42500.0,31200.0
VEH_010763,YV1XZC666271752,V60,MHEV,Plus,0.0,48384.0,35532.0
VEH_010764,YV1XZH599224576,EX30,Pure_EV,Plus,69.0,45900.0,33696.0
VEH_010765,YV1XZA190867372,XC60,PHEV,Plus,18.8,69660.0,49896.0
VEH_010766,YV1XZH244022775,EC40,Pure_EV,Ultimate,82.0,63130.0,46964.0
VEH_010767,YV1XZC207971947,V60,MHEV,Plus,0.0,48384.0,35532.0
VEH_010768,YV1XZF558275646,EX30,Pure_EV,Ultimate,69.0,50150.0,36816.0
VEH_010769,YV1XZG428466945,V60,MHEV,Ultimate,0.0,52864.0,38822.0
VEH_010770,YV1XZH582752335,XC60,PHEV,Core,18.8,64500.0,46200.0
VEH_010771,YV1XZF738474936,EX90,Pure_EV,Ultimate,111.0,101480.0,73750.0
VEH_010772,YV1XZB736559500,EC40,Pure_EV,Plus,82.0,57780.0,42984.0
VEH_010773,YV1XZA480213230,EX90,Pure_EV,Core,111.0,86000.0,62500.0
VEH_010774,YV1XZF530858461,EX30,Pure_EV,Core,69.0,42500.0,31200.0
VEH_010775,YV1XZH955858759,EX90,Pure_EV,Ultimate,111.0,101480.0,73750.0
VEH_010776,YV1XZC477641261,EC40,Pure_EV,Ultimate,82.0,63130.0,46964.0
VEH_010777,YV1XZH483244697,EX30,Pure_EV,Core,69.0,42500.0,31200.0
VEH_010778,YV1XZH902093254,EX30,Pure_EV,Plus,69.0,45900.0,33696.0
VEH_010779,YV1XZG786080415,EC40,Pure_EV,Ultimate,82.0,63130.0,46964.0
VEH_010780,YV1XZF681259280,XC60,PHEV,Core,18.8,64500.0,46200.0
VEH_010781,YV1XZC884715085,EX30,Pure_EV,Ultimate,69.0,50150.0,36816.0
VEH_010782,YV1XZH381470951,EX30,Pure_EV,Plus,69.0,45900.0,33696.0
VEH_010783,YV1XZE635932565,XC90,PHEV,Plus,18.8,96120.0,69228.0
VEH_010784,YV1XZD501381769,XC60,PHEV,Ultimate,18.8,76110.0,54516.0
VEH_010785,YV1XZF802877148,XC90,PHEV,Ultimate,18.8,105020.0,75638.0
VEH_010786,YV1XZD676649804,XC90,PHEV,Plus,18.8,96120.0,69228.0
VEH_010787,YV1XZG748980793,EX90,Pure_EV,Plus,111.0,92880.0,67500.0
VEH_010788,YV1XZH907159544,XC90,PHEV,Ultimate,18.8,105020.0,75638.0
VEH_010789,YV1XZF255258045,EX30,Pure_EV,Core,69.0,42500.0,31200.0
VEH_010790,YV1XZD166123173,EX30,Pure_EV,Core,69.0,42500.0,31200.0
VEH_010791,YV1XZE557183973,V60,MHEV,Plus,0.0,48384.0,35532.0
VEH_010792,YV1XZB259669538,V60,MHEV,Ultimate,0.0,52864.0,38822.0
VEH_010793,YV1XZB719904088,XC60,PHEV,Plus,18.8,69660.0,49896.0
VEH_010794,YV1XZG728426866,EX30,Pure_EV,Ultimate,69.0,50150.0,36816.0
VEH_010795,YV1XZD496813021,XC90,PHEV,Core,18.8,89000.0,64100.0
VEH_010796,YV1XZA328586232,EX90,Pure_EV,Ultimate,111.0,101480.0,73750.0
VEH_010797,YV1XZD921042556,V60,MHEV,Core,0.0,44800.0,32900.0
VEH_010798,YV1XZD142526140,XC90,PHEV,Plus,18.8,96120.0,69228.0
VEH_010799,YV1XZG669479799,EC40,Pure_EV,Ultimate,82.0,63130.0,46964.0
VEH_010800,YV1XZH501483933,EX90,Pure_EV,Ultimate,111.0,101480.0,73750.0
VEH_010801,YV1XZF455926974,EX90,Pure_EV,Core,111.0,86000.0,62500.0
VEH_010802,YV1XZC157191022,EX90,Pure_EV,Plus,111.0,92880.0,67500.0
VEH_010803,YV1XZE932742662,EX90,Pure_EV,Ultimate,111.0,101480.0,73750.0
VEH_010804,YV1XZE615454579,XC90,PHEV,Plus,18.8,96120.0,69228.0
VEH_010805,YV1XZB300034401,XC90,PHEV,Core,18.8,89000.0,64100.0
VEH_010806,YV1XZG734463608,XC90,PHEV,Core,18.8,89000.0,64100.0
VEH_010807,YV1XZD411796187,V60,MHEV,Ultimate,0.0,52864.0,38822.0
VEH_010808,YV1XZB585393193,V60,MHEV,Plus,0.0,48384.0,35532.0
VEH_010809,YV1XZC959684476,EX90,Pure_EV,Ultimate,111.0,101480.0,73750.0
VEH_010810,YV1XZD188802812,EX90,Pure_EV,Core,111.0,86000.0,62500.0
VEH_010811,YV1XZH648341923,XC60,PHEV,Ultimate,18.8,76110.0,54516.0
VEH_010812,YV1XZA951708968,XC60,PHEV,Plus,18.8,69660.0,49896.0
VEH_010813,YV1XZE836221915,EX90,Pure_EV,Ultimate,111.0,101480.0,73750.0
VEH_010814,YV1XZF998182651,V60,MHEV,Plus,0.0,48384.0,35532.0
VEH_010815,YV1XZA439587839,V60,MHEV,Ultimate,0.0,52864.0,38822.0
VEH_010816,YV1XZH878216445,EC40,Pure_EV,Plus,82.0,57780.0,42984.0
VEH_010817,YV1XZB592504051,XC60,PHEV,Ultimate,18.8,76110.0,54516.0
VEH_010818,YV1XZB234796610,EC40,Pure_EV,Core,82.0,53500.0,39800.0
VEH_010819,YV1XZD424065428,V60,MHEV,Plus,0.0,48384.0,35532.0
VEH_010820,YV1XZD475532796,V60,MHEV,Plus,0.0,48384.0,35532.0
VEH_010821,YV1XZB173776438,EX90,Pure_EV,Ultimate,111.0,101480.0,73750.0
VEH_010822,YV1XZH477654756,V60,MHEV,Plus,0.0,48384.0,35532.0
VEH_010823,YV1XZC593306264,EX30,Pure_EV,Ultimate,69.0,50150.0,36816.0
VEH_010824,YV1XZE653588249,EX90,Pure_EV,Core,111.0,86000.0,62500.0
VEH_010825,YV1XZD508596451,EX30,Pure_EV,Ultimate,69.0,50150.0,36816.0
VEH_010826,YV1XZF583943298,XC90,PHEV,Ultimate,18.8,105020.0,75638.0
VEH_010827,YV1XZG300202710,V60,MHEV,Plus,0.0,48384.0,35532.0
VEH_010828,YV1XZD314176345,XC90,PHEV,Plus,18.8,96120.0,69228.0
VEH_010829,YV1XZG675354761,XC90,PHEV,Core,18.8,89000.0,64100.0
VEH_010830,YV1XZA966065767,XC60,PHEV,Plus,18.8,69660.0,49896.0
VEH_010831,YV1XZF448443276,XC90,PHEV,Ultimate,18.8,105020.0,75638.0
VEH_010832,YV1XZE344629791,EX30,Pure_EV,Plus,69.0,45900.0,33696.0
VEH_010833,YV1XZE385639440,XC90,PHEV,Ultimate,18.8,105020.0,75638.0
VEH_010834,YV1XZB116794918,EX30,Pure_EV,Core,69.0,42500.0,31200.0
VEH_010835,YV1XZH937005173,EC40,Pure_EV,Core,82.0,53500.0,39800.0
VEH_010836,YV1XZH379648060,V60,MHEV,Ultimate,0.0,52864.0,38822.0
VEH_010837,YV1XZF398935205,XC90,PHEV,Core,18.8,89000.0,64100.0
VEH_010838,YV1XZB101499865,XC90,PHEV,Core,18.8,89000.0,64100.0
VEH_010839,YV1XZB642164410,EX30,Pure_EV,Ultimate,69.0,50150.0,36816.0
VEH_010840,YV1XZG756373687,XC90,PHEV,Ultimate,18.8,105020.0,75638.0
VEH_010841,YV1XZB329918068,XC90,PHEV,Ultimate,18.8,105020.0,75638.0
VEH_010842,YV1XZD496974086,EX90,Pure_EV,Ultimate,111.0,101480.0,73750.0
VEH_010843,YV1XZD667654420,XC60,PHEV,Plus,18.8,69660.0,49896.0
VEH_010844,YV1XZB208174615,EC40,Pure_EV,Ultimate,82.0,63130.0,46964.0
VEH_010845,YV1XZH140355215,EX30,Pure_EV,Plus,69.0,45900.0,33696.0
VEH_010846,YV1XZH496673828,EX90,Pure_EV,Plus,111.0,92880.0,67500.0
VEH_010847,YV1XZB998846555,XC60,PHEV,Core,18.8,64500.0,46200.0
VEH_010848,YV1XZC512690815,XC60,PHEV,Plus,18.8,69660.0,49896.0
VEH_010849,YV1XZF447177631,EX90,Pure_EV,Plus,111.0,92880.0,67500.0
VEH_010850,YV1XZC103485892,EC40,Pure_EV,Plus,82.0,57780.0,42984.0
VEH_010851,YV1XZD466878903,EX90,Pure_EV,Core,111.0,86000.0,62500.0
VEH_010852,YV1XZG768923460,V60,MHEV,Plus,0.0,48384.0,35532.0
VEH_010853,YV1XZC254711184,V60,MHEV,Ultimate,0.0,52864.0,38822.0
VEH_010854,YV1XZE104258484,V60,MHEV,Core,0.0,44800.0,32900.0
VEH_010855,YV1XZH364269415,XC60,PHEV,Core,18.8,64500.0,46200.0
VEH_010856,YV1XZD396561944,V60,MHEV,Plus,0.0,48384.0,35532.0
VEH_010857,YV1XZA960537767,XC60,PHEV,Plus,18.8,69660.0,49896.0
VEH_010858,YV1XZE607111542,XC90,PHEV,Plus,18.8,96120.0,69228.0
VEH_010859,YV1XZA547879820,V60,MHEV,Core,0.0,44800.0,32900.0
VEH_010860,YV1XZB155266930,EX30,Pure_EV,Core,69.0,42500.0,31200.0
VEH_010861,YV1XZF216346121,XC60,PHEV,Ultimate,18.8,76110.0,54516.0
VEH_010862,YV1XZF243303362,XC60,PHEV,Core,18.8,64500.0,46200.0
VEH_010863,YV1XZB894797387,EX30,Pure_EV,Plus,69.0,45900.0,33696.0
VEH_010864,YV1XZC277659036,EX90,Pure_EV,Core,111.0,86000.0,62500.0
VEH_010865,YV1XZB623561345,EC40,Pure_EV,Ultimate,82.0,63130.0,46964.0
VEH_010866,YV1XZB511210646,EC40,Pure_EV,Plus,82.0,57780.0,42984.0
VEH_010867,YV1XZF568283033,XC90,PHEV,Core,18.8,89000.0,64100.0
VEH_010868,YV1XZB667774897,EC40,Pure_EV,Ultimate,82.0,63130.0,46964.0
VEH_010869,YV1XZE230831595,V60,MHEV,Plus,0.0,48384.0,35532.0
VEH_010870,YV1XZD566809840,EX90,Pure_EV,Core,111.0,86000.0,62500.0
VEH_010871,YV1XZA250837560,XC60,PHEV,Plus,18.8,69660.0,49896.0
VEH_010872,YV1XZB452980995,XC90,PHEV,Plus,18.8,96120.0,69228.0
VEH_010873,YV1XZF692625230,XC60,PHEV,Ultimate,18.8,76110.0,54516.0
VEH_010874,YV1XZB816167261,EX30,Pure_EV,Plus,69.0,45900.0,33696.0
VEH_010875,YV1XZH689274093,EC40,Pure_EV,Ultimate,82.0,63130.0,46964.0
VEH_010876,YV1XZA855795980,EX90,Pure_EV,Ultimate,111.0,101480.0,73750.0
VEH_010877,YV1XZE736351722,EC40,Pure_EV,Core,82.0,53500.0,39800.0
VEH_010878,YV1XZB974498214,EX90,Pure_EV,Core,111.0,86000.0,62500.0
VEH_010879,YV1XZB798372266,XC90,PHEV,Core,18.8,89000.0,64100.0
VEH_010880,YV1XZE640926620,EC40,Pure_EV,Core,82.0,53500.0,39800.0
VEH_010881,YV1XZB405204352,EX30,Pure_EV,Plus,69.0,45900.0,33696.0
VEH_010882,YV1XZD975708858,EX30,Pure_EV,Core,69.0,42500.0,31200.0
VEH_010883,YV1XZG719813611,XC90,PHEV,Plus,18.8,96120.0,69228.0
VEH_010884,YV1XZB405490033,XC90,PHEV,Core,18.8,89000.0,64100.0
VEH_010885,YV1XZF265180403,EX90,Pure_EV,Plus,111.0,92880.0,67500.0
VEH_010886,YV1XZC981317559,EX30,Pure_EV,Core,69.0,42500.0,31200.0
VEH_010887,YV1XZB583424981,V60,MHEV,Core,0.0,44800.0,32900.0
VEH_010888,YV1XZC155449232,EC40,Pure_EV,Core,82.0,53500.0,39800.0
VEH_010889,YV1XZE853595916,XC90,PHEV,Ultimate,18.8,105020.0,75638.0
VEH_010890,YV1XZG532981637,EC40,Pure_EV,Plus,82.0,57780.0,42984.0
VEH_010891,YV1XZE683856924,EC40,Pure_EV,Ultimate,82.0,63130.0,46964.0
VEH_010892,YV1XZC597519473,EX30,Pure_EV,Ultimate,69.0,50150.0,36816.0
VEH_010893,YV1XZB365528784,EX90,Pure_EV,Ultimate,111.0,101480.0,73750.0
VEH_010894,YV1XZH817286128,V60,MHEV,Plus,0.0,48384.0,35532.0
VEH_010895,YV1XZB547044182,EC40,Pure_EV,Ultimate,82.0,63130.0,46964.0
VEH_010896,YV1XZB436462177,EC40,Pure_EV,Plus,82.0,57780.0,42984.0
VEH_010897,YV1XZB701023171,EX90,Pure_EV,Core,111.0,86000.0,62500.0
VEH_010898,YV1XZB205628222,V60,MHEV,Core,0.0,44800.0,32900.0
VEH_010899,YV1XZF247525673,EX90,Pure_EV,Core,111.0,86000.0,62500.0
VEH_010900,YV1XZF532333723,EX90,Pure_EV,Core,111.0,86000.0,62500.0
VEH_010901,YV1XZD411191560,XC90,PHEV,Core,18.8,89000.0,64100.0
VEH_010902,YV1XZE868010430,EX90,Pure_EV,Ultimate,111.0,101480.0,73750.0
VEH_010903,YV1XZC258432179,EX30,Pure_EV,Ultimate,69.0,50150.0,36816.0
VEH_010904,YV1XZE523629829,V60,MHEV,Ultimate,0.0,52864.0,38822.0
VEH_010905,YV1XZH995104281,EX90,Pure_EV,Plus,111.0,92880.0,67500.0
VEH_010906,YV1XZD937903461,EX30,Pure_EV,Ultimate,69.0,50150.0,36816.0
VEH_010907,YV1XZC436225854,EX90,Pure_EV,Core,111.0,86000.0,62500.0
VEH_010908,YV1XZC359568055,EX90,Pure_EV,Plus,111.0,92880.0,67500.0
VEH_010909,YV1XZH958823326,XC90,PHEV,Plus,18.8,96120.0,69228.0
VEH_010910,YV1XZH513245821,EX30,Pure_EV,Plus,69.0,45900.0,33696.0
VEH_010911,YV1XZC764731542,EX30,Pure_EV,Plus,69.0,45900.0,33696.0
VEH_010912,YV1XZH786971121,V60,MHEV,Core,0.0,44800.0,32900.0
VEH_010913,YV1XZG604407261,V60,MHEV,Plus,0.0,48384.0,35532.0
VEH_010914,YV1XZH622691997,EC40,Pure_EV,Core,82.0,53500.0,39800.0
VEH_010915,YV1XZA581918216,EX90,Pure_EV,Core,111.0,86000.0,62500.0
VEH_010916,YV1XZC952005232,V60,MHEV,Plus,0.0,48384.0,35532.0
VEH_010917,YV1XZA121973223,EC40,Pure_EV,Ultimate,82.0,63130.0,46964.0
VEH_010918,YV1XZA949735270,EX90,Pure_EV,Core,111.0,86000.0,62500.0
VEH_010919,YV1XZA838651228,EC40,Pure_EV,Core,82.0,53500.0,39800.0
VEH_010920,YV1XZH255306960,V60,MHEV,Ultimate,0.0,52864.0,38822.0
VEH_010921,YV1XZC470081565,EC40,Pure_EV,Plus,82.0,57780.0,42984.0
VEH_010922,YV1XZG471896077,EC40,Pure_EV,Core,82.0,53500.0,39800.0
VEH_010923,YV1XZG899874728,EC40,Pure_EV,Core,82.0,53500.0,39800.0
VEH_010924,YV1XZD737295639,V60,MHEV,Ultimate,0.0,52864.0,38822.0
VEH_010925,YV1XZG907943195,EX90,Pure_EV,Plus,111.0,92880.0,67500.0
VEH_010926,YV1XZD723768951,V60,MHEV,Ultimate,0.0,52864.0,38822.0
VEH_010927,YV1XZC335719022,XC90,PHEV,Plus,18.8,96120.0,69228.0
VEH_010928,YV1XZB964295451,XC90,PHEV,Ultimate,18.8,105020.0,75638.0
VEH_010929,YV1XZD509446519,XC90,PHEV,Core,18.8,89000.0,64100.0
VEH_010930,YV1XZC934368587,V60,MHEV,Core,0.0,44800.0,32900.0
VEH_010931,YV1XZG654021624,XC60,PHEV,Ultimate,18.8,76110.0,54516.0
VEH_010932,YV1XZA394417023,EX30,Pure_EV,Plus,69.0,45900.0,33696.0
VEH_010933,YV1XZD478259678,EX90,Pure_EV,Ultimate,111.0,101480.0,73750.0
VEH_010934,YV1XZD184904245,XC60,PHEV,Ultimate,18.8,76110.0,54516.0
VEH_010935,YV1XZF721496000,XC90,PHEV,Ultimate,18.8,105020.0,75638.0
VEH_010936,YV1XZB878964778,EX90,Pure_EV,Core,111.0,86000.0,62500.0
VEH_010937,YV1XZC824198177,XC60,PHEV,Ultimate,18.8,76110.0,54516.0
VEH_010938,YV1XZD442253579,EX30,Pure_EV,Ultimate,69.0,50150.0,36816.0
VEH_010939,YV1XZH873002691,EX90,Pure_EV,Plus,111.0,92880.0,67500.0
VEH_010940,YV1XZA975202434,EX30,Pure_EV,Plus,69.0,45900.0,33696.0
VEH_010941,YV1XZA632166023,XC60,PHEV,Ultimate,18.8,76110.0,54516.0
VEH_010942,YV1XZA876545398,XC60,PHEV,Plus,18.8,69660.0,49896.0
VEH_010943,YV1XZE708105497,XC90,PHEV,Ultimate,18.8,105020.0,75638.0
VEH_010944,YV1XZG312407358,EC40,Pure_EV,Ultimate,82.0,63130.0,46964.0
VEH_010945,YV1XZG641776595,EC40,Pure_EV,Plus,82.0,57780.0,42984.0
VEH_010946,YV1XZG234481609,XC60,PHEV,Ultimate,18.8,76110.0,54516.0
VEH_010947,YV1XZA971735162,EX30,Pure_EV,Core,69.0,42500.0,31200.0
VEH_010948,YV1XZF178339470,EC40,Pure_EV,Ultimate,82.0,63130.0,46964.0
VEH_010949,YV1XZE894405783,XC90,PHEV,Plus,18.8,96120.0,69228.0
VEH_010950,YV1XZC274894656,EC40,Pure_EV,Plus,82.0,57780.0,42984.0
VEH_010951,YV1XZF461471892,EC40,Pure_EV,Ultimate,82.0,63130.0,46964.0
VEH_010952,YV1XZD860189923,EX30,Pure_EV,Core,69.0,42500.0,31200.0
VEH_010953,YV1XZF757488292,EX30,Pure_EV,Ultimate,69.0,50150.0,36816.0
VEH_010954,YV1XZE203366356,EX30,Pure_EV,Plus,69.0,45900.0,33696.0
VEH_010955,YV1XZD808076008,XC90,PHEV,Plus,18.8,96120.0,69228.0
VEH_010956,YV1XZB902792566,V60,MHEV,Plus,0.0,48384.0,35532.0
VEH_010957,YV1XZA740648423,V60,MHEV,Core,0.0,44800.0,32900.0
VEH_010958,YV1XZE467890673,XC60,PHEV,Plus,18.8,69660.0,49896.0
VEH_010959,YV1XZD966173516,EX30,Pure_EV,Ultimate,69.0,50150.0,36816.0
VEH_010960,YV1XZG912081485,XC60,PHEV,Core,18.8,64500.0,46200.0
VEH_010961,YV1XZA459891015,EC40,Pure_EV,Ultimate,82.0,63130.0,46964.0
VEH_010962,YV1XZE169670290,V60,MHEV,Core,0.0,44800.0,32900.0
VEH_010963,YV1XZH252860601,XC60,PHEV,Core,18.8,64500.0,46200.0
VEH_010964,YV1XZE244212322,EX90,Pure_EV,Core,111.0,86000.0,62500.0
VEH_010965,YV1XZH639370802,XC60,PHEV,Ultimate,18.8,76110.0,54516.0
VEH_010966,YV1XZD986974265,XC60,PHEV,Core,18.8,64500.0,46200.0
VEH_010967,YV1XZD780001705,V60,MHEV,Core,0.0,44800.0,32900.0
VEH_010968,YV1XZC654001915,XC90,PHEV,Core,18.8,89000.0,64100.0
VEH_010969,YV1XZB950888736,EX30,Pure_EV,Plus,69.0,45900.0,33696.0
VEH_010970,YV1XZD479358106,XC90,PHEV,Ultimate,18.8,105020.0,75638.0
VEH_010971,YV1XZH896419624,EC40,Pure_EV,Ultimate,82.0,63130.0,46964.0
VEH_010972,YV1XZF249280131,V60,MHEV,Ultimate,0.0,52864.0,38822.0
VEH_010973,YV1XZC573773345,EX30,Pure_EV,Core,69.0,42500.0,31200.0
VEH_010974,YV1XZG362173727,V60,MHEV,Plus,0.0,48384.0,35532.0
VEH_010975,YV1XZB194145177,XC60,PHEV,Core,18.8,64500.0,46200.0
VEH_010976,YV1XZD356200732,EC40,Pure_EV,Ultimate,82.0,63130.0,46964.0
VEH_010977,YV1XZG273918172,EX30,Pure_EV,Core,69.0,42500.0,31200.0
VEH_010978,YV1XZG885982551,EX90,Pure_EV,Core,111.0,86000.0,62500.0
VEH_010979,YV1XZE822984860,EC40,Pure_EV,Ultimate,82.0,63130.0,46964.0
VEH_010980,YV1XZD974067726,EX30,Pure_EV,Core,69.0,42500.0,31200.0
VEH_010981,YV1XZA361406986,XC90,PHEV,Core,18.8,89000.0,64100.0
VEH_010982,YV1XZE687488867,V60,MHEV,Plus,0.0,48384.0,35532.0
VEH_010983,YV1XZB827471080,EC40,Pure_EV,Ultimate,82.0,63130.0,46964.0
VEH_010984,YV1XZC172716246,EX30,Pure_EV,Core,69.0,42500.0,31200.0
VEH_010985,YV1XZE181392562,XC90,PHEV,Core,18.8,89000.0,64100.0
VEH_010986,YV1XZA684086952,V60,MHEV,Plus,0.0,48384.0,35532.0
VEH_010987,YV1XZA244650169,EX30,Pure_EV,Plus,69.0,45900.0,33696.0
VEH_010988,YV1XZG167303380,XC90,PHEV,Plus,18.8,96120.0,69228.0
VEH_010989,YV1XZH672260204,XC60,PHEV,Ultimate,18.8,76110.0,54516.0
VEH_010990,YV1XZD297264372,XC60,PHEV,Ultimate,18.8,76110.0,54516.0
VEH_010991,YV1XZH111537391,EX30,Pure_EV,Plus,69.0,45900.0,33696.0
VEH_010992,YV1XZC122118935,EX90,Pure_EV,Ultimate,111.0,101480.0,73750.0
VEH_010993,YV1XZE813277645,EC40,Pure_EV,Core,82.0,53500.0,39800.0
VEH_010994,YV1XZD877643355,XC60,PHEV,Plus,18.8,69660.0,49896.0
VEH_010995,YV1XZE239274301,EX90,Pure_EV,Plus,111.0,92880.0,67500.0
VEH_010996,YV1XZG487860500,EX30,Pure_EV,Core,69.0,42500.0,31200.0
VEH_010997,YV1XZA415925753,EX30,Pure_EV,Core,69.0,42500.0,31200.0
VEH_010998,YV1XZB112870862,XC60,PHEV,Core,18.8,64500.0,46200.0
VEH_010999,YV1XZB313972787,V60,MHEV,Plus,0.0,48384.0,35532.0
VEH_011000,YV1XZF493404948,EX30,Pure_EV,Core,69.0,42500.0,31200.0
VEH_011001,YV1XZH713347848,EC40,Pure_EV,Ultimate,82.0,63130.0,46964.0
VEH_011002,YV1XZA873901203,EC40,Pure_EV,Core,82.0,53500.0,39800.0
VEH_011003,YV1XZC829087085,XC60,PHEV,Core,18.8,64500.0,46200.0
VEH_011004,YV1XZF554475425,EX90,Pure_EV,Ultimate,111.0,101480.0,73750.0
VEH_011005,YV1XZC805380311,V60,MHEV,Plus,0.0,48384.0,35532.0
VEH_011006,YV1XZG953529074,EX30,Pure_EV,Plus,69.0,45900.0,33696.0
VEH_011007,YV1XZH868062907,EX30,Pure_EV,Ultimate,69.0,50150.0,36816.0
VEH_011008,YV1XZH554750413,XC90,PHEV,Plus,18.8,96120.0,69228.0
VEH_011009,YV1XZH498428363,XC60,PHEV,Ultimate,18.8,76110.0,54516.0
VEH_011010,YV1XZH598988532,EX30,Pure_EV,Core,69.0,42500.0,31200.0
VEH_011011,YV1XZC948077743,V60,MHEV,Core,0.0,44800.0,32900.0
VEH_011012,YV1XZB672337763,EX90,Pure_EV,Ultimate,111.0,101480.0,73750.0
VEH_011013,YV1XZH790655491,XC90,PHEV,Core,18.8,89000.0,64100.0
VEH_011014,YV1XZA398215682,V60,MHEV,Core,0.0,44800.0,32900.0
VEH_011015,YV1XZD141698612,XC90,PHEV,Plus,18.8,96120.0,69228.0
VEH_011016,YV1XZB730209882,EC40,Pure_EV,Plus,82.0,57780.0,42984.0
VEH_011017,YV1XZF893778535,EC40,Pure_EV,Plus,82.0,57780.0,42984.0
VEH_011018,YV1XZB792778695,XC90,PHEV,Plus,18.8,96120.0,69228.0
VEH_011019,YV1XZD401237575,V60,MHEV,Plus,0.0,48384.0,35532.0
VEH_011020,YV1XZA635401161,EX30,Pure_EV,Ultimate,69.0,50150.0,36816.0
VEH_011021,YV1XZG936294113,XC90,PHEV,Ultimate,18.8,105020.0,75638.0
VEH_011022,YV1XZA366261199,EC40,Pure_EV,Ultimate,82.0,63130.0,46964.0
VEH_011023,YV1XZB473486027,V60,MHEV,Ultimate,0.0,52864.0,38822.0
VEH_011024,YV1XZF765522821,XC60,PHEV,Plus,18.8,69660.0,49896.0
VEH_011025,YV1XZB923808427,EX90,Pure_EV,Ultimate,111.0,101480.0,73750.0
VEH_011026,YV1XZF356007943,XC90,PHEV,Ultimate,18.8,105020.0,75638.0
VEH_011027,YV1XZC135399324,V60,MHEV,Plus,0.0,48384.0,35532.0
VEH_011028,YV1XZE745265870,EC40,Pure_EV,Plus,82.0,57780.0,42984.0
VEH_011029,YV1XZC581098931,EX90,Pure_EV,Core,111.0,86000.0,62500.0
VEH_011030,YV1XZF370220578,EX30,Pure_EV,Ultimate,69.0,50150.0,36816.0
VEH_011031,YV1XZD654654350,EX30,Pure_EV,Plus,69.0,45900.0,33696.0
VEH_011032,YV1XZH109055041,EC40,Pure_EV,Plus,82.0,57780.0,42984.0
VEH_011033,YV1XZH781705243,EX90,Pure_EV,Core,111.0,86000.0,62500.0
VEH_011034,YV1XZD592457121,EX30,Pure_EV,Plus,69.0,45900.0,33696.0
VEH_011035,YV1XZE299620843,XC90,PHEV,Ultimate,18.8,105020.0,75638.0
VEH_011036,YV1XZF485517729,EX30,Pure_EV,Ultimate,69.0,50150.0,36816.0
VEH_011037,YV1XZF872007985,V60,MHEV,Ultimate,0.0,52864.0,38822.0
VEH_011038,YV1XZF386667664,EC40,Pure_EV,Core,82.0,53500.0,39800.0
VEH_011039,YV1XZH914803337,EC40,Pure_EV,Core,82.0,53500.0,39800.0
VEH_011040,YV1XZG589661196,XC90,PHEV,Ultimate,18.8,105020.0,75638.0
VEH_011041,YV1XZC791859606,XC60,PHEV,Ultimate,18.8,76110.0,54516.0
VEH_011042,YV1XZC957981052,V60,MHEV,Ultimate,0.0,52864.0,38822.0
VEH_011043,YV1XZA589123637,EX30,Pure_EV,Core,69.0,42500.0,31200.0
VEH_011044,YV1XZA397675399,EX90,Pure_EV,Ultimate,111.0,101480.0,73750.0
VEH_011045,YV1XZE630954559,EX30,Pure_EV,Ultimate,69.0,50150.0,36816.0
VEH_011046,YV1XZC416802330,EX30,Pure_EV,Core,69.0,42500.0,31200.0
VEH_011047,YV1XZH494128762,XC60,PHEV,Core,18.8,64500.0,46200.0
VEH_011048,YV1XZA400098667,V60,MHEV,Plus,0.0,48384.0,35532.0
VEH_011049,YV1XZE692653700,EX30,Pure_EV,Core,69.0,42500.0,31200.0
VEH_011050,YV1XZH187852183,XC60,PHEV,Plus,18.8,69660.0,49896.0
VEH_011051,YV1XZE393584011,XC90,PHEV,Plus,18.8,96120.0,69228.0
VEH_011052,YV1XZC926341953,EX90,Pure_EV,Plus,111.0,92880.0,67500.0
VEH_011053,YV1XZH163666574,EC40,Pure_EV,Plus,82.0,57780.0,42984.0
VEH_011054,YV1XZG604679018,V60,MHEV,Plus,0.0,48384.0,35532.0
VEH_011055,YV1XZA226132783,EX30,Pure_EV,Core,69.0,42500.0,31200.0
VEH_011056,YV1XZH936002765,XC90,PHEV,Plus,18.8,96120.0,69228.0
VEH_011057,YV1XZD268609868,EX30,Pure_EV,Core,69.0,42500.0,31200.0
VEH_011058,YV1XZA844036666,EC40,Pure_EV,Plus,82.0,57780.0,42984.0
VEH_011059,YV1XZE340656528,EC40,Pure_EV,Ultimate,82.0,63130.0,46964.0
VEH_011060,YV1XZD244529727,EX30,Pure_EV,Plus,69.0,45900.0,33696.0
VEH_011061,YV1XZG929656484,EC40,Pure_EV,Plus,82.0,57780.0,42984.0
VEH_011062,YV1XZH805736708,XC90,PHEV,Ultimate,18.8,105020.0,75638.0
VEH_011063,YV1XZA910420270,EC40,Pure_EV,Ultimate,82.0,63130.0,46964.0
VEH_011064,YV1XZA380012613,EX90,Pure_EV,Ultimate,111.0,101480.0,73750.0
VEH_011065,YV1XZB961998885,EX90,Pure_EV,Ultimate,111.0,101480.0,73750.0
VEH_011066,YV1XZC380377385,XC60,PHEV,Plus,18.8,69660.0,49896.0
VEH_011067,YV1XZC404545182,XC60,PHEV,Ultimate,18.8,76110.0,54516.0
VEH_011068,YV1XZE666287551,XC60,PHEV,Core,18.8,64500.0,46200.0
VEH_011069,YV1XZD163552476,EX30,Pure_EV,Core,69.0,42500.0,31200.0
VEH_011070,YV1XZG924423055,EX30,Pure_EV,Ultimate,69.0,50150.0,36816.0
VEH_011071,YV1XZC365708729,EC40,Pure_EV,Core,82.0,53500.0,39800.0
VEH_011072,YV1XZF840172921,EX30,Pure_EV,Plus,69.0,45900.0,33696.0
VEH_011073,YV1XZB647720594,XC60,PHEV,Plus,18.8,69660.0,49896.0
VEH_011074,YV1XZH494282015,EX30,Pure_EV,Core,69.0,42500.0,31200.0
VEH_011075,YV1XZH161063165,XC90,PHEV,Core,18.8,89000.0,64100.0
VEH_011076,YV1XZE359880895,EX30,Pure_EV,Core,69.0,42500.0,31200.0
VEH_011077,YV1XZD882583034,XC60,PHEV,Plus,18.8,69660.0,49896.0
VEH_011078,YV1XZG965506044,EX90,Pure_EV,Plus,111.0,92880.0,67500.0
VEH_011079,YV1XZE130423862,V60,MHEV,Plus,0.0,48384.0,35532.0
VEH_011080,YV1XZD507960177,V60,MHEV,Plus,0.0,48384.0,35532.0
VEH_011081,YV1XZB797291819,EX90,Pure_EV,Plus,111.0,92880.0,67500.0
VEH_011082,YV1XZD232577235,V60,MHEV,Core,0.0,44800.0,32900.0
VEH_011083,YV1XZE217274856,EX30,Pure_EV,Plus,69.0,45900.0,33696.0
VEH_011084,YV1XZB735518393,V60,MHEV,Core,0.0,44800.0,32900.0
VEH_011085,YV1XZC129815626,EX30,Pure_EV,Ultimate,69.0,50150.0,36816.0
VEH_011086,YV1XZH210016393,XC60,PHEV,Core,18.8,64500.0,46200.0
VEH_011087,YV1XZG797519047,EX90,Pure_EV,Ultimate,111.0,101480.0,73750.0
VEH_011088,YV1XZA941877331,XC90,PHEV,Core,18.8,89000.0,64100.0
VEH_011089,YV1XZC289554319,EX30,Pure_EV,Plus,69.0,45900.0,33696.0
VEH_011090,YV1XZE384303615,EX30,Pure_EV,Ultimate,69.0,50150.0,36816.0
VEH_011091,YV1XZG942002322,EX90,Pure_EV,Ultimate,111.0,101480.0,73750.0
VEH_011092,YV1XZD903441040,XC60,PHEV,Ultimate,18.8,76110.0,54516.0
VEH_011093,YV1XZE819165136,EC40,Pure_EV,Core,82.0,53500.0,39800.0
VEH_011094,YV1XZG228762167,EX90,Pure_EV,Plus,111.0,92880.0,67500.0
VEH_011095,YV1XZB835963489,EX30,Pure_EV,Plus,69.0,45900.0,33696.0
VEH_011096,YV1XZE390054897,EC40,Pure_EV,Ultimate,82.0,63130.0,46964.0
VEH_011097,YV1XZG950517555,V60,MHEV,Core,0.0,44800.0,32900.0
VEH_011098,YV1XZE988017877,V60,MHEV,Core,0.0,44800.0,32900.0
VEH_011099,YV1XZD570930629,EC40,Pure_EV,Plus,82.0,57780.0,42984.0
VEH_011100,YV1XZC531081661,EC40,Pure_EV,Ultimate,82.0,63130.0,46964.0
VEH_011101,YV1XZF164452779,XC90,PHEV,Core,18.8,89000.0,64100.0
VEH_011102,YV1XZE757173843,XC90,PHEV,Core,18.8,89000.0,64100.0
VEH_011103,YV1XZE133714900,XC90,PHEV,Ultimate,18.8,105020.0,75638.0
VEH_011104,YV1XZC309222487,EX90,Pure_EV,Core,111.0,86000.0,62500.0
VEH_011105,YV1XZF736902714,EC40,Pure_EV,Ultimate,82.0,63130.0,46964.0
VEH_011106,YV1XZA844816522,EX90,Pure_EV,Plus,111.0,92880.0,67500.0
VEH_011107,YV1XZF792391102,EX90,Pure_EV,Ultimate,111.0,101480.0,73750.0
VEH_011108,YV1XZA460845174,EX90,Pure_EV,Ultimate,111.0,101480.0,73750.0
VEH_011109,YV1XZF148931647,EX30,Pure_EV,Plus,69.0,45900.0,33696.0
VEH_011110,YV1XZB729115325,XC60,PHEV,Ultimate,18.8,76110.0,54516.0
VEH_011111,YV1XZH967900379,V60,MHEV,Ultimate,0.0,52864.0,38822.0
VEH_011112,YV1XZE946497861,EX90,Pure_EV,Plus,111.0,92880.0,67500.0
VEH_011113,YV1XZF294169144,EC40,Pure_EV,Core,82.0,53500.0,39800.0
VEH_011114,YV1XZH628646747,EC40,Pure_EV,Ultimate,82.0,63130.0,46964.0
VEH_011115,YV1XZE406310864,XC60,PHEV,Plus,18.8,69660.0,49896.0
VEH_011116,YV1XZG384051216,EC40,Pure_EV,Ultimate,82.0,63130.0,46964.0
VEH_011117,YV1XZA428692923,XC90,PHEV,Core,18.8,89000.0,64100.0
VEH_011118,YV1XZA152408092,XC60,PHEV,Plus,18.8,69660.0,49896.0
VEH_011119,YV1XZG710207521,XC60,PHEV,Core,18.8,64500.0,46200.0
VEH_011120,YV1XZC518946804,XC90,PHEV,Ultimate,18.8,105020.0,75638.0
VEH_011121,YV1XZG235190469,EC40,Pure_EV,Ultimate,82.0,63130.0,46964.0
VEH_011122,YV1XZH491007852,V60,MHEV,Ultimate,0.0,52864.0,38822.0
VEH_011123,YV1XZH596752722,EC40,Pure_EV,Core,82.0,53500.0,39800.0
VEH_011124,YV1XZF799636435,XC90,PHEV,Core,18.8,89000.0,64100.0
VEH_011125,YV1XZG122223990,EC40,Pure_EV,Ultimate,82.0,63130.0,46964.0
VEH_011126,YV1XZC230227076,XC90,PHEV,Core,18.8,89000.0,64100.0
VEH_011127,YV1XZA602284041,EX30,Pure_EV,Plus,69.0,45900.0,33696.0
VEH_011128,YV1XZE969544242,EX90,Pure_EV,Plus,111.0,92880.0,67500.0
VEH_011129,YV1XZD747522418,EC40,Pure_EV,Ultimate,82.0,63130.0,46964.0
VEH_011130,YV1XZB911390272,XC60,PHEV,Core,18.8,64500.0,46200.0
VEH_011131,YV1XZD251757781,XC60,PHEV,Core,18.8,64500.0,46200.0
VEH_011132,YV1XZE603300072,V60,MHEV,Ultimate,0.0,52864.0,38822.0
VEH_011133,YV1XZC526424634,EX30,Pure_EV,Plus,69.0,45900.0,33696.0
VEH_011134,YV1XZB858772079,EX90,Pure_EV,Plus,111.0,92880.0,67500.0
VEH_011135,YV1XZD233546843,XC60,PHEV,Plus,18.8,69660.0,49896.0
VEH_011136,YV1XZA333653334,V60,MHEV,Plus,0.0,48384.0,35532.0
VEH_011137,YV1XZA796949508,EX90,Pure_EV,Plus,111.0,92880.0,67500.0
VEH_011138,YV1XZE364704508,EX90,Pure_EV,Ultimate,111.0,101480.0,73750.0
VEH_011139,YV1XZE387158911,V60,MHEV,Ultimate,0.0,52864.0,38822.0
VEH_011140,YV1XZF266745773,EX90,Pure_EV,Plus,111.0,92880.0,67500.0
VEH_011141,YV1XZG197501525,V60,MHEV,Core,0.0,44800.0,32900.0
VEH_011142,YV1XZE711934928,XC60,PHEV,Ultimate,18.8,76110.0,54516.0
VEH_011143,YV1XZE460909624,XC60,PHEV,Ultimate,18.8,76110.0,54516.0
VEH_011144,YV1XZF863703626,EC40,Pure_EV,Ultimate,82.0,63130.0,46964.0
VEH_011145,YV1XZH887102117,XC90,PHEV,Plus,18.8,96120.0,69228.0
VEH_011146,YV1XZC581707808,XC90,PHEV,Core,18.8,89000.0,64100.0
VEH_011147,YV1XZB629367072,V60,MHEV,Core,0.0,44800.0,32900.0
VEH_011148,YV1XZC571854641,V60,MHEV,Plus,0.0,48384.0,35532.0
VEH_011149,YV1XZD242509972,V60,MHEV,Core,0.0,44800.0,32900.0
VEH_011150,YV1XZE125413818,EX90,Pure_EV,Ultimate,111.0,101480.0,73750.0
VEH_011151,YV1XZD523202761,EX90,Pure_EV,Core,111.0,86000.0,62500.0
VEH_011152,YV1XZH516035118,V60,MHEV,Core,0.0,44800.0,32900.0
VEH_011153,YV1XZG975852578,EX30,Pure_EV,Plus,69.0,45900.0,33696.0
VEH_011154,YV1XZA922964651,EC40,Pure_EV,Ultimate,82.0,63130.0,46964.0
VEH_011155,YV1XZA398677334,V60,MHEV,Plus,0.0,48384.0,35532.0
VEH_011156,YV1XZF812728368,V60,MHEV,Plus,0.0,48384.0,35532.0
VEH_011157,YV1XZB275417805,EC40,Pure_EV,Core,82.0,53500.0,39800.0
VEH_011158,YV1XZD641854136,XC90,PHEV,Plus,18.8,96120.0,69228.0
VEH_011159,YV1XZA476040516,EX30,Pure_EV,Core,69.0,42500.0,31200.0
VEH_011160,YV1XZC671120053,EX30,Pure_EV,Core,69.0,42500.0,31200.0
VEH_011161,YV1XZC140652992,V60,MHEV,Ultimate,0.0,52864.0,38822.0
VEH_011162,YV1XZE829254247,XC60,PHEV,Ultimate,18.8,76110.0,54516.0
VEH_011163,YV1XZF282222721,V60,MHEV,Plus,0.0,48384.0,35532.0
VEH_011164,YV1XZC574973335,XC90,PHEV,Ultimate,18.8,105020.0,75638.0
VEH_011165,YV1XZH953183961,XC60,PHEV,Plus,18.8,69660.0,49896.0
VEH_011166,YV1XZD771035144,EC40,Pure_EV,Core,82.0,53500.0,39800.0
VEH_011167,YV1XZE333026626,EX90,Pure_EV,Plus,111.0,92880.0,67500.0
VEH_011168,YV1XZH307797296,EX90,Pure_EV,Ultimate,111.0,101480.0,73750.0
VEH_011169,YV1XZH658377550,V60,MHEV,Core,0.0,44800.0,32900.0
VEH_011170,YV1XZG926498375,EX90,Pure_EV,Ultimate,111.0,101480.0,73750.0
VEH_011171,YV1XZC185697203,V60,MHEV,Ultimate,0.0,52864.0,38822.0
VEH_011172,YV1XZA112798472,EC40,Pure_EV,Core,82.0,53500.0,39800.0
VEH_011173,YV1XZA625829742,EX90,Pure_EV,Plus,111.0,92880.0,67500.0
VEH_011174,YV1XZB376445229,XC60,PHEV,Core,18.8,64500.0,46200.0
VEH_011175,YV1XZE848299458,EX90,Pure_EV,Ultimate,111.0,101480.0,73750.0
VEH_011176,YV1XZG948335295,XC90,PHEV,Plus,18.8,96120.0,69228.0
VEH_011177,YV1XZH173318519,EC40,Pure_EV,Core,82.0,53500.0,39800.0
VEH_011178,YV1XZH366960543,EC40,Pure_EV,Plus,82.0,57780.0,42984.0
VEH_011179,YV1XZF294900422,EX30,Pure_EV,Core,69.0,42500.0,31200.0
VEH_011180,YV1XZD170322942,EX30,Pure_EV,Ultimate,69.0,50150.0,36816.0
VEH_011181,YV1XZD132557140,XC90,PHEV,Plus,18.8,96120.0,69228.0
VEH_011182,YV1XZF155554960,V60,MHEV,Ultimate,0.0,52864.0,38822.0
VEH_011183,YV1XZD350116156,XC60,PHEV,Ultimate,18.8,76110.0,54516.0
VEH_011184,YV1XZD213226432,XC60,PHEV,Plus,18.8,69660.0,49896.0
VEH_011185,YV1XZH306985266,EX90,Pure_EV,Ultimate,111.0,101480.0,73750.0
VEH_011186,YV1XZE655333116,EC40,Pure_EV,Core,82.0,53500.0,39800.0
VEH_011187,YV1XZC834830088,EC40,Pure_EV,Core,82.0,53500.0,39800.0
VEH_011188,YV1XZF751264353,V60,MHEV,Plus,0.0,48384.0,35532.0
VEH_011189,YV1XZA664235653,V60,MHEV,Ultimate,0.0,52864.0,38822.0
VEH_011190,YV1XZA100277777,EX90,Pure_EV,Plus,111.0,92880.0,67500.0
VEH_011191,YV1XZH261859421,XC90,PHEV,Core,18.8,89000.0,64100.0
VEH_011192,YV1XZH191688425,EX90,Pure_EV,Core,111.0,86000.0,62500.0
VEH_011193,YV1XZE472770515,EX90,Pure_EV,Core,111.0,86000.0,62500.0
VEH_011194,YV1XZF712284927,EX90,Pure_EV,Core,111.0,86000.0,62500.0
VEH_011195,YV1XZC351875367,XC60,PHEV,Core,18.8,64500.0,46200.0
VEH_011196,YV1XZF970472892,EX90,Pure_EV,Core,111.0,86000.0,62500.0
VEH_011197,YV1XZH476646770,XC90,PHEV,Ultimate,18.8,105020.0,75638.0
VEH_011198,YV1XZF578330240,EX30,Pure_EV,Plus,69.0,45900.0,33696.0
VEH_011199,YV1XZD279690621,XC90,PHEV,Core,18.8,89000.0,64100.0
VEH_011200,YV1XZA952943698,EX90,Pure_EV,Core,111.0,86000.0,62500.0
VEH_011201,YV1XZE171981069,XC60,PHEV,Core,18.8,64500.0,46200.0
VEH_011202,YV1XZA281784499,XC60,PHEV,Plus,18.8,69660.0,49896.0
VEH_011203,YV1XZB337334607,V60,MHEV,Plus,0.0,48384.0,35532.0
VEH_011204,YV1XZH651083896,EX30,Pure_EV,Core,69.0,42500.0,31200.0
VEH_011205,YV1XZG630025708,V60,MHEV,Ultimate,0.0,52864.0,38822.0
VEH_011206,YV1XZH448474222,V60,MHEV,Plus,0.0,48384.0,35532.0
VEH_011207,YV1XZF105246305,EC40,Pure_EV,Ultimate,82.0,63130.0,46964.0
VEH_011208,YV1XZB426053278,XC90,PHEV,Plus,18.8,96120.0,69228.0
VEH_011209,YV1XZE764230655,EC40,Pure_EV,Core,82.0,53500.0,39800.0
VEH_011210,YV1XZD519646802,XC60,PHEV,Core,18.8,64500.0,46200.0
VEH_011211,YV1XZE827089220,XC60,PHEV,Ultimate,18.8,76110.0,54516.0
VEH_011212,YV1XZH291106070,XC60,PHEV,Core,18.8,64500.0,46200.0
VEH_011213,YV1XZF212081462,XC90,PHEV,Plus,18.8,96120.0,69228.0
VEH_011214,YV1XZE923744727,XC90,PHEV,Core,18.8,89000.0,64100.0
VEH_011215,YV1XZA431211225,V60,MHEV,Core,0.0,44800.0,32900.0
VEH_011216,YV1XZE921877389,EX90,Pure_EV,Ultimate,111.0,101480.0,73750.0
VEH_011217,YV1XZA832269381,V60,MHEV,Plus,0.0,48384.0,35532.0
VEH_011218,YV1XZG257020326,V60,MHEV,Plus,0.0,48384.0,35532.0
VEH_011219,YV1XZG380021480,EX30,Pure_EV,Plus,69.0,45900.0,33696.0
VEH_011220,YV1XZE749371281,V60,MHEV,Core,0.0,44800.0,32900.0
VEH_011221,YV1XZE214481475,EX90,Pure_EV,Ultimate,111.0,101480.0,73750.0
VEH_011222,YV1XZG582252333,XC60,PHEV,Ultimate,18.8,76110.0,54516.0
VEH_011223,YV1XZH696906785,EC40,Pure_EV,Core,82.0,53500.0,39800.0
VEH_011224,YV1XZG705203653,V60,MHEV,Ultimate,0.0,52864.0,38822.0
VEH_011225,YV1XZF672195337,XC90,PHEV,Ultimate,18.8,105020.0,75638.0
VEH_011226,YV1XZE766357953,EC40,Pure_EV,Plus,82.0,57780.0,42984.0
VEH_011227,YV1XZA524441191,EX30,Pure_EV,Core,69.0,42500.0,31200.0
VEH_011228,YV1XZH788382773,V60,MHEV,Plus,0.0,48384.0,35532.0
VEH_011229,YV1XZE198406343,EX90,Pure_EV,Plus,111.0,92880.0,67500.0
VEH_011230,YV1XZD801280935,XC90,PHEV,Plus,18.8,96120.0,69228.0
VEH_011231,YV1XZF332600757,XC90,PHEV,Plus,18.8,96120.0,69228.0
VEH_011232,YV1XZA177824019,XC60,PHEV,Plus,18.8,69660.0,49896.0
VEH_011233,YV1XZD217590477,EX90,Pure_EV,Plus,111.0,92880.0,67500.0
VEH_011234,YV1XZE482653788,XC60,PHEV,Ultimate,18.8,76110.0,54516.0
VEH_011235,YV1XZC377755785,V60,MHEV,Ultimate,0.0,52864.0,38822.0
VEH_011236,YV1XZA390347531,EX90,Pure_EV,Plus,111.0,92880.0,67500.0
VEH_011237,YV1XZE142173928,XC60,PHEV,Core,18.8,64500.0,46200.0
VEH_011238,YV1XZD517662235,XC60,PHEV,Ultimate,18.8,76110.0,54516.0
VEH_011239,YV1XZH500795505,EC40,Pure_EV,Core,82.0,53500.0,39800.0
VEH_011240,YV1XZC563974034,XC60,PHEV,Ultimate,18.8,76110.0,54516.0
VEH_011241,YV1XZC912663283,V60,MHEV,Ultimate,0.0,52864.0,38822.0
VEH_011242,YV1XZC604253804,EX30,Pure_EV,Core,69.0,42500.0,31200.0
VEH_011243,YV1XZH226497335,EX90,Pure_EV,Plus,111.0,92880.0,67500.0
VEH_011244,YV1XZG619441141,EX90,Pure_EV,Plus,111.0,92880.0,67500.0
VEH_011245,YV1XZC367542202,EX90,Pure_EV,Core,111.0,86000.0,62500.0
VEH_011246,YV1XZF591596381,EX30,Pure_EV,Core,69.0,42500.0,31200.0
VEH_011247,YV1XZF945755996,V60,MHEV,Ultimate,0.0,52864.0,38822.0
VEH_011248,YV1XZF351393553,XC90,PHEV,Core,18.8,89000.0,64100.0
VEH_011249,YV1XZE295022326,EX90,Pure_EV,Ultimate,111.0,101480.0,73750.0
VEH_011250,YV1XZG121175218,EC40,Pure_EV,Plus,82.0,57780.0,42984.0
VEH_011251,YV1XZA458247947,EX30,Pure_EV,Ultimate,69.0,50150.0,36816.0
VEH_011252,YV1XZD537296784,XC60,PHEV,Ultimate,18.8,76110.0,54516.0
VEH_011253,YV1XZA849239299,V60,MHEV,Ultimate,0.0,52864.0,38822.0
VEH_011254,YV1XZD388479818,EX90,Pure_EV,Core,111.0,86000.0,62500.0
VEH_011255,YV1XZG463330400,EX30,Pure_EV,Core,69.0,42500.0,31200.0
VEH_011256,YV1XZC731689620,V60,MHEV,Core,0.0,44800.0,32900.0
VEH_011257,YV1XZG886275698,XC90,PHEV,Plus,18.8,96120.0,69228.0
VEH_011258,YV1XZH873230763,XC90,PHEV,Plus,18.8,96120.0,69228.0
VEH_011259,YV1XZH960355113,XC60,PHEV,Core,18.8,64500.0,46200.0
VEH_011260,YV1XZA126729712,EX30,Pure_EV,Plus,69.0,45900.0,33696.0
VEH_011261,YV1XZG206636688,XC60,PHEV,Plus,18.8,69660.0,49896.0
VEH_011262,YV1XZD577965139,EC40,Pure_EV,Core,82.0,53500.0,39800.0
VEH_011263,YV1XZE887327252,EX30,Pure_EV,Core,69.0,42500.0,31200.0
VEH_011264,YV1XZH431648951,XC90,PHEV,Core,18.8,89000.0,64100.0
VEH_011265,YV1XZG701101447,EC40,Pure_EV,Core,82.0,53500.0,39800.0
VEH_011266,YV1XZG355938795,XC60,PHEV,Core,18.8,64500.0,46200.0
VEH_011267,YV1XZH568863284,XC90,PHEV,Ultimate,18.8,105020.0,75638.0
VEH_011268,YV1XZF613258649,EX90,Pure_EV,Core,111.0,86000.0,62500.0
VEH_011269,YV1XZE993835436,V60,MHEV,Plus,0.0,48384.0,35532.0
VEH_011270,YV1XZF373768402,EX30,Pure_EV,Ultimate,69.0,50150.0,36816.0
VEH_011271,YV1XZG560723868,EC40,Pure_EV,Ultimate,82.0,63130.0,46964.0
VEH_011272,YV1XZC411889752,EX30,Pure_EV,Ultimate,69.0,50150.0,36816.0
VEH_011273,YV1XZH430289619,XC90,PHEV,Ultimate,18.8,105020.0,75638.0
VEH_011274,YV1XZC625095007,EX30,Pure_EV,Plus,69.0,45900.0,33696.0
VEH_011275,YV1XZD774060037,XC90,PHEV,Plus,18.8,96120.0,69228.0
VEH_011276,YV1XZB879314292,EX30,Pure_EV,Plus,69.0,45900.0,33696.0
VEH_011277,YV1XZH285887208,V60,MHEV,Ultimate,0.0,52864.0,38822.0
VEH_011278,YV1XZE836639915,XC60,PHEV,Core,18.8,64500.0,46200.0
VEH_011279,YV1XZB779670950,XC90,PHEV,Core,18.8,89000.0,64100.0
VEH_011280,YV1XZD866390862,EX90,Pure_EV,Core,111.0,86000.0,62500.0
VEH_011281,YV1XZC231719103,EX90,Pure_EV,Ultimate,111.0,101480.0,73750.0
VEH_011282,YV1XZA115352915,EC40,Pure_EV,Ultimate,82.0,63130.0,46964.0
VEH_011283,YV1XZB327227170,XC60,PHEV,Ultimate,18.8,76110.0,54516.0
VEH_011284,YV1XZA410814253,EX90,Pure_EV,Ultimate,111.0,101480.0,73750.0
VEH_011285,YV1XZE938126575,V60,MHEV,Plus,0.0,48384.0,35532.0
VEH_011286,YV1XZH953698475,EC40,Pure_EV,Plus,82.0,57780.0,42984.0
VEH_011287,YV1XZF991256967,XC60,PHEV,Core,18.8,64500.0,46200.0
VEH_011288,YV1XZB888221188,V60,MHEV,Plus,0.0,48384.0,35532.0
VEH_011289,YV1XZG519390434,XC60,PHEV,Ultimate,18.8,76110.0,54516.0
VEH_011290,YV1XZF548490966,EX30,Pure_EV,Plus,69.0,45900.0,33696.0
VEH_011291,YV1XZD719259403,XC90,PHEV,Ultimate,18.8,105020.0,75638.0
VEH_011292,YV1XZG836181230,EX30,Pure_EV,Core,69.0,42500.0,31200.0
VEH_011293,YV1XZF572630212,V60,MHEV,Plus,0.0,48384.0,35532.0
VEH_011294,YV1XZH944938577,V60,MHEV,Plus,0.0,48384.0,35532.0
VEH_011295,YV1XZG499907353,V60,MHEV,Plus,0.0,48384.0,35532.0
VEH_011296,YV1XZG513247671,XC60,PHEV,Ultimate,18.8,76110.0,54516.0
VEH_011297,YV1XZH523106786,XC60,PHEV,Plus,18.8,69660.0,49896.0
VEH_011298,YV1XZF234993261,EX30,Pure_EV,Ultimate,69.0,50150.0,36816.0
VEH_011299,YV1XZF788011512,EX30,Pure_EV,Ultimate,69.0,50150.0,36816.0
VEH_011300,YV1XZG433773839,EX90,Pure_EV,Ultimate,111.0,101480.0,73750.0
VEH_011301,YV1XZC175816523,EC40,Pure_EV,Plus,82.0,57780.0,42984.0
VEH_011302,YV1XZA408720234,XC60,PHEV,Plus,18.8,69660.0,49896.0
VEH_011303,YV1XZH668245372,XC90,PHEV,Ultimate,18.8,105020.0,75638.0
VEH_011304,YV1XZH254179962,EX90,Pure_EV,Ultimate,111.0,101480.0,73750.0
VEH_011305,YV1XZE894999119,XC60,PHEV,Plus,18.8,69660.0,49896.0
VEH_011306,YV1XZC105311684,EC40,Pure_EV,Core,82.0,53500.0,39800.0
VEH_011307,YV1XZF843396189,XC60,PHEV,Core,18.8,64500.0,46200.0
VEH_011308,YV1XZC738781672,EX30,Pure_EV,Plus,69.0,45900.0,33696.0
VEH_011309,YV1XZD792944411,XC90,PHEV,Plus,18.8,96120.0,69228.0
VEH_011310,YV1XZE137259973,XC90,PHEV,Plus,18.8,96120.0,69228.0
VEH_011311,YV1XZH249993823,EX30,Pure_EV,Plus,69.0,45900.0,33696.0
VEH_011312,YV1XZG317077577,EC40,Pure_EV,Plus,82.0,57780.0,42984.0
VEH_011313,YV1XZD274190018,XC90,PHEV,Core,18.8,89000.0,64100.0
VEH_011314,YV1XZD159710478,EX30,Pure_EV,Plus,69.0,45900.0,33696.0
VEH_011315,YV1XZD708457917,EX90,Pure_EV,Core,111.0,86000.0,62500.0
VEH_011316,YV1XZA184804087,EX90,Pure_EV,Core,111.0,86000.0,62500.0
VEH_011317,YV1XZE817886508,EX30,Pure_EV,Core,69.0,42500.0,31200.0
VEH_011318,YV1XZF370144794,EX30,Pure_EV,Plus,69.0,45900.0,33696.0
VEH_011319,YV1XZF468441783,XC90,PHEV,Ultimate,18.8,105020.0,75638.0
VEH_011320,YV1XZF498928031,XC90,PHEV,Plus,18.8,96120.0,69228.0
VEH_011321,YV1XZE481692836,EX90,Pure_EV,Ultimate,111.0,101480.0,73750.0
VEH_011322,YV1XZG212036344,EX90,Pure_EV,Ultimate,111.0,101480.0,73750.0
VEH_011323,YV1XZE307078979,EC40,Pure_EV,Core,82.0,53500.0,39800.0
VEH_011324,YV1XZH371604699,XC60,PHEV,Ultimate,18.8,76110.0,54516.0
VEH_011325,YV1XZD440785519,EC40,Pure_EV,Plus,82.0,57780.0,42984.0
VEH_011326,YV1XZD798111415,EX30,Pure_EV,Plus,69.0,45900.0,33696.0
VEH_011327,YV1XZB805159344,XC90,PHEV,Plus,18.8,96120.0,69228.0
VEH_011328,YV1XZF526722930,EX90,Pure_EV,Plus,111.0,92880.0,67500.0
VEH_011329,YV1XZG365689716,XC60,PHEV,Ultimate,18.8,76110.0,54516.0
VEH_011330,YV1XZF862991099,V60,MHEV,Core,0.0,44800.0,32900.0
VEH_011331,YV1XZG813280801,V60,MHEV,Ultimate,0.0,52864.0,38822.0
VEH_011332,YV1XZH801503805,EC40,Pure_EV,Core,82.0,53500.0,39800.0
VEH_011333,YV1XZF832846759,XC90,PHEV,Core,18.8,89000.0,64100.0
VEH_011334,YV1XZB744251351,XC60,PHEV,Core,18.8,64500.0,46200.0
VEH_011335,YV1XZB932057012,XC90,PHEV,Ultimate,18.8,105020.0,75638.0
VEH_011336,YV1XZC383185426,V60,MHEV,Plus,0.0,48384.0,35532.0
VEH_011337,YV1XZE780559695,XC60,PHEV,Ultimate,18.8,76110.0,54516.0
VEH_011338,YV1XZC735559781,XC60,PHEV,Plus,18.8,69660.0,49896.0
VEH_011339,YV1XZE247519427,EX90,Pure_EV,Plus,111.0,92880.0,67500.0
VEH_011340,YV1XZF998195716,XC60,PHEV,Ultimate,18.8,76110.0,54516.0
VEH_011341,YV1XZH305341645,EX30,Pure_EV,Plus,69.0,45900.0,33696.0
VEH_011342,YV1XZA197126238,XC60,PHEV,Plus,18.8,69660.0,49896.0
VEH_011343,YV1XZH973156351,EX30,Pure_EV,Core,69.0,42500.0,31200.0
VEH_011344,YV1XZA829795803,EX30,Pure_EV,Ultimate,69.0,50150.0,36816.0
VEH_011345,YV1XZC998383025,XC90,PHEV,Plus,18.8,96120.0,69228.0
VEH_011346,YV1XZH270558995,EX30,Pure_EV,Core,69.0,42500.0,31200.0
VEH_011347,YV1XZB933057819,EX30,Pure_EV,Core,69.0,42500.0,31200.0
VEH_011348,YV1XZB714321191,EC40,Pure_EV,Ultimate,82.0,63130.0,46964.0
VEH_011349,YV1XZE477788429,EX30,Pure_EV,Ultimate,69.0,50150.0,36816.0
VEH_011350,YV1XZC987189731,V60,MHEV,Plus,0.0,48384.0,35532.0
VEH_011351,YV1XZE547828105,EC40,Pure_EV,Ultimate,82.0,63130.0,46964.0
VEH_011352,YV1XZC138280300,V60,MHEV,Core,0.0,44800.0,32900.0
VEH_011353,YV1XZF556364874,EX30,Pure_EV,Plus,69.0,45900.0,33696.0
VEH_011354,YV1XZD745990552,XC60,PHEV,Core,18.8,64500.0,46200.0
VEH_011355,YV1XZF139158885,EX90,Pure_EV,Ultimate,111.0,101480.0,73750.0
VEH_011356,YV1XZE302519064,XC90,PHEV,Core,18.8,89000.0,64100.0
VEH_011357,YV1XZG237682411,V60,MHEV,Core,0.0,44800.0,32900.0
VEH_011358,YV1XZB396905994,EC40,Pure_EV,Core,82.0,53500.0,39800.0
VEH_011359,YV1XZA790636105,EX30,Pure_EV,Core,69.0,42500.0,31200.0
VEH_011360,YV1XZF739198732,XC60,PHEV,Plus,18.8,69660.0,49896.0
VEH_011361,YV1XZB822158542,XC90,PHEV,Plus,18.8,96120.0,69228.0
VEH_011362,YV1XZA251551493,EC40,Pure_EV,Core,82.0,53500.0,39800.0
VEH_011363,YV1XZE303609850,EC40,Pure_EV,Ultimate,82.0,63130.0,46964.0
VEH_011364,YV1XZH400669016,EC40,Pure_EV,Core,82.0,53500.0,39800.0
VEH_011365,YV1XZD891885938,EC40,Pure_EV,Core,82.0,53500.0,39800.0
VEH_011366,YV1XZA727341623,EX90,Pure_EV,Core,111.0,86000.0,62500.0
VEH_011367,YV1XZH126246004,V60,MHEV,Ultimate,0.0,52864.0,38822.0
VEH_011368,YV1XZE104197778,EX90,Pure_EV,Plus,111.0,92880.0,67500.0
VEH_011369,YV1XZB125821893,EC40,Pure_EV,Core,82.0,53500.0,39800.0
VEH_011370,YV1XZH619923482,XC90,PHEV,Core,18.8,89000.0,64100.0
VEH_011371,YV1XZC352983914,EX30,Pure_EV,Ultimate,69.0,50150.0,36816.0
VEH_011372,YV1XZD238747466,V60,MHEV,Plus,0.0,48384.0,35532.0
VEH_011373,YV1XZD625616844,XC60,PHEV,Plus,18.8,69660.0,49896.0
VEH_011374,YV1XZF376225552,XC60,PHEV,Plus,18.8,69660.0,49896.0
VEH_011375,YV1XZB569838346,XC60,PHEV,Plus,18.8,69660.0,49896.0
VEH_011376,YV1XZF610902745,EX90,Pure_EV,Plus,111.0,92880.0,67500.0
VEH_011377,YV1XZF432843472,EX90,Pure_EV,Plus,111.0,92880.0,67500.0
VEH_011378,YV1XZE602675155,XC90,PHEV,Core,18.8,89000.0,64100.0
VEH_011379,YV1XZG536246929,EX30,Pure_EV,Core,69.0,42500.0,31200.0
VEH_011380,YV1XZF833732135,XC60,PHEV,Core,18.8,64500.0,46200.0
VEH_011381,YV1XZD957530104,EX90,Pure_EV,Ultimate,111.0,101480.0,73750.0
VEH_011382,YV1XZC751993721,XC90,PHEV,Ultimate,18.8,105020.0,75638.0
VEH_011383,YV1XZH859997429,EC40,Pure_EV,Core,82.0,53500.0,39800.0
VEH_011384,YV1XZB471241687,EX30,Pure_EV,Core,69.0,42500.0,31200.0
VEH_011385,YV1XZB323009828,EX30,Pure_EV,Ultimate,69.0,50150.0,36816.0
VEH_011386,YV1XZD711382179,EC40,Pure_EV,Core,82.0,53500.0,39800.0
VEH_011387,YV1XZC607396431,EX30,Pure_EV,Plus,69.0,45900.0,33696.0
VEH_011388,YV1XZF641430582,XC90,PHEV,Ultimate,18.8,105020.0,75638.0
VEH_011389,YV1XZH608045532,EX90,Pure_EV,Plus,111.0,92880.0,67500.0
VEH_011390,YV1XZB992651433,EX90,Pure_EV,Core,111.0,86000.0,62500.0
VEH_011391,YV1XZA337347724,EX90,Pure_EV,Ultimate,111.0,101480.0,73750.0
VEH_011392,YV1XZB258954825,XC60,PHEV,Core,18.8,64500.0,46200.0
VEH_011393,YV1XZD709197383,XC60,PHEV,Plus,18.8,69660.0,49896.0
VEH_011394,YV1XZF596025257,V60,MHEV,Plus,0.0,48384.0,35532.0
VEH_011395,YV1XZE961185173,V60,MHEV,Core,0.0,44800.0,32900.0
VEH_011396,YV1XZB552498871,EX90,Pure_EV,Core,111.0,86000.0,62500.0
VEH_011397,YV1XZC136073892,V60,MHEV,Core,0.0,44800.0,32900.0
VEH_011398,YV1XZF742140558,V60,MHEV,Plus,0.0,48384.0,35532.0
VEH_011399,YV1XZA870024743,EX30,Pure_EV,Core,69.0,42500.0,31200.0
VEH_011400,YV1XZD522919028,EC40,Pure_EV,Plus,82.0,57780.0,42984.0
VEH_011401,YV1XZG386738104,EC40,Pure_EV,Core,82.0,53500.0,39800.0
VEH_011402,YV1XZD984454199,EC40,Pure_EV,Plus,82.0,57780.0,42984.0
VEH_011403,YV1XZG731617328,EX90,Pure_EV,Ultimate,111.0,101480.0,73750.0
VEH_011404,YV1XZC267836718,EX30,Pure_EV,Plus,69.0,45900.0,33696.0
VEH_011405,YV1XZA778111556,V60,MHEV,Ultimate,0.0,52864.0,38822.0
VEH_011406,YV1XZC277328459,EX30,Pure_EV,Plus,69.0,45900.0,33696.0
VEH_011407,YV1XZD442674089,XC60,PHEV,Plus,18.8,69660.0,49896.0
VEH_011408,YV1XZA773450741,EX90,Pure_EV,Plus,111.0,92880.0,67500.0
VEH_011409,YV1XZF817962040,XC90,PHEV,Plus,18.8,96120.0,69228.0
VEH_011410,YV1XZA745946766,XC60,PHEV,Core,18.8,64500.0,46200.0
VEH_011411,YV1XZF334126548,EX90,Pure_EV,Core,111.0,86000.0,62500.0
VEH_011412,YV1XZA731361888,EX30,Pure_EV,Core,69.0,42500.0,31200.0
VEH_011413,YV1XZG327318014,EX30,Pure_EV,Core,69.0,42500.0,31200.0
VEH_011414,YV1XZF652417581,V60,MHEV,Core,0.0,44800.0,32900.0
VEH_011415,YV1XZH578829162,V60,MHEV,Plus,0.0,48384.0,35532.0
VEH_011416,YV1XZG496936715,EC40,Pure_EV,Plus,82.0,57780.0,42984.0
VEH_011417,YV1XZB614788559,XC90,PHEV,Plus,18.8,96120.0,69228.0
VEH_011418,YV1XZE596628280,EX90,Pure_EV,Ultimate,111.0,101480.0,73750.0
VEH_011419,YV1XZD410628048,V60,MHEV,Core,0.0,44800.0,32900.0
VEH_011420,YV1XZD336458702,EC40,Pure_EV,Plus,82.0,57780.0,42984.0
VEH_011421,YV1XZE980517039,EX90,Pure_EV,Ultimate,111.0,101480.0,73750.0
VEH_011422,YV1XZG667324307,XC60,PHEV,Plus,18.8,69660.0,49896.0
VEH_011423,YV1XZF418564496,EC40,Pure_EV,Core,82.0,53500.0,39800.0
VEH_011424,YV1XZD457445348,V60,MHEV,Plus,0.0,48384.0,35532.0
VEH_011425,YV1XZF631588474,EX30,Pure_EV,Plus,69.0,45900.0,33696.0
VEH_011426,YV1XZB977918968,EX90,Pure_EV,Plus,111.0,92880.0,67500.0
VEH_011427,YV1XZB945687666,XC90,PHEV,Plus,18.8,96120.0,69228.0
VEH_011428,YV1XZG710831744,V60,MHEV,Plus,0.0,48384.0,35532.0
VEH_011429,YV1XZF855523019,V60,MHEV,Plus,0.0,48384.0,35532.0
VEH_011430,YV1XZG451337885,XC90,PHEV,Plus,18.8,96120.0,69228.0
VEH_011431,YV1XZA943575659,XC60,PHEV,Core,18.8,64500.0,46200.0
VEH_011432,YV1XZD580717768,V60,MHEV,Core,0.0,44800.0,32900.0
VEH_011433,YV1XZC295784271,V60,MHEV,Plus,0.0,48384.0,35532.0
VEH_011434,YV1XZE653875855,XC90,PHEV,Plus,18.8,96120.0,69228.0
VEH_011435,YV1XZC194785319,EC40,Pure_EV,Ultimate,82.0,63130.0,46964.0
VEH_011436,YV1XZC297580935,EX30,Pure_EV,Ultimate,69.0,50150.0,36816.0
VEH_011437,YV1XZB886357715,EX90,Pure_EV,Plus,111.0,92880.0,67500.0
VEH_011438,YV1XZF615350064,EC40,Pure_EV,Plus,82.0,57780.0,42984.0
VEH_011439,YV1XZF873461601,XC90,PHEV,Ultimate,18.8,105020.0,75638.0
VEH_011440,YV1XZC346801916,EX90,Pure_EV,Plus,111.0,92880.0,67500.0
VEH_011441,YV1XZG148397681,XC60,PHEV,Plus,18.8,69660.0,49896.0
VEH_011442,YV1XZE254534879,EC40,Pure_EV,Core,82.0,53500.0,39800.0
VEH_011443,YV1XZD161651730,XC60,PHEV,Plus,18.8,69660.0,49896.0
VEH_011444,YV1XZH149648176,EX90,Pure_EV,Ultimate,111.0,101480.0,73750.0
VEH_011445,YV1XZD948336801,XC90,PHEV,Core,18.8,89000.0,64100.0
VEH_011446,YV1XZC733870046,XC60,PHEV,Core,18.8,64500.0,46200.0
VEH_011447,YV1XZB117331244,XC90,PHEV,Core,18.8,89000.0,64100.0
VEH_011448,YV1XZF785449119,XC90,PHEV,Core,18.8,89000.0,64100.0
VEH_011449,YV1XZD750806539,EX90,Pure_EV,Plus,111.0,92880.0,67500.0
VEH_011450,YV1XZF135366185,EX90,Pure_EV,Core,111.0,86000.0,62500.0
VEH_011451,YV1XZE709633898,EX30,Pure_EV,Ultimate,69.0,50150.0,36816.0
VEH_011452,YV1XZE127463301,XC60,PHEV,Core,18.8,64500.0,46200.0
VEH_011453,YV1XZF312747491,XC60,PHEV,Plus,18.8,69660.0,49896.0
VEH_011454,YV1XZH678206746,XC90,PHEV,Core,18.8,89000.0,64100.0
VEH_011455,YV1XZE906943107,EX90,Pure_EV,Ultimate,111.0,101480.0,73750.0
VEH_011456,YV1XZH837701496,XC60,PHEV,Plus,18.8,69660.0,49896.0
VEH_011457,YV1XZA570622857,XC90,PHEV,Core,18.8,89000.0,64100.0
VEH_011458,YV1XZE425825106,XC90,PHEV,Core,18.8,89000.0,64100.0
VEH_011459,YV1XZG505107543,XC60,PHEV,Plus,18.8,69660.0,49896.0
VEH_011460,YV1XZD563244001,XC90,PHEV,Plus,18.8,96120.0,69228.0
VEH_011461,YV1XZE325874056,V60,MHEV,Core,0.0,44800.0,32900.0
VEH_011462,YV1XZC832588799,XC90,PHEV,Plus,18.8,96120.0,69228.0
VEH_011463,YV1XZA668414781,V60,MHEV,Plus,0.0,48384.0,35532.0
VEH_011464,YV1XZC458842238,EC40,Pure_EV,Plus,82.0,57780.0,42984.0
VEH_011465,YV1XZC712960650,V60,MHEV,Plus,0.0,48384.0,35532.0
VEH_011466,YV1XZG508368454,XC60,PHEV,Core,18.8,64500.0,46200.0
VEH_011467,YV1XZD966717999,XC90,PHEV,Core,18.8,89000.0,64100.0
VEH_011468,YV1XZH888565213,EX90,Pure_EV,Plus,111.0,92880.0,67500.0
VEH_011469,YV1XZD778612628,EX90,Pure_EV,Plus,111.0,92880.0,67500.0
VEH_011470,YV1XZG680139735,EC40,Pure_EV,Ultimate,82.0,63130.0,46964.0
VEH_011471,YV1XZC608499028,V60,MHEV,Ultimate,0.0,52864.0,38822.0
VEH_011472,YV1XZE602000979,EX30,Pure_EV,Ultimate,69.0,50150.0,36816.0
VEH_011473,YV1XZD371995243,EX90,Pure_EV,Core,111.0,86000.0,62500.0
VEH_011474,YV1XZG546878013,V60,MHEV,Plus,0.0,48384.0,35532.0
VEH_011475,YV1XZA479501213,XC60,PHEV,Core,18.8,64500.0,46200.0
VEH_011476,YV1XZG193344808,EX30,Pure_EV,Plus,69.0,45900.0,33696.0
VEH_011477,YV1XZG651046375,XC90,PHEV,Core,18.8,89000.0,64100.0
VEH_011478,YV1XZG913629336,XC60,PHEV,Core,18.8,64500.0,46200.0
VEH_011479,YV1XZH761504340,V60,MHEV,Ultimate,0.0,52864.0,38822.0
VEH_011480,YV1XZE748616170,EX90,Pure_EV,Plus,111.0,92880.0,67500.0
VEH_011481,YV1XZD830338621,EC40,Pure_EV,Core,82.0,53500.0,39800.0
VEH_011482,YV1XZF189533692,V60,MHEV,Ultimate,0.0,52864.0,38822.0
VEH_011483,YV1XZF547844736,XC90,PHEV,Plus,18.8,96120.0,69228.0
VEH_011484,YV1XZE393209566,EX30,Pure_EV,Core,69.0,42500.0,31200.0
VEH_011485,YV1XZD846683545,EX30,Pure_EV,Ultimate,69.0,50150.0,36816.0
VEH_011486,YV1XZB684613049,V60,MHEV,Core,0.0,44800.0,32900.0
VEH_011487,YV1XZA230250376,EX90,Pure_EV,Ultimate,111.0,101480.0,73750.0
VEH_011488,YV1XZD387607301,XC60,PHEV,Ultimate,18.8,76110.0,54516.0
VEH_011489,YV1XZB963826336,XC60,PHEV,Plus,18.8,69660.0,49896.0
VEH_011490,YV1XZD630385067,EX90,Pure_EV,Ultimate,111.0,101480.0,73750.0
VEH_011491,YV1XZD778215899,XC60,PHEV,Ultimate,18.8,76110.0,54516.0
VEH_011492,YV1XZA197773793,XC90,PHEV,Ultimate,18.8,105020.0,75638.0
VEH_011493,YV1XZC958777150,V60,MHEV,Core,0.0,44800.0,32900.0
VEH_011494,YV1XZG330920299,EX30,Pure_EV,Core,69.0,42500.0,31200.0
VEH_011495,YV1XZF293682144,EX30,Pure_EV,Ultimate,69.0,50150.0,36816.0
VEH_011496,YV1XZC358192255,EX30,Pure_EV,Core,69.0,42500.0,31200.0
VEH_011497,YV1XZF263104072,XC90,PHEV,Core,18.8,89000.0,64100.0
VEH_011498,YV1XZD360238410,EX90,Pure_EV,Core,111.0,86000.0,62500.0
VEH_011499,YV1XZD828951829,XC60,PHEV,Ultimate,18.8,76110.0,54516.0
VEH_011500,YV1XZA737423690,EX30,Pure_EV,Plus,69.0,45900.0,33696.0
VEH_011501,YV1XZB280347328,XC90,PHEV,Core,18.8,89000.0,64100.0
VEH_011502,YV1XZC362429241,XC60,PHEV,Core,18.8,64500.0,46200.0
VEH_011503,YV1XZG619590683,EX30,Pure_EV,Ultimate,69.0,50150.0,36816.0
VEH_011504,YV1XZB296422238,EX90,Pure_EV,Core,111.0,86000.0,62500.0
VEH_011505,YV1XZA362943147,XC90,PHEV,Plus,18.8,96120.0,69228.0
VEH_011506,YV1XZH621793264,EX30,Pure_EV,Ultimate,69.0,50150.0,36816.0
VEH_011507,YV1XZG717718417,V60,MHEV,Plus,0.0,48384.0,35532.0
VEH_011508,YV1XZA108377924,V60,MHEV,Ultimate,0.0,52864.0,38822.0
VEH_011509,YV1XZB804544634,V60,MHEV,Core,0.0,44800.0,32900.0
VEH_011510,YV1XZB597049646,XC90,PHEV,Ultimate,18.8,105020.0,75638.0
VEH_011511,YV1XZD981358131,XC60,PHEV,Plus,18.8,69660.0,49896.0
VEH_011512,YV1XZE668652793,EX90,Pure_EV,Plus,111.0,92880.0,67500.0
VEH_011513,YV1XZD941983209,EX90,Pure_EV,Plus,111.0,92880.0,67500.0
VEH_011514,YV1XZB500202951,XC90,PHEV,Plus,18.8,96120.0,69228.0
VEH_011515,YV1XZE871787020,EX30,Pure_EV,Plus,69.0,45900.0,33696.0
VEH_011516,YV1XZG764438382,XC60,PHEV,Plus,18.8,69660.0,49896.0
VEH_011517,YV1XZH772544767,EX30,Pure_EV,Core,69.0,42500.0,31200.0
VEH_011518,YV1XZH111590845,EX30,Pure_EV,Ultimate,69.0,50150.0,36816.0
VEH_011519,YV1XZC672345930,EX90,Pure_EV,Plus,111.0,92880.0,67500.0
VEH_011520,YV1XZE157153967,EX90,Pure_EV,Core,111.0,86000.0,62500.0
VEH_011521,YV1XZD805221576,EX30,Pure_EV,Ultimate,69.0,50150.0,36816.0
VEH_011522,YV1XZA685528587,V60,MHEV,Ultimate,0.0,52864.0,38822.0
VEH_011523,YV1XZE773342925,V60,MHEV,Core,0.0,44800.0,32900.0
VEH_011524,YV1XZB291900437,V60,MHEV,Ultimate,0.0,52864.0,38822.0
VEH_011525,YV1XZB508493847,EX90,Pure_EV,Core,111.0,86000.0,62500.0
VEH_011526,YV1XZA126851234,V60,MHEV,Ultimate,0.0,52864.0,38822.0
VEH_011527,YV1XZD291070689,EC40,Pure_EV,Ultimate,82.0,63130.0,46964.0
VEH_011528,YV1XZB686675851,EC40,Pure_EV,Ultimate,82.0,63130.0,46964.0
VEH_011529,YV1XZF300684753,EX90,Pure_EV,Core,111.0,86000.0,62500.0
VEH_011530,YV1XZG271989088,V60,MHEV,Plus,0.0,48384.0,35532.0
VEH_011531,YV1XZA276121366,EC40,Pure_EV,Core,82.0,53500.0,39800.0
VEH_011532,YV1XZB206008562,EX30,Pure_EV,Core,69.0,42500.0,31200.0
VEH_011533,YV1XZF879049782,XC60,PHEV,Plus,18.8,69660.0,49896.0
VEH_011534,YV1XZD279814492,EC40,Pure_EV,Core,82.0,53500.0,39800.0
VEH_011535,YV1XZA208999772,XC60,PHEV,Plus,18.8,69660.0,49896.0
VEH_011536,YV1XZG578818119,V60,MHEV,Core,0.0,44800.0,32900.0
VEH_011537,YV1XZB962434506,XC90,PHEV,Core,18.8,89000.0,64100.0
VEH_011538,YV1XZG891191901,XC60,PHEV,Plus,18.8,69660.0,49896.0
VEH_011539,YV1XZA292756402,EX90,Pure_EV,Ultimate,111.0,101480.0,73750.0
VEH_011540,YV1XZF302724647,EC40,Pure_EV,Core,82.0,53500.0,39800.0
VEH_011541,YV1XZE909614661,XC90,PHEV,Plus,18.8,96120.0,69228.0
VEH_011542,YV1XZH351107288,EX90,Pure_EV,Plus,111.0,92880.0,67500.0
VEH_011543,YV1XZC143804233,EX30,Pure_EV,Core,69.0,42500.0,31200.0
VEH_011544,YV1XZE189839295,XC90,PHEV,Ultimate,18.8,105020.0,75638.0
VEH_011545,YV1XZF324106796,XC60,PHEV,Ultimate,18.8,76110.0,54516.0
VEH_011546,YV1XZE823389572,V60,MHEV,Core,0.0,44800.0,32900.0
VEH_011547,YV1XZD183326316,EX30,Pure_EV,Plus,69.0,45900.0,33696.0
VEH_011548,YV1XZE936773798,XC90,PHEV,Ultimate,18.8,105020.0,75638.0
VEH_011549,YV1XZF129494245,EX30,Pure_EV,Core,69.0,42500.0,31200.0
VEH_011550,YV1XZF102822647,XC60,PHEV,Plus,18.8,69660.0,49896.0
VEH_011551,YV1XZF275896782,XC90,PHEV,Plus,18.8,96120.0,69228.0
VEH_011552,YV1XZG625476680,XC90,PHEV,Plus,18.8,96120.0,69228.0
VEH_011553,YV1XZD939310825,XC60,PHEV,Core,18.8,64500.0,46200.0
VEH_011554,YV1XZE568327454,XC60,PHEV,Ultimate,18.8,76110.0,54516.0
VEH_011555,YV1XZH153162078,XC60,PHEV,Ultimate,18.8,76110.0,54516.0
VEH_011556,YV1XZD125443880,V60,MHEV,Core,0.0,44800.0,32900.0
VEH_011557,YV1XZG392703826,V60,MHEV,Plus,0.0,48384.0,35532.0
VEH_011558,YV1XZA464795720,V60,MHEV,Plus,0.0,48384.0,35532.0
VEH_011559,YV1XZF451836293,XC90,PHEV,Core,18.8,89000.0,64100.0
VEH_011560,YV1XZB634240901,V60,MHEV,Core,0.0,44800.0,32900.0
VEH_011561,YV1XZC588082687,EX90,Pure_EV,Plus,111.0,92880.0,67500.0
VEH_011562,YV1XZH360247776,V60,MHEV,Ultimate,0.0,52864.0,38822.0
VEH_011563,YV1XZC706350433,V60,MHEV,Core,0.0,44800.0,32900.0
VEH_011564,YV1XZD240054694,EX30,Pure_EV,Core,69.0,42500.0,31200.0
VEH_011565,YV1XZB196626995,EX30,Pure_EV,Plus,69.0,45900.0,33696.0
VEH_011566,YV1XZD374468732,EX90,Pure_EV,Core,111.0,86000.0,62500.0
VEH_011567,YV1XZD511620741,EX30,Pure_EV,Plus,69.0,45900.0,33696.0
VEH_011568,YV1XZB763519803,XC90,PHEV,Core,18.8,89000.0,64100.0
VEH_011569,YV1XZF131643393,XC90,PHEV,Core,18.8,89000.0,64100.0
VEH_011570,YV1XZA530817164,EX90,Pure_EV,Plus,111.0,92880.0,67500.0
VEH_011571,YV1XZB824140148,EC40,Pure_EV,Core,82.0,53500.0,39800.0
VEH_011572,YV1XZE609617905,XC60,PHEV,Ultimate,18.8,76110.0,54516.0
VEH_011573,YV1XZB594875030,EX30,Pure_EV,Ultimate,69.0,50150.0,36816.0
VEH_011574,YV1XZG391538647,EX30,Pure_EV,Ultimate,69.0,50150.0,36816.0
VEH_011575,YV1XZH708532796,XC90,PHEV,Plus,18.8,96120.0,69228.0
VEH_011576,YV1XZG309640161,XC60,PHEV,Ultimate,18.8,76110.0,54516.0
VEH_011577,YV1XZB275586427,V60,MHEV,Ultimate,0.0,52864.0,38822.0
VEH_011578,YV1XZH892717912,EC40,Pure_EV,Core,82.0,53500.0,39800.0
VEH_011579,YV1XZA430611102,V60,MHEV,Ultimate,0.0,52864.0,38822.0
VEH_011580,YV1XZB364626469,V60,MHEV,Plus,0.0,48384.0,35532.0
VEH_011581,YV1XZB720138784,XC90,PHEV,Ultimate,18.8,105020.0,75638.0
VEH_011582,YV1XZB908595900,EX30,Pure_EV,Core,69.0,42500.0,31200.0
VEH_011583,YV1XZG636707230,EC40,Pure_EV,Plus,82.0,57780.0,42984.0
VEH_011584,YV1XZH571349167,V60,MHEV,Plus,0.0,48384.0,35532.0
VEH_011585,YV1XZF238777165,XC60,PHEV,Core,18.8,64500.0,46200.0
VEH_011586,YV1XZG892199740,EC40,Pure_EV,Ultimate,82.0,63130.0,46964.0
VEH_011587,YV1XZH141887242,EX30,Pure_EV,Core,69.0,42500.0,31200.0
VEH_011588,YV1XZB583023258,XC90,PHEV,Core,18.8,89000.0,64100.0
VEH_011589,YV1XZF180639531,XC60,PHEV,Plus,18.8,69660.0,49896.0
VEH_011590,YV1XZA238444319,XC60,PHEV,Plus,18.8,69660.0,49896.0
VEH_011591,YV1XZD696054300,EX90,Pure_EV,Ultimate,111.0,101480.0,73750.0
VEH_011592,YV1XZF346963817,EX30,Pure_EV,Plus,69.0,45900.0,33696.0
VEH_011593,YV1XZC572905822,EC40,Pure_EV,Plus,82.0,57780.0,42984.0
VEH_011594,YV1XZC446384079,XC60,PHEV,Ultimate,18.8,76110.0,54516.0
VEH_011595,YV1XZC163692970,EX90,Pure_EV,Ultimate,111.0,101480.0,73750.0
VEH_011596,YV1XZC671354510,XC90,PHEV,Plus,18.8,96120.0,69228.0
VEH_011597,YV1XZH941642051,EC40,Pure_EV,Ultimate,82.0,63130.0,46964.0
VEH_011598,YV1XZH287530774,EX90,Pure_EV,Plus,111.0,92880.0,67500.0
VEH_011599,YV1XZD330811883,XC60,PHEV,Core,18.8,64500.0,46200.0
VEH_011600,YV1XZF852249916,V60,MHEV,Ultimate,0.0,52864.0,38822.0
VEH_011601,YV1XZA275459154,XC60,PHEV,Ultimate,18.8,76110.0,54516.0
VEH_011602,YV1XZA975719571,V60,MHEV,Plus,0.0,48384.0,35532.0
VEH_011603,YV1XZG815088655,XC90,PHEV,Core,18.8,89000.0,64100.0
VEH_011604,YV1XZE922261571,XC60,PHEV,Core,18.8,64500.0,46200.0
VEH_011605,YV1XZE386224283,XC60,PHEV,Plus,18.8,69660.0,49896.0
VEH_011606,YV1XZH366783989,EX90,Pure_EV,Ultimate,111.0,101480.0,73750.0
VEH_011607,YV1XZD442625782,XC90,PHEV,Ultimate,18.8,105020.0,75638.0
VEH_011608,YV1XZF240521405,V60,MHEV,Plus,0.0,48384.0,35532.0
VEH_011609,YV1XZB693858335,V60,MHEV,Core,0.0,44800.0,32900.0
VEH_011610,YV1XZG810294650,V60,MHEV,Ultimate,0.0,52864.0,38822.0
VEH_011611,YV1XZC947218836,XC60,PHEV,Plus,18.8,69660.0,49896.0
VEH_011612,YV1XZD458082495,EX90,Pure_EV,Plus,111.0,92880.0,67500.0
VEH_011613,YV1XZE103192203,EX90,Pure_EV,Core,111.0,86000.0,62500.0
VEH_011614,YV1XZC160688859,XC60,PHEV,Ultimate,18.8,76110.0,54516.0
VEH_011615,YV1XZG308769429,EX30,Pure_EV,Plus,69.0,45900.0,33696.0
VEH_011616,YV1XZA225295909,EX90,Pure_EV,Plus,111.0,92880.0,67500.0
VEH_011617,YV1XZC198640578,EC40,Pure_EV,Ultimate,82.0,63130.0,46964.0
VEH_011618,YV1XZD374261541,EC40,Pure_EV,Plus,82.0,57780.0,42984.0
VEH_011619,YV1XZC546249621,V60,MHEV,Plus,0.0,48384.0,35532.0
VEH_011620,YV1XZC958683128,EX90,Pure_EV,Plus,111.0,92880.0,67500.0
VEH_011621,YV1XZG295364516,XC90,PHEV,Ultimate,18.8,105020.0,75638.0
VEH_011622,YV1XZF593244872,EX90,Pure_EV,Core,111.0,86000.0,62500.0
VEH_011623,YV1XZE385985237,EX30,Pure_EV,Plus,69.0,45900.0,33696.0
VEH_011624,YV1XZB894779964,EC40,Pure_EV,Plus,82.0,57780.0,42984.0
VEH_011625,YV1XZD390871424,V60,MHEV,Plus,0.0,48384.0,35532.0
VEH_011626,YV1XZB183210877,EC40,Pure_EV,Core,82.0,53500.0,39800.0
VEH_011627,YV1XZF384689517,EX30,Pure_EV,Plus,69.0,45900.0,33696.0
VEH_011628,YV1XZE709487086,XC90,PHEV,Plus,18.8,96120.0,69228.0
VEH_011629,YV1XZE278993372,EC40,Pure_EV,Plus,82.0,57780.0,42984.0
VEH_011630,YV1XZE292878204,EX30,Pure_EV,Ultimate,69.0,50150.0,36816.0
VEH_011631,YV1XZG355160825,V60,MHEV,Plus,0.0,48384.0,35532.0
VEH_011632,YV1XZF180095075,XC90,PHEV,Core,18.8,89000.0,64100.0
VEH_011633,YV1XZB232087847,EX90,Pure_EV,Ultimate,111.0,101480.0,73750.0
VEH_011634,YV1XZH789000110,XC60,PHEV,Plus,18.8,69660.0,49896.0
VEH_011635,YV1XZE809343412,XC90,PHEV,Core,18.8,89000.0,64100.0
VEH_011636,YV1XZC729895442,XC60,PHEV,Plus,18.8,69660.0,49896.0
VEH_011637,YV1XZH286325822,XC90,PHEV,Ultimate,18.8,105020.0,75638.0
VEH_011638,YV1XZD447042643,EC40,Pure_EV,Plus,82.0,57780.0,42984.0
VEH_011639,YV1XZH502285090,EX90,Pure_EV,Ultimate,111.0,101480.0,73750.0
VEH_011640,YV1XZB486690513,V60,MHEV,Ultimate,0.0,52864.0,38822.0
VEH_011641,YV1XZA598986853,EX90,Pure_EV,Core,111.0,86000.0,62500.0
VEH_011642,YV1XZE495763975,EC40,Pure_EV,Core,82.0,53500.0,39800.0
VEH_011643,YV1XZD398456334,V60,MHEV,Core,0.0,44800.0,32900.0
VEH_011644,YV1XZC838051619,XC60,PHEV,Ultimate,18.8,76110.0,54516.0
VEH_011645,YV1XZF599867161,EX90,Pure_EV,Core,111.0,86000.0,62500.0
VEH_011646,YV1XZE448194989,XC90,PHEV,Core,18.8,89000.0,64100.0
VEH_011647,YV1XZB127607052,V60,MHEV,Core,0.0,44800.0,32900.0
VEH_011648,YV1XZB250661048,V60,MHEV,Ultimate,0.0,52864.0,38822.0
VEH_011649,YV1XZE356207634,EC40,Pure_EV,Plus,82.0,57780.0,42984.0
VEH_011650,YV1XZG280379091,V60,MHEV,Plus,0.0,48384.0,35532.0
VEH_011651,YV1XZA978288665,EC40,Pure_EV,Core,82.0,53500.0,39800.0
VEH_011652,YV1XZE778502132,V60,MHEV,Core,0.0,44800.0,32900.0
VEH_011653,YV1XZG551742901,XC60,PHEV,Core,18.8,64500.0,46200.0
VEH_011654,YV1XZG222655545,V60,MHEV,Ultimate,0.0,52864.0,38822.0
VEH_011655,YV1XZG968659922,V60,MHEV,Core,0.0,44800.0,32900.0
VEH_011656,YV1XZG360216573,XC90,PHEV,Ultimate,18.8,105020.0,75638.0
VEH_011657,YV1XZE751907233,V60,MHEV,Plus,0.0,48384.0,35532.0
VEH_011658,YV1XZB657135343,EX30,Pure_EV,Core,69.0,42500.0,31200.0
VEH_011659,YV1XZA514203944,XC60,PHEV,Ultimate,18.8,76110.0,54516.0
VEH_011660,YV1XZG183243534,EC40,Pure_EV,Core,82.0,53500.0,39800.0
VEH_011661,YV1XZB475805632,EC40,Pure_EV,Plus,82.0,57780.0,42984.0
VEH_011662,YV1XZB215406946,XC90,PHEV,Core,18.8,89000.0,64100.0
VEH_011663,YV1XZA249028001,EX90,Pure_EV,Plus,111.0,92880.0,67500.0
VEH_011664,YV1XZB545940964,V60,MHEV,Core,0.0,44800.0,32900.0
VEH_011665,YV1XZE917697213,EX30,Pure_EV,Core,69.0,42500.0,31200.0
VEH_011666,YV1XZH277229124,EX30,Pure_EV,Core,69.0,42500.0,31200.0
VEH_011667,YV1XZG947399784,XC90,PHEV,Ultimate,18.8,105020.0,75638.0
VEH_011668,YV1XZC221139644,XC90,PHEV,Core,18.8,89000.0,64100.0
VEH_011669,YV1XZG185843903,EX90,Pure_EV,Core,111.0,86000.0,62500.0
VEH_011670,YV1XZE251408253,EC40,Pure_EV,Ultimate,82.0,63130.0,46964.0
VEH_011671,YV1XZH764084845,EC40,Pure_EV,Core,82.0,53500.0,39800.0
VEH_011672,YV1XZH642513376,XC60,PHEV,Plus,18.8,69660.0,49896.0
VEH_011673,YV1XZA166200717,EC40,Pure_EV,Core,82.0,53500.0,39800.0
VEH_011674,YV1XZE191028944,V60,MHEV,Core,0.0,44800.0,32900.0
VEH_011675,YV1XZC376368480,EC40,Pure_EV,Plus,82.0,57780.0,42984.0
VEH_011676,YV1XZH339270453,XC60,PHEV,Core,18.8,64500.0,46200.0
VEH_011677,YV1XZD857585605,XC60,PHEV,Core,18.8,64500.0,46200.0
VEH_011678,YV1XZB871379229,XC90,PHEV,Plus,18.8,96120.0,69228.0
VEH_011679,YV1XZF282168031,EC40,Pure_EV,Ultimate,82.0,63130.0,46964.0
VEH_011680,YV1XZF894426794,XC90,PHEV,Ultimate,18.8,105020.0,75638.0
VEH_011681,YV1XZE590654161,XC90,PHEV,Ultimate,18.8,105020.0,75638.0
VEH_011682,YV1XZH848966217,EC40,Pure_EV,Ultimate,82.0,63130.0,46964.0
VEH_011683,YV1XZH854118556,XC60,PHEV,Core,18.8,64500.0,46200.0
VEH_011684,YV1XZC736764761,XC90,PHEV,Ultimate,18.8,105020.0,75638.0
VEH_011685,YV1XZF437575413,EX90,Pure_EV,Core,111.0,86000.0,62500.0
VEH_011686,YV1XZH808752721,XC60,PHEV,Plus,18.8,69660.0,49896.0
VEH_011687,YV1XZD518708510,XC90,PHEV,Ultimate,18.8,105020.0,75638.0
VEH_011688,YV1XZA603634777,XC60,PHEV,Plus,18.8,69660.0,49896.0
VEH_011689,YV1XZB143337497,EC40,Pure_EV,Ultimate,82.0,63130.0,46964.0
VEH_011690,YV1XZD749876005,EC40,Pure_EV,Ultimate,82.0,63130.0,46964.0
VEH_011691,YV1XZB439795287,EC40,Pure_EV,Ultimate,82.0,63130.0,46964.0
VEH_011692,YV1XZD711818661,EX30,Pure_EV,Plus,69.0,45900.0,33696.0
VEH_011693,YV1XZF968107812,EX30,Pure_EV,Core,69.0,42500.0,31200.0
VEH_011694,YV1XZA243202660,XC60,PHEV,Ultimate,18.8,76110.0,54516.0
VEH_011695,YV1XZG764616362,XC90,PHEV,Plus,18.8,96120.0,69228.0
VEH_011696,YV1XZG869537111,V60,MHEV,Plus,0.0,48384.0,35532.0
VEH_011697,YV1XZG327073892,EX30,Pure_EV,Ultimate,69.0,50150.0,36816.0
VEH_011698,YV1XZH521761287,EC40,Pure_EV,Plus,82.0,57780.0,42984.0
VEH_011699,YV1XZF187926139,EX30,Pure_EV,Plus,69.0,45900.0,33696.0
VEH_011700,YV1XZA195136366,EX90,Pure_EV,Core,111.0,86000.0,62500.0
VEH_011701,YV1XZC518136426,XC90,PHEV,Plus,18.8,96120.0,69228.0
VEH_011702,YV1XZC507688599,EX90,Pure_EV,Ultimate,111.0,101480.0,73750.0
VEH_011703,YV1XZE211436252,EC40,Pure_EV,Ultimate,82.0,63130.0,46964.0
VEH_011704,YV1XZC397880730,XC90,PHEV,Core,18.8,89000.0,64100.0
VEH_011705,YV1XZE165375095,EC40,Pure_EV,Ultimate,82.0,63130.0,46964.0
VEH_011706,YV1XZD445369407,XC90,PHEV,Plus,18.8,96120.0,69228.0
VEH_011707,YV1XZD461170399,XC60,PHEV,Plus,18.8,69660.0,49896.0
VEH_011708,YV1XZD605334571,EX90,Pure_EV,Plus,111.0,92880.0,67500.0
VEH_011709,YV1XZF140874501,XC60,PHEV,Ultimate,18.8,76110.0,54516.0
VEH_011710,YV1XZG832081329,XC60,PHEV,Ultimate,18.8,76110.0,54516.0
VEH_011711,YV1XZH339990980,EC40,Pure_EV,Plus,82.0,57780.0,42984.0
VEH_011712,YV1XZF881061726,XC60,PHEV,Plus,18.8,69660.0,49896.0
VEH_011713,YV1XZF181656495,V60,MHEV,Core,0.0,44800.0,32900.0
VEH_011714,YV1XZF978072429,EX90,Pure_EV,Core,111.0,86000.0,62500.0
VEH_011715,YV1XZE550229286,V60,MHEV,Ultimate,0.0,52864.0,38822.0
VEH_011716,YV1XZA188359290,XC60,PHEV,Ultimate,18.8,76110.0,54516.0
VEH_011717,YV1XZF929850261,V60,MHEV,Plus,0.0,48384.0,35532.0
VEH_011718,YV1XZH732421574,EX90,Pure_EV,Core,111.0,86000.0,62500.0
VEH_011719,YV1XZE704095610,V60,MHEV,Core,0.0,44800.0,32900.0
VEH_011720,YV1XZF274062702,V60,MHEV,Plus,0.0,48384.0,35532.0
VEH_011721,YV1XZG632952851,EX90,Pure_EV,Ultimate,111.0,101480.0,73750.0
VEH_011722,YV1XZA252695904,EC40,Pure_EV,Ultimate,82.0,63130.0,46964.0
VEH_011723,YV1XZF389056616,EX30,Pure_EV,Core,69.0,42500.0,31200.0
VEH_011724,YV1XZA163189671,EX30,Pure_EV,Plus,69.0,45900.0,33696.0
VEH_011725,YV1XZB467744403,XC90,PHEV,Plus,18.8,96120.0,69228.0
VEH_011726,YV1XZB238408357,XC90,PHEV,Ultimate,18.8,105020.0,75638.0
VEH_011727,YV1XZG705839363,EC40,Pure_EV,Core,82.0,53500.0,39800.0
VEH_011728,YV1XZH443772986,V60,MHEV,Plus,0.0,48384.0,35532.0
VEH_011729,YV1XZF174292882,EX90,Pure_EV,Ultimate,111.0,101480.0,73750.0
VEH_011730,YV1XZH502777807,V60,MHEV,Core,0.0,44800.0,32900.0
VEH_011731,YV1XZF272899222,V60,MHEV,Core,0.0,44800.0,32900.0
VEH_011732,YV1XZG175508859,XC90,PHEV,Plus,18.8,96120.0,69228.0
VEH_011733,YV1XZG902983967,EC40,Pure_EV,Core,82.0,53500.0,39800.0
VEH_011734,YV1XZE163942170,EX90,Pure_EV,Core,111.0,86000.0,62500.0
VEH_011735,YV1XZC124075453,XC90,PHEV,Plus,18.8,96120.0,69228.0
VEH_011736,YV1XZD382889428,XC60,PHEV,Core,18.8,64500.0,46200.0
VEH_011737,YV1XZB666087498,XC60,PHEV,Core,18.8,64500.0,46200.0
VEH_011738,YV1XZH302781985,XC90,PHEV,Plus,18.8,96120.0,69228.0
VEH_011739,YV1XZC798691315,XC60,PHEV,Core,18.8,64500.0,46200.0
VEH_011740,YV1XZD807608415,XC60,PHEV,Plus,18.8,69660.0,49896.0
VEH_011741,YV1XZA408008645,EX90,Pure_EV,Ultimate,111.0,101480.0,73750.0
VEH_011742,YV1XZB616430225,EX30,Pure_EV,Ultimate,69.0,50150.0,36816.0
VEH_011743,YV1XZA363291009,EX30,Pure_EV,Plus,69.0,45900.0,33696.0
VEH_011744,YV1XZD165665020,EX90,Pure_EV,Ultimate,111.0,101480.0,73750.0
VEH_011745,YV1XZE402120237,XC90,PHEV,Plus,18.8,96120.0,69228.0
VEH_011746,YV1XZE368221798,EX30,Pure_EV,Ultimate,69.0,50150.0,36816.0
VEH_011747,YV1XZG158219934,XC60,PHEV,Ultimate,18.8,76110.0,54516.0
VEH_011748,YV1XZA776952522,V60,MHEV,Core,0.0,44800.0,32900.0
VEH_011749,YV1XZB338927014,XC90,PHEV,Core,18.8,89000.0,64100.0
VEH_011750,YV1XZA885078407,XC60,PHEV,Ultimate,18.8,76110.0,54516.0
VEH_011751,YV1XZB133731709,EX90,Pure_EV,Ultimate,111.0,101480.0,73750.0
VEH_011752,YV1XZG621326231,XC90,PHEV,Core,18.8,89000.0,64100.0
VEH_011753,YV1XZG635443612,V60,MHEV,Ultimate,0.0,52864.0,38822.0
VEH_011754,YV1XZH357878529,XC60,PHEV,Plus,18.8,69660.0,49896.0
VEH_011755,YV1XZH505310858,XC60,PHEV,Plus,18.8,69660.0,49896.0
VEH_011756,YV1XZF420828896,EC40,Pure_EV,Plus,82.0,57780.0,42984.0
VEH_011757,YV1XZA323367634,EC40,Pure_EV,Ultimate,82.0,63130.0,46964.0
VEH_011758,YV1XZB758612398,EC40,Pure_EV,Ultimate,82.0,63130.0,46964.0
VEH_011759,YV1XZE316941329,EC40,Pure_EV,Ultimate,82.0,63130.0,46964.0
VEH_011760,YV1XZB215833844,EC40,Pure_EV,Ultimate,82.0,63130.0,46964.0
VEH_011761,YV1XZG770296119,EX30,Pure_EV,Core,69.0,42500.0,31200.0
VEH_011762,YV1XZF498856234,EX90,Pure_EV,Ultimate,111.0,101480.0,73750.0
VEH_011763,YV1XZA676981852,EX90,Pure_EV,Core,111.0,86000.0,62500.0
VEH_011764,YV1XZC306309493,XC90,PHEV,Ultimate,18.8,105020.0,75638.0
VEH_011765,YV1XZD800939882,V60,MHEV,Core,0.0,44800.0,32900.0
VEH_011766,YV1XZF828764659,EX30,Pure_EV,Core,69.0,42500.0,31200.0
VEH_011767,YV1XZE803113223,V60,MHEV,Core,0.0,44800.0,32900.0
VEH_011768,YV1XZF901775828,XC90,PHEV,Plus,18.8,96120.0,69228.0
VEH_011769,YV1XZA253820143,EX30,Pure_EV,Plus,69.0,45900.0,33696.0
VEH_011770,YV1XZA564033264,XC60,PHEV,Plus,18.8,69660.0,49896.0
VEH_011771,YV1XZA513935209,EX90,Pure_EV,Plus,111.0,92880.0,67500.0
VEH_011772,YV1XZB443410769,XC60,PHEV,Plus,18.8,69660.0,49896.0
VEH_011773,YV1XZE428253240,V60,MHEV,Core,0.0,44800.0,32900.0
VEH_011774,YV1XZG268777788,XC90,PHEV,Plus,18.8,96120.0,69228.0
VEH_011775,YV1XZE703965889,EX30,Pure_EV,Plus,69.0,45900.0,33696.0
VEH_011776,YV1XZE809638699,EX90,Pure_EV,Ultimate,111.0,101480.0,73750.0
VEH_011777,YV1XZH367628203,EX90,Pure_EV,Plus,111.0,92880.0,67500.0
VEH_011778,YV1XZE157638567,EX30,Pure_EV,Core,69.0,42500.0,31200.0
VEH_011779,YV1XZF985893816,XC60,PHEV,Ultimate,18.8,76110.0,54516.0
VEH_011780,YV1XZF280097415,XC60,PHEV,Core,18.8,64500.0,46200.0
VEH_011781,YV1XZC345768553,V60,MHEV,Core,0.0,44800.0,32900.0
VEH_011782,YV1XZD587425789,V60,MHEV,Plus,0.0,48384.0,35532.0
VEH_011783,YV1XZC501836552,XC60,PHEV,Core,18.8,64500.0,46200.0
VEH_011784,YV1XZE669858151,XC90,PHEV,Core,18.8,89000.0,64100.0
VEH_011785,YV1XZB735376835,XC90,PHEV,Ultimate,18.8,105020.0,75638.0
VEH_011786,YV1XZE991368209,V60,MHEV,Ultimate,0.0,52864.0,38822.0
VEH_011787,YV1XZB512416787,XC90,PHEV,Plus,18.8,96120.0,69228.0
VEH_011788,YV1XZF771024994,V60,MHEV,Ultimate,0.0,52864.0,38822.0
VEH_011789,YV1XZE436690332,XC90,PHEV,Core,18.8,89000.0,64100.0
VEH_011790,YV1XZE420541098,XC60,PHEV,Ultimate,18.8,76110.0,54516.0
VEH_011791,YV1XZF255026458,XC60,PHEV,Plus,18.8,69660.0,49896.0
VEH_011792,YV1XZA132397255,EX90,Pure_EV,Ultimate,111.0,101480.0,73750.0
VEH_011793,YV1XZF282401913,EC40,Pure_EV,Core,82.0,53500.0,39800.0
VEH_011794,YV1XZG632055197,EC40,Pure_EV,Core,82.0,53500.0,39800.0
VEH_011795,YV1XZF374497667,XC90,PHEV,Plus,18.8,96120.0,69228.0
VEH_011796,YV1XZB639132706,XC60,PHEV,Core,18.8,64500.0,46200.0
VEH_011797,YV1XZH743296231,XC90,PHEV,Plus,18.8,96120.0,69228.0
VEH_011798,YV1XZA234147955,V60,MHEV,Plus,0.0,48384.0,35532.0
VEH_011799,YV1XZG584715944,V60,MHEV,Plus,0.0,48384.0,35532.0
VEH_011800,YV1XZD554750117,EX30,Pure_EV,Ultimate,69.0,50150.0,36816.0
VEH_011801,YV1XZF147739667,XC60,PHEV,Core,18.8,64500.0,46200.0
VEH_011802,YV1XZA161520836,V60,MHEV,Core,0.0,44800.0,32900.0
VEH_011803,YV1XZB595452616,V60,MHEV,Plus,0.0,48384.0,35532.0
VEH_011804,YV1XZA989762150,XC60,PHEV,Ultimate,18.8,76110.0,54516.0
VEH_011805,YV1XZD389748923,V60,MHEV,Plus,0.0,48384.0,35532.0
VEH_011806,YV1XZA822543220,V60,MHEV,Plus,0.0,48384.0,35532.0
VEH_011807,YV1XZG204951962,EX90,Pure_EV,Core,111.0,86000.0,62500.0
VEH_011808,YV1XZE113504290,EX90,Pure_EV,Ultimate,111.0,101480.0,73750.0
VEH_011809,YV1XZC961024452,V60,MHEV,Plus,0.0,48384.0,35532.0
VEH_011810,YV1XZB513756943,V60,MHEV,Ultimate,0.0,52864.0,38822.0
VEH_011811,YV1XZH447477516,EC40,Pure_EV,Plus,82.0,57780.0,42984.0
VEH_011812,YV1XZF409861790,EX90,Pure_EV,Plus,111.0,92880.0,67500.0
VEH_011813,YV1XZD234756861,V60,MHEV,Core,0.0,44800.0,32900.0
VEH_011814,YV1XZH837946151,XC90,PHEV,Plus,18.8,96120.0,69228.0
VEH_011815,YV1XZB481239410,XC90,PHEV,Plus,18.8,96120.0,69228.0
VEH_011816,YV1XZG520113858,V60,MHEV,Core,0.0,44800.0,32900.0
VEH_011817,YV1XZB473153357,XC90,PHEV,Ultimate,18.8,105020.0,75638.0
VEH_011818,YV1XZH217909336,EC40,Pure_EV,Ultimate,82.0,63130.0,46964.0
VEH_011819,YV1XZF997487952,V60,MHEV,Plus,0.0,48384.0,35532.0
VEH_011820,YV1XZG186920316,XC60,PHEV,Ultimate,18.8,76110.0,54516.0
VEH_011821,YV1XZE146330678,XC60,PHEV,Plus,18.8,69660.0,49896.0
VEH_011822,YV1XZG901300139,XC90,PHEV,Core,18.8,89000.0,64100.0
VEH_011823,YV1XZE537369594,EX90,Pure_EV,Plus,111.0,92880.0,67500.0
VEH_011824,YV1XZF710609343,V60,MHEV,Core,0.0,44800.0,32900.0
VEH_011825,YV1XZB846897420,EC40,Pure_EV,Plus,82.0,57780.0,42984.0
VEH_011826,YV1XZB335239165,XC60,PHEV,Core,18.8,64500.0,46200.0
VEH_011827,YV1XZF545953015,EX90,Pure_EV,Ultimate,111.0,101480.0,73750.0
VEH_011828,YV1XZC380030902,EX90,Pure_EV,Core,111.0,86000.0,62500.0
VEH_011829,YV1XZC500712702,EC40,Pure_EV,Core,82.0,53500.0,39800.0
VEH_011830,YV1XZG172344415,XC60,PHEV,Ultimate,18.8,76110.0,54516.0
VEH_011831,YV1XZB256040822,XC90,PHEV,Core,18.8,89000.0,64100.0
VEH_011832,YV1XZG709357418,V60,MHEV,Ultimate,0.0,52864.0,38822.0
VEH_011833,YV1XZE699194084,XC60,PHEV,Ultimate,18.8,76110.0,54516.0
VEH_011834,YV1XZH694258124,V60,MHEV,Plus,0.0,48384.0,35532.0
VEH_011835,YV1XZH713180024,EC40,Pure_EV,Ultimate,82.0,63130.0,46964.0
VEH_011836,YV1XZG894059771,XC90,PHEV,Ultimate,18.8,105020.0,75638.0
VEH_011837,YV1XZG341019457,EX90,Pure_EV,Core,111.0,86000.0,62500.0
VEH_011838,YV1XZC631137796,EX30,Pure_EV,Plus,69.0,45900.0,33696.0
VEH_011839,YV1XZE860876452,V60,MHEV,Core,0.0,44800.0,32900.0
VEH_011840,YV1XZC293736238,EX90,Pure_EV,Plus,111.0,92880.0,67500.0
VEH_011841,YV1XZB553072103,EC40,Pure_EV,Ultimate,82.0,63130.0,46964.0
VEH_011842,YV1XZD104643279,EC40,Pure_EV,Core,82.0,53500.0,39800.0
VEH_011843,YV1XZH402330783,EX30,Pure_EV,Core,69.0,42500.0,31200.0
VEH_011844,YV1XZA218751827,XC60,PHEV,Ultimate,18.8,76110.0,54516.0
VEH_011845,YV1XZD215877320,XC60,PHEV,Plus,18.8,69660.0,49896.0
VEH_011846,YV1XZG361689140,XC90,PHEV,Core,18.8,89000.0,64100.0
VEH_011847,YV1XZA998566059,XC60,PHEV,Ultimate,18.8,76110.0,54516.0
VEH_011848,YV1XZF342904234,XC90,PHEV,Plus,18.8,96120.0,69228.0
VEH_011849,YV1XZG946233990,XC60,PHEV,Core,18.8,64500.0,46200.0
VEH_011850,YV1XZD112960981,EX90,Pure_EV,Core,111.0,86000.0,62500.0
VEH_011851,YV1XZF547942258,XC60,PHEV,Core,18.8,64500.0,46200.0
VEH_011852,YV1XZF626490082,XC60,PHEV,Core,18.8,64500.0,46200.0
VEH_011853,YV1XZG766086864,XC60,PHEV,Plus,18.8,69660.0,49896.0
VEH_011854,YV1XZC922863268,V60,MHEV,Plus,0.0,48384.0,35532.0
VEH_011855,YV1XZE959409721,XC90,PHEV,Ultimate,18.8,105020.0,75638.0
VEH_011856,YV1XZE109019228,EX30,Pure_EV,Core,69.0,42500.0,31200.0
VEH_011857,YV1XZD899392825,V60,MHEV,Core,0.0,44800.0,32900.0
VEH_011858,YV1XZD119827908,EX90,Pure_EV,Plus,111.0,92880.0,67500.0
VEH_011859,YV1XZE923548635,EX90,Pure_EV,Core,111.0,86000.0,62500.0
VEH_011860,YV1XZH427068175,XC90,PHEV,Core,18.8,89000.0,64100.0
VEH_011861,YV1XZD903319555,V60,MHEV,Plus,0.0,48384.0,35532.0
VEH_011862,YV1XZD945084779,EC40,Pure_EV,Core,82.0,53500.0,39800.0
VEH_011863,YV1XZB224485208,EC40,Pure_EV,Plus,82.0,57780.0,42984.0
VEH_011864,YV1XZC113815497,XC90,PHEV,Ultimate,18.8,105020.0,75638.0
VEH_011865,YV1XZA837373222,EX90,Pure_EV,Ultimate,111.0,101480.0,73750.0
VEH_011866,YV1XZF642857862,XC60,PHEV,Ultimate,18.8,76110.0,54516.0
VEH_011867,YV1XZC810083020,V60,MHEV,Plus,0.0,48384.0,35532.0
VEH_011868,YV1XZF314609553,EX30,Pure_EV,Ultimate,69.0,50150.0,36816.0
VEH_011869,YV1XZB862540280,V60,MHEV,Ultimate,0.0,52864.0,38822.0
VEH_011870,YV1XZC639573083,EX30,Pure_EV,Core,69.0,42500.0,31200.0
VEH_011871,YV1XZH953805972,EX30,Pure_EV,Plus,69.0,45900.0,33696.0
VEH_011872,YV1XZD784561815,XC90,PHEV,Core,18.8,89000.0,64100.0
VEH_011873,YV1XZG522242485,XC60,PHEV,Plus,18.8,69660.0,49896.0
VEH_011874,YV1XZE615569354,EX90,Pure_EV,Plus,111.0,92880.0,67500.0
VEH_011875,YV1XZB797979448,EX90,Pure_EV,Ultimate,111.0,101480.0,73750.0
VEH_011876,YV1XZG450436300,EX90,Pure_EV,Core,111.0,86000.0,62500.0
VEH_011877,YV1XZE461085749,XC90,PHEV,Ultimate,18.8,105020.0,75638.0
VEH_011878,YV1XZD834298182,EX30,Pure_EV,Core,69.0,42500.0,31200.0
VEH_011879,YV1XZA870007557,XC60,PHEV,Ultimate,18.8,76110.0,54516.0
VEH_011880,YV1XZE133142334,EX90,Pure_EV,Ultimate,111.0,101480.0,73750.0
VEH_011881,YV1XZF334835549,EX90,Pure_EV,Plus,111.0,92880.0,67500.0
VEH_011882,YV1XZD815428448,EC40,Pure_EV,Ultimate,82.0,63130.0,46964.0
VEH_011883,YV1XZD266752541,V60,MHEV,Core,0.0,44800.0,32900.0
VEH_011884,YV1XZF235446522,V60,MHEV,Plus,0.0,48384.0,35532.0
VEH_011885,YV1XZF545120650,V60,MHEV,Plus,0.0,48384.0,35532.0
VEH_011886,YV1XZF150934279,XC60,PHEV,Core,18.8,64500.0,46200.0
VEH_011887,YV1XZA496375663,V60,MHEV,Core,0.0,44800.0,32900.0
VEH_011888,YV1XZH696408730,XC60,PHEV,Ultimate,18.8,76110.0,54516.0
VEH_011889,YV1XZB235078506,EX30,Pure_EV,Plus,69.0,45900.0,33696.0
VEH_011890,YV1XZF262953998,V60,MHEV,Plus,0.0,48384.0,35532.0
VEH_011891,YV1XZE954143566,EC40,Pure_EV,Ultimate,82.0,63130.0,46964.0
VEH_011892,YV1XZB637404939,XC90,PHEV,Ultimate,18.8,105020.0,75638.0
VEH_011893,YV1XZD645115590,EC40,Pure_EV,Core,82.0,53500.0,39800.0
VEH_011894,YV1XZA865623046,XC90,PHEV,Core,18.8,89000.0,64100.0
VEH_011895,YV1XZB396929470,EX30,Pure_EV,Plus,69.0,45900.0,33696.0
VEH_011896,YV1XZH633275742,XC90,PHEV,Plus,18.8,96120.0,69228.0
VEH_011897,YV1XZB364239159,XC60,PHEV,Plus,18.8,69660.0,49896.0
VEH_011898,YV1XZB538311729,XC60,PHEV,Ultimate,18.8,76110.0,54516.0
VEH_011899,YV1XZG471921539,EC40,Pure_EV,Plus,82.0,57780.0,42984.0
VEH_011900,YV1XZC243750039,EX90,Pure_EV,Ultimate,111.0,101480.0,73750.0
VEH_011901,YV1XZB709345084,V60,MHEV,Plus,0.0,48384.0,35532.0
VEH_011902,YV1XZE860675831,V60,MHEV,Plus,0.0,48384.0,35532.0
VEH_011903,YV1XZA240703390,XC90,PHEV,Ultimate,18.8,105020.0,75638.0
VEH_011904,YV1XZE723201052,XC90,PHEV,Plus,18.8,96120.0,69228.0
VEH_011905,YV1XZE894948800,EC40,Pure_EV,Core,82.0,53500.0,39800.0
VEH_011906,YV1XZH995131063,EC40,Pure_EV,Plus,82.0,57780.0,42984.0
VEH_011907,YV1XZB875058841,XC60,PHEV,Plus,18.8,69660.0,49896.0
VEH_011908,YV1XZG468573991,EX90,Pure_EV,Ultimate,111.0,101480.0,73750.0
VEH_011909,YV1XZA934237033,V60,MHEV,Plus,0.0,48384.0,35532.0
VEH_011910,YV1XZB848870025,V60,MHEV,Core,0.0,44800.0,32900.0
VEH_011911,YV1XZF873376453,EC40,Pure_EV,Ultimate,82.0,63130.0,46964.0
VEH_011912,YV1XZH653587277,XC60,PHEV,Ultimate,18.8,76110.0,54516.0
VEH_011913,YV1XZD705934872,EX90,Pure_EV,Core,111.0,86000.0,62500.0
VEH_011914,YV1XZF912599998,V60,MHEV,Ultimate,0.0,52864.0,38822.0
VEH_011915,YV1XZG966581090,XC90,PHEV,Core,18.8,89000.0,64100.0
VEH_011916,YV1XZE193372937,EX30,Pure_EV,Core,69.0,42500.0,31200.0
VEH_011917,YV1XZH132954162,EX90,Pure_EV,Ultimate,111.0,101480.0,73750.0
VEH_011918,YV1XZB703357798,XC60,PHEV,Plus,18.8,69660.0,49896.0
VEH_011919,YV1XZD539979241,EC40,Pure_EV,Ultimate,82.0,63130.0,46964.0
VEH_011920,YV1XZH674353091,EX30,Pure_EV,Ultimate,69.0,50150.0,36816.0
VEH_011921,YV1XZC100769937,EX30,Pure_EV,Plus,69.0,45900.0,33696.0
VEH_011922,YV1XZA339975563,V60,MHEV,Core,0.0,44800.0,32900.0
VEH_011923,YV1XZD691181387,V60,MHEV,Ultimate,0.0,52864.0,38822.0
VEH_011924,YV1XZB269590338,XC90,PHEV,Core,18.8,89000.0,64100.0
VEH_011925,YV1XZG525221115,EX30,Pure_EV,Ultimate,69.0,50150.0,36816.0
VEH_011926,YV1XZD575533830,XC60,PHEV,Plus,18.8,69660.0,49896.0
VEH_011927,YV1XZD794569291,EX90,Pure_EV,Core,111.0,86000.0,62500.0
VEH_011928,YV1XZE931446384,XC60,PHEV,Core,18.8,64500.0,46200.0
VEH_011929,YV1XZD503013177,EC40,Pure_EV,Ultimate,82.0,63130.0,46964.0
VEH_011930,YV1XZH101032187,EC40,Pure_EV,Plus,82.0,57780.0,42984.0
VEH_011931,YV1XZB722024236,XC60,PHEV,Ultimate,18.8,76110.0,54516.0
VEH_011932,YV1XZA473132644,V60,MHEV,Ultimate,0.0,52864.0,38822.0
VEH_011933,YV1XZF626545405,XC60,PHEV,Ultimate,18.8,76110.0,54516.0
VEH_011934,YV1XZG625187043,EC40,Pure_EV,Core,82.0,53500.0,39800.0
VEH_011935,YV1XZF379859884,XC60,PHEV,Core,18.8,64500.0,46200.0
VEH_011936,YV1XZD745358188,XC60,PHEV,Plus,18.8,69660.0,49896.0
VEH_011937,YV1XZG369785771,EX90,Pure_EV,Core,111.0,86000.0,62500.0
VEH_011938,YV1XZA733876590,V60,MHEV,Ultimate,0.0,52864.0,38822.0
VEH_011939,YV1XZE557099491,V60,MHEV,Plus,0.0,48384.0,35532.0
VEH_011940,YV1XZH901294642,XC90,PHEV,Ultimate,18.8,105020.0,75638.0
VEH_011941,YV1XZA910732267,EX90,Pure_EV,Ultimate,111.0,101480.0,73750.0
VEH_011942,YV1XZG673163210,EC40,Pure_EV,Ultimate,82.0,63130.0,46964.0
VEH_011943,YV1XZC454888699,EX30,Pure_EV,Core,69.0,42500.0,31200.0
VEH_011944,YV1XZC733289634,EX90,Pure_EV,Core,111.0,86000.0,62500.0
VEH_011945,YV1XZG237202609,EX90,Pure_EV,Plus,111.0,92880.0,67500.0
VEH_011946,YV1XZH934678670,EC40,Pure_EV,Plus,82.0,57780.0,42984.0
VEH_011947,YV1XZA705107878,XC90,PHEV,Core,18.8,89000.0,64100.0
VEH_011948,YV1XZA428409358,EC40,Pure_EV,Ultimate,82.0,63130.0,46964.0
VEH_011949,YV1XZE514577504,EX30,Pure_EV,Core,69.0,42500.0,31200.0
VEH_011950,YV1XZH925241984,EX30,Pure_EV,Plus,69.0,45900.0,33696.0
VEH_011951,YV1XZA127461375,V60,MHEV,Core,0.0,44800.0,32900.0
VEH_011952,YV1XZA137497374,EX30,Pure_EV,Ultimate,69.0,50150.0,36816.0
VEH_011953,YV1XZF376631501,XC60,PHEV,Core,18.8,64500.0,46200.0
VEH_011954,YV1XZD777320784,XC60,PHEV,Plus,18.8,69660.0,49896.0
VEH_011955,YV1XZH403930401,EC40,Pure_EV,Ultimate,82.0,63130.0,46964.0
VEH_011956,YV1XZD980770281,EX90,Pure_EV,Plus,111.0,92880.0,67500.0
VEH_011957,YV1XZA695360024,XC90,PHEV,Ultimate,18.8,105020.0,75638.0
VEH_011958,YV1XZB326202885,XC90,PHEV,Plus,18.8,96120.0,69228.0
VEH_011959,YV1XZF717659642,EX30,Pure_EV,Ultimate,69.0,50150.0,36816.0
VEH_011960,YV1XZB662292605,XC60,PHEV,Plus,18.8,69660.0,49896.0
VEH_011961,YV1XZB315959370,EX90,Pure_EV,Core,111.0,86000.0,62500.0
VEH_011962,YV1XZE235133250,EX30,Pure_EV,Plus,69.0,45900.0,33696.0
VEH_011963,YV1XZE803028216,V60,MHEV,Ultimate,0.0,52864.0,38822.0
VEH_011964,YV1XZF776735150,V60,MHEV,Core,0.0,44800.0,32900.0
VEH_011965,YV1XZB725910526,EX30,Pure_EV,Core,69.0,42500.0,31200.0
VEH_011966,YV1XZD911422524,V60,MHEV,Core,0.0,44800.0,32900.0
VEH_011967,YV1XZE903147187,EC40,Pure_EV,Ultimate,82.0,63130.0,46964.0
VEH_011968,YV1XZE278297111,EX30,Pure_EV,Ultimate,69.0,50150.0,36816.0
VEH_011969,YV1XZE167703040,V60,MHEV,Ultimate,0.0,52864.0,38822.0
VEH_011970,YV1XZH767274291,EX90,Pure_EV,Plus,111.0,92880.0,67500.0
VEH_011971,YV1XZA882433435,XC90,PHEV,Ultimate,18.8,105020.0,75638.0
VEH_011972,YV1XZC365109581,V60,MHEV,Core,0.0,44800.0,32900.0
VEH_011973,YV1XZH829480182,XC90,PHEV,Ultimate,18.8,105020.0,75638.0
VEH_011974,YV1XZG561930126,XC60,PHEV,Plus,18.8,69660.0,49896.0
VEH_011975,YV1XZG992699181,EX30,Pure_EV,Ultimate,69.0,50150.0,36816.0
VEH_011976,YV1XZF999291482,EX90,Pure_EV,Ultimate,111.0,101480.0,73750.0
VEH_011977,YV1XZE117926251,EX30,Pure_EV,Core,69.0,42500.0,31200.0
VEH_011978,YV1XZH690679656,V60,MHEV,Core,0.0,44800.0,32900.0
VEH_011979,YV1XZH407917064,EX90,Pure_EV,Ultimate,111.0,101480.0,73750.0
VEH_011980,YV1XZD122921375,EC40,Pure_EV,Ultimate,82.0,63130.0,46964.0
VEH_011981,YV1XZD537514404,XC90,PHEV,Core,18.8,89000.0,64100.0
VEH_011982,YV1XZD780364735,EX90,Pure_EV,Core,111.0,86000.0,62500.0
VEH_011983,YV1XZH857679445,XC90,PHEV,Ultimate,18.8,105020.0,75638.0
VEH_011984,YV1XZG907572553,EX30,Pure_EV,Core,69.0,42500.0,31200.0
VEH_011985,YV1XZC104740408,XC60,PHEV,Core,18.8,64500.0,46200.0
VEH_011986,YV1XZF431697421,XC60,PHEV,Core,18.8,64500.0,46200.0
VEH_011987,YV1XZF225863746,XC90,PHEV,Core,18.8,89000.0,64100.0
VEH_011988,YV1XZB183407227,EX90,Pure_EV,Core,111.0,86000.0,62500.0
VEH_011989,YV1XZG160645359,XC60,PHEV,Ultimate,18.8,76110.0,54516.0
VEH_011990,YV1XZH535930256,EC40,Pure_EV,Plus,82.0,57780.0,42984.0
VEH_011991,YV1XZB736638346,XC60,PHEV,Plus,18.8,69660.0,49896.0
VEH_011992,YV1XZC919521989,EX90,Pure_EV,Ultimate,111.0,101480.0,73750.0
VEH_011993,YV1XZA267595517,EX30,Pure_EV,Core,69.0,42500.0,31200.0
VEH_011994,YV1XZF963102791,XC90,PHEV,Plus,18.8,96120.0,69228.0
VEH_011995,YV1XZA483886007,XC60,PHEV,Plus,18.8,69660.0,49896.0
VEH_011996,YV1XZC355794389,XC90,PHEV,Ultimate,18.8,105020.0,75638.0
VEH_011997,YV1XZD548443661,V60,MHEV,Core,0.0,44800.0,32900.0
VEH_011998,YV1XZH624848555,EX30,Pure_EV,Plus,69.0,45900.0,33696.0
VEH_011999,YV1XZB738482832,XC90,PHEV,Plus,18.8,96120.0,69228.0
VEH_012000,YV1XZE915638755,V60,MHEV,Core,0.0,44800.0,32900.0
