claim_id,vehicle_id,dealer_id,geo_id,date_id,repair_date,component_category,failure_symptom_code,months_in_service,mileage_at_failure_km,labor_hours,labor_cost_eur,parts_cost_eur,total_claim_cost_eur,is_safety_critical,claim_status
CLM_0000001,VEH_003305,DLR_DE_001,GEO_DE,20250930,2025-09-30,Electric_Drive_Inverter,ERR_ELECTRIC_DRIVE_INVERTER_DIAG,12,15528,1.5,180.0,1850.0,2030.0,True,Under_Investigation
CLM_0000002,VEH_009916,DLR_SE_002,GEO_SE,20261228,2026-12-28,ADAS_Vision_Sensor,ERR_ADAS_VISION_SENSOR_DIAG,16,17632,3.5,420.0,1100.0,1520.0,True,Reimbursed
CLM_0000003,VEH_005124,DLR_DE_001,GEO_DE,20240810,2024-08-10,HV_Battery_Pack,ERR_HV_BATTERY_PACK_DIAG,1,1606,3.5,420.0,4500.0,4920.0,True,Reimbursed
CLM_0000004,VEH_001540,DLR_US_001,GEO_US,20250720,2025-07-20,ADAS_Vision_Sensor,ERR_ADAS_VISION_SENSOR_DIAG,11,14069,1.5,180.0,1100.0,1280.0,True,Reimbursed
CLM_0000005,VEH_008463,DLR_DE_002,GEO_DE,20261030,2026-10-30,ADAS_Vision_Sensor,ERR_ADAS_VISION_SENSOR_DIAG,21,27909,5.0,600.0,1100.0,1700.0,True,Reimbursed
CLM_0000006,VEH_009061,DLR_US_001,GEO_US,20260524,2026-05-24,Air_Suspension,ERR_AIR_SUSPENSION_DIAG,11,18964,1.5,180.0,850.0,1030.0,False,Reimbursed
CLM_0000007,VEH_008838,DLR_NO_001,GEO_NO,20261111,2026-11-11,HV_Battery_Pack,ERR_HV_BATTERY_PACK_DIAG,21,32949,1.5,180.0,4500.0,4680.0,True,Reimbursed
CLM_0000008,VEH_009659,DLR_SE_001,GEO_SE,20260125,2026-01-25,HV_Battery_Pack,ERR_HV_BATTERY_PACK_DIAG,9,15750,3.5,420.0,4500.0,4920.0,True,Reimbursed
CLM_0000009,VEH_007331,DLR_NO_002,GEO_NO,20250113,2025-01-13,Electric_Drive_Inverter,ERR_ELECTRIC_DRIVE_INVERTER_DIAG,3,4059,3.5,420.0,1850.0,2270.0,True,Under_Investigation
CLM_0000010,VEH_007611,DLR_SE_002,GEO_SE,20251006,2025-10-06,HV_Battery_Pack,ERR_HV_BATTERY_PACK_DIAG,4,5568,2.0,240.0,4500.0,4740.0,True,Under_Investigation
CLM_0000011,VEH_009028,DLR_SE_002,GEO_SE,20260225,2026-02-25,Electric_Drive_Inverter,ERR_ELECTRIC_DRIVE_INVERTER_DIAG,20,33280,2.0,240.0,1850.0,2090.0,True,Approved
CLM_0000012,VEH_006743,DLR_NL_002,GEO_NL,20241024,2024-10-24,Air_Suspension,ERR_AIR_SUSPENSION_DIAG,5,8790,3.5,420.0,850.0,1270.0,False,Approved
CLM_0000013,VEH_000405,DLR_IT_001,GEO_IT,20261228,2026-12-28,Air_Suspension,ERR_AIR_SUSPENSION_DIAG,11,12804,1.5,180.0,850.0,1030.0,False,Under_Investigation
CLM_0000014,VEH_003831,DLR_DE_001,GEO_DE,20261101,2026-11-01,HV_Battery_Pack,ERR_HV_BATTERY_PACK_DIAG,18,27018,2.0,240.0,4500.0,4740.0,True,Under_Investigation
CLM_0000015,VEH_008321,DLR_US_001,GEO_US,20260518,2026-05-18,Electric_Drive_Inverter,ERR_ELECTRIC_DRIVE_INVERTER_DIAG,16,28640,1.5,180.0,1850.0,2030.0,True,Reimbursed
CLM_0000016,VEH_001856,DLR_DE_001,GEO_DE,20261228,2026-12-28,HV_Battery_Pack,ERR_HV_BATTERY_PACK_DIAG,23,32545,3.5,420.0,4500.0,4920.0,True,Under_Investigation
CLM_0000017,VEH_001018,DLR_IT_001,GEO_IT,20261228,2026-12-28,Infotainment_OTA,ERR_INFOTAINMENT_OTA_DIAG,24,38976,2.0,240.0,150.0,390.0,False,Approved
CLM_0000018,VEH_009150,DLR_SE_001,GEO_SE,20261228,2026-12-28,ADAS_Vision_Sensor,ERR_ADAS_VISION_SENSOR_DIAG,17,20723,5.0,600.0,1100.0,1700.0,True,Approved
CLM_0000019,VEH_009464,DLR_UK_001,GEO_UK,20261228,2026-12-28,Infotainment_OTA,ERR_INFOTAINMENT_OTA_DIAG,13,15262,2.0,240.0,150.0,390.0,False,Reimbursed
CLM_0000020,VEH_002709,DLR_IT_002,GEO_IT,20251204,2025-12-04,Electric_Drive_Inverter,ERR_ELECTRIC_DRIVE_INVERTER_DIAG,14,15470,3.5,420.0,1850.0,2270.0,True,Under_Investigation
CLM_0000021,VEH_004782,DLR_IT_002,GEO_IT,20260127,2026-01-27,HV_Battery_Pack,ERR_HV_BATTERY_PACK_DIAG,20,25520,2.0,240.0,4500.0,4740.0,True,Reimbursed
CLM_0000022,VEH_009759,DLR_SE_002,GEO_SE,20261228,2026-12-28,Air_Suspension,ERR_AIR_SUSPENSION_DIAG,13,21827,5.0,600.0,850.0,1450.0,False,Under_Investigation
CLM_0000023,VEH_002970,DLR_NL_001,GEO_NL,20240707,2024-07-07,Electric_Drive_Inverter,ERR_ELECTRIC_DRIVE_INVERTER_DIAG,5,8620,1.5,180.0,1850.0,2030.0,True,Approved
CLM_0000024,VEH_004157,DLR_NO_002,GEO_NO,20261228,2026-12-28,ADAS_Vision_Sensor,ERR_ADAS_VISION_SENSOR_DIAG,16,20144,2.0,240.0,1100.0,1340.0,True,Reimbursed
CLM_0000025,VEH_003962,DLR_DE_002,GEO_DE,20261228,2026-12-28,Electric_Drive_Inverter,ERR_ELECTRIC_DRIVE_INVERTER_DIAG,24,35232,3.5,420.0,1850.0,2270.0,True,Approved
CLM_0000026,VEH_009154,DLR_NL_002,GEO_NL,20260817,2026-08-17,HV_Battery_Pack,ERR_HV_BATTERY_PACK_DIAG,23,39123,5.0,600.0,4500.0,5100.0,True,Reimbursed
CLM_0000027,VEH_002550,DLR_NL_002,GEO_NL,20240527,2024-05-27,HV_Battery_Pack,ERR_HV_BATTERY_PACK_DIAG,4,4596,3.5,420.0,4500.0,4920.0,True,Approved
CLM_0000028,VEH_001918,DLR_SE_001,GEO_SE,20250915,2025-09-15,HV_Battery_Pack,ERR_HV_BATTERY_PACK_DIAG,2,2988,1.5,180.0,4500.0,4680.0,True,Approved
CLM_0000029,VEH_005573,DLR_IT_001,GEO_IT,20250921,2025-09-21,Electric_Drive_Inverter,ERR_ELECTRIC_DRIVE_INVERTER_DIAG,9,10872,1.5,180.0,1850.0,2030.0,True,Under_Investigation
CLM_0000030,VEH_003679,DLR_DE_001,GEO_DE,20251106,2025-11-06,HV_Battery_Pack,ERR_HV_BATTERY_PACK_DIAG,19,24510,1.5,180.0,4500.0,4680.0,True,Approved
CLM_0000031,VEH_006209,DLR_IT_002,GEO_IT,20260505,2026-05-05,Air_Suspension,ERR_AIR_SUSPENSION_DIAG,21,31962,1.5,180.0,850.0,1030.0,False,Approved
CLM_0000032,VEH_003228,DLR_NL_001,GEO_NL,20260320,2026-03-20,Electric_Drive_Inverter,ERR_ELECTRIC_DRIVE_INVERTER_DIAG,20,25720,3.5,420.0,1850.0,2270.0,True,Approved
CLM_0000033,VEH_002227,DLR_NL_001,GEO_NL,20261228,2026-12-28,Air_Suspension,ERR_AIR_SUSPENSION_DIAG,23,29831,3.5,420.0,850.0,1270.0,False,Reimbursed
CLM_0000034,VEH_005899,DLR_IT_001,GEO_IT,20251019,2025-10-19,HV_Battery_Pack,ERR_HV_BATTERY_PACK_DIAG,6,7938,1.5,180.0,4500.0,4680.0,True,Under_Investigation
CLM_0000035,VEH_008875,DLR_SE_001,GEO_SE,20251009,2025-10-09,Electric_Drive_Inverter,ERR_ELECTRIC_DRIVE_INVERTER_DIAG,2,2828,5.0,600.0,1850.0,2450.0,True,Approved
CLM_0000036,VEH_006207,DLR_DE_001,GEO_DE,20260916,2026-09-16,HV_Battery_Pack,ERR_HV_BATTERY_PACK_DIAG,14,16660,5.0,600.0,4500.0,5100.0,True,Approved
CLM_0000037,VEH_000419,DLR_IT_001,GEO_IT,20261225,2026-12-25,HV_Battery_Pack,ERR_HV_BATTERY_PACK_DIAG,7,9702,2.0,240.0,4500.0,4740.0,True,Reimbursed
CLM_0000038,VEH_003161,DLR_UK_001,GEO_UK,20260212,2026-02-12,HV_Battery_Pack,ERR_HV_BATTERY_PACK_DIAG,5,8440,1.5,180.0,4500.0,4680.0,True,Reimbursed
CLM_0000039,VEH_006304,DLR_IT_002,GEO_IT,20250418,2025-04-18,Electric_Drive_Inverter,ERR_ELECTRIC_DRIVE_INVERTER_DIAG,2,2292,2.0,240.0,1850.0,2090.0,True,Reimbursed
CLM_0000040,VEH_006715,DLR_US_001,GEO_US,20260720,2026-07-20,HV_Battery_Pack,ERR_HV_BATTERY_PACK_DIAG,4,5580,3.5,420.0,4500.0,4920.0,True,Approved
CLM_0000041,VEH_003264,DLR_IT_001,GEO_IT,20250812,2025-08-12,Electric_Drive_Inverter,ERR_ELECTRIC_DRIVE_INVERTER_DIAG,11,15466,5.0,600.0,1850.0,2450.0,True,Approved
CLM_0000042,VEH_009570,DLR_UK_001,GEO_UK,20261228,2026-12-28,Electric_Drive_Inverter,ERR_ELECTRIC_DRIVE_INVERTER_DIAG,20,34560,2.0,240.0,1850.0,2090.0,True,Under_Investigation
CLM_0000043,VEH_000595,DLR_UK_001,GEO_UK,20261228,2026-12-28,Electric_Drive_Inverter,ERR_ELECTRIC_DRIVE_INVERTER_DIAG,14,19362,3.5,420.0,1850.0,2270.0,True,Reimbursed
CLM_0000044,VEH_006790,DLR_DE_002,GEO_DE,20250204,2025-02-04,ADAS_Vision_Sensor,ERR_ADAS_VISION_SENSOR_DIAG,2,2478,5.0,600.0,1100.0,1700.0,True,Reimbursed
CLM_0000045,VEH_008986,DLR_IT_002,GEO_IT,20251002,2025-10-02,Electric_Drive_Inverter,ERR_ELECTRIC_DRIVE_INVERTER_DIAG,9,11160,2.0,240.0,1850.0,2090.0,True,Reimbursed
CLM_0000046,VEH_001989,DLR_US_001,GEO_US,20261228,2026-12-28,HV_Battery_Pack,ERR_HV_BATTERY_PACK_DIAG,20,35460,1.5,180.0,4500.0,4680.0,True,Under_Investigation
CLM_0000047,VEH_001552,DLR_DE_002,GEO_DE,20260322,2026-03-22,Electric_Drive_Inverter,ERR_ELECTRIC_DRIVE_INVERTER_DIAG,18,21798,3.5,420.0,1850.0,2270.0,True,Reimbursed
CLM_0000048,VEH_008773,DLR_NO_002,GEO_NO,20260228,2026-02-28,HV_Battery_Pack,ERR_HV_BATTERY_PACK_DIAG,18,24858,1.5,180.0,4500.0,4680.0,True,Approved
CLM_0000049,VEH_000959,DLR_NL_001,GEO_NL,20250731,2025-07-31,Electric_Drive_Inverter,ERR_ELECTRIC_DRIVE_INVERTER_DIAG,11,16412,3.5,420.0,1850.0,2270.0,True,Approved
CLM_0000050,VEH_008267,DLR_NL_002,GEO_NL,20250924,2025-09-24,Electric_Drive_Inverter,ERR_ELECTRIC_DRIVE_INVERTER_DIAG,11,16731,1.5,180.0,1850.0,2030.0,True,Reimbursed
CLM_0000051,VEH_008851,DLR_UK_001,GEO_UK,20260209,2026-02-09,HV_Battery_Pack,ERR_HV_BATTERY_PACK_DIAG,7,11697,1.5,180.0,4500.0,4680.0,True,Approved
CLM_0000052,VEH_007521,DLR_DE_002,GEO_DE,20250218,2025-02-18,HV_Battery_Pack,ERR_HV_BATTERY_PACK_DIAG,6,9816,2.0,240.0,4500.0,4740.0,True,Approved
CLM_0000053,VEH_005555,DLR_NL_001,GEO_NL,20261217,2026-12-17,HV_Battery_Pack,ERR_HV_BATTERY_PACK_DIAG,7,12250,2.0,240.0,4500.0,4740.0,True,Approved
CLM_0000054,VEH_007122,DLR_SE_002,GEO_SE,20261116,2026-11-16,HV_Battery_Pack,ERR_HV_BATTERY_PACK_DIAG,13,15587,3.5,420.0,4500.0,4920.0,True,Reimbursed
CLM_0000055,VEH_001918,DLR_SE_001,GEO_SE,20261228,2026-12-28,Air_Suspension,ERR_AIR_SUSPENSION_DIAG,21,33222,5.0,600.0,850.0,1450.0,False,Reimbursed
CLM_0000056,VEH_008291,DLR_DE_002,GEO_DE,20250131,2025-01-31,Air_Suspension,ERR_AIR_SUSPENSION_DIAG,3,3375,1.5,180.0,850.0,1030.0,False,Under_Investigation
CLM_0000057,VEH_004553,DLR_IT_001,GEO_IT,20251212,2025-12-12,HV_Battery_Pack,ERR_HV_BATTERY_PACK_DIAG,5,8980,1.5,180.0,4500.0,4680.0,True,Approved
CLM_0000058,VEH_000937,DLR_DE_001,GEO_DE,20260710,2026-07-10,HV_Battery_Pack,ERR_HV_BATTERY_PACK_DIAG,9,10692,1.5,180.0,4500.0,4680.0,True,Under_Investigation
CLM_0000059,VEH_004134,DLR_NO_001,GEO_NO,20250213,2025-02-13,Air_Suspension,ERR_AIR_SUSPENSION_DIAG,8,12688,5.0,600.0,850.0,1450.0,False,Reimbursed
CLM_0000060,VEH_008484,DLR_UK_001,GEO_UK,20250823,2025-08-23,ADAS_Vision_Sensor,ERR_ADAS_VISION_SENSOR_DIAG,3,4188,3.5,420.0,1100.0,1520.0,True,Approved
CLM_0000061,VEH_001593,DLR_DE_001,GEO_DE,20241008,2024-10-08,HV_Battery_Pack,ERR_HV_BATTERY_PACK_DIAG,3,4299,1.5,180.0,4500.0,4680.0,True,Reimbursed
CLM_0000062,VEH_006483,DLR_NL_001,GEO_NL,20260128,2026-01-28,Electric_Drive_Inverter,ERR_ELECTRIC_DRIVE_INVERTER_DIAG,20,28720,5.0,600.0,1850.0,2450.0,True,Approved
CLM_0000063,VEH_008677,DLR_NO_002,GEO_NO,20260217,2026-02-17,Infotainment_OTA,ERR_INFOTAINMENT_OTA_DIAG,16,23904,2.0,240.0,150.0,390.0,False,Under_Investigation
CLM_0000064,VEH_004560,DLR_SE_002,GEO_SE,20250728,2025-07-28,HV_Battery_Pack,ERR_HV_BATTERY_PACK_DIAG,18,22266,5.0,600.0,4500.0,5100.0,True,Reimbursed
CLM_0000065,VEH_009086,DLR_NO_001,GEO_NO,20241102,2024-11-02,ADAS_Vision_Sensor,ERR_ADAS_VISION_SENSOR_DIAG,9,9909,3.5,420.0,1100.0,1520.0,True,Under_Investigation
CLM_0000066,VEH_001672,DLR_IT_002,GEO_IT,20260808,2026-08-08,ADAS_Vision_Sensor,ERR_ADAS_VISION_SENSOR_DIAG,21,25137,1.5,180.0,1100.0,1280.0,True,Under_Investigation
CLM_0000067,VEH_000617,DLR_SE_001,GEO_SE,20250822,2025-08-22,Electric_Drive_Inverter,ERR_ELECTRIC_DRIVE_INVERTER_DIAG,16,17792,3.5,420.0,1850.0,2270.0,True,Approved
CLM_0000068,VEH_006370,DLR_NL_002,GEO_NL,20260827,2026-08-27,Electric_Drive_Inverter,ERR_ELECTRIC_DRIVE_INVERTER_DIAG,17,25806,1.5,180.0,1850.0,2030.0,True,Under_Investigation
CLM_0000069,VEH_010044,DLR_NL_001,GEO_NL,20261228,2026-12-28,Infotainment_OTA,ERR_INFOTAINMENT_OTA_DIAG,18,21762,3.5,420.0,150.0,570.0,False,Under_Investigation
CLM_0000070,VEH_002197,DLR_DE_002,GEO_DE,20260303,2026-03-03,ADAS_Vision_Sensor,ERR_ADAS_VISION_SENSOR_DIAG,1,1445,1.5,180.0,1100.0,1280.0,True,Under_Investigation
CLM_0000071,VEH_000103,DLR_NO_001,GEO_NO,20250226,2025-02-26,Electric_Drive_Inverter,ERR_ELECTRIC_DRIVE_INVERTER_DIAG,12,14220,5.0,600.0,1850.0,2450.0,True,Approved
CLM_0000072,VEH_008875,DLR_SE_001,GEO_SE,20260510,2026-05-10,Electric_Drive_Inverter,ERR_ELECTRIC_DRIVE_INVERTER_DIAG,9,10872,5.0,600.0,1850.0,2450.0,True,Approved
CLM_0000073,VEH_007359,DLR_US_001,GEO_US,20250321,2025-03-21,HV_Battery_Pack,ERR_HV_BATTERY_PACK_DIAG,3,4968,5.0,600.0,4500.0,5100.0,True,Reimbursed
CLM_0000074,VEH_004998,DLR_US_001,GEO_US,20250524,2025-05-24,ADAS_Vision_Sensor,ERR_ADAS_VISION_SENSOR_DIAG,6,8544,3.5,420.0,1100.0,1520.0,True,Under_Investigation
CLM_0000075,VEH_007773,DLR_DE_002,GEO_DE,20240812,2024-08-12,ADAS_Vision_Sensor,ERR_ADAS_VISION_SENSOR_DIAG,5,8395,2.0,240.0,1100.0,1340.0,True,Under_Investigation
CLM_0000076,VEH_006824,DLR_DE_002,GEO_DE,20260605,2026-06-05,Electric_Drive_Inverter,ERR_ELECTRIC_DRIVE_INVERTER_DIAG,3,4029,3.5,420.0,1850.0,2270.0,True,Under_Investigation
CLM_0000077,VEH_006338,DLR_SE_001,GEO_SE,20260724,2026-07-24,HV_Battery_Pack,ERR_HV_BATTERY_PACK_DIAG,4,4588,1.5,180.0,4500.0,4680.0,True,Under_Investigation
CLM_0000078,VEH_008811,DLR_IT_002,GEO_IT,20261228,2026-12-28,HV_Battery_Pack,ERR_HV_BATTERY_PACK_DIAG,24,28680,3.5,420.0,4500.0,4920.0,True,Approved
CLM_0000079,VEH_005035,DLR_NL_001,GEO_NL,20250722,2025-07-22,HV_Battery_Pack,ERR_HV_BATTERY_PACK_DIAG,15,16860,5.0,600.0,4500.0,5100.0,True,Approved
CLM_0000080,VEH_005866,DLR_DE_002,GEO_DE,20250301,2025-03-01,Electric_Drive_Inverter,ERR_ELECTRIC_DRIVE_INVERTER_DIAG,2,3210,1.5,180.0,1850.0,2030.0,True,Reimbursed
CLM_0000081,VEH_006606,DLR_NO_002,GEO_NO,20251009,2025-10-09,Infotainment_OTA,ERR_INFOTAINMENT_OTA_DIAG,16,25088,2.0,240.0,150.0,390.0,False,Reimbursed
CLM_0000082,VEH_006845,DLR_US_001,GEO_US,20261026,2026-10-26,HV_Battery_Pack,ERR_HV_BATTERY_PACK_DIAG,24,41880,3.5,420.0,4500.0,4920.0,True,Under_Investigation
CLM_0000083,VEH_008009,DLR_UK_001,GEO_UK,20261216,2026-12-16,HV_Battery_Pack,ERR_HV_BATTERY_PACK_DIAG,15,24915,2.0,240.0,4500.0,4740.0,True,Approved
CLM_0000084,VEH_003874,DLR_UK_001,GEO_UK,20260824,2026-08-24,ADAS_Vision_Sensor,ERR_ADAS_VISION_SENSOR_DIAG,5,6435,1.5,180.0,1100.0,1280.0,True,Approved
CLM_0000085,VEH_009233,DLR_SE_002,GEO_SE,20260425,2026-04-25,ADAS_Vision_Sensor,ERR_ADAS_VISION_SENSOR_DIAG,17,30515,1.5,180.0,1100.0,1280.0,True,Approved
CLM_0000086,VEH_002122,DLR_IT_002,GEO_IT,20260809,2026-08-09,HV_Battery_Pack,ERR_HV_BATTERY_PACK_DIAG,17,23596,2.0,240.0,4500.0,4740.0,True,Reimbursed
CLM_0000087,VEH_004101,DLR_DE_002,GEO_DE,20260110,2026-01-10,ADAS_Vision_Sensor,ERR_ADAS_VISION_SENSOR_DIAG,1,1240,2.0,240.0,1100.0,1340.0,True,Under_Investigation
CLM_0000088,VEH_002498,DLR_SE_001,GEO_SE,20260224,2026-02-24,HV_Battery_Pack,ERR_HV_BATTERY_PACK_DIAG,2,3452,2.0,240.0,4500.0,4740.0,True,Approved
CLM_0000089,VEH_009481,DLR_NO_002,GEO_NO,20241118,2024-11-18,Electric_Drive_Inverter,ERR_ELECTRIC_DRIVE_INVERTER_DIAG,4,5688,2.0,240.0,1850.0,2090.0,True,Under_Investigation
CLM_0000090,VEH_004766,DLR_DE_001,GEO_DE,20250620,2025-06-20,HV_Battery_Pack,ERR_HV_BATTERY_PACK_DIAG,12,17220,2.0,240.0,4500.0,4740.0,True,Under_Investigation
CLM_0000091,VEH_000118,DLR_SE_001,GEO_SE,20250423,2025-04-23,Electric_Drive_Inverter,ERR_ELECTRIC_DRIVE_INVERTER_DIAG,9,15552,5.0,600.0,1850.0,2450.0,True,Approved
CLM_0000092,VEH_004286,DLR_US_001,GEO_US,20260628,2026-06-28,HV_Battery_Pack,ERR_HV_BATTERY_PACK_DIAG,5,5755,5.0,600.0,4500.0,5100.0,True,Approved
CLM_0000093,VEH_009771,DLR_NO_002,GEO_NO,20261228,2026-12-28,ADAS_Vision_Sensor,ERR_ADAS_VISION_SENSOR_DIAG,16,25072,5.0,600.0,1100.0,1700.0,True,Approved
CLM_0000094,VEH_003867,DLR_NL_002,GEO_NL,20261228,2026-12-28,ADAS_Vision_Sensor,ERR_ADAS_VISION_SENSOR_DIAG,23,33787,2.0,240.0,1100.0,1340.0,True,Under_Investigation
CLM_0000095,VEH_007136,DLR_US_001,GEO_US,20260719,2026-07-19,ADAS_Vision_Sensor,ERR_ADAS_VISION_SENSOR_DIAG,4,6876,3.5,420.0,1100.0,1520.0,True,Under_Investigation
CLM_0000096,VEH_007525,DLR_DE_002,GEO_DE,20260417,2026-04-17,ADAS_Vision_Sensor,ERR_ADAS_VISION_SENSOR_DIAG,6,8184,1.5,180.0,1100.0,1280.0,True,Approved
CLM_0000097,VEH_008314,DLR_SE_002,GEO_SE,20261228,2026-12-28,HV_Battery_Pack,ERR_HV_BATTERY_PACK_DIAG,23,35650,1.5,180.0,4500.0,4680.0,True,Approved
CLM_0000098,VEH_005049,DLR_NO_001,GEO_NO,20260110,2026-01-10,HV_Battery_Pack,ERR_HV_BATTERY_PACK_DIAG,21,23394,2.0,240.0,4500.0,4740.0,True,Approved
CLM_0000099,VEH_005542,DLR_IT_002,GEO_IT,20241117,2024-11-17,Electric_Drive_Inverter,ERR_ELECTRIC_DRIVE_INVERTER_DIAG,6,6942,2.0,240.0,1850.0,2090.0,True,Reimbursed
CLM_0000100,VEH_007184,DLR_NO_002,GEO_NO,20260103,2026-01-03,Electric_Drive_Inverter,ERR_ELECTRIC_DRIVE_INVERTER_DIAG,21,36078,5.0,600.0,1850.0,2450.0,True,Reimbursed
CLM_0000101,VEH_006848,DLR_NL_002,GEO_NL,20260514,2026-05-14,HV_Battery_Pack,ERR_HV_BATTERY_PACK_DIAG,15,22035,2.0,240.0,4500.0,4740.0,True,Under_Investigation
CLM_0000102,VEH_004042,DLR_DE_002,GEO_DE,20260801,2026-08-01,HV_Battery_Pack,ERR_HV_BATTERY_PACK_DIAG,21,35070,1.5,180.0,4500.0,4680.0,True,Under_Investigation
CLM_0000103,VEH_008148,DLR_UK_001,GEO_UK,20260823,2026-08-23,Air_Suspension,ERR_AIR_SUSPENSION_DIAG,21,36225,3.5,420.0,850.0,1270.0,False,Approved
CLM_0000104,VEH_006798,DLR_SE_002,GEO_SE,20241113,2024-11-13,HV_Battery_Pack,ERR_HV_BATTERY_PACK_DIAG,8,10088,2.0,240.0,4500.0,4740.0,True,Under_Investigation
CLM_0000105,VEH_003816,DLR_IT_002,GEO_IT,20251028,2025-10-28,HV_Battery_Pack,ERR_HV_BATTERY_PACK_DIAG,8,12744,3.5,420.0,4500.0,4920.0,True,Under_Investigation
CLM_0000106,VEH_000367,DLR_NL_002,GEO_NL,20250709,2025-07-09,Electric_Drive_Inverter,ERR_ELECTRIC_DRIVE_INVERTER_DIAG,12,20496,3.5,420.0,1850.0,2270.0,True,Reimbursed
CLM_0000107,VEH_007264,DLR_SE_001,GEO_SE,20261228,2026-12-28,Air_Suspension,ERR_AIR_SUSPENSION_DIAG,21,31395,2.0,240.0,850.0,1090.0,False,Under_Investigation
CLM_0000108,VEH_006824,DLR_DE_002,GEO_DE,20260805,2026-08-05,Air_Suspension,ERR_AIR_SUSPENSION_DIAG,5,5700,3.5,420.0,850.0,1270.0,False,Under_Investigation
CLM_0000109,VEH_002593,DLR_NL_001,GEO_NL,20261228,2026-12-28,Electric_Drive_Inverter,ERR_ELECTRIC_DRIVE_INVERTER_DIAG,14,22050,3.5,420.0,1850.0,2270.0,True,Under_Investigation
CLM_0000110,VEH_001327,DLR_SE_001,GEO_SE,20261228,2026-12-28,HV_Battery_Pack,ERR_HV_BATTERY_PACK_DIAG,21,34461,5.0,600.0,4500.0,5100.0,True,Under_Investigation
CLM_0000111,VEH_008438,DLR_NL_002,GEO_NL,20261228,2026-12-28,HV_Battery_Pack,ERR_HV_BATTERY_PACK_DIAG,18,28278,1.5,180.0,4500.0,4680.0,True,Approved
CLM_0000112,VEH_007625,DLR_SE_001,GEO_SE,20260304,2026-03-04,Air_Suspension,ERR_AIR_SUSPENSION_DIAG,21,36309,2.0,240.0,850.0,1090.0,False,Approved
CLM_0000113,VEH_009133,DLR_NL_002,GEO_NL,20261216,2026-12-16,Electric_Drive_Inverter,ERR_ELECTRIC_DRIVE_INVERTER_DIAG,12,16752,5.0,600.0,1850.0,2450.0,True,Reimbursed
CLM_0000114,VEH_002065,DLR_SE_002,GEO_SE,20240323,2024-03-23,Infotainment_OTA,ERR_INFOTAINMENT_OTA_DIAG,2,3170,5.0,600.0,150.0,750.0,False,Reimbursed
CLM_0000115,VEH_000752,DLR_UK_001,GEO_UK,20250309,2025-03-09,Infotainment_OTA,ERR_INFOTAINMENT_OTA_DIAG,13,14378,2.0,240.0,150.0,390.0,False,Under_Investigation
CLM_0000116,VEH_008427,DLR_IT_001,GEO_IT,20260902,2026-09-02,Electric_Drive_Inverter,ERR_ELECTRIC_DRIVE_INVERTER_DIAG,22,35728,5.0,600.0,1850.0,2450.0,True,Approved
CLM_0000117,VEH_001223,DLR_DE_002,GEO_DE,20250607,2025-06-07,HV_Battery_Pack,ERR_HV_BATTERY_PACK_DIAG,16,20848,3.5,420.0,4500.0,4920.0,True,Approved
CLM_0000118,VEH_004720,DLR_UK_001,GEO_UK,20260415,2026-04-15,HV_Battery_Pack,ERR_HV_BATTERY_PACK_DIAG,11,12595,3.5,420.0,4500.0,4920.0,True,Under_Investigation
CLM_0000119,VEH_005636,DLR_SE_002,GEO_SE,20261008,2026-10-08,Air_Suspension,ERR_AIR_SUSPENSION_DIAG,11,14388,2.0,240.0,850.0,1090.0,False,Under_Investigation
CLM_0000120,VEH_005164,DLR_SE_001,GEO_SE,20261228,2026-12-28,HV_Battery_Pack,ERR_HV_BATTERY_PACK_DIAG,21,25914,1.5,180.0,4500.0,4680.0,True,Approved
CLM_0000121,VEH_007580,DLR_NL_001,GEO_NL,20240528,2024-05-28,Infotainment_OTA,ERR_INFOTAINMENT_OTA_DIAG,2,3398,1.5,180.0,150.0,330.0,False,Reimbursed
CLM_0000122,VEH_003649,DLR_NL_001,GEO_NL,20260701,2026-07-01,HV_Battery_Pack,ERR_HV_BATTERY_PACK_DIAG,9,12762,1.5,180.0,4500.0,4680.0,True,Approved
CLM_0000123,VEH_007547,DLR_DE_001,GEO_DE,20261228,2026-12-28,HV_Battery_Pack,ERR_HV_BATTERY_PACK_DIAG,23,33143,2.0,240.0,4500.0,4740.0,True,Approved
CLM_0000124,VEH_005771,DLR_NO_002,GEO_NO,20251102,2025-11-02,HV_Battery_Pack,ERR_HV_BATTERY_PACK_DIAG,14,15904,3.5,420.0,4500.0,4920.0,True,Under_Investigation
CLM_0000125,VEH_008982,DLR_IT_001,GEO_IT,20251115,2025-11-15,Electric_Drive_Inverter,ERR_ELECTRIC_DRIVE_INVERTER_DIAG,12,17676,2.0,240.0,1850.0,2090.0,True,Approved
CLM_0000126,VEH_006148,DLR_NO_001,GEO_NO,20261228,2026-12-28,Electric_Drive_Inverter,ERR_ELECTRIC_DRIVE_INVERTER_DIAG,14,24934,1.5,180.0,1850.0,2030.0,True,Reimbursed
CLM_0000127,VEH_005464,DLR_IT_001,GEO_IT,20260328,2026-03-28,HV_Battery_Pack,ERR_HV_BATTERY_PACK_DIAG,14,20202,2.0,240.0,4500.0,4740.0,True,Reimbursed
CLM_0000128,VEH_005029,DLR_NL_002,GEO_NL,20261228,2026-12-28,Electric_Drive_Inverter,ERR_ELECTRIC_DRIVE_INVERTER_DIAG,22,30514,3.5,420.0,1850.0,2270.0,True,Approved
CLM_0000129,VEH_001112,DLR_SE_001,GEO_SE,20251205,2025-12-05,ADAS_Vision_Sensor,ERR_ADAS_VISION_SENSOR_DIAG,5,6165,3.5,420.0,1100.0,1520.0,True,Approved
CLM_0000130,VEH_004454,DLR_UK_001,GEO_UK,20261001,2026-10-01,ADAS_Vision_Sensor,ERR_ADAS_VISION_SENSOR_DIAG,11,13673,1.5,180.0,1100.0,1280.0,True,Under_Investigation
CLM_0000131,VEH_007428,DLR_NO_002,GEO_NO,20241223,2024-12-23,Electric_Drive_Inverter,ERR_ELECTRIC_DRIVE_INVERTER_DIAG,11,16632,3.5,420.0,1850.0,2270.0,True,Under_Investigation
CLM_0000132,VEH_003353,DLR_SE_002,GEO_SE,20250730,2025-07-30,Electric_Drive_Inverter,ERR_ELECTRIC_DRIVE_INVERTER_DIAG,13,23374,2.0,240.0,1850.0,2090.0,True,Reimbursed
CLM_0000133,VEH_003922,DLR_US_001,GEO_US,20250813,2025-08-13,Electric_Drive_Inverter,ERR_ELECTRIC_DRIVE_INVERTER_DIAG,13,15951,5.0,600.0,1850.0,2450.0,True,Reimbursed
CLM_0000134,VEH_005258,DLR_NL_001,GEO_NL,20251209,2025-12-09,HV_Battery_Pack,ERR_HV_BATTERY_PACK_DIAG,15,22470,3.5,420.0,4500.0,4920.0,True,Approved
CLM_0000135,VEH_002214,DLR_US_001,GEO_US,20261119,2026-11-19,Infotainment_OTA,ERR_INFOTAINMENT_OTA_DIAG,18,22428,5.0,600.0,150.0,750.0,False,Under_Investigation
CLM_0000136,VEH_004390,DLR_NO_001,GEO_NO,20261228,2026-12-28,HV_Battery_Pack,ERR_HV_BATTERY_PACK_DIAG,20,29400,1.5,180.0,4500.0,4680.0,True,Approved
CLM_0000137,VEH_002838,DLR_UK_001,GEO_UK,20260523,2026-05-23,Electric_Drive_Inverter,ERR_ELECTRIC_DRIVE_INVERTER_DIAG,16,25936,3.5,420.0,1850.0,2270.0,True,Approved
CLM_0000138,VEH_000921,DLR_DE_001,GEO_DE,20261020,2026-10-20,HV_Battery_Pack,ERR_HV_BATTERY_PACK_DIAG,24,40032,5.0,600.0,4500.0,5100.0,True,Reimbursed
CLM_0000139,VEH_008180,DLR_US_001,GEO_US,20250706,2025-07-06,Electric_Drive_Inverter,ERR_ELECTRIC_DRIVE_INVERTER_DIAG,12,20556,1.5,180.0,1850.0,2030.0,True,Approved
CLM_0000140,VEH_005938,DLR_NL_002,GEO_NL,20250702,2025-07-02,Electric_Drive_Inverter,ERR_ELECTRIC_DRIVE_INVERTER_DIAG,16,21008,5.0,600.0,1850.0,2450.0,True,Under_Investigation
CLM_0000141,VEH_002742,DLR_US_001,GEO_US,20250324,2025-03-24,Electric_Drive_Inverter,ERR_ELECTRIC_DRIVE_INVERTER_DIAG,13,16887,2.0,240.0,1850.0,2090.0,True,Under_Investigation
CLM_0000142,VEH_006409,DLR_IT_001,GEO_IT,20260211,2026-02-11,HV_Battery_Pack,ERR_HV_BATTERY_PACK_DIAG,15,18975,3.5,420.0,4500.0,4920.0,True,Approved
CLM_0000143,VEH_001255,DLR_NL_001,GEO_NL,20260320,2026-03-20,HV_Battery_Pack,ERR_HV_BATTERY_PACK_DIAG,18,23112,2.0,240.0,4500.0,4740.0,True,Reimbursed
CLM_0000144,VEH_008492,DLR_DE_001,GEO_DE,20251213,2025-12-13,HV_Battery_Pack,ERR_HV_BATTERY_PACK_DIAG,16,19088,1.5,180.0,4500.0,4680.0,True,Reimbursed
CLM_0000145,VEH_008850,DLR_UK_001,GEO_UK,20260404,2026-04-04,HV_Battery_Pack,ERR_HV_BATTERY_PACK_DIAG,16,28080,5.0,600.0,4500.0,5100.0,True,Under_Investigation
CLM_0000146,VEH_001250,DLR_NL_002,GEO_NL,20250907,2025-09-07,Electric_Drive_Inverter,ERR_ELECTRIC_DRIVE_INVERTER_DIAG,5,8255,2.0,240.0,1850.0,2090.0,True,Approved
CLM_0000147,VEH_006612,DLR_UK_001,GEO_UK,20250717,2025-07-17,HV_Battery_Pack,ERR_HV_BATTERY_PACK_DIAG,11,17017,5.0,600.0,4500.0,5100.0,True,Approved
CLM_0000148,VEH_000803,DLR_NO_002,GEO_NO,20261228,2026-12-28,HV_Battery_Pack,ERR_HV_BATTERY_PACK_DIAG,20,34260,2.0,240.0,4500.0,4740.0,True,Under_Investigation
CLM_0000149,VEH_001355,DLR_SE_001,GEO_SE,20261228,2026-12-28,HV_Battery_Pack,ERR_HV_BATTERY_PACK_DIAG,9,14472,1.5,180.0,4500.0,4680.0,True,Under_Investigation
CLM_0000150,VEH_003789,DLR_DE_001,GEO_DE,20261228,2026-12-28,Air_Suspension,ERR_AIR_SUSPENSION_DIAG,22,26268,5.0,600.0,850.0,1450.0,False,Approved
CLM_0000151,VEH_000594,DLR_DE_002,GEO_DE,20260302,2026-03-02,Air_Suspension,ERR_AIR_SUSPENSION_DIAG,11,17776,2.0,240.0,850.0,1090.0,False,Reimbursed
CLM_0000152,VEH_000170,DLR_DE_002,GEO_DE,20251023,2025-10-23,Electric_Drive_Inverter,ERR_ELECTRIC_DRIVE_INVERTER_DIAG,7,12593,2.0,240.0,1850.0,2090.0,True,Under_Investigation
CLM_0000153,VEH_002649,DLR_NL_001,GEO_NL,20260521,2026-05-21,ADAS_Vision_Sensor,ERR_ADAS_VISION_SENSOR_DIAG,4,5528,2.0,240.0,1100.0,1340.0,True,Reimbursed
CLM_0000154,VEH_001830,DLR_DE_002,GEO_DE,20250122,2025-01-22,HV_Battery_Pack,ERR_HV_BATTERY_PACK_DIAG,11,15158,1.5,180.0,4500.0,4680.0,True,Approved
CLM_0000155,VEH_009382,DLR_IT_002,GEO_IT,20251029,2025-10-29,HV_Battery_Pack,ERR_HV_BATTERY_PACK_DIAG,10,12880,1.5,180.0,4500.0,4680.0,True,Approved
CLM_0000156,VEH_009828,DLR_SE_001,GEO_SE,20261215,2026-12-15,Electric_Drive_Inverter,ERR_ELECTRIC_DRIVE_INVERTER_DIAG,20,32760,5.0,600.0,1850.0,2450.0,True,Reimbursed
CLM_0000157,VEH_000551,DLR_US_001,GEO_US,20260726,2026-07-26,Electric_Drive_Inverter,ERR_ELECTRIC_DRIVE_INVERTER_DIAG,12,15984,3.5,420.0,1850.0,2270.0,True,Under_Investigation
CLM_0000158,VEH_007705,DLR_NL_001,GEO_NL,20260731,2026-07-31,Electric_Drive_Inverter,ERR_ELECTRIC_DRIVE_INVERTER_DIAG,17,21097,3.5,420.0,1850.0,2270.0,True,Reimbursed
CLM_0000159,VEH_003979,DLR_NL_002,GEO_NL,20241108,2024-11-08,Infotainment_OTA,ERR_INFOTAINMENT_OTA_DIAG,6,7248,2.0,240.0,150.0,390.0,False,Reimbursed
CLM_0000160,VEH_003262,DLR_IT_002,GEO_IT,20251121,2025-11-21,Air_Suspension,ERR_AIR_SUSPENSION_DIAG,22,28006,3.5,420.0,850.0,1270.0,False,Reimbursed
CLM_0000161,VEH_009150,DLR_SE_001,GEO_SE,20261228,2026-12-28,Electric_Drive_Inverter,ERR_ELECTRIC_DRIVE_INVERTER_DIAG,17,21301,1.5,180.0,1850.0,2030.0,True,Approved
CLM_0000162,VEH_006847,DLR_NL_002,GEO_NL,20260420,2026-04-20,Infotainment_OTA,ERR_INFOTAINMENT_OTA_DIAG,19,24149,1.5,180.0,150.0,330.0,False,Under_Investigation
CLM_0000163,VEH_000989,DLR_IT_002,GEO_IT,20261111,2026-11-11,Electric_Drive_Inverter,ERR_ELECTRIC_DRIVE_INVERTER_DIAG,18,31338,5.0,600.0,1850.0,2450.0,True,Reimbursed
CLM_0000164,VEH_002034,DLR_UK_001,GEO_UK,20250527,2025-05-27,Infotainment_OTA,ERR_INFOTAINMENT_OTA_DIAG,1,1171,3.5,420.0,150.0,570.0,False,Approved
CLM_0000165,VEH_002973,DLR_US_001,GEO_US,20250809,2025-08-09,Electric_Drive_Inverter,ERR_ELECTRIC_DRIVE_INVERTER_DIAG,13,17264,5.0,600.0,1850.0,2450.0,True,Under_Investigation
CLM_0000166,VEH_005153,DLR_NL_002,GEO_NL,20240302,2024-03-02,Electric_Drive_Inverter,ERR_ELECTRIC_DRIVE_INVERTER_DIAG,1,1705,1.5,180.0,1850.0,2030.0,True,Under_Investigation
CLM_0000167,VEH_004871,DLR_DE_002,GEO_DE,20261228,2026-12-28,Air_Suspension,ERR_AIR_SUSPENSION_DIAG,24,40896,2.0,240.0,850.0,1090.0,False,Approved
CLM_0000168,VEH_002903,DLR_IT_002,GEO_IT,20260129,2026-01-29,HV_Battery_Pack,ERR_HV_BATTERY_PACK_DIAG,19,28576,2.0,240.0,4500.0,4740.0,True,Reimbursed
CLM_0000169,VEH_006583,DLR_NL_001,GEO_NL,20261121,2026-11-21,ADAS_Vision_Sensor,ERR_ADAS_VISION_SENSOR_DIAG,10,17950,1.5,180.0,1100.0,1280.0,True,Reimbursed
CLM_0000170,VEH_009002,DLR_IT_001,GEO_IT,20250915,2025-09-15,ADAS_Vision_Sensor,ERR_ADAS_VISION_SENSOR_DIAG,4,4980,2.0,240.0,1100.0,1340.0,True,Approved
CLM_0000171,VEH_001740,DLR_DE_002,GEO_DE,20260601,2026-06-01,Electric_Drive_Inverter,ERR_ELECTRIC_DRIVE_INVERTER_DIAG,2,2966,2.0,240.0,1850.0,2090.0,True,Reimbursed
CLM_0000172,VEH_003385,DLR_DE_002,GEO_DE,20260925,2026-09-25,Air_Suspension,ERR_AIR_SUSPENSION_DIAG,5,6880,3.5,420.0,850.0,1270.0,False,Approved
CLM_0000173,VEH_000712,DLR_NO_002,GEO_NO,20240830,2024-08-30,Electric_Drive_Inverter,ERR_ELECTRIC_DRIVE_INVERTER_DIAG,2,2782,1.5,180.0,1850.0,2030.0,True,Under_Investigation
CLM_0000174,VEH_007424,DLR_NL_002,GEO_NL,20261228,2026-12-28,HV_Battery_Pack,ERR_HV_BATTERY_PACK_DIAG,21,32949,2.0,240.0,4500.0,4740.0,True,Approved
CLM_0000175,VEH_009965,DLR_DE_002,GEO_DE,20250710,2025-07-10,HV_Battery_Pack,ERR_HV_BATTERY_PACK_DIAG,7,8400,2.0,240.0,4500.0,4740.0,True,Reimbursed
CLM_0000176,VEH_008024,DLR_DE_002,GEO_DE,20250303,2025-03-03,Electric_Drive_Inverter,ERR_ELECTRIC_DRIVE_INVERTER_DIAG,7,11445,5.0,600.0,1850.0,2450.0,True,Reimbursed
CLM_0000177,VEH_006478,DLR_DE_001,GEO_DE,20250405,2025-04-05,HV_Battery_Pack,ERR_HV_BATTERY_PACK_DIAG,14,21308,3.5,420.0,4500.0,4920.0,True,Reimbursed
CLM_0000178,VEH_005005,DLR_NO_001,GEO_NO,20251113,2025-11-13,Air_Suspension,ERR_AIR_SUSPENSION_DIAG,15,17925,1.5,180.0,850.0,1030.0,False,Under_Investigation
CLM_0000179,VEH_007356,DLR_US_001,GEO_US,20260528,2026-05-28,HV_Battery_Pack,ERR_HV_BATTERY_PACK_DIAG,19,30058,1.5,180.0,4500.0,4680.0,True,Under_Investigation
CLM_0000180,VEH_002788,DLR_NL_001,GEO_NL,20260902,2026-09-02,ADAS_Vision_Sensor,ERR_ADAS_VISION_SENSOR_DIAG,24,29280,3.5,420.0,1100.0,1520.0,True,Under_Investigation
CLM_0000181,VEH_002218,DLR_UK_001,GEO_UK,20250812,2025-08-12,Electric_Drive_Inverter,ERR_ELECTRIC_DRIVE_INVERTER_DIAG,1,1353,5.0,600.0,1850.0,2450.0,True,Under_Investigation
CLM_0000182,VEH_006605,DLR_IT_001,GEO_IT,20250912,2025-09-12,HV_Battery_Pack,ERR_HV_BATTERY_PACK_DIAG,19,32813,5.0,600.0,4500.0,5100.0,True,Approved
CLM_0000183,VEH_000697,DLR_SE_002,GEO_SE,20241018,2024-10-18,HV_Battery_Pack,ERR_HV_BATTERY_PACK_DIAG,8,9912,2.0,240.0,4500.0,4740.0,True,Approved
CLM_0000184,VEH_003550,DLR_NL_001,GEO_NL,20261213,2026-12-13,Electric_Drive_Inverter,ERR_ELECTRIC_DRIVE_INVERTER_DIAG,10,16290,5.0,600.0,1850.0,2450.0,True,Under_Investigation
CLM_0000185,VEH_004695,DLR_SE_001,GEO_SE,20250305,2025-03-05,HV_Battery_Pack,ERR_HV_BATTERY_PACK_DIAG,11,17270,2.0,240.0,4500.0,4740.0,True,Under_Investigation
CLM_0000186,VEH_008126,DLR_IT_001,GEO_IT,20240929,2024-09-29,Infotainment_OTA,ERR_INFOTAINMENT_OTA_DIAG,6,6600,5.0,600.0,150.0,750.0,False,Reimbursed
CLM_0000187,VEH_005145,DLR_SE_001,GEO_SE,20250914,2025-09-14,ADAS_Vision_Sensor,ERR_ADAS_VISION_SENSOR_DIAG,2,2512,1.5,180.0,1100.0,1280.0,True,Under_Investigation
CLM_0000188,VEH_005872,DLR_NL_002,GEO_NL,20261228,2026-12-28,HV_Battery_Pack,ERR_HV_BATTERY_PACK_DIAG,10,12540,5.0,600.0,4500.0,5100.0,True,Reimbursed
CLM_0000189,VEH_006497,DLR_NL_001,GEO_NL,20260718,2026-07-18,HV_Battery_Pack,ERR_HV_BATTERY_PACK_DIAG,13,16016,5.0,600.0,4500.0,5100.0,True,Under_Investigation
CLM_0000190,VEH_007679,DLR_DE_002,GEO_DE,20260418,2026-04-18,Air_Suspension,ERR_AIR_SUSPENSION_DIAG,3,4926,2.0,240.0,850.0,1090.0,False,Under_Investigation
CLM_0000191,VEH_006622,DLR_DE_002,GEO_DE,20251122,2025-11-22,Infotainment_OTA,ERR_INFOTAINMENT_OTA_DIAG,1,1355,2.0,240.0,150.0,390.0,False,Reimbursed
CLM_0000192,VEH_001227,DLR_IT_002,GEO_IT,20260409,2026-04-09,HV_Battery_Pack,ERR_HV_BATTERY_PACK_DIAG,5,7430,1.5,180.0,4500.0,4680.0,True,Approved
CLM_0000193,VEH_006656,DLR_SE_002,GEO_SE,20260326,2026-03-26,HV_Battery_Pack,ERR_HV_BATTERY_PACK_DIAG,3,3729,5.0,600.0,4500.0,5100.0,True,Approved
CLM_0000194,VEH_002714,DLR_UK_001,GEO_UK,20241127,2024-11-27,ADAS_Vision_Sensor,ERR_ADAS_VISION_SENSOR_DIAG,9,15777,5.0,600.0,1100.0,1700.0,True,Under_Investigation
CLM_0000195,VEH_000590,DLR_SE_001,GEO_SE,20261027,2026-10-27,ADAS_Vision_Sensor,ERR_ADAS_VISION_SENSOR_DIAG,12,21276,2.0,240.0,1100.0,1340.0,True,Approved
CLM_0000196,VEH_007721,DLR_IT_002,GEO_IT,20250905,2025-09-05,ADAS_Vision_Sensor,ERR_ADAS_VISION_SENSOR_DIAG,14,16436,5.0,600.0,1100.0,1700.0,True,Under_Investigation
CLM_0000197,VEH_006573,DLR_SE_001,GEO_SE,20241030,2024-10-30,Air_Suspension,ERR_AIR_SUSPENSION_DIAG,4,4424,1.5,180.0,850.0,1030.0,False,Reimbursed
CLM_0000198,VEH_004739,DLR_NL_001,GEO_NL,20260623,2026-06-23,Infotainment_OTA,ERR_INFOTAINMENT_OTA_DIAG,15,24150,2.0,240.0,150.0,390.0,False,Under_Investigation
CLM_0000199,VEH_007737,DLR_DE_002,GEO_DE,20260212,2026-02-12,Electric_Drive_Inverter,ERR_ELECTRIC_DRIVE_INVERTER_DIAG,4,4932,2.0,240.0,1850.0,2090.0,True,Reimbursed
CLM_0000200,VEH_002311,DLR_NL_001,GEO_NL,20250122,2025-01-22,Electric_Drive_Inverter,ERR_ELECTRIC_DRIVE_INVERTER_DIAG,11,15191,3.5,420.0,1850.0,2270.0,True,Approved
CLM_0000201,VEH_006299,DLR_NL_001,GEO_NL,20240509,2024-05-09,ADAS_Vision_Sensor,ERR_ADAS_VISION_SENSOR_DIAG,1,1499,1.5,180.0,1100.0,1280.0,True,Reimbursed
CLM_0000202,VEH_003624,DLR_DE_002,GEO_DE,20240603,2024-06-03,ADAS_Vision_Sensor,ERR_ADAS_VISION_SENSOR_DIAG,4,6960,3.5,420.0,1100.0,1520.0,True,Under_Investigation
CLM_0000203,VEH_003438,DLR_DE_001,GEO_DE,20240622,2024-06-22,Electric_Drive_Inverter,ERR_ELECTRIC_DRIVE_INVERTER_DIAG,3,3639,2.0,240.0,1850.0,2090.0,True,Approved
CLM_0000204,VEH_008068,DLR_IT_002,GEO_IT,20261228,2026-12-28,Infotainment_OTA,ERR_INFOTAINMENT_OTA_DIAG,11,15367,1.5,180.0,150.0,330.0,False,Reimbursed
CLM_0000205,VEH_000640,DLR_US_001,GEO_US,20241026,2024-10-26,HV_Battery_Pack,ERR_HV_BATTERY_PACK_DIAG,4,5228,2.0,240.0,4500.0,4740.0,True,Approved
CLM_0000206,VEH_005407,DLR_US_001,GEO_US,20250709,2025-07-09,HV_Battery_Pack,ERR_HV_BATTERY_PACK_DIAG,5,5870,1.5,180.0,4500.0,4680.0,True,Under_Investigation
CLM_0000207,VEH_007463,DLR_IT_001,GEO_IT,20240816,2024-08-16,ADAS_Vision_Sensor,ERR_ADAS_VISION_SENSOR_DIAG,1,1742,1.5,180.0,1100.0,1280.0,True,Under_Investigation
CLM_0000208,VEH_007307,DLR_IT_002,GEO_IT,20261228,2026-12-28,HV_Battery_Pack,ERR_HV_BATTERY_PACK_DIAG,21,34419,1.5,180.0,4500.0,4680.0,True,Under_Investigation
CLM_0000209,VEH_004484,DLR_IT_002,GEO_IT,20261228,2026-12-28,Infotainment_OTA,ERR_INFOTAINMENT_OTA_DIAG,21,28770,5.0,600.0,150.0,750.0,False,Approved
CLM_0000210,VEH_000068,DLR_UK_001,GEO_UK,20261228,2026-12-28,Air_Suspension,ERR_AIR_SUSPENSION_DIAG,15,20985,2.0,240.0,850.0,1090.0,False,Reimbursed
CLM_0000211,VEH_006740,DLR_SE_002,GEO_SE,20251027,2025-10-27,Air_Suspension,ERR_AIR_SUSPENSION_DIAG,13,18252,2.0,240.0,850.0,1090.0,False,Reimbursed
CLM_0000212,VEH_005502,DLR_SE_002,GEO_SE,20261228,2026-12-28,Infotainment_OTA,ERR_INFOTAINMENT_OTA_DIAG,17,21403,5.0,600.0,150.0,750.0,False,Under_Investigation
CLM_0000213,VEH_000894,DLR_DE_001,GEO_DE,20250322,2025-03-22,Electric_Drive_Inverter,ERR_ELECTRIC_DRIVE_INVERTER_DIAG,11,12738,3.5,420.0,1850.0,2270.0,True,Reimbursed
CLM_0000214,VEH_006473,DLR_NL_002,GEO_NL,20260723,2026-07-23,ADAS_Vision_Sensor,ERR_ADAS_VISION_SENSOR_DIAG,18,26262,2.0,240.0,1100.0,1340.0,True,Approved
CLM_0000215,VEH_005855,DLR_DE_001,GEO_DE,20260217,2026-02-17,HV_Battery_Pack,ERR_HV_BATTERY_PACK_DIAG,1,1456,2.0,240.0,4500.0,4740.0,True,Reimbursed
CLM_0000216,VEH_005536,DLR_NO_001,GEO_NO,20260619,2026-06-19,HV_Battery_Pack,ERR_HV_BATTERY_PACK_DIAG,3,4443,1.5,180.0,4500.0,4680.0,True,Under_Investigation
CLM_0000217,VEH_004740,DLR_US_001,GEO_US,20261023,2026-10-23,HV_Battery_Pack,ERR_HV_BATTERY_PACK_DIAG,7,10941,5.0,600.0,4500.0,5100.0,True,Reimbursed
CLM_0000218,VEH_001006,DLR_US_001,GEO_US,20260601,2026-06-01,HV_Battery_Pack,ERR_HV_BATTERY_PACK_DIAG,10,12410,1.5,180.0,4500.0,4680.0,True,Under_Investigation
CLM_0000219,VEH_005657,DLR_IT_001,GEO_IT,20250709,2025-07-09,Electric_Drive_Inverter,ERR_ELECTRIC_DRIVE_INVERTER_DIAG,14,23744,1.5,180.0,1850.0,2030.0,True,Reimbursed
CLM_0000220,VEH_002887,DLR_US_001,GEO_US,20260501,2026-05-01,ADAS_Vision_Sensor,ERR_ADAS_VISION_SENSOR_DIAG,16,21424,2.0,240.0,1100.0,1340.0,True,Approved
CLM_0000221,VEH_005778,DLR_DE_001,GEO_DE,20251028,2025-10-28,ADAS_Vision_Sensor,ERR_ADAS_VISION_SENSOR_DIAG,1,1729,3.5,420.0,1100.0,1520.0,True,Reimbursed
CLM_0000222,VEH_001517,DLR_NO_002,GEO_NO,20261228,2026-12-28,Infotainment_OTA,ERR_INFOTAINMENT_OTA_DIAG,19,32927,3.5,420.0,150.0,570.0,False,Under_Investigation
CLM_0000223,VEH_000038,DLR_NL_002,GEO_NL,20250325,2025-03-25,Air_Suspension,ERR_AIR_SUSPENSION_DIAG,5,7470,3.5,420.0,850.0,1270.0,False,Approved
CLM_0000224,VEH_008471,DLR_NL_001,GEO_NL,20261228,2026-12-28,Infotainment_OTA,ERR_INFOTAINMENT_OTA_DIAG,23,26105,2.0,240.0,150.0,390.0,False,Approved
CLM_0000225,VEH_007468,DLR_NO_001,GEO_NO,20261228,2026-12-28,HV_Battery_Pack,ERR_HV_BATTERY_PACK_DIAG,23,37168,5.0,600.0,4500.0,5100.0,True,Reimbursed
CLM_0000226,VEH_007435,DLR_NL_002,GEO_NL,20250514,2025-05-14,Electric_Drive_Inverter,ERR_ELECTRIC_DRIVE_INVERTER_DIAG,2,2476,3.5,420.0,1850.0,2270.0,True,Approved
CLM_0000227,VEH_002725,DLR_SE_001,GEO_SE,20241207,2024-12-07,Electric_Drive_Inverter,ERR_ELECTRIC_DRIVE_INVERTER_DIAG,7,8001,5.0,600.0,1850.0,2450.0,True,Approved
CLM_0000228,VEH_007968,DLR_NL_001,GEO_NL,20260224,2026-02-24,Infotainment_OTA,ERR_INFOTAINMENT_OTA_DIAG,18,32292,2.0,240.0,150.0,390.0,False,Approved
CLM_0000229,VEH_003728,DLR_IT_002,GEO_IT,20251005,2025-10-05,Electric_Drive_Inverter,ERR_ELECTRIC_DRIVE_INVERTER_DIAG,7,11571,1.5,180.0,1850.0,2030.0,True,Approved
CLM_0000230,VEH_006116,DLR_NL_001,GEO_NL,20261228,2026-12-28,Electric_Drive_Inverter,ERR_ELECTRIC_DRIVE_INVERTER_DIAG,20,35960,2.0,240.0,1850.0,2090.0,True,Approved
CLM_0000231,VEH_002788,DLR_NL_001,GEO_NL,20250603,2025-06-03,ADAS_Vision_Sensor,ERR_ADAS_VISION_SENSOR_DIAG,9,14598,3.5,420.0,1100.0,1520.0,True,Under_Investigation
CLM_0000232,VEH_006199,DLR_SE_002,GEO_SE,20260605,2026-06-05,Air_Suspension,ERR_AIR_SUSPENSION_DIAG,3,5172,3.5,420.0,850.0,1270.0,False,Approved
CLM_0000233,VEH_005857,DLR_UK_001,GEO_UK,20261221,2026-12-21,HV_Battery_Pack,ERR_HV_BATTERY_PACK_DIAG,18,27126,3.5,420.0,4500.0,4920.0,True,Reimbursed
CLM_0000234,VEH_005372,DLR_NL_001,GEO_NL,20250912,2025-09-12,Air_Suspension,ERR_AIR_SUSPENSION_DIAG,13,18720,5.0,600.0,850.0,1450.0,False,Reimbursed
CLM_0000235,VEH_005004,DLR_IT_001,GEO_IT,20261228,2026-12-28,Electric_Drive_Inverter,ERR_ELECTRIC_DRIVE_INVERTER_DIAG,14,20118,5.0,600.0,1850.0,2450.0,True,Reimbursed
CLM_0000236,VEH_009211,DLR_DE_002,GEO_DE,20260731,2026-07-31,Electric_Drive_Inverter,ERR_ELECTRIC_DRIVE_INVERTER_DIAG,14,15470,1.5,180.0,1850.0,2030.0,True,Reimbursed
CLM_0000237,VEH_000062,DLR_DE_001,GEO_DE,20250811,2025-08-11,Air_Suspension,ERR_AIR_SUSPENSION_DIAG,6,8424,1.5,180.0,850.0,1030.0,False,Under_Investigation
CLM_0000238,VEH_007399,DLR_NO_002,GEO_NO,20261031,2026-10-31,Electric_Drive_Inverter,ERR_ELECTRIC_DRIVE_INVERTER_DIAG,5,6750,3.5,420.0,1850.0,2270.0,True,Under_Investigation
CLM_0000239,VEH_009055,DLR_IT_001,GEO_IT,20250206,2025-02-06,Electric_Drive_Inverter,ERR_ELECTRIC_DRIVE_INVERTER_DIAG,5,6220,1.5,180.0,1850.0,2030.0,True,Reimbursed
CLM_0000240,VEH_005632,DLR_NO_001,GEO_NO,20260226,2026-02-26,ADAS_Vision_Sensor,ERR_ADAS_VISION_SENSOR_DIAG,17,20791,1.5,180.0,1100.0,1280.0,True,Approved
CLM_0000241,VEH_005258,DLR_NL_001,GEO_NL,20250510,2025-05-10,Electric_Drive_Inverter,ERR_ELECTRIC_DRIVE_INVERTER_DIAG,8,10128,1.5,180.0,1850.0,2030.0,True,Approved
CLM_0000242,VEH_001469,DLR_DE_001,GEO_DE,20261228,2026-12-28,Electric_Drive_Inverter,ERR_ELECTRIC_DRIVE_INVERTER_DIAG,23,38088,5.0,600.0,1850.0,2450.0,True,Under_Investigation
CLM_0000243,VEH_003293,DLR_US_001,GEO_US,20251115,2025-11-15,Electric_Drive_Inverter,ERR_ELECTRIC_DRIVE_INVERTER_DIAG,11,18348,5.0,600.0,1850.0,2450.0,True,Under_Investigation
CLM_0000244,VEH_006215,DLR_NL_001,GEO_NL,20251217,2025-12-17,Air_Suspension,ERR_AIR_SUSPENSION_DIAG,9,14310,5.0,600.0,850.0,1450.0,False,Approved
CLM_0000245,VEH_007722,DLR_NO_001,GEO_NO,20261028,2026-10-28,Air_Suspension,ERR_AIR_SUSPENSION_DIAG,22,36630,2.0,240.0,850.0,1090.0,False,Approved
CLM_0000246,VEH_002991,DLR_NL_002,GEO_NL,20260109,2026-01-09,HV_Battery_Pack,ERR_HV_BATTERY_PACK_DIAG,20,29420,1.5,180.0,4500.0,4680.0,True,Reimbursed
CLM_0000247,VEH_008400,DLR_SE_002,GEO_SE,20260712,2026-07-12,Air_Suspension,ERR_AIR_SUSPENSION_DIAG,20,26960,2.0,240.0,850.0,1090.0,False,Approved
CLM_0000248,VEH_007591,DLR_US_001,GEO_US,20261018,2026-10-18,Air_Suspension,ERR_AIR_SUSPENSION_DIAG,24,41112,5.0,600.0,850.0,1450.0,False,Approved
CLM_0000249,VEH_002738,DLR_SE_002,GEO_SE,20261228,2026-12-28,HV_Battery_Pack,ERR_HV_BATTERY_PACK_DIAG,23,29003,3.5,420.0,4500.0,4920.0,True,Reimbursed
CLM_0000250,VEH_000364,DLR_NO_002,GEO_NO,20260622,2026-06-22,HV_Battery_Pack,ERR_HV_BATTERY_PACK_DIAG,17,20179,1.5,180.0,4500.0,4680.0,True,Under_Investigation
CLM_0000251,VEH_004485,DLR_SE_001,GEO_SE,20250206,2025-02-06,HV_Battery_Pack,ERR_HV_BATTERY_PACK_DIAG,6,8778,3.5,420.0,4500.0,4920.0,True,Reimbursed
CLM_0000252,VEH_007002,DLR_DE_002,GEO_DE,20260215,2026-02-15,HV_Battery_Pack,ERR_HV_BATTERY_PACK_DIAG,2,2304,1.5,180.0,4500.0,4680.0,True,Under_Investigation
CLM_0000253,VEH_002058,DLR_UK_001,GEO_UK,20261228,2026-12-28,HV_Battery_Pack,ERR_HV_BATTERY_PACK_DIAG,13,16835,5.0,600.0,4500.0,5100.0,True,Approved
CLM_0000254,VEH_001020,DLR_DE_002,GEO_DE,20240517,2024-05-17,Air_Suspension,ERR_AIR_SUSPENSION_DIAG,3,3627,5.0,600.0,850.0,1450.0,False,Under_Investigation
CLM_0000255,VEH_001189,DLR_SE_002,GEO_SE,20240920,2024-09-20,Air_Suspension,ERR_AIR_SUSPENSION_DIAG,2,3068,2.0,240.0,850.0,1090.0,False,Under_Investigation
CLM_0000256,VEH_006436,DLR_NL_002,GEO_NL,20241120,2024-11-20,ADAS_Vision_Sensor,ERR_ADAS_VISION_SENSOR_DIAG,8,9760,1.5,180.0,1100.0,1280.0,True,Reimbursed
CLM_0000257,VEH_006770,DLR_DE_002,GEO_DE,20260807,2026-08-07,Electric_Drive_Inverter,ERR_ELECTRIC_DRIVE_INVERTER_DIAG,10,16770,5.0,600.0,1850.0,2450.0,True,Under_Investigation
CLM_0000258,VEH_009600,DLR_DE_001,GEO_DE,20261219,2026-12-19,ADAS_Vision_Sensor,ERR_ADAS_VISION_SENSOR_DIAG,10,17490,5.0,600.0,1100.0,1700.0,True,Approved
CLM_0000259,VEH_002993,DLR_IT_001,GEO_IT,20240919,2024-09-19,Electric_Drive_Inverter,ERR_ELECTRIC_DRIVE_INVERTER_DIAG,1,1622,2.0,240.0,1850.0,2090.0,True,Approved
CLM_0000260,VEH_007560,DLR_US_001,GEO_US,20251031,2025-10-31,HV_Battery_Pack,ERR_HV_BATTERY_PACK_DIAG,1,1330,1.5,180.0,4500.0,4680.0,True,Under_Investigation
CLM_0000261,VEH_008561,DLR_UK_001,GEO_UK,20250617,2025-06-17,HV_Battery_Pack,ERR_HV_BATTERY_PACK_DIAG,2,2834,2.0,240.0,4500.0,4740.0,True,Approved
CLM_0000262,VEH_006101,DLR_NO_001,GEO_NO,20261228,2026-12-28,ADAS_Vision_Sensor,ERR_ADAS_VISION_SENSOR_DIAG,20,35560,2.0,240.0,1100.0,1340.0,True,Approved
CLM_0000263,VEH_002102,DLR_NO_001,GEO_NO,20260615,2026-06-15,Air_Suspension,ERR_AIR_SUSPENSION_DIAG,16,27328,1.5,180.0,850.0,1030.0,False,Reimbursed
CLM_0000264,VEH_000954,DLR_IT_001,GEO_IT,20250807,2025-08-07,Electric_Drive_Inverter,ERR_ELECTRIC_DRIVE_INVERTER_DIAG,3,3333,1.5,180.0,1850.0,2030.0,True,Approved
CLM_0000265,VEH_003428,DLR_NL_002,GEO_NL,20260902,2026-09-02,HV_Battery_Pack,ERR_HV_BATTERY_PACK_DIAG,11,17688,2.0,240.0,4500.0,4740.0,True,Reimbursed
CLM_0000266,VEH_001605,DLR_SE_002,GEO_SE,20260405,2026-04-05,Air_Suspension,ERR_AIR_SUSPENSION_DIAG,14,22890,1.5,180.0,850.0,1030.0,False,Approved
CLM_0000267,VEH_000840,DLR_IT_001,GEO_IT,20250316,2025-03-16,HV_Battery_Pack,ERR_HV_BATTERY_PACK_DIAG,10,16290,3.5,420.0,4500.0,4920.0,True,Approved
CLM_0000268,VEH_002579,DLR_UK_001,GEO_UK,20260427,2026-04-27,HV_Battery_Pack,ERR_HV_BATTERY_PACK_DIAG,11,18557,1.5,180.0,4500.0,4680.0,True,Under_Investigation
CLM_0000269,VEH_006057,DLR_NL_001,GEO_NL,20260915,2026-09-15,HV_Battery_Pack,ERR_HV_BATTERY_PACK_DIAG,11,18920,3.5,420.0,4500.0,4920.0,True,Under_Investigation
CLM_0000270,VEH_004641,DLR_IT_001,GEO_IT,20260401,2026-04-01,HV_Battery_Pack,ERR_HV_BATTERY_PACK_DIAG,17,27829,5.0,600.0,4500.0,5100.0,True,Reimbursed
CLM_0000271,VEH_001582,DLR_IT_001,GEO_IT,20250816,2025-08-16,Electric_Drive_Inverter,ERR_ELECTRIC_DRIVE_INVERTER_DIAG,2,2668,3.5,420.0,1850.0,2270.0,True,Reimbursed
CLM_0000272,VEH_008001,DLR_IT_002,GEO_IT,20251106,2025-11-06,HV_Battery_Pack,ERR_HV_BATTERY_PACK_DIAG,3,3660,1.5,180.0,4500.0,4680.0,True,Reimbursed
CLM_0000273,VEH_006368,DLR_NL_001,GEO_NL,20250309,2025-03-09,ADAS_Vision_Sensor,ERR_ADAS_VISION_SENSOR_DIAG,3,4212,1.5,180.0,1100.0,1280.0,True,Under_Investigation
CLM_0000274,VEH_002322,DLR_NO_001,GEO_NO,20241125,2024-11-25,HV_Battery_Pack,ERR_HV_BATTERY_PACK_DIAG,5,8405,1.5,180.0,4500.0,4680.0,True,Approved
CLM_0000275,VEH_004425,DLR_SE_001,GEO_SE,20250804,2025-08-04,Air_Suspension,ERR_AIR_SUSPENSION_DIAG,5,6155,3.5,420.0,850.0,1270.0,False,Approved
CLM_0000276,VEH_004234,DLR_NO_002,GEO_NO,20250502,2025-05-02,Air_Suspension,ERR_AIR_SUSPENSION_DIAG,15,24345,3.5,420.0,850.0,1270.0,False,Reimbursed
CLM_0000277,VEH_002171,DLR_NL_001,GEO_NL,20260902,2026-09-02,HV_Battery_Pack,ERR_HV_BATTERY_PACK_DIAG,18,29538,5.0,600.0,4500.0,5100.0,True,Under_Investigation
CLM_0000278,VEH_003301,DLR_UK_001,GEO_UK,20260930,2026-09-30,Air_Suspension,ERR_AIR_SUSPENSION_DIAG,7,11788,5.0,600.0,850.0,1450.0,False,Under_Investigation
CLM_0000279,VEH_000203,DLR_DE_002,GEO_DE,20241006,2024-10-06,HV_Battery_Pack,ERR_HV_BATTERY_PACK_DIAG,5,8735,5.0,600.0,4500.0,5100.0,True,Under_Investigation
CLM_0000280,VEH_002488,DLR_IT_001,GEO_IT,20250419,2025-04-19,Air_Suspension,ERR_AIR_SUSPENSION_DIAG,15,17445,2.0,240.0,850.0,1090.0,False,Under_Investigation
CLM_0000281,VEH_006105,DLR_NO_002,GEO_NO,20261006,2026-10-06,Air_Suspension,ERR_AIR_SUSPENSION_DIAG,20,22380,3.5,420.0,850.0,1270.0,False,Under_Investigation
CLM_0000282,VEH_007531,DLR_US_001,GEO_US,20241119,2024-11-19,ADAS_Vision_Sensor,ERR_ADAS_VISION_SENSOR_DIAG,9,12384,3.5,420.0,1100.0,1520.0,True,Approved
CLM_0000283,VEH_005140,DLR_DE_001,GEO_DE,20261228,2026-12-28,ADAS_Vision_Sensor,ERR_ADAS_VISION_SENSOR_DIAG,21,37296,3.5,420.0,1100.0,1520.0,True,Under_Investigation
CLM_0000284,VEH_003251,DLR_DE_001,GEO_DE,20260116,2026-01-16,Infotainment_OTA,ERR_INFOTAINMENT_OTA_DIAG,4,6092,2.0,240.0,150.0,390.0,False,Reimbursed
CLM_0000285,VEH_000379,DLR_SE_001,GEO_SE,20250808,2025-08-08,Electric_Drive_Inverter,ERR_ELECTRIC_DRIVE_INVERTER_DIAG,16,19824,1.5,180.0,1850.0,2030.0,True,Under_Investigation
CLM_0000286,VEH_006933,DLR_UK_001,GEO_UK,20260109,2026-01-09,Electric_Drive_Inverter,ERR_ELECTRIC_DRIVE_INVERTER_DIAG,23,27416,5.0,600.0,1850.0,2450.0,True,Approved
CLM_0000287,VEH_005122,DLR_UK_001,GEO_UK,20260924,2026-09-24,Electric_Drive_Inverter,ERR_ELECTRIC_DRIVE_INVERTER_DIAG,6,10230,2.0,240.0,1850.0,2090.0,True,Reimbursed
CLM_0000288,VEH_008202,DLR_NO_002,GEO_NO,20251222,2025-12-22,Electric_Drive_Inverter,ERR_ELECTRIC_DRIVE_INVERTER_DIAG,14,22246,5.0,600.0,1850.0,2450.0,True,Under_Investigation
CLM_0000289,VEH_004466,DLR_NL_002,GEO_NL,20261228,2026-12-28,HV_Battery_Pack,ERR_HV_BATTERY_PACK_DIAG,18,24822,5.0,600.0,4500.0,5100.0,True,Under_Investigation
CLM_0000290,VEH_003334,DLR_NL_001,GEO_NL,20260410,2026-04-10,HV_Battery_Pack,ERR_HV_BATTERY_PACK_DIAG,8,8800,5.0,600.0,4500.0,5100.0,True,Reimbursed
CLM_0000291,VEH_008230,DLR_NL_002,GEO_NL,20250829,2025-08-29,HV_Battery_Pack,ERR_HV_BATTERY_PACK_DIAG,16,25840,1.5,180.0,4500.0,4680.0,True,Under_Investigation
CLM_0000292,VEH_007599,DLR_NO_001,GEO_NO,20261228,2026-12-28,Air_Suspension,ERR_AIR_SUSPENSION_DIAG,14,23758,2.0,240.0,850.0,1090.0,False,Approved
CLM_0000293,VEH_001178,DLR_IT_001,GEO_IT,20260606,2026-06-06,Air_Suspension,ERR_AIR_SUSPENSION_DIAG,20,22360,1.5,180.0,850.0,1030.0,False,Reimbursed
CLM_0000294,VEH_005276,DLR_DE_002,GEO_DE,20261228,2026-12-28,Air_Suspension,ERR_AIR_SUSPENSION_DIAG,24,38256,5.0,600.0,850.0,1450.0,False,Approved
CLM_0000295,VEH_001537,DLR_NL_002,GEO_NL,20260521,2026-05-21,Electric_Drive_Inverter,ERR_ELECTRIC_DRIVE_INVERTER_DIAG,22,29722,1.5,180.0,1850.0,2030.0,True,Reimbursed
CLM_0000296,VEH_006168,DLR_NO_001,GEO_NO,20260721,2026-07-21,HV_Battery_Pack,ERR_HV_BATTERY_PACK_DIAG,8,13648,1.5,180.0,4500.0,4680.0,True,Approved
CLM_0000297,VEH_008392,DLR_NO_001,GEO_NO,20260121,2026-01-21,Electric_Drive_Inverter,ERR_ELECTRIC_DRIVE_INVERTER_DIAG,10,17010,5.0,600.0,1850.0,2450.0,True,Reimbursed
CLM_0000298,VEH_000103,DLR_NO_001,GEO_NO,20251028,2025-10-28,HV_Battery_Pack,ERR_HV_BATTERY_PACK_DIAG,20,23660,3.5,420.0,4500.0,4920.0,True,Reimbursed
CLM_0000299,VEH_000702,DLR_SE_002,GEO_SE,20261102,2026-11-02,Air_Suspension,ERR_AIR_SUSPENSION_DIAG,24,36504,5.0,600.0,850.0,1450.0,False,Under_Investigation
CLM_0000300,VEH_004608,DLR_SE_002,GEO_SE,20261228,2026-12-28,HV_Battery_Pack,ERR_HV_BATTERY_PACK_DIAG,16,18176,3.5,420.0,4500.0,4920.0,True,Approved
CLM_0000301,VEH_004471,DLR_NL_002,GEO_NL,20261228,2026-12-28,Electric_Drive_Inverter,ERR_ELECTRIC_DRIVE_INVERTER_DIAG,23,27692,2.0,240.0,1850.0,2090.0,True,Approved
CLM_0000302,VEH_005908,DLR_IT_002,GEO_IT,20261228,2026-12-28,Electric_Drive_Inverter,ERR_ELECTRIC_DRIVE_INVERTER_DIAG,14,19670,5.0,600.0,1850.0,2450.0,True,Reimbursed
CLM_0000303,VEH_008584,DLR_NO_001,GEO_NO,20240820,2024-08-20,HV_Battery_Pack,ERR_HV_BATTERY_PACK_DIAG,6,10740,5.0,600.0,4500.0,5100.0,True,Under_Investigation
CLM_0000304,VEH_001158,DLR_NL_001,GEO_NL,20261228,2026-12-28,HV_Battery_Pack,ERR_HV_BATTERY_PACK_DIAG,24,41088,1.5,180.0,4500.0,4680.0,True,Under_Investigation
CLM_0000305,VEH_010001,DLR_DE_001,GEO_DE,20261228,2026-12-28,Air_Suspension,ERR_AIR_SUSPENSION_DIAG,12,21036,2.0,240.0,850.0,1090.0,False,Reimbursed
CLM_0000306,VEH_007039,DLR_DE_001,GEO_DE,20240718,2024-07-18,HV_Battery_Pack,ERR_HV_BATTERY_PACK_DIAG,3,4764,2.0,240.0,4500.0,4740.0,True,Approved
CLM_0000307,VEH_004431,DLR_IT_001,GEO_IT,20250814,2025-08-14,ADAS_Vision_Sensor,ERR_ADAS_VISION_SENSOR_DIAG,8,10168,1.5,180.0,1100.0,1280.0,True,Reimbursed
CLM_0000308,VEH_006884,DLR_NO_001,GEO_NO,20251116,2025-11-16,Air_Suspension,ERR_AIR_SUSPENSION_DIAG,22,25256,3.5,420.0,850.0,1270.0,False,Reimbursed
CLM_0000309,VEH_007035,DLR_NO_002,GEO_NO,20251111,2025-11-11,Electric_Drive_Inverter,ERR_ELECTRIC_DRIVE_INVERTER_DIAG,12,13368,2.0,240.0,1850.0,2090.0,True,Reimbursed
CLM_0000310,VEH_007127,DLR_NL_001,GEO_NL,20250915,2025-09-15,Air_Suspension,ERR_AIR_SUSPENSION_DIAG,6,10674,2.0,240.0,850.0,1090.0,False,Reimbursed
CLM_0000311,VEH_001430,DLR_SE_002,GEO_SE,20261228,2026-12-28,Electric_Drive_Inverter,ERR_ELECTRIC_DRIVE_INVERTER_DIAG,18,26910,3.5,420.0,1850.0,2270.0,True,Approved
CLM_0000312,VEH_009638,DLR_NO_002,GEO_NO,20260628,2026-06-28,Infotainment_OTA,ERR_INFOTAINMENT_OTA_DIAG,22,27456,1.5,180.0,150.0,330.0,False,Approved
CLM_0000313,VEH_007042,DLR_SE_001,GEO_SE,20260222,2026-02-22,HV_Battery_Pack,ERR_HV_BATTERY_PACK_DIAG,18,27882,3.5,420.0,4500.0,4920.0,True,Reimbursed
CLM_0000314,VEH_009496,DLR_US_001,GEO_US,20250306,2025-03-06,Air_Suspension,ERR_AIR_SUSPENSION_DIAG,7,12082,3.5,420.0,850.0,1270.0,False,Approved
CLM_0000315,VEH_001201,DLR_NL_001,GEO_NL,20251217,2025-12-17,ADAS_Vision_Sensor,ERR_ADAS_VISION_SENSOR_DIAG,4,5308,3.5,420.0,1100.0,1520.0,True,Approved
CLM_0000316,VEH_005771,DLR_NO_002,GEO_NO,20260902,2026-09-02,ADAS_Vision_Sensor,ERR_ADAS_VISION_SENSOR_DIAG,24,27840,1.5,180.0,1100.0,1280.0,True,Under_Investigation
CLM_0000317,VEH_005452,DLR_DE_001,GEO_DE,20250719,2025-07-19,HV_Battery_Pack,ERR_HV_BATTERY_PACK_DIAG,4,6224,1.5,180.0,4500.0,4680.0,True,Approved
CLM_0000318,VEH_006590,DLR_UK_001,GEO_UK,20261228,2026-12-28,HV_Battery_Pack,ERR_HV_BATTERY_PACK_DIAG,15,20835,5.0,600.0,4500.0,5100.0,True,Under_Investigation
CLM_0000319,VEH_004646,DLR_DE_001,GEO_DE,20260723,2026-07-23,Electric_Drive_Inverter,ERR_ELECTRIC_DRIVE_INVERTER_DIAG,14,18032,3.5,420.0,1850.0,2270.0,True,Under_Investigation
CLM_0000320,VEH_008490,DLR_NO_001,GEO_NO,20251209,2025-12-09,ADAS_Vision_Sensor,ERR_ADAS_VISION_SENSOR_DIAG,11,13486,5.0,600.0,1100.0,1700.0,True,Under_Investigation
CLM_0000321,VEH_002820,DLR_US_001,GEO_US,20260928,2026-09-28,Electric_Drive_Inverter,ERR_ELECTRIC_DRIVE_INVERTER_DIAG,18,20844,2.0,240.0,1850.0,2090.0,True,Under_Investigation
CLM_0000322,VEH_000981,DLR_DE_002,GEO_DE,20260326,2026-03-26,HV_Battery_Pack,ERR_HV_BATTERY_PACK_DIAG,21,30576,3.5,420.0,4500.0,4920.0,True,Reimbursed
CLM_0000323,VEH_005328,DLR_SE_001,GEO_SE,20251222,2025-12-22,HV_Battery_Pack,ERR_HV_BATTERY_PACK_DIAG,1,1343,2.0,240.0,4500.0,4740.0,True,Reimbursed
CLM_0000324,VEH_006741,DLR_DE_001,GEO_DE,20240405,2024-04-05,HV_Battery_Pack,ERR_HV_BATTERY_PACK_DIAG,2,2350,3.5,420.0,4500.0,4920.0,True,Under_Investigation
CLM_0000325,VEH_004852,DLR_SE_001,GEO_SE,20261228,2026-12-28,HV_Battery_Pack,ERR_HV_BATTERY_PACK_DIAG,11,13915,1.5,180.0,4500.0,4680.0,True,Approved
CLM_0000326,VEH_008249,DLR_DE_001,GEO_DE,20261220,2026-12-20,HV_Battery_Pack,ERR_HV_BATTERY_PACK_DIAG,22,31812,3.5,420.0,4500.0,4920.0,True,Approved
CLM_0000327,VEH_001325,DLR_UK_001,GEO_UK,20260619,2026-06-19,Infotainment_OTA,ERR_INFOTAINMENT_OTA_DIAG,19,23104,2.0,240.0,150.0,390.0,False,Approved
CLM_0000328,VEH_009795,DLR_NO_002,GEO_NO,20261228,2026-12-28,Electric_Drive_Inverter,ERR_ELECTRIC_DRIVE_INVERTER_DIAG,15,18300,2.0,240.0,1850.0,2090.0,True,Reimbursed
CLM_0000329,VEH_002897,DLR_NL_002,GEO_NL,20260930,2026-09-30,Infotainment_OTA,ERR_INFOTAINMENT_OTA_DIAG,20,22140,5.0,600.0,150.0,750.0,False,Approved
CLM_0000330,VEH_005929,DLR_US_001,GEO_US,20261228,2026-12-28,ADAS_Vision_Sensor,ERR_ADAS_VISION_SENSOR_DIAG,24,38808,3.5,420.0,1100.0,1520.0,True,Under_Investigation
CLM_0000331,VEH_005945,DLR_DE_001,GEO_DE,20260219,2026-02-19,HV_Battery_Pack,ERR_HV_BATTERY_PACK_DIAG,24,43152,1.5,180.0,4500.0,4680.0,True,Under_Investigation
CLM_0000332,VEH_007238,DLR_US_001,GEO_US,20260412,2026-04-12,Infotainment_OTA,ERR_INFOTAINMENT_OTA_DIAG,16,20080,2.0,240.0,150.0,390.0,False,Approved
CLM_0000333,VEH_000996,DLR_NO_002,GEO_NO,20261228,2026-12-28,ADAS_Vision_Sensor,ERR_ADAS_VISION_SENSOR_DIAG,23,37237,2.0,240.0,1100.0,1340.0,True,Reimbursed
CLM_0000334,VEH_005877,DLR_DE_002,GEO_DE,20251005,2025-10-05,HV_Battery_Pack,ERR_HV_BATTERY_PACK_DIAG,7,11004,3.5,420.0,4500.0,4920.0,True,Reimbursed
CLM_0000335,VEH_001052,DLR_US_001,GEO_US,20261026,2026-10-26,Infotainment_OTA,ERR_INFOTAINMENT_OTA_DIAG,18,27594,5.0,600.0,150.0,750.0,False,Under_Investigation
CLM_0000336,VEH_007526,DLR_DE_001,GEO_DE,20251231,2025-12-31,Electric_Drive_Inverter,ERR_ELECTRIC_DRIVE_INVERTER_DIAG,12,20556,1.5,180.0,1850.0,2030.0,True,Under_Investigation
CLM_0000337,VEH_008013,DLR_SE_002,GEO_SE,20241231,2024-12-31,HV_Battery_Pack,ERR_HV_BATTERY_PACK_DIAG,11,14487,2.0,240.0,4500.0,4740.0,True,Reimbursed
CLM_0000338,VEH_009523,DLR_SE_001,GEO_SE,20261228,2026-12-28,ADAS_Vision_Sensor,ERR_ADAS_VISION_SENSOR_DIAG,21,27762,5.0,600.0,1100.0,1700.0,True,Approved
CLM_0000339,VEH_008670,DLR_DE_002,GEO_DE,20260926,2026-09-26,Infotainment_OTA,ERR_INFOTAINMENT_OTA_DIAG,19,22800,1.5,180.0,150.0,330.0,False,Reimbursed
CLM_0000340,VEH_007053,DLR_IT_001,GEO_IT,20261228,2026-12-28,Electric_Drive_Inverter,ERR_ELECTRIC_DRIVE_INVERTER_DIAG,13,16289,2.0,240.0,1850.0,2090.0,True,Approved
CLM_0000341,VEH_002762,DLR_UK_001,GEO_UK,20250609,2025-06-09,HV_Battery_Pack,ERR_HV_BATTERY_PACK_DIAG,6,10458,3.5,420.0,4500.0,4920.0,True,Under_Investigation
CLM_0000342,VEH_004182,DLR_UK_001,GEO_UK,20260225,2026-02-25,Electric_Drive_Inverter,ERR_ELECTRIC_DRIVE_INVERTER_DIAG,15,21570,2.0,240.0,1850.0,2090.0,True,Reimbursed
CLM_0000343,VEH_002259,DLR_UK_001,GEO_UK,20261228,2026-12-28,HV_Battery_Pack,ERR_HV_BATTERY_PACK_DIAG,20,23220,3.5,420.0,4500.0,4920.0,True,Under_Investigation
CLM_0000344,VEH_001927,DLR_SE_002,GEO_SE,20260327,2026-03-27,HV_Battery_Pack,ERR_HV_BATTERY_PACK_DIAG,16,25568,3.5,420.0,4500.0,4920.0,True,Reimbursed
CLM_0000345,VEH_002271,DLR_UK_001,GEO_UK,20250503,2025-05-03,HV_Battery_Pack,ERR_HV_BATTERY_PACK_DIAG,10,16520,3.5,420.0,4500.0,4920.0,True,Approved
CLM_0000346,VEH_001071,DLR_US_001,GEO_US,20250607,2025-06-07,HV_Battery_Pack,ERR_HV_BATTERY_PACK_DIAG,6,6972,3.5,420.0,4500.0,4920.0,True,Under_Investigation
CLM_0000347,VEH_006070,DLR_DE_002,GEO_DE,20261228,2026-12-28,HV_Battery_Pack,ERR_HV_BATTERY_PACK_DIAG,14,20944,1.5,180.0,4500.0,4680.0,True,Approved
CLM_0000348,VEH_007256,DLR_NO_001,GEO_NO,20260512,2026-05-12,Infotainment_OTA,ERR_INFOTAINMENT_OTA_DIAG,19,29450,1.5,180.0,150.0,330.0,False,Under_Investigation
CLM_0000349,VEH_000862,DLR_SE_001,GEO_SE,20240909,2024-09-09,Electric_Drive_Inverter,ERR_ELECTRIC_DRIVE_INVERTER_DIAG,2,3444,2.0,240.0,1850.0,2090.0,True,Under_Investigation
CLM_0000350,VEH_006875,DLR_NL_001,GEO_NL,20261115,2026-11-15,HV_Battery_Pack,ERR_HV_BATTERY_PACK_DIAG,5,6860,2.0,240.0,4500.0,4740.0,True,Approved
CLM_0000351,VEH_001257,DLR_IT_002,GEO_IT,20260403,2026-04-03,Electric_Drive_Inverter,ERR_ELECTRIC_DRIVE_INVERTER_DIAG,2,2592,1.5,180.0,1850.0,2030.0,True,Approved
CLM_0000352,VEH_009951,DLR_SE_002,GEO_SE,20260511,2026-05-11,Air_Suspension,ERR_AIR_SUSPENSION_DIAG,1,1567,3.5,420.0,850.0,1270.0,False,Under_Investigation
CLM_0000353,VEH_001798,DLR_IT_002,GEO_IT,20261101,2026-11-01,Air_Suspension,ERR_AIR_SUSPENSION_DIAG,20,25100,2.0,240.0,850.0,1090.0,False,Approved
CLM_0000354,VEH_007769,DLR_IT_002,GEO_IT,20260513,2026-05-13,Air_Suspension,ERR_AIR_SUSPENSION_DIAG,10,17500,3.5,420.0,850.0,1270.0,False,Reimbursed
CLM_0000355,VEH_004413,DLR_DE_002,GEO_DE,20250509,2025-05-09,HV_Battery_Pack,ERR_HV_BATTERY_PACK_DIAG,13,22425,1.5,180.0,4500.0,4680.0,True,Approved
CLM_0000356,VEH_006972,DLR_IT_002,GEO_IT,20250706,2025-07-06,Infotainment_OTA,ERR_INFOTAINMENT_OTA_DIAG,14,21980,5.0,600.0,150.0,750.0,False,Approved
CLM_0000357,VEH_005312,DLR_IT_002,GEO_IT,20251230,2025-12-30,HV_Battery_Pack,ERR_HV_BATTERY_PACK_DIAG,18,28908,5.0,600.0,4500.0,5100.0,True,Approved
CLM_0000358,VEH_001070,DLR_NO_002,GEO_NO,20250913,2025-09-13,Air_Suspension,ERR_AIR_SUSPENSION_DIAG,18,20790,2.0,240.0,850.0,1090.0,False,Under_Investigation
CLM_0000359,VEH_000435,DLR_SE_001,GEO_SE,20250713,2025-07-13,Infotainment_OTA,ERR_INFOTAINMENT_OTA_DIAG,6,9804,5.0,600.0,150.0,750.0,False,Reimbursed
CLM_0000360,VEH_009100,DLR_SE_001,GEO_SE,20251116,2025-11-16,Air_Suspension,ERR_AIR_SUSPENSION_DIAG,16,24192,2.0,240.0,850.0,1090.0,False,Reimbursed
CLM_0000361,VEH_003253,DLR_IT_002,GEO_IT,20251212,2025-12-12,ADAS_Vision_Sensor,ERR_ADAS_VISION_SENSOR_DIAG,11,19305,5.0,600.0,1100.0,1700.0,True,Approved
CLM_0000362,VEH_002626,DLR_NO_001,GEO_NO,20260914,2026-09-14,HV_Battery_Pack,ERR_HV_BATTERY_PACK_DIAG,3,3624,2.0,240.0,4500.0,4740.0,True,Under_Investigation
CLM_0000363,VEH_005908,DLR_IT_002,GEO_IT,20261228,2026-12-28,HV_Battery_Pack,ERR_HV_BATTERY_PACK_DIAG,11,17490,2.0,240.0,4500.0,4740.0,True,Approved
CLM_0000364,VEH_003579,DLR_UK_001,GEO_UK,20250808,2025-08-08,HV_Battery_Pack,ERR_HV_BATTERY_PACK_DIAG,13,16263,3.5,420.0,4500.0,4920.0,True,Reimbursed
CLM_0000365,VEH_001625,DLR_DE_002,GEO_DE,20261228,2026-12-28,Electric_Drive_Inverter,ERR_ELECTRIC_DRIVE_INVERTER_DIAG,17,18819,1.5,180.0,1850.0,2030.0,True,Under_Investigation
CLM_0000366,VEH_004911,DLR_SE_001,GEO_SE,20261222,2026-12-22,ADAS_Vision_Sensor,ERR_ADAS_VISION_SENSOR_DIAG,20,28920,3.5,420.0,1100.0,1520.0,True,Under_Investigation
CLM_0000367,VEH_000608,DLR_IT_001,GEO_IT,20260130,2026-01-30,Electric_Drive_Inverter,ERR_ELECTRIC_DRIVE_INVERTER_DIAG,8,10736,5.0,600.0,1850.0,2450.0,True,Reimbursed
CLM_0000368,VEH_000341,DLR_US_001,GEO_US,20251221,2025-12-21,Air_Suspension,ERR_AIR_SUSPENSION_DIAG,9,13122,5.0,600.0,850.0,1450.0,False,Under_Investigation
CLM_0000369,VEH_008716,DLR_DE_002,GEO_DE,20261228,2026-12-28,HV_Battery_Pack,ERR_HV_BATTERY_PACK_DIAG,24,31800,5.0,600.0,4500.0,5100.0,True,Approved
CLM_0000370,VEH_005912,DLR_NO_002,GEO_NO,20241219,2024-12-19,ADAS_Vision_Sensor,ERR_ADAS_VISION_SENSOR_DIAG,10,14630,1.5,180.0,1100.0,1280.0,True,Reimbursed
CLM_0000371,VEH_006843,DLR_DE_002,GEO_DE,20260804,2026-08-04,HV_Battery_Pack,ERR_HV_BATTERY_PACK_DIAG,14,16898,5.0,600.0,4500.0,5100.0,True,Approved
CLM_0000372,VEH_001413,DLR_NL_001,GEO_NL,20251027,2025-10-27,Electric_Drive_Inverter,ERR_ELECTRIC_DRIVE_INVERTER_DIAG,5,8670,1.5,180.0,1850.0,2030.0,True,Under_Investigation
CLM_0000373,VEH_007188,DLR_US_001,GEO_US,20250408,2025-04-08,Electric_Drive_Inverter,ERR_ELECTRIC_DRIVE_INVERTER_DIAG,12,13248,2.0,240.0,1850.0,2090.0,True,Under_Investigation
CLM_0000374,VEH_008884,DLR_DE_002,GEO_DE,20250712,2025-07-12,HV_Battery_Pack,ERR_HV_BATTERY_PACK_DIAG,16,21248,5.0,600.0,4500.0,5100.0,True,Approved
CLM_0000375,VEH_004460,DLR_DE_001,GEO_DE,20261228,2026-12-28,HV_Battery_Pack,ERR_HV_BATTERY_PACK_DIAG,24,29568,1.5,180.0,4500.0,4680.0,True,Reimbursed
CLM_0000376,VEH_003784,DLR_IT_002,GEO_IT,20250223,2025-02-23,Electric_Drive_Inverter,ERR_ELECTRIC_DRIVE_INVERTER_DIAG,1,1221,2.0,240.0,1850.0,2090.0,True,Approved
CLM_0000377,VEH_005766,DLR_DE_002,GEO_DE,20261228,2026-12-28,Electric_Drive_Inverter,ERR_ELECTRIC_DRIVE_INVERTER_DIAG,20,25620,2.0,240.0,1850.0,2090.0,True,Under_Investigation
CLM_0000378,VEH_004961,DLR_NO_001,GEO_NO,20250116,2025-01-16,Electric_Drive_Inverter,ERR_ELECTRIC_DRIVE_INVERTER_DIAG,6,9984,2.0,240.0,1850.0,2090.0,True,Approved
CLM_0000379,VEH_008829,DLR_US_001,GEO_US,20260113,2026-01-13,Electric_Drive_Inverter,ERR_ELECTRIC_DRIVE_INVERTER_DIAG,11,19602,2.0,240.0,1850.0,2090.0,True,Under_Investigation
CLM_0000380,VEH_003578,DLR_IT_001,GEO_IT,20250903,2025-09-03,HV_Battery_Pack,ERR_HV_BATTERY_PACK_DIAG,15,19200,3.5,420.0,4500.0,4920.0,True,Under_Investigation
CLM_0000381,VEH_008045,DLR_NL_001,GEO_NL,20251023,2025-10-23,Air_Suspension,ERR_AIR_SUSPENSION_DIAG,7,8477,1.5,180.0,850.0,1030.0,False,Under_Investigation
CLM_0000382,VEH_001471,DLR_IT_001,GEO_IT,20261228,2026-12-28,HV_Battery_Pack,ERR_HV_BATTERY_PACK_DIAG,22,25608,1.5,180.0,4500.0,4680.0,True,Reimbursed
CLM_0000383,VEH_004365,DLR_NO_002,GEO_NO,20251001,2025-10-01,Electric_Drive_Inverter,ERR_ELECTRIC_DRIVE_INVERTER_DIAG,3,4212,2.0,240.0,1850.0,2090.0,True,Approved
CLM_0000384,VEH_007861,DLR_IT_001,GEO_IT,20250819,2025-08-19,Electric_Drive_Inverter,ERR_ELECTRIC_DRIVE_INVERTER_DIAG,8,9056,1.5,180.0,1850.0,2030.0,True,Approved
CLM_0000385,VEH_002079,DLR_UK_001,GEO_UK,20260505,2026-05-05,Air_Suspension,ERR_AIR_SUSPENSION_DIAG,13,17251,5.0,600.0,850.0,1450.0,False,Approved
CLM_0000386,VEH_000578,DLR_IT_002,GEO_IT,20260612,2026-06-12,Electric_Drive_Inverter,ERR_ELECTRIC_DRIVE_INVERTER_DIAG,24,31272,2.0,240.0,1850.0,2090.0,True,Under_Investigation
CLM_0000387,VEH_003053,DLR_UK_001,GEO_UK,20250817,2025-08-17,HV_Battery_Pack,ERR_HV_BATTERY_PACK_DIAG,7,8358,1.5,180.0,4500.0,4680.0,True,Approved
CLM_0000388,VEH_002262,DLR_DE_001,GEO_DE,20250920,2025-09-20,ADAS_Vision_Sensor,ERR_ADAS_VISION_SENSOR_DIAG,14,21224,5.0,600.0,1100.0,1700.0,True,Reimbursed
CLM_0000389,VEH_007965,DLR_IT_001,GEO_IT,20250710,2025-07-10,Electric_Drive_Inverter,ERR_ELECTRIC_DRIVE_INVERTER_DIAG,3,4779,5.0,600.0,1850.0,2450.0,True,Reimbursed
CLM_0000390,VEH_008711,DLR_US_001,GEO_US,20261210,2026-12-10,HV_Battery_Pack,ERR_HV_BATTERY_PACK_DIAG,15,25365,5.0,600.0,4500.0,5100.0,True,Reimbursed
CLM_0000391,VEH_001222,DLR_SE_002,GEO_SE,20261218,2026-12-18,HV_Battery_Pack,ERR_HV_BATTERY_PACK_DIAG,13,16120,1.5,180.0,4500.0,4680.0,True,Under_Investigation
CLM_0000392,VEH_003534,DLR_NL_001,GEO_NL,20261228,2026-12-28,ADAS_Vision_Sensor,ERR_ADAS_VISION_SENSOR_DIAG,11,16621,5.0,600.0,1100.0,1700.0,True,Reimbursed
CLM_0000393,VEH_000489,DLR_IT_002,GEO_IT,20260603,2026-06-03,Infotainment_OTA,ERR_INFOTAINMENT_OTA_DIAG,19,28063,2.0,240.0,150.0,390.0,False,Reimbursed
CLM_0000394,VEH_003730,DLR_DE_002,GEO_DE,20250529,2025-05-29,HV_Battery_Pack,ERR_HV_BATTERY_PACK_DIAG,3,3738,5.0,600.0,4500.0,5100.0,True,Reimbursed
CLM_0000395,VEH_001816,DLR_NL_001,GEO_NL,20260505,2026-05-05,Air_Suspension,ERR_AIR_SUSPENSION_DIAG,22,27104,3.5,420.0,850.0,1270.0,False,Reimbursed
CLM_0000396,VEH_005831,DLR_UK_001,GEO_UK,20260713,2026-07-13,HV_Battery_Pack,ERR_HV_BATTERY_PACK_DIAG,20,28340,5.0,600.0,4500.0,5100.0,True,Reimbursed
CLM_0000397,VEH_004443,DLR_DE_001,GEO_DE,20250429,2025-04-29,Air_Suspension,ERR_AIR_SUSPENSION_DIAG,13,17537,3.5,420.0,850.0,1270.0,False,Under_Investigation
CLM_0000398,VEH_003508,DLR_IT_001,GEO_IT,20261228,2026-12-28,Infotainment_OTA,ERR_INFOTAINMENT_OTA_DIAG,15,22065,2.0,240.0,150.0,390.0,False,Under_Investigation
CLM_0000399,VEH_002942,DLR_IT_002,GEO_IT,20260113,2026-01-13,Electric_Drive_Inverter,ERR_ELECTRIC_DRIVE_INVERTER_DIAG,13,16107,3.5,420.0,1850.0,2270.0,True,Approved
CLM_0000400,VEH_003813,DLR_US_001,GEO_US,20250203,2025-02-03,Air_Suspension,ERR_AIR_SUSPENSION_DIAG,1,1237,5.0,600.0,850.0,1450.0,False,Reimbursed
CLM_0000401,VEH_004550,DLR_US_001,GEO_US,20261228,2026-12-28,HV_Battery_Pack,ERR_HV_BATTERY_PACK_DIAG,23,29440,3.5,420.0,4500.0,4920.0,True,Under_Investigation
CLM_0000402,VEH_001294,DLR_NL_001,GEO_NL,20251014,2025-10-14,ADAS_Vision_Sensor,ERR_ADAS_VISION_SENSOR_DIAG,8,8944,1.5,180.0,1100.0,1280.0,True,Approved
CLM_0000403,VEH_001977,DLR_NL_002,GEO_NL,20251002,2025-10-02,Electric_Drive_Inverter,ERR_ELECTRIC_DRIVE_INVERTER_DIAG,4,5916,5.0,600.0,1850.0,2450.0,True,Approved
CLM_0000404,VEH_008171,DLR_SE_002,GEO_SE,20261016,2026-10-16,ADAS_Vision_Sensor,ERR_ADAS_VISION_SENSOR_DIAG,9,13905,1.5,180.0,1100.0,1280.0,True,Reimbursed
CLM_0000405,VEH_003873,DLR_IT_001,GEO_IT,20261228,2026-12-28,Air_Suspension,ERR_AIR_SUSPENSION_DIAG,20,33460,5.0,600.0,850.0,1450.0,False,Under_Investigation
CLM_0000406,VEH_000126,DLR_IT_002,GEO_IT,20251002,2025-10-02,Air_Suspension,ERR_AIR_SUSPENSION_DIAG,15,16590,5.0,600.0,850.0,1450.0,False,Reimbursed
CLM_0000407,VEH_006621,DLR_US_001,GEO_US,20261228,2026-12-28,Electric_Drive_Inverter,ERR_ELECTRIC_DRIVE_INVERTER_DIAG,19,23180,3.5,420.0,1850.0,2270.0,True,Reimbursed
CLM_0000408,VEH_006313,DLR_DE_002,GEO_DE,20251019,2025-10-19,Electric_Drive_Inverter,ERR_ELECTRIC_DRIVE_INVERTER_DIAG,2,2840,1.5,180.0,1850.0,2030.0,True,Under_Investigation
CLM_0000409,VEH_008538,DLR_US_001,GEO_US,20261228,2026-12-28,Electric_Drive_Inverter,ERR_ELECTRIC_DRIVE_INVERTER_DIAG,11,19063,5.0,600.0,1850.0,2450.0,True,Reimbursed
CLM_0000410,VEH_008247,DLR_NO_002,GEO_NO,20240916,2024-09-16,Air_Suspension,ERR_AIR_SUSPENSION_DIAG,1,1398,2.0,240.0,850.0,1090.0,False,Reimbursed
CLM_0000411,VEH_008858,DLR_SE_002,GEO_SE,20240831,2024-08-31,Air_Suspension,ERR_AIR_SUSPENSION_DIAG,4,4568,2.0,240.0,850.0,1090.0,False,Under_Investigation
CLM_0000412,VEH_005558,DLR_IT_002,GEO_IT,20260209,2026-02-09,Electric_Drive_Inverter,ERR_ELECTRIC_DRIVE_INVERTER_DIAG,10,12380,5.0,600.0,1850.0,2450.0,True,Reimbursed
CLM_0000413,VEH_001507,DLR_NL_002,GEO_NL,20260916,2026-09-16,HV_Battery_Pack,ERR_HV_BATTERY_PACK_DIAG,22,33814,5.0,600.0,4500.0,5100.0,True,Under_Investigation
CLM_0000414,VEH_008054,DLR_SE_001,GEO_SE,20251017,2025-10-17,Air_Suspension,ERR_AIR_SUSPENSION_DIAG,3,3750,2.0,240.0,850.0,1090.0,False,Under_Investigation
CLM_0000415,VEH_009967,DLR_DE_001,GEO_DE,20260308,2026-03-08,Electric_Drive_Inverter,ERR_ELECTRIC_DRIVE_INVERTER_DIAG,10,17330,2.0,240.0,1850.0,2090.0,True,Reimbursed
CLM_0000416,VEH_004471,DLR_NL_002,GEO_NL,20261128,2026-11-28,ADAS_Vision_Sensor,ERR_ADAS_VISION_SENSOR_DIAG,16,19472,3.5,420.0,1100.0,1520.0,True,Reimbursed
CLM_0000417,VEH_004697,DLR_IT_002,GEO_IT,20250112,2025-01-12,HV_Battery_Pack,ERR_HV_BATTERY_PACK_DIAG,10,12000,3.5,420.0,4500.0,4920.0,True,Reimbursed
CLM_0000418,VEH_005853,DLR_NO_001,GEO_NO,20260608,2026-06-08,Air_Suspension,ERR_AIR_SUSPENSION_DIAG,21,26838,3.5,420.0,850.0,1270.0,False,Approved
CLM_0000419,VEH_008290,DLR_IT_002,GEO_IT,20260725,2026-07-25,Electric_Drive_Inverter,ERR_ELECTRIC_DRIVE_INVERTER_DIAG,24,42384,5.0,600.0,1850.0,2450.0,True,Under_Investigation
CLM_0000420,VEH_001529,DLR_DE_002,GEO_DE,20251001,2025-10-01,Air_Suspension,ERR_AIR_SUSPENSION_DIAG,6,10698,5.0,600.0,850.0,1450.0,False,Approved
CLM_0000421,VEH_000921,DLR_DE_001,GEO_DE,20251220,2025-12-20,HV_Battery_Pack,ERR_HV_BATTERY_PACK_DIAG,14,24150,5.0,600.0,4500.0,5100.0,True,Approved
CLM_0000422,VEH_008808,DLR_UK_001,GEO_UK,20260912,2026-09-12,Electric_Drive_Inverter,ERR_ELECTRIC_DRIVE_INVERTER_DIAG,23,27393,5.0,600.0,1850.0,2450.0,True,Reimbursed
CLM_0000423,VEH_003298,DLR_NL_002,GEO_NL,20251209,2025-12-09,Electric_Drive_Inverter,ERR_ELECTRIC_DRIVE_INVERTER_DIAG,3,5361,1.5,180.0,1850.0,2030.0,True,Under_Investigation
CLM_0000424,VEH_009577,DLR_US_001,GEO_US,20240623,2024-06-23,Electric_Drive_Inverter,ERR_ELECTRIC_DRIVE_INVERTER_DIAG,1,1738,2.0,240.0,1850.0,2090.0,True,Approved
CLM_0000425,VEH_009479,DLR_SE_001,GEO_SE,20260717,2026-07-17,HV_Battery_Pack,ERR_HV_BATTERY_PACK_DIAG,22,24552,1.5,180.0,4500.0,4680.0,True,Under_Investigation
CLM_0000426,VEH_001508,DLR_DE_001,GEO_DE,20260901,2026-09-01,ADAS_Vision_Sensor,ERR_ADAS_VISION_SENSOR_DIAG,10,16650,2.0,240.0,1100.0,1340.0,True,Reimbursed
CLM_0000427,VEH_005093,DLR_US_001,GEO_US,20260728,2026-07-28,Electric_Drive_Inverter,ERR_ELECTRIC_DRIVE_INVERTER_DIAG,11,18931,1.5,180.0,1850.0,2030.0,True,Under_Investigation
CLM_0000428,VEH_000308,DLR_DE_001,GEO_DE,20260706,2026-07-06,ADAS_Vision_Sensor,ERR_ADAS_VISION_SENSOR_DIAG,8,14136,1.5,180.0,1100.0,1280.0,True,Reimbursed
CLM_0000429,VEH_002100,DLR_DE_001,GEO_DE,20260913,2026-09-13,Electric_Drive_Inverter,ERR_ELECTRIC_DRIVE_INVERTER_DIAG,24,36216,2.0,240.0,1850.0,2090.0,True,Under_Investigation
CLM_0000430,VEH_005193,DLR_DE_001,GEO_DE,20260314,2026-03-14,Air_Suspension,ERR_AIR_SUSPENSION_DIAG,4,6956,3.5,420.0,850.0,1270.0,False,Under_Investigation
CLM_0000431,VEH_001996,DLR_NO_001,GEO_NO,20250327,2025-03-27,HV_Battery_Pack,ERR_HV_BATTERY_PACK_DIAG,13,20956,3.5,420.0,4500.0,4920.0,True,Under_Investigation
CLM_0000432,VEH_005977,DLR_DE_002,GEO_DE,20251031,2025-10-31,Air_Suspension,ERR_AIR_SUSPENSION_DIAG,13,18447,3.5,420.0,850.0,1270.0,False,Reimbursed
CLM_0000433,VEH_000111,DLR_DE_002,GEO_DE,20251125,2025-11-25,HV_Battery_Pack,ERR_HV_BATTERY_PACK_DIAG,21,30765,1.5,180.0,4500.0,4680.0,True,Reimbursed
CLM_0000434,VEH_000848,DLR_IT_002,GEO_IT,20240617,2024-06-17,HV_Battery_Pack,ERR_HV_BATTERY_PACK_DIAG,3,4533,5.0,600.0,4500.0,5100.0,True,Reimbursed
CLM_0000435,VEH_004437,DLR_IT_001,GEO_IT,20261228,2026-12-28,HV_Battery_Pack,ERR_HV_BATTERY_PACK_DIAG,20,24320,5.0,600.0,4500.0,5100.0,True,Approved
CLM_0000436,VEH_006041,DLR_UK_001,GEO_UK,20260711,2026-07-11,Infotainment_OTA,ERR_INFOTAINMENT_OTA_DIAG,7,11984,3.5,420.0,150.0,570.0,False,Approved
CLM_0000437,VEH_006763,DLR_US_001,GEO_US,20251215,2025-12-15,Air_Suspension,ERR_AIR_SUSPENSION_DIAG,6,6996,5.0,600.0,850.0,1450.0,False,Under_Investigation
CLM_0000438,VEH_008803,DLR_IT_002,GEO_IT,20241130,2024-11-30,HV_Battery_Pack,ERR_HV_BATTERY_PACK_DIAG,4,6308,3.5,420.0,4500.0,4920.0,True,Approved
CLM_0000439,VEH_005591,DLR_IT_002,GEO_IT,20260312,2026-03-12,ADAS_Vision_Sensor,ERR_ADAS_VISION_SENSOR_DIAG,3,3396,5.0,600.0,1100.0,1700.0,True,Reimbursed
CLM_0000440,VEH_006263,DLR_SE_001,GEO_SE,20241212,2024-12-12,Air_Suspension,ERR_AIR_SUSPENSION_DIAG,4,4892,2.0,240.0,850.0,1090.0,False,Reimbursed
CLM_0000441,VEH_000142,DLR_NO_002,GEO_NO,20261228,2026-12-28,ADAS_Vision_Sensor,ERR_ADAS_VISION_SENSOR_DIAG,15,25050,3.5,420.0,1100.0,1520.0,True,Under_Investigation
CLM_0000442,VEH_001670,DLR_DE_001,GEO_DE,20261228,2026-12-28,Air_Suspension,ERR_AIR_SUSPENSION_DIAG,14,16380,5.0,600.0,850.0,1450.0,False,Approved
CLM_0000443,VEH_007770,DLR_UK_001,GEO_UK,20261228,2026-12-28,Electric_Drive_Inverter,ERR_ELECTRIC_DRIVE_INVERTER_DIAG,8,10640,3.5,420.0,1850.0,2270.0,True,Approved
CLM_0000444,VEH_004696,DLR_SE_002,GEO_SE,20250225,2025-02-25,HV_Battery_Pack,ERR_HV_BATTERY_PACK_DIAG,1,1692,3.5,420.0,4500.0,4920.0,True,Under_Investigation
CLM_0000445,VEH_007971,DLR_NO_002,GEO_NO,20260118,2026-01-18,Electric_Drive_Inverter,ERR_ELECTRIC_DRIVE_INVERTER_DIAG,13,15860,5.0,600.0,1850.0,2450.0,True,Approved
CLM_0000446,VEH_000194,DLR_US_001,GEO_US,20261228,2026-12-28,Infotainment_OTA,ERR_INFOTAINMENT_OTA_DIAG,20,34240,3.5,420.0,150.0,570.0,False,Under_Investigation
CLM_0000447,VEH_000293,DLR_SE_002,GEO_SE,20260422,2026-04-22,Air_Suspension,ERR_AIR_SUSPENSION_DIAG,22,31240,1.5,180.0,850.0,1030.0,False,Approved
CLM_0000448,VEH_003310,DLR_SE_001,GEO_SE,20261228,2026-12-28,ADAS_Vision_Sensor,ERR_ADAS_VISION_SENSOR_DIAG,24,27168,5.0,600.0,1100.0,1700.0,True,Under_Investigation
CLM_0000449,VEH_000422,DLR_IT_002,GEO_IT,20251205,2025-12-05,Infotainment_OTA,ERR_INFOTAINMENT_OTA_DIAG,4,6208,5.0,600.0,150.0,750.0,False,Under_Investigation
CLM_0000450,VEH_001698,DLR_DE_002,GEO_DE,20261228,2026-12-28,Electric_Drive_Inverter,ERR_ELECTRIC_DRIVE_INVERTER_DIAG,12,16956,2.0,240.0,1850.0,2090.0,True,Approved
CLM_0000451,VEH_004445,DLR_NL_002,GEO_NL,20260315,2026-03-15,Air_Suspension,ERR_AIR_SUSPENSION_DIAG,14,16632,5.0,600.0,850.0,1450.0,False,Reimbursed
CLM_0000452,VEH_004135,DLR_IT_001,GEO_IT,20250315,2025-03-15,HV_Battery_Pack,ERR_HV_BATTERY_PACK_DIAG,10,12390,2.0,240.0,4500.0,4740.0,True,Under_Investigation
CLM_0000453,VEH_005285,DLR_NO_001,GEO_NO,20261228,2026-12-28,HV_Battery_Pack,ERR_HV_BATTERY_PACK_DIAG,18,28800,5.0,600.0,4500.0,5100.0,True,Approved
CLM_0000454,VEH_002399,DLR_US_001,GEO_US,20260318,2026-03-18,Electric_Drive_Inverter,ERR_ELECTRIC_DRIVE_INVERTER_DIAG,21,28833,3.5,420.0,1850.0,2270.0,True,Reimbursed
CLM_0000455,VEH_002922,DLR_UK_001,GEO_UK,20260203,2026-02-03,HV_Battery_Pack,ERR_HV_BATTERY_PACK_DIAG,12,15360,5.0,600.0,4500.0,5100.0,True,Under_Investigation
CLM_0000456,VEH_005421,DLR_SE_001,GEO_SE,20240928,2024-09-28,HV_Battery_Pack,ERR_HV_BATTERY_PACK_DIAG,4,4500,2.0,240.0,4500.0,4740.0,True,Reimbursed
CLM_0000457,VEH_006436,DLR_NL_002,GEO_NL,20260321,2026-03-21,Air_Suspension,ERR_AIR_SUSPENSION_DIAG,24,27120,3.5,420.0,850.0,1270.0,False,Reimbursed
CLM_0000458,VEH_000395,DLR_DE_001,GEO_DE,20251218,2025-12-18,Infotainment_OTA,ERR_INFOTAINMENT_OTA_DIAG,18,26298,1.5,180.0,150.0,330.0,False,Under_Investigation
CLM_0000459,VEH_006538,DLR_NO_002,GEO_NO,20260701,2026-07-01,HV_Battery_Pack,ERR_HV_BATTERY_PACK_DIAG,2,2288,5.0,600.0,4500.0,5100.0,True,Reimbursed
CLM_0000460,VEH_001973,DLR_NO_002,GEO_NO,20251217,2025-12-17,HV_Battery_Pack,ERR_HV_BATTERY_PACK_DIAG,17,29393,2.0,240.0,4500.0,4740.0,True,Approved
CLM_0000461,VEH_007477,DLR_IT_002,GEO_IT,20251221,2025-12-21,Air_Suspension,ERR_AIR_SUSPENSION_DIAG,21,31206,5.0,600.0,850.0,1450.0,False,Approved
CLM_0000462,VEH_005257,DLR_SE_001,GEO_SE,20241111,2024-11-11,HV_Battery_Pack,ERR_HV_BATTERY_PACK_DIAG,9,14418,3.5,420.0,4500.0,4920.0,True,Reimbursed
CLM_0000463,VEH_000017,DLR_NL_002,GEO_NL,20260224,2026-02-24,Infotainment_OTA,ERR_INFOTAINMENT_OTA_DIAG,18,30294,5.0,600.0,150.0,750.0,False,Approved
CLM_0000464,VEH_009250,DLR_DE_002,GEO_DE,20260926,2026-09-26,Electric_Drive_Inverter,ERR_ELECTRIC_DRIVE_INVERTER_DIAG,22,37510,5.0,600.0,1850.0,2450.0,True,Reimbursed
CLM_0000465,VEH_001875,DLR_NO_001,GEO_NO,20241010,2024-10-10,HV_Battery_Pack,ERR_HV_BATTERY_PACK_DIAG,8,11216,5.0,600.0,4500.0,5100.0,True,Under_Investigation
CLM_0000466,VEH_007642,DLR_NL_001,GEO_NL,20261228,2026-12-28,HV_Battery_Pack,ERR_HV_BATTERY_PACK_DIAG,20,28740,1.5,180.0,4500.0,4680.0,True,Reimbursed
CLM_0000467,VEH_000365,DLR_DE_001,GEO_DE,20261228,2026-12-28,Air_Suspension,ERR_AIR_SUSPENSION_DIAG,23,32269,2.0,240.0,850.0,1090.0,False,Approved
CLM_0000468,VEH_004178,DLR_UK_001,GEO_UK,20250430,2025-04-30,HV_Battery_Pack,ERR_HV_BATTERY_PACK_DIAG,4,5964,2.0,240.0,4500.0,4740.0,True,Approved
CLM_0000469,VEH_004810,DLR_SE_001,GEO_SE,20241122,2024-11-22,Infotainment_OTA,ERR_INFOTAINMENT_OTA_DIAG,10,11680,5.0,600.0,150.0,750.0,False,Reimbursed
CLM_0000470,VEH_006683,DLR_NL_002,GEO_NL,20250603,2025-06-03,ADAS_Vision_Sensor,ERR_ADAS_VISION_SENSOR_DIAG,8,13768,3.5,420.0,1100.0,1520.0,True,Under_Investigation
CLM_0000471,VEH_006565,DLR_NL_002,GEO_NL,20250912,2025-09-12,Air_Suspension,ERR_AIR_SUSPENSION_DIAG,8,12584,5.0,600.0,850.0,1450.0,False,Under_Investigation
CLM_0000472,VEH_005869,DLR_IT_002,GEO_IT,20250520,2025-05-20,ADAS_Vision_Sensor,ERR_ADAS_VISION_SENSOR_DIAG,1,1452,2.0,240.0,1100.0,1340.0,True,Approved
CLM_0000473,VEH_006014,DLR_NO_002,GEO_NO,20250224,2025-02-24,HV_Battery_Pack,ERR_HV_BATTERY_PACK_DIAG,6,8274,3.5,420.0,4500.0,4920.0,True,Approved
CLM_0000474,VEH_008764,DLR_DE_002,GEO_DE,20260619,2026-06-19,HV_Battery_Pack,ERR_HV_BATTERY_PACK_DIAG,6,10590,2.0,240.0,4500.0,4740.0,True,Under_Investigation
CLM_0000475,VEH_000644,DLR_NO_001,GEO_NO,20260929,2026-09-29,HV_Battery_Pack,ERR_HV_BATTERY_PACK_DIAG,18,31284,2.0,240.0,4500.0,4740.0,True,Under_Investigation
CLM_0000476,VEH_000265,DLR_IT_002,GEO_IT,20260610,2026-06-10,Electric_Drive_Inverter,ERR_ELECTRIC_DRIVE_INVERTER_DIAG,2,2684,2.0,240.0,1850.0,2090.0,True,Under_Investigation
CLM_0000477,VEH_001340,DLR_NO_002,GEO_NO,20241030,2024-10-30,HV_Battery_Pack,ERR_HV_BATTERY_PACK_DIAG,2,3388,2.0,240.0,4500.0,4740.0,True,Under_Investigation
CLM_0000478,VEH_000330,DLR_UK_001,GEO_UK,20260705,2026-07-05,Air_Suspension,ERR_AIR_SUSPENSION_DIAG,14,18158,5.0,600.0,850.0,1450.0,False,Reimbursed
CLM_0000479,VEH_002625,DLR_NL_001,GEO_NL,20250914,2025-09-14,ADAS_Vision_Sensor,ERR_ADAS_VISION_SENSOR_DIAG,9,15885,3.5,420.0,1100.0,1520.0,True,Reimbursed
CLM_0000480,VEH_009661,DLR_IT_002,GEO_IT,20250504,2025-05-04,ADAS_Vision_Sensor,ERR_ADAS_VISION_SENSOR_DIAG,12,21024,5.0,600.0,1100.0,1700.0,True,Approved
CLM_0000481,VEH_009903,DLR_NL_002,GEO_NL,20261228,2026-12-28,Electric_Drive_Inverter,ERR_ELECTRIC_DRIVE_INVERTER_DIAG,22,26070,5.0,600.0,1850.0,2450.0,True,Reimbursed
CLM_0000482,VEH_001087,DLR_DE_001,GEO_DE,20260722,2026-07-22,Infotainment_OTA,ERR_INFOTAINMENT_OTA_DIAG,22,33638,3.5,420.0,150.0,570.0,False,Approved
CLM_0000483,VEH_009319,DLR_SE_002,GEO_SE,20260417,2026-04-17,HV_Battery_Pack,ERR_HV_BATTERY_PACK_DIAG,22,36168,1.5,180.0,4500.0,4680.0,True,Approved
CLM_0000484,VEH_005495,DLR_SE_002,GEO_SE,20241119,2024-11-19,HV_Battery_Pack,ERR_HV_BATTERY_PACK_DIAG,7,12187,2.0,240.0,4500.0,4740.0,True,Under_Investigation
CLM_0000485,VEH_002479,DLR_IT_001,GEO_IT,20250108,2025-01-08,HV_Battery_Pack,ERR_HV_BATTERY_PACK_DIAG,10,14800,5.0,600.0,4500.0,5100.0,True,Reimbursed
CLM_0000486,VEH_006122,DLR_NO_001,GEO_NO,20260820,2026-08-20,ADAS_Vision_Sensor,ERR_ADAS_VISION_SENSOR_DIAG,11,17743,1.5,180.0,1100.0,1280.0,True,Reimbursed
CLM_0000487,VEH_004046,DLR_DE_002,GEO_DE,20261228,2026-12-28,Electric_Drive_Inverter,ERR_ELECTRIC_DRIVE_INVERTER_DIAG,16,17600,1.5,180.0,1850.0,2030.0,True,Under_Investigation
CLM_0000488,VEH_009600,DLR_DE_001,GEO_DE,20261228,2026-12-28,HV_Battery_Pack,ERR_HV_BATTERY_PACK_DIAG,18,26316,2.0,240.0,4500.0,4740.0,True,Approved
CLM_0000489,VEH_008198,DLR_UK_001,GEO_UK,20261228,2026-12-28,Air_Suspension,ERR_AIR_SUSPENSION_DIAG,19,33041,2.0,240.0,850.0,1090.0,False,Reimbursed
CLM_0000490,VEH_004093,DLR_SE_001,GEO_SE,20241221,2024-12-21,Infotainment_OTA,ERR_INFOTAINMENT_OTA_DIAG,7,9401,2.0,240.0,150.0,390.0,False,Under_Investigation
CLM_0000491,VEH_008934,DLR_DE_001,GEO_DE,20260711,2026-07-11,HV_Battery_Pack,ERR_HV_BATTERY_PACK_DIAG,2,2982,3.5,420.0,4500.0,4920.0,True,Under_Investigation
CLM_0000492,VEH_003297,DLR_SE_002,GEO_SE,20261228,2026-12-28,ADAS_Vision_Sensor,ERR_ADAS_VISION_SENSOR_DIAG,17,19703,5.0,600.0,1100.0,1700.0,True,Approved
CLM_0000493,VEH_003370,DLR_IT_002,GEO_IT,20261229,2026-12-29,HV_Battery_Pack,ERR_HV_BATTERY_PACK_DIAG,14,21854,1.5,180.0,4500.0,4680.0,True,Under_Investigation
CLM_0000494,VEH_004067,DLR_SE_002,GEO_SE,20261228,2026-12-28,HV_Battery_Pack,ERR_HV_BATTERY_PACK_DIAG,17,23443,3.5,420.0,4500.0,4920.0,True,Reimbursed
CLM_0000495,VEH_004519,DLR_SE_002,GEO_SE,20260723,2026-07-23,HV_Battery_Pack,ERR_HV_BATTERY_PACK_DIAG,10,11670,3.5,420.0,4500.0,4920.0,True,Approved
CLM_0000496,VEH_002028,DLR_NL_001,GEO_NL,20261217,2026-12-17,HV_Battery_Pack,ERR_HV_BATTERY_PACK_DIAG,11,12661,2.0,240.0,4500.0,4740.0,True,Approved
CLM_0000497,VEH_006390,DLR_IT_002,GEO_IT,20250511,2025-05-11,HV_Battery_Pack,ERR_HV_BATTERY_PACK_DIAG,12,19920,2.0,240.0,4500.0,4740.0,True,Under_Investigation
CLM_0000498,VEH_000752,DLR_UK_001,GEO_UK,20241008,2024-10-08,HV_Battery_Pack,ERR_HV_BATTERY_PACK_DIAG,8,11144,3.5,420.0,4500.0,4920.0,True,Approved
CLM_0000499,VEH_004271,DLR_NL_001,GEO_NL,20260908,2026-09-08,HV_Battery_Pack,ERR_HV_BATTERY_PACK_DIAG,6,7794,5.0,600.0,4500.0,5100.0,True,Under_Investigation
CLM_0000500,VEH_009704,DLR_NL_002,GEO_NL,20260709,2026-07-09,Infotainment_OTA,ERR_INFOTAINMENT_OTA_DIAG,18,21348,2.0,240.0,150.0,390.0,False,Approved
CLM_0000501,VEH_004570,DLR_NL_001,GEO_NL,20260605,2026-06-05,Electric_Drive_Inverter,ERR_ELECTRIC_DRIVE_INVERTER_DIAG,16,18656,1.5,180.0,1850.0,2030.0,True,Approved
CLM_0000502,VEH_001517,DLR_NO_002,GEO_NO,20261021,2026-10-21,Electric_Drive_Inverter,ERR_ELECTRIC_DRIVE_INVERTER_DIAG,10,17890,3.5,420.0,1850.0,2270.0,True,Approved
CLM_0000503,VEH_001597,DLR_NO_001,GEO_NO,20260909,2026-09-09,HV_Battery_Pack,ERR_HV_BATTERY_PACK_DIAG,19,31996,2.0,240.0,4500.0,4740.0,True,Approved
CLM_0000504,VEH_009873,DLR_SE_002,GEO_SE,20250618,2025-06-18,ADAS_Vision_Sensor,ERR_ADAS_VISION_SENSOR_DIAG,10,13250,3.5,420.0,1100.0,1520.0,True,Approved
CLM_0000505,VEH_005192,DLR_NL_002,GEO_NL,20261228,2026-12-28,Infotainment_OTA,ERR_INFOTAINMENT_OTA_DIAG,19,31160,3.5,420.0,150.0,570.0,False,Under_Investigation
CLM_0000506,VEH_000232,DLR_NO_001,GEO_NO,20261228,2026-12-28,ADAS_Vision_Sensor,ERR_ADAS_VISION_SENSOR_DIAG,24,28128,3.5,420.0,1100.0,1520.0,True,Approved
CLM_0000507,VEH_008654,DLR_NL_002,GEO_NL,20260712,2026-07-12,HV_Battery_Pack,ERR_HV_BATTERY_PACK_DIAG,18,26964,1.5,180.0,4500.0,4680.0,True,Reimbursed
CLM_0000508,VEH_009611,DLR_IT_002,GEO_IT,20260108,2026-01-08,Electric_Drive_Inverter,ERR_ELECTRIC_DRIVE_INVERTER_DIAG,22,35002,3.5,420.0,1850.0,2270.0,True,Reimbursed
CLM_0000509,VEH_005798,DLR_IT_001,GEO_IT,20260505,2026-05-05,Electric_Drive_Inverter,ERR_ELECTRIC_DRIVE_INVERTER_DIAG,21,25956,1.5,180.0,1850.0,2030.0,True,Reimbursed
CLM_0000510,VEH_004769,DLR_DE_002,GEO_DE,20250624,2025-06-24,Air_Suspension,ERR_AIR_SUSPENSION_DIAG,9,13221,5.0,600.0,850.0,1450.0,False,Reimbursed
CLM_0000511,VEH_001658,DLR_DE_001,GEO_DE,20261122,2026-11-22,Electric_Drive_Inverter,ERR_ELECTRIC_DRIVE_INVERTER_DIAG,18,24894,5.0,600.0,1850.0,2450.0,True,Approved
CLM_0000512,VEH_007881,DLR_DE_001,GEO_DE,20261228,2026-12-28,Electric_Drive_Inverter,ERR_ELECTRIC_DRIVE_INVERTER_DIAG,9,10485,1.5,180.0,1850.0,2030.0,True,Under_Investigation
CLM_0000513,VEH_002690,DLR_SE_001,GEO_SE,20250216,2025-02-16,Air_Suspension,ERR_AIR_SUSPENSION_DIAG,4,4540,3.5,420.0,850.0,1270.0,False,Under_Investigation
CLM_0000514,VEH_008965,DLR_NO_001,GEO_NO,20250222,2025-02-22,Air_Suspension,ERR_AIR_SUSPENSION_DIAG,1,1145,1.5,180.0,850.0,1030.0,False,Reimbursed
CLM_0000515,VEH_008496,DLR_IT_002,GEO_IT,20250403,2025-04-03,Air_Suspension,ERR_AIR_SUSPENSION_DIAG,10,17170,5.0,600.0,850.0,1450.0,False,Approved
CLM_0000516,VEH_003495,DLR_UK_001,GEO_UK,20250323,2025-03-23,Air_Suspension,ERR_AIR_SUSPENSION_DIAG,13,17680,5.0,600.0,850.0,1450.0,False,Approved
CLM_0000517,VEH_009836,DLR_US_001,GEO_US,20260516,2026-05-16,Infotainment_OTA,ERR_INFOTAINMENT_OTA_DIAG,21,32550,1.5,180.0,150.0,330.0,False,Under_Investigation
CLM_0000518,VEH_006192,DLR_IT_001,GEO_IT,20261228,2026-12-28,HV_Battery_Pack,ERR_HV_BATTERY_PACK_DIAG,23,36317,3.5,420.0,4500.0,4920.0,True,Under_Investigation
CLM_0000519,VEH_002206,DLR_US_001,GEO_US,20250823,2025-08-23,HV_Battery_Pack,ERR_HV_BATTERY_PACK_DIAG,19,27436,3.5,420.0,4500.0,4920.0,True,Approved
CLM_0000520,VEH_004770,DLR_NL_001,GEO_NL,20261228,2026-12-28,ADAS_Vision_Sensor,ERR_ADAS_VISION_SENSOR_DIAG,12,17916,1.5,180.0,1100.0,1280.0,True,Under_Investigation
CLM_0000521,VEH_000285,DLR_NO_002,GEO_NO,20250526,2025-05-26,Electric_Drive_Inverter,ERR_ELECTRIC_DRIVE_INVERTER_DIAG,7,12348,1.5,180.0,1850.0,2030.0,True,Reimbursed
CLM_0000522,VEH_008986,DLR_IT_002,GEO_IT,20250503,2025-05-03,Electric_Drive_Inverter,ERR_ELECTRIC_DRIVE_INVERTER_DIAG,4,6596,2.0,240.0,1850.0,2090.0,True,Approved
CLM_0000523,VEH_009337,DLR_NO_002,GEO_NO,20250605,2025-06-05,HV_Battery_Pack,ERR_HV_BATTERY_PACK_DIAG,16,17872,1.5,180.0,4500.0,4680.0,True,Under_Investigation
CLM_0000524,VEH_000811,DLR_UK_001,GEO_UK,20261228,2026-12-28,ADAS_Vision_Sensor,ERR_ADAS_VISION_SENSOR_DIAG,17,21590,5.0,600.0,1100.0,1700.0,True,Reimbursed
CLM_0000525,VEH_002523,DLR_NL_002,GEO_NL,20260313,2026-03-13,ADAS_Vision_Sensor,ERR_ADAS_VISION_SENSOR_DIAG,3,4971,3.5,420.0,1100.0,1520.0,True,Approved
CLM_0000526,VEH_009413,DLR_DE_002,GEO_DE,20260813,2026-08-13,ADAS_Vision_Sensor,ERR_ADAS_VISION_SENSOR_DIAG,23,35121,3.5,420.0,1100.0,1520.0,True,Approved
CLM_0000527,VEH_000954,DLR_IT_001,GEO_IT,20260308,2026-03-08,Electric_Drive_Inverter,ERR_ELECTRIC_DRIVE_INVERTER_DIAG,10,12920,1.5,180.0,1850.0,2030.0,True,Under_Investigation
CLM_0000528,VEH_008547,DLR_DE_001,GEO_DE,20260824,2026-08-24,HV_Battery_Pack,ERR_HV_BATTERY_PACK_DIAG,13,16146,1.5,180.0,4500.0,4680.0,True,Under_Investigation
CLM_0000529,VEH_002509,DLR_UK_001,GEO_UK,20261228,2026-12-28,HV_Battery_Pack,ERR_HV_BATTERY_PACK_DIAG,24,39600,2.0,240.0,4500.0,4740.0,True,Reimbursed
CLM_0000530,VEH_002102,DLR_NO_001,GEO_NO,20260516,2026-05-16,Electric_Drive_Inverter,ERR_ELECTRIC_DRIVE_INVERTER_DIAG,15,20130,3.5,420.0,1850.0,2270.0,True,Under_Investigation
CLM_0000531,VEH_004785,DLR_SE_002,GEO_SE,20261228,2026-12-28,Infotainment_OTA,ERR_INFOTAINMENT_OTA_DIAG,20,27760,3.5,420.0,150.0,570.0,False,Reimbursed
CLM_0000532,VEH_009388,DLR_DE_002,GEO_DE,20260522,2026-05-22,Infotainment_OTA,ERR_INFOTAINMENT_OTA_DIAG,21,32949,5.0,600.0,150.0,750.0,False,Approved
CLM_0000533,VEH_002420,DLR_DE_001,GEO_DE,20261228,2026-12-28,HV_Battery_Pack,ERR_HV_BATTERY_PACK_DIAG,17,24820,2.0,240.0,4500.0,4740.0,True,Reimbursed
CLM_0000534,VEH_006998,DLR_NO_002,GEO_NO,20240904,2024-09-04,ADAS_Vision_Sensor,ERR_ADAS_VISION_SENSOR_DIAG,3,4149,2.0,240.0,1100.0,1340.0,True,Under_Investigation
CLM_0000535,VEH_008224,DLR_UK_001,GEO_UK,20261228,2026-12-28,Electric_Drive_Inverter,ERR_ELECTRIC_DRIVE_INVERTER_DIAG,19,27265,2.0,240.0,1850.0,2090.0,True,Reimbursed
CLM_0000536,VEH_002112,DLR_DE_001,GEO_DE,20260905,2026-09-05,Air_Suspension,ERR_AIR_SUSPENSION_DIAG,5,7780,3.5,420.0,850.0,1270.0,False,Approved
CLM_0000537,VEH_008691,DLR_IT_001,GEO_IT,20250719,2025-07-19,HV_Battery_Pack,ERR_HV_BATTERY_PACK_DIAG,15,24360,3.5,420.0,4500.0,4920.0,True,Approved
CLM_0000538,VEH_007334,DLR_UK_001,GEO_UK,20250227,2025-02-27,ADAS_Vision_Sensor,ERR_ADAS_VISION_SENSOR_DIAG,7,8561,1.5,180.0,1100.0,1280.0,True,Reimbursed
CLM_0000539,VEH_005678,DLR_NO_002,GEO_NO,20261228,2026-12-28,HV_Battery_Pack,ERR_HV_BATTERY_PACK_DIAG,24,30192,1.5,180.0,4500.0,4680.0,True,Approved
CLM_0000540,VEH_002115,DLR_NL_002,GEO_NL,20251225,2025-12-25,HV_Battery_Pack,ERR_HV_BATTERY_PACK_DIAG,10,15940,5.0,600.0,4500.0,5100.0,True,Approved
CLM_0000541,VEH_001249,DLR_SE_002,GEO_SE,20261222,2026-12-22,HV_Battery_Pack,ERR_HV_BATTERY_PACK_DIAG,13,20449,2.0,240.0,4500.0,4740.0,True,Under_Investigation
CLM_0000542,VEH_005812,DLR_SE_001,GEO_SE,20260505,2026-05-05,HV_Battery_Pack,ERR_HV_BATTERY_PACK_DIAG,4,4672,1.5,180.0,4500.0,4680.0,True,Approved
CLM_0000543,VEH_005803,DLR_NO_001,GEO_NO,20251228,2025-12-28,Electric_Drive_Inverter,ERR_ELECTRIC_DRIVE_INVERTER_DIAG,15,25695,2.0,240.0,1850.0,2090.0,True,Approved
CLM_0000544,VEH_003373,DLR_NL_001,GEO_NL,20260326,2026-03-26,Air_Suspension,ERR_AIR_SUSPENSION_DIAG,24,34152,2.0,240.0,850.0,1090.0,False,Reimbursed
CLM_0000545,VEH_000507,DLR_IT_002,GEO_IT,20260922,2026-09-22,HV_Battery_Pack,ERR_HV_BATTERY_PACK_DIAG,24,28392,1.5,180.0,4500.0,4680.0,True,Under_Investigation
CLM_0000546,VEH_008975,DLR_UK_001,GEO_UK,20260519,2026-05-19,HV_Battery_Pack,ERR_HV_BATTERY_PACK_DIAG,13,14508,5.0,600.0,4500.0,5100.0,True,Under_Investigation
CLM_0000547,VEH_009135,DLR_SE_002,GEO_SE,20260314,2026-03-14,HV_Battery_Pack,ERR_HV_BATTERY_PACK_DIAG,8,13320,2.0,240.0,4500.0,4740.0,True,Approved
CLM_0000548,VEH_004834,DLR_NL_002,GEO_NL,20260820,2026-08-20,HV_Battery_Pack,ERR_HV_BATTERY_PACK_DIAG,4,6808,2.0,240.0,4500.0,4740.0,True,Under_Investigation
CLM_0000549,VEH_006547,DLR_NO_001,GEO_NO,20250722,2025-07-22,ADAS_Vision_Sensor,ERR_ADAS_VISION_SENSOR_DIAG,6,7758,5.0,600.0,1100.0,1700.0,True,Approved
CLM_0000550,VEH_002020,DLR_IT_001,GEO_IT,20260526,2026-05-26,Infotainment_OTA,ERR_INFOTAINMENT_OTA_DIAG,12,20268,2.0,240.0,150.0,390.0,False,Reimbursed
CLM_0000551,VEH_005557,DLR_NO_002,GEO_NO,20260820,2026-08-20,HV_Battery_Pack,ERR_HV_BATTERY_PACK_DIAG,20,30480,1.5,180.0,4500.0,4680.0,True,Approved
CLM_0000552,VEH_004739,DLR_NL_001,GEO_NL,20251122,2025-11-22,Air_Suspension,ERR_AIR_SUSPENSION_DIAG,8,9832,1.5,180.0,850.0,1030.0,False,Under_Investigation
CLM_0000553,VEH_004381,DLR_IT_002,GEO_IT,20261228,2026-12-28,HV_Battery_Pack,ERR_HV_BATTERY_PACK_DIAG,11,14146,5.0,600.0,4500.0,5100.0,True,Under_Investigation
CLM_0000554,VEH_005157,DLR_IT_001,GEO_IT,20260928,2026-09-28,ADAS_Vision_Sensor,ERR_ADAS_VISION_SENSOR_DIAG,4,4828,3.5,420.0,1100.0,1520.0,True,Under_Investigation
CLM_0000555,VEH_000388,DLR_IT_001,GEO_IT,20261111,2026-11-11,HV_Battery_Pack,ERR_HV_BATTERY_PACK_DIAG,14,24906,2.0,240.0,4500.0,4740.0,True,Approved
CLM_0000556,VEH_000058,DLR_NL_001,GEO_NL,20261228,2026-12-28,HV_Battery_Pack,ERR_HV_BATTERY_PACK_DIAG,23,34661,5.0,600.0,4500.0,5100.0,True,Under_Investigation
CLM_0000557,VEH_001084,DLR_IT_001,GEO_IT,20251028,2025-10-28,HV_Battery_Pack,ERR_HV_BATTERY_PACK_DIAG,19,24073,2.0,240.0,4500.0,4740.0,True,Reimbursed
CLM_0000558,VEH_006174,DLR_DE_001,GEO_DE,20250614,2025-06-14,Electric_Drive_Inverter,ERR_ELECTRIC_DRIVE_INVERTER_DIAG,5,7315,2.0,240.0,1850.0,2090.0,True,Under_Investigation
CLM_0000559,VEH_008233,DLR_UK_001,GEO_UK,20240904,2024-09-04,HV_Battery_Pack,ERR_HV_BATTERY_PACK_DIAG,5,7875,3.5,420.0,4500.0,4920.0,True,Reimbursed
CLM_0000560,VEH_009662,DLR_SE_001,GEO_SE,20261228,2026-12-28,HV_Battery_Pack,ERR_HV_BATTERY_PACK_DIAG,21,35553,1.5,180.0,4500.0,4680.0,True,Under_Investigation
CLM_0000561,VEH_003282,DLR_NO_002,GEO_NO,20250726,2025-07-26,Electric_Drive_Inverter,ERR_ELECTRIC_DRIVE_INVERTER_DIAG,11,15169,5.0,600.0,1850.0,2450.0,True,Under_Investigation
CLM_0000562,VEH_009357,DLR_IT_001,GEO_IT,20261003,2026-10-03,HV_Battery_Pack,ERR_HV_BATTERY_PACK_DIAG,19,26885,5.0,600.0,4500.0,5100.0,True,Under_Investigation
CLM_0000563,VEH_004320,DLR_DE_002,GEO_DE,20261228,2026-12-28,Air_Suspension,ERR_AIR_SUSPENSION_DIAG,20,29080,2.0,240.0,850.0,1090.0,False,Reimbursed
CLM_0000564,VEH_003612,DLR_UK_001,GEO_UK,20250202,2025-02-02,Electric_Drive_Inverter,ERR_ELECTRIC_DRIVE_INVERTER_DIAG,3,4212,1.5,180.0,1850.0,2030.0,True,Under_Investigation
CLM_0000565,VEH_001222,DLR_SE_002,GEO_SE,20260719,2026-07-19,Electric_Drive_Inverter,ERR_ELECTRIC_DRIVE_INVERTER_DIAG,8,11664,1.5,180.0,1850.0,2030.0,True,Approved
CLM_0000566,VEH_000554,DLR_DE_002,GEO_DE,20260212,2026-02-12,Infotainment_OTA,ERR_INFOTAINMENT_OTA_DIAG,24,26472,1.5,180.0,150.0,330.0,False,Approved
CLM_0000567,VEH_000246,DLR_SE_002,GEO_SE,20250412,2025-04-12,Infotainment_OTA,ERR_INFOTAINMENT_OTA_DIAG,7,9499,5.0,600.0,150.0,750.0,False,Reimbursed
CLM_0000568,VEH_004964,DLR_US_001,GEO_US,20261106,2026-11-06,HV_Battery_Pack,ERR_HV_BATTERY_PACK_DIAG,7,11277,2.0,240.0,4500.0,4740.0,True,Approved
CLM_0000569,VEH_004257,DLR_NO_001,GEO_NO,20261228,2026-12-28,HV_Battery_Pack,ERR_HV_BATTERY_PACK_DIAG,10,12390,3.5,420.0,4500.0,4920.0,True,Reimbursed
CLM_0000570,VEH_008952,DLR_DE_002,GEO_DE,20250707,2025-07-07,Air_Suspension,ERR_AIR_SUSPENSION_DIAG,6,7032,2.0,240.0,850.0,1090.0,False,Under_Investigation
CLM_0000571,VEH_000745,DLR_NL_002,GEO_NL,20260822,2026-08-22,Electric_Drive_Inverter,ERR_ELECTRIC_DRIVE_INVERTER_DIAG,9,13374,2.0,240.0,1850.0,2090.0,True,Approved
CLM_0000572,VEH_001854,DLR_NL_001,GEO_NL,20250318,2025-03-18,Electric_Drive_Inverter,ERR_ELECTRIC_DRIVE_INVERTER_DIAG,13,19838,3.5,420.0,1850.0,2270.0,True,Approved
CLM_0000573,VEH_009734,DLR_NO_002,GEO_NO,20260821,2026-08-21,HV_Battery_Pack,ERR_HV_BATTERY_PACK_DIAG,3,4506,5.0,600.0,4500.0,5100.0,True,Under_Investigation
CLM_0000574,VEH_009084,DLR_DE_001,GEO_DE,20261228,2026-12-28,HV_Battery_Pack,ERR_HV_BATTERY_PACK_DIAG,13,17537,3.5,420.0,4500.0,4920.0,True,Reimbursed
CLM_0000575,VEH_004585,DLR_DE_002,GEO_DE,20260812,2026-08-12,Electric_Drive_Inverter,ERR_ELECTRIC_DRIVE_INVERTER_DIAG,7,12558,3.5,420.0,1850.0,2270.0,True,Reimbursed
CLM_0000576,VEH_005590,DLR_DE_002,GEO_DE,20250115,2025-01-15,ADAS_Vision_Sensor,ERR_ADAS_VISION_SENSOR_DIAG,9,15012,1.5,180.0,1100.0,1280.0,True,Under_Investigation
CLM_0000577,VEH_006451,DLR_NO_002,GEO_NO,20260827,2026-08-27,ADAS_Vision_Sensor,ERR_ADAS_VISION_SENSOR_DIAG,22,32406,5.0,600.0,1100.0,1700.0,True,Approved
CLM_0000578,VEH_003750,DLR_IT_002,GEO_IT,20260910,2026-09-10,HV_Battery_Pack,ERR_HV_BATTERY_PACK_DIAG,9,14661,2.0,240.0,4500.0,4740.0,True,Under_Investigation
CLM_0000579,VEH_009392,DLR_NL_001,GEO_NL,20261228,2026-12-28,HV_Battery_Pack,ERR_HV_BATTERY_PACK_DIAG,23,35075,3.5,420.0,4500.0,4920.0,True,Under_Investigation
CLM_0000580,VEH_007024,DLR_NL_001,GEO_NL,20261228,2026-12-28,Air_Suspension,ERR_AIR_SUSPENSION_DIAG,17,18972,2.0,240.0,850.0,1090.0,False,Approved
CLM_0000581,VEH_008247,DLR_NO_002,GEO_NO,20241116,2024-11-16,Electric_Drive_Inverter,ERR_ELECTRIC_DRIVE_INVERTER_DIAG,3,3537,5.0,600.0,1850.0,2450.0,True,Approved
CLM_0000582,VEH_002237,DLR_DE_001,GEO_DE,20261228,2026-12-28,ADAS_Vision_Sensor,ERR_ADAS_VISION_SENSOR_DIAG,21,34629,3.5,420.0,1100.0,1520.0,True,Approved
CLM_0000583,VEH_005673,DLR_DE_001,GEO_DE,20251227,2025-12-27,Infotainment_OTA,ERR_INFOTAINMENT_OTA_DIAG,10,14330,1.5,180.0,150.0,330.0,False,Approved
CLM_0000584,VEH_005055,DLR_NL_001,GEO_NL,20250807,2025-08-07,Electric_Drive_Inverter,ERR_ELECTRIC_DRIVE_INVERTER_DIAG,13,23036,2.0,240.0,1850.0,2090.0,True,Approved
CLM_0000585,VEH_002811,DLR_NL_001,GEO_NL,20260904,2026-09-04,Infotainment_OTA,ERR_INFOTAINMENT_OTA_DIAG,9,15516,5.0,600.0,150.0,750.0,False,Approved
CLM_0000586,VEH_001714,DLR_SE_002,GEO_SE,20261228,2026-12-28,Infotainment_OTA,ERR_INFOTAINMENT_OTA_DIAG,18,25452,3.5,420.0,150.0,570.0,False,Approved
CLM_0000587,VEH_002736,DLR_NO_002,GEO_NO,20261228,2026-12-28,Electric_Drive_Inverter,ERR_ELECTRIC_DRIVE_INVERTER_DIAG,19,33041,2.0,240.0,1850.0,2090.0,True,Under_Investigation
CLM_0000588,VEH_000585,DLR_UK_001,GEO_UK,20260630,2026-06-30,Electric_Drive_Inverter,ERR_ELECTRIC_DRIVE_INVERTER_DIAG,2,3330,5.0,600.0,1850.0,2450.0,True,Reimbursed
CLM_0000589,VEH_007705,DLR_NL_001,GEO_NL,20250601,2025-06-01,ADAS_Vision_Sensor,ERR_ADAS_VISION_SENSOR_DIAG,3,3441,2.0,240.0,1100.0,1340.0,True,Approved
CLM_0000590,VEH_008376,DLR_IT_002,GEO_IT,20261228,2026-12-28,Infotainment_OTA,ERR_INFOTAINMENT_OTA_DIAG,14,18886,1.5,180.0,150.0,330.0,False,Under_Investigation
CLM_0000591,VEH_001979,DLR_NL_002,GEO_NL,20241215,2024-12-15,Infotainment_OTA,ERR_INFOTAINMENT_OTA_DIAG,3,3723,5.0,600.0,150.0,750.0,False,Approved
CLM_0000592,VEH_004910,DLR_NO_002,GEO_NO,20261228,2026-12-28,HV_Battery_Pack,ERR_HV_BATTERY_PACK_DIAG,15,21255,2.0,240.0,4500.0,4740.0,True,Reimbursed
CLM_0000593,VEH_002377,DLR_US_001,GEO_US,20260517,2026-05-17,ADAS_Vision_Sensor,ERR_ADAS_VISION_SENSOR_DIAG,22,25652,3.5,420.0,1100.0,1520.0,True,Under_Investigation
CLM_0000594,VEH_008019,DLR_DE_001,GEO_DE,20261228,2026-12-28,HV_Battery_Pack,ERR_HV_BATTERY_PACK_DIAG,22,39512,5.0,600.0,4500.0,5100.0,True,Approved
CLM_0000595,VEH_002896,DLR_SE_002,GEO_SE,20261228,2026-12-28,HV_Battery_Pack,ERR_HV_BATTERY_PACK_DIAG,22,35838,5.0,600.0,4500.0,5100.0,True,Under_Investigation
CLM_0000596,VEH_002010,DLR_DE_002,GEO_DE,20251114,2025-11-14,HV_Battery_Pack,ERR_HV_BATTERY_PACK_DIAG,16,24400,3.5,420.0,4500.0,4920.0,True,Reimbursed
CLM_0000597,VEH_006219,DLR_DE_002,GEO_DE,20260404,2026-04-04,ADAS_Vision_Sensor,ERR_ADAS_VISION_SENSOR_DIAG,2,2880,2.0,240.0,1100.0,1340.0,True,Reimbursed
CLM_0000598,VEH_007053,DLR_IT_001,GEO_IT,20261228,2026-12-28,HV_Battery_Pack,ERR_HV_BATTERY_PACK_DIAG,10,11970,1.5,180.0,4500.0,4680.0,True,Approved
CLM_0000599,VEH_001231,DLR_NO_002,GEO_NO,20261228,2026-12-28,Electric_Drive_Inverter,ERR_ELECTRIC_DRIVE_INVERTER_DIAG,19,29127,1.5,180.0,1850.0,2030.0,True,Under_Investigation
CLM_0000600,VEH_006503,DLR_NL_002,GEO_NL,20260109,2026-01-09,HV_Battery_Pack,ERR_HV_BATTERY_PACK_DIAG,1,1204,2.0,240.0,4500.0,4740.0,True,Reimbursed
CLM_0000601,VEH_005518,DLR_SE_002,GEO_SE,20260106,2026-01-06,HV_Battery_Pack,ERR_HV_BATTERY_PACK_DIAG,9,9990,2.0,240.0,4500.0,4740.0,True,Approved
CLM_0000602,VEH_000714,DLR_NO_001,GEO_NO,20260427,2026-04-27,Infotainment_OTA,ERR_INFOTAINMENT_OTA_DIAG,23,31763,2.0,240.0,150.0,390.0,False,Approved
CLM_0000603,VEH_005383,DLR_IT_002,GEO_IT,20261228,2026-12-28,Air_Suspension,ERR_AIR_SUSPENSION_DIAG,18,26442,1.5,180.0,850.0,1030.0,False,Under_Investigation
CLM_0000604,VEH_006366,DLR_UK_001,GEO_UK,20260924,2026-09-24,Infotainment_OTA,ERR_INFOTAINMENT_OTA_DIAG,5,7200,5.0,600.0,150.0,750.0,False,Reimbursed
CLM_0000605,VEH_008059,DLR_IT_001,GEO_IT,20260522,2026-05-22,HV_Battery_Pack,ERR_HV_BATTERY_PACK_DIAG,6,7776,5.0,600.0,4500.0,5100.0,True,Approved
CLM_0000606,VEH_000683,DLR_DE_002,GEO_DE,20261119,2026-11-19,HV_Battery_Pack,ERR_HV_BATTERY_PACK_DIAG,18,31716,2.0,240.0,4500.0,4740.0,True,Reimbursed
CLM_0000607,VEH_007452,DLR_IT_001,GEO_IT,20260317,2026-03-17,HV_Battery_Pack,ERR_HV_BATTERY_PACK_DIAG,19,22857,1.5,180.0,4500.0,4680.0,True,Reimbursed
CLM_0000608,VEH_009409,DLR_IT_001,GEO_IT,20251125,2025-11-25,ADAS_Vision_Sensor,ERR_ADAS_VISION_SENSOR_DIAG,12,13404,2.0,240.0,1100.0,1340.0,True,Reimbursed
CLM_0000609,VEH_008137,DLR_IT_002,GEO_IT,20261228,2026-12-28,Air_Suspension,ERR_AIR_SUSPENSION_DIAG,20,25600,1.5,180.0,850.0,1030.0,False,Reimbursed
CLM_0000610,VEH_003390,DLR_IT_002,GEO_IT,20260120,2026-01-20,HV_Battery_Pack,ERR_HV_BATTERY_PACK_DIAG,19,28519,1.5,180.0,4500.0,4680.0,True,Under_Investigation
CLM_0000611,VEH_003277,DLR_UK_001,GEO_UK,20261228,2026-12-28,HV_Battery_Pack,ERR_HV_BATTERY_PACK_DIAG,13,15795,5.0,600.0,4500.0,5100.0,True,Reimbursed
CLM_0000612,VEH_001582,DLR_IT_001,GEO_IT,20251216,2025-12-16,Infotainment_OTA,ERR_INFOTAINMENT_OTA_DIAG,6,8904,5.0,600.0,150.0,750.0,False,Reimbursed
CLM_0000613,VEH_006439,DLR_SE_002,GEO_SE,20251207,2025-12-07,ADAS_Vision_Sensor,ERR_ADAS_VISION_SENSOR_DIAG,14,24430,2.0,240.0,1100.0,1340.0,True,Under_Investigation
CLM_0000614,VEH_003076,DLR_NL_002,GEO_NL,20250612,2025-06-12,Electric_Drive_Inverter,ERR_ELECTRIC_DRIVE_INVERTER_DIAG,8,11544,1.5,180.0,1850.0,2030.0,True,Reimbursed
CLM_0000615,VEH_009867,DLR_NL_001,GEO_NL,20260503,2026-05-03,HV_Battery_Pack,ERR_HV_BATTERY_PACK_DIAG,13,15236,3.5,420.0,4500.0,4920.0,True,Approved
CLM_0000616,VEH_003656,DLR_DE_002,GEO_DE,20260102,2026-01-02,HV_Battery_Pack,ERR_HV_BATTERY_PACK_DIAG,3,3381,2.0,240.0,4500.0,4740.0,True,Reimbursed
CLM_0000617,VEH_009943,DLR_NO_002,GEO_NO,20250614,2025-06-14,Air_Suspension,ERR_AIR_SUSPENSION_DIAG,5,6185,1.5,180.0,850.0,1030.0,False,Approved
CLM_0000618,VEH_009458,DLR_SE_002,GEO_SE,20251110,2025-11-10,Electric_Drive_Inverter,ERR_ELECTRIC_DRIVE_INVERTER_DIAG,14,21210,5.0,600.0,1850.0,2450.0,True,Reimbursed
CLM_0000619,VEH_007123,DLR_SE_001,GEO_SE,20260524,2026-05-24,HV_Battery_Pack,ERR_HV_BATTERY_PACK_DIAG,23,29072,2.0,240.0,4500.0,4740.0,True,Approved
CLM_0000620,VEH_009775,DLR_IT_002,GEO_IT,20251102,2025-11-02,HV_Battery_Pack,ERR_HV_BATTERY_PACK_DIAG,1,1769,5.0,600.0,4500.0,5100.0,True,Under_Investigation
CLM_0000621,VEH_001469,DLR_DE_001,GEO_DE,20250922,2025-09-22,Air_Suspension,ERR_AIR_SUSPENSION_DIAG,4,4772,5.0,600.0,850.0,1450.0,False,Reimbursed
CLM_0000622,VEH_007389,DLR_IT_002,GEO_IT,20260906,2026-09-06,HV_Battery_Pack,ERR_HV_BATTERY_PACK_DIAG,19,26448,5.0,600.0,4500.0,5100.0,True,Approved
CLM_0000623,VEH_008193,DLR_NO_001,GEO_NO,20261228,2026-12-28,Infotainment_OTA,ERR_INFOTAINMENT_OTA_DIAG,11,15213,1.5,180.0,150.0,330.0,False,Under_Investigation
CLM_0000624,VEH_009573,DLR_IT_002,GEO_IT,20261228,2026-12-28,Electric_Drive_Inverter,ERR_ELECTRIC_DRIVE_INVERTER_DIAG,21,36603,1.5,180.0,1850.0,2030.0,True,Approved
CLM_0000625,VEH_000873,DLR_IT_001,GEO_IT,20260725,2026-07-25,Electric_Drive_Inverter,ERR_ELECTRIC_DRIVE_INVERTER_DIAG,3,4251,1.5,180.0,1850.0,2030.0,True,Reimbursed
CLM_0000626,VEH_005476,DLR_NO_002,GEO_NO,20260522,2026-05-22,Air_Suspension,ERR_AIR_SUSPENSION_DIAG,6,10452,5.0,600.0,850.0,1450.0,False,Approved
CLM_0000627,VEH_008431,DLR_US_001,GEO_US,20261228,2026-12-28,HV_Battery_Pack,ERR_HV_BATTERY_PACK_DIAG,17,18989,3.5,420.0,4500.0,4920.0,True,Under_Investigation
CLM_0000628,VEH_000992,DLR_SE_001,GEO_SE,20261228,2026-12-28,Infotainment_OTA,ERR_INFOTAINMENT_OTA_DIAG,14,19950,1.5,180.0,150.0,330.0,False,Reimbursed
CLM_0000629,VEH_007987,DLR_DE_001,GEO_DE,20261228,2026-12-28,HV_Battery_Pack,ERR_HV_BATTERY_PACK_DIAG,19,32395,5.0,600.0,4500.0,5100.0,True,Approved
CLM_0000630,VEH_005322,DLR_IT_002,GEO_IT,20250411,2025-04-11,ADAS_Vision_Sensor,ERR_ADAS_VISION_SENSOR_DIAG,8,9520,3.5,420.0,1100.0,1520.0,True,Approved
CLM_0000631,VEH_007293,DLR_SE_002,GEO_SE,20250801,2025-08-01,HV_Battery_Pack,ERR_HV_BATTERY_PACK_DIAG,7,10493,5.0,600.0,4500.0,5100.0,True,Approved
CLM_0000632,VEH_004837,DLR_NO_001,GEO_NO,20260406,2026-04-06,Infotainment_OTA,ERR_INFOTAINMENT_OTA_DIAG,23,32200,3.5,420.0,150.0,570.0,False,Approved
CLM_0000633,VEH_009275,DLR_DE_001,GEO_DE,20261005,2026-10-05,Infotainment_OTA,ERR_INFOTAINMENT_OTA_DIAG,18,20358,5.0,600.0,150.0,750.0,False,Reimbursed
CLM_0000634,VEH_008178,DLR_NL_002,GEO_NL,20261228,2026-12-28,Air_Suspension,ERR_AIR_SUSPENSION_DIAG,21,34965,2.0,240.0,850.0,1090.0,False,Reimbursed
CLM_0000635,VEH_005357,DLR_UK_001,GEO_UK,20261228,2026-12-28,ADAS_Vision_Sensor,ERR_ADAS_VISION_SENSOR_DIAG,10,14320,3.5,420.0,1100.0,1520.0,True,Reimbursed
CLM_0000636,VEH_003065,DLR_NL_002,GEO_NL,20261005,2026-10-05,HV_Battery_Pack,ERR_HV_BATTERY_PACK_DIAG,12,19920,5.0,600.0,4500.0,5100.0,True,Reimbursed
CLM_0000637,VEH_005681,DLR_US_001,GEO_US,20260617,2026-06-17,Infotainment_OTA,ERR_INFOTAINMENT_OTA_DIAG,10,12790,1.5,180.0,150.0,330.0,False,Reimbursed
CLM_0000638,VEH_008828,DLR_UK_001,GEO_UK,20251223,2025-12-23,Electric_Drive_Inverter,ERR_ELECTRIC_DRIVE_INVERTER_DIAG,2,2784,5.0,600.0,1850.0,2450.0,True,Under_Investigation
CLM_0000639,VEH_008985,DLR_IT_001,GEO_IT,20260811,2026-08-11,Infotainment_OTA,ERR_INFOTAINMENT_OTA_DIAG,19,25099,5.0,600.0,150.0,750.0,False,Reimbursed
CLM_0000640,VEH_004120,DLR_UK_001,GEO_UK,20241115,2024-11-15,Infotainment_OTA,ERR_INFOTAINMENT_OTA_DIAG,1,1229,5.0,600.0,150.0,750.0,False,Approved
CLM_0000641,VEH_002575,DLR_NO_001,GEO_NO,20261228,2026-12-28,Infotainment_OTA,ERR_INFOTAINMENT_OTA_DIAG,17,29852,2.0,240.0,150.0,390.0,False,Reimbursed
CLM_0000642,VEH_007962,DLR_NO_002,GEO_NO,20250927,2025-09-27,Air_Suspension,ERR_AIR_SUSPENSION_DIAG,18,32364,1.5,180.0,850.0,1030.0,False,Under_Investigation
CLM_0000643,VEH_007381,DLR_DE_001,GEO_DE,20261228,2026-12-28,HV_Battery_Pack,ERR_HV_BATTERY_PACK_DIAG,17,30566,1.5,180.0,4500.0,4680.0,True,Under_Investigation
CLM_0000644,VEH_006214,DLR_NL_001,GEO_NL,20260611,2026-06-11,Air_Suspension,ERR_AIR_SUSPENSION_DIAG,11,13739,5.0,600.0,850.0,1450.0,False,Under_Investigation
CLM_0000645,VEH_005940,DLR_UK_001,GEO_UK,20250604,2025-06-04,HV_Battery_Pack,ERR_HV_BATTERY_PACK_DIAG,1,1389,1.5,180.0,4500.0,4680.0,True,Approved
CLM_0000646,VEH_003776,DLR_NL_001,GEO_NL,20261228,2026-12-28,HV_Battery_Pack,ERR_HV_BATTERY_PACK_DIAG,19,26372,3.5,420.0,4500.0,4920.0,True,Approved
CLM_0000647,VEH_003949,DLR_UK_001,GEO_UK,20260128,2026-01-28,HV_Battery_Pack,ERR_HV_BATTERY_PACK_DIAG,21,30786,2.0,240.0,4500.0,4740.0,True,Approved
CLM_0000648,VEH_007229,DLR_NL_002,GEO_NL,20260516,2026-05-16,Electric_Drive_Inverter,ERR_ELECTRIC_DRIVE_INVERTER_DIAG,7,11641,2.0,240.0,1850.0,2090.0,True,Under_Investigation
CLM_0000649,VEH_005199,DLR_DE_002,GEO_DE,20250703,2025-07-03,Electric_Drive_Inverter,ERR_ELECTRIC_DRIVE_INVERTER_DIAG,14,22428,2.0,240.0,1850.0,2090.0,True,Approved
CLM_0000650,VEH_006767,DLR_UK_001,GEO_UK,20260225,2026-02-25,ADAS_Vision_Sensor,ERR_ADAS_VISION_SENSOR_DIAG,16,18640,3.5,420.0,1100.0,1520.0,True,Reimbursed
CLM_0000651,VEH_006332,DLR_US_001,GEO_US,20261228,2026-12-28,ADAS_Vision_Sensor,ERR_ADAS_VISION_SENSOR_DIAG,20,34040,1.5,180.0,1100.0,1280.0,True,Under_Investigation
CLM_0000652,VEH_000537,DLR_SE_001,GEO_SE,20261228,2026-12-28,Air_Suspension,ERR_AIR_SUSPENSION_DIAG,24,29472,5.0,600.0,850.0,1450.0,False,Approved
CLM_0000653,VEH_002218,DLR_UK_001,GEO_UK,20261211,2026-12-11,Air_Suspension,ERR_AIR_SUSPENSION_DIAG,17,19465,1.5,180.0,850.0,1030.0,False,Reimbursed
CLM_0000654,VEH_003537,DLR_NO_002,GEO_NO,20240830,2024-08-30,Electric_Drive_Inverter,ERR_ELECTRIC_DRIVE_INVERTER_DIAG,3,5163,1.5,180.0,1850.0,2030.0,True,Approved
CLM_0000655,VEH_004703,DLR_NO_001,GEO_NO,20250430,2025-04-30,Air_Suspension,ERR_AIR_SUSPENSION_DIAG,13,21866,1.5,180.0,850.0,1030.0,False,Reimbursed
CLM_0000656,VEH_000310,DLR_US_001,GEO_US,20261228,2026-12-28,HV_Battery_Pack,ERR_HV_BATTERY_PACK_DIAG,19,33725,1.5,180.0,4500.0,4680.0,True,Reimbursed
CLM_0000657,VEH_002466,DLR_US_001,GEO_US,20251026,2025-10-26,Air_Suspension,ERR_AIR_SUSPENSION_DIAG,17,29750,1.5,180.0,850.0,1030.0,False,Under_Investigation
CLM_0000658,VEH_005626,DLR_NO_001,GEO_NO,20261228,2026-12-28,HV_Battery_Pack,ERR_HV_BATTERY_PACK_DIAG,8,13632,1.5,180.0,4500.0,4680.0,True,Approved
CLM_0000659,VEH_006358,DLR_DE_001,GEO_DE,20251018,2025-10-18,Electric_Drive_Inverter,ERR_ELECTRIC_DRIVE_INVERTER_DIAG,19,28880,3.5,420.0,1850.0,2270.0,True,Under_Investigation
CLM_0000660,VEH_009959,DLR_UK_001,GEO_UK,20261228,2026-12-28,HV_Battery_Pack,ERR_HV_BATTERY_PACK_DIAG,19,32775,5.0,600.0,4500.0,5100.0,True,Approved
CLM_0000661,VEH_009790,DLR_IT_001,GEO_IT,20260125,2026-01-25,Electric_Drive_Inverter,ERR_ELECTRIC_DRIVE_INVERTER_DIAG,20,35560,2.0,240.0,1850.0,2090.0,True,Approved
CLM_0000662,VEH_008946,DLR_NO_002,GEO_NO,20261228,2026-12-28,HV_Battery_Pack,ERR_HV_BATTERY_PACK_DIAG,24,34512,5.0,600.0,4500.0,5100.0,True,Reimbursed
CLM_0000663,VEH_000500,DLR_IT_002,GEO_IT,20260703,2026-07-03,HV_Battery_Pack,ERR_HV_BATTERY_PACK_DIAG,8,12632,5.0,600.0,4500.0,5100.0,True,Under_Investigation
CLM_0000664,VEH_002225,DLR_IT_002,GEO_IT,20260921,2026-09-21,HV_Battery_Pack,ERR_HV_BATTERY_PACK_DIAG,24,26952,2.0,240.0,4500.0,4740.0,True,Under_Investigation
CLM_0000665,VEH_000875,DLR_NL_002,GEO_NL,20260611,2026-06-11,Electric_Drive_Inverter,ERR_ELECTRIC_DRIVE_INVERTER_DIAG,22,36630,5.0,600.0,1850.0,2450.0,True,Approved
CLM_0000666,VEH_004545,DLR_IT_001,GEO_IT,20261228,2026-12-28,HV_Battery_Pack,ERR_HV_BATTERY_PACK_DIAG,23,29693,2.0,240.0,4500.0,4740.0,True,Reimbursed
CLM_0000667,VEH_007535,DLR_IT_002,GEO_IT,20241113,2024-11-13,Infotainment_OTA,ERR_INFOTAINMENT_OTA_DIAG,8,11376,5.0,600.0,150.0,750.0,False,Under_Investigation
CLM_0000668,VEH_005183,DLR_IT_002,GEO_IT,20261228,2026-12-28,HV_Battery_Pack,ERR_HV_BATTERY_PACK_DIAG,15,17550,5.0,600.0,4500.0,5100.0,True,Reimbursed
CLM_0000669,VEH_006017,DLR_DE_001,GEO_DE,20260621,2026-06-21,HV_Battery_Pack,ERR_HV_BATTERY_PACK_DIAG,16,26240,5.0,600.0,4500.0,5100.0,True,Under_Investigation
CLM_0000670,VEH_004800,DLR_NO_002,GEO_NO,20250730,2025-07-30,Infotainment_OTA,ERR_INFOTAINMENT_OTA_DIAG,17,23120,1.5,180.0,150.0,330.0,False,Reimbursed
CLM_0000671,VEH_008741,DLR_IT_001,GEO_IT,20261228,2026-12-28,ADAS_Vision_Sensor,ERR_ADAS_VISION_SENSOR_DIAG,17,22423,1.5,180.0,1100.0,1280.0,True,Reimbursed
CLM_0000672,VEH_008100,DLR_IT_002,GEO_IT,20261228,2026-12-28,Infotainment_OTA,ERR_INFOTAINMENT_OTA_DIAG,17,23664,1.5,180.0,150.0,330.0,False,Under_Investigation
CLM_0000673,VEH_007227,DLR_IT_002,GEO_IT,20261127,2026-11-27,HV_Battery_Pack,ERR_HV_BATTERY_PACK_DIAG,15,22110,2.0,240.0,4500.0,4740.0,True,Approved
CLM_0000674,VEH_005955,DLR_US_001,GEO_US,20240810,2024-08-10,HV_Battery_Pack,ERR_HV_BATTERY_PACK_DIAG,3,3576,5.0,600.0,4500.0,5100.0,True,Reimbursed
CLM_0000675,VEH_002911,DLR_UK_001,GEO_UK,20250404,2025-04-04,HV_Battery_Pack,ERR_HV_BATTERY_PACK_DIAG,3,5112,3.5,420.0,4500.0,4920.0,True,Approved
CLM_0000676,VEH_007494,DLR_NL_001,GEO_NL,20251216,2025-12-16,ADAS_Vision_Sensor,ERR_ADAS_VISION_SENSOR_DIAG,8,12808,2.0,240.0,1100.0,1340.0,True,Approved
CLM_0000677,VEH_009097,DLR_IT_002,GEO_IT,20250919,2025-09-19,ADAS_Vision_Sensor,ERR_ADAS_VISION_SENSOR_DIAG,11,12848,5.0,600.0,1100.0,1700.0,True,Under_Investigation
CLM_0000678,VEH_009251,DLR_SE_001,GEO_SE,20250706,2025-07-06,Infotainment_OTA,ERR_INFOTAINMENT_OTA_DIAG,16,18656,1.5,180.0,150.0,330.0,False,Reimbursed
CLM_0000679,VEH_008411,DLR_IT_002,GEO_IT,20250921,2025-09-21,Infotainment_OTA,ERR_INFOTAINMENT_OTA_DIAG,17,19193,5.0,600.0,150.0,750.0,False,Under_Investigation
CLM_0000680,VEH_006806,DLR_US_001,GEO_US,20261228,2026-12-28,HV_Battery_Pack,ERR_HV_BATTERY_PACK_DIAG,19,22401,5.0,600.0,4500.0,5100.0,True,Approved
CLM_0000681,VEH_005249,DLR_NL_001,GEO_NL,20250705,2025-07-05,Electric_Drive_Inverter,ERR_ELECTRIC_DRIVE_INVERTER_DIAG,10,17020,3.5,420.0,1850.0,2270.0,True,Under_Investigation
CLM_0000682,VEH_005932,DLR_IT_001,GEO_IT,20260430,2026-04-30,ADAS_Vision_Sensor,ERR_ADAS_VISION_SENSOR_DIAG,3,4482,3.5,420.0,1100.0,1520.0,True,Reimbursed
CLM_0000683,VEH_002297,DLR_NO_001,GEO_NO,20250513,2025-05-13,Electric_Drive_Inverter,ERR_ELECTRIC_DRIVE_INVERTER_DIAG,3,4890,3.5,420.0,1850.0,2270.0,True,Reimbursed
CLM_0000684,VEH_007849,DLR_NL_001,GEO_NL,20260704,2026-07-04,HV_Battery_Pack,ERR_HV_BATTERY_PACK_DIAG,23,26036,2.0,240.0,4500.0,4740.0,True,Approved
CLM_0000685,VEH_009838,DLR_NO_001,GEO_NO,20260116,2026-01-16,Electric_Drive_Inverter,ERR_ELECTRIC_DRIVE_INVERTER_DIAG,16,27200,1.5,180.0,1850.0,2030.0,True,Reimbursed
CLM_0000686,VEH_007022,DLR_IT_001,GEO_IT,20260831,2026-08-31,ADAS_Vision_Sensor,ERR_ADAS_VISION_SENSOR_DIAG,3,3399,2.0,240.0,1100.0,1340.0,True,Under_Investigation
CLM_0000687,VEH_005328,DLR_SE_001,GEO_SE,20260622,2026-06-22,Electric_Drive_Inverter,ERR_ELECTRIC_DRIVE_INVERTER_DIAG,7,10220,3.5,420.0,1850.0,2270.0,True,Under_Investigation
CLM_0000688,VEH_008906,DLR_NO_001,GEO_NO,20261228,2026-12-28,Infotainment_OTA,ERR_INFOTAINMENT_OTA_DIAG,11,13101,5.0,600.0,150.0,750.0,False,Approved
CLM_0000689,VEH_009545,DLR_IT_002,GEO_IT,20250123,2025-01-23,Infotainment_OTA,ERR_INFOTAINMENT_OTA_DIAG,8,10552,1.5,180.0,150.0,330.0,False,Reimbursed
CLM_0000690,VEH_008229,DLR_SE_002,GEO_SE,20261228,2026-12-28,HV_Battery_Pack,ERR_HV_BATTERY_PACK_DIAG,16,20000,5.0,600.0,4500.0,5100.0,True,Approved
CLM_0000691,VEH_000339,DLR_US_001,GEO_US,20260819,2026-08-19,Electric_Drive_Inverter,ERR_ELECTRIC_DRIVE_INVERTER_DIAG,24,36600,5.0,600.0,1850.0,2450.0,True,Approved
CLM_0000692,VEH_000005,DLR_US_001,GEO_US,20260422,2026-04-22,Air_Suspension,ERR_AIR_SUSPENSION_DIAG,17,20978,1.5,180.0,850.0,1030.0,False,Reimbursed
CLM_0000693,VEH_001091,DLR_US_001,GEO_US,20250415,2025-04-15,HV_Battery_Pack,ERR_HV_BATTERY_PACK_DIAG,7,11522,1.5,180.0,4500.0,4680.0,True,Under_Investigation
CLM_0000694,VEH_008215,DLR_SE_002,GEO_SE,20241107,2024-11-07,Air_Suspension,ERR_AIR_SUSPENSION_DIAG,6,7362,3.5,420.0,850.0,1270.0,False,Reimbursed
CLM_0000695,VEH_009885,DLR_DE_001,GEO_DE,20251215,2025-12-15,HV_Battery_Pack,ERR_HV_BATTERY_PACK_DIAG,8,13200,1.5,180.0,4500.0,4680.0,True,Under_Investigation
CLM_0000696,VEH_005913,DLR_NL_001,GEO_NL,20250104,2025-01-04,Electric_Drive_Inverter,ERR_ELECTRIC_DRIVE_INVERTER_DIAG,6,9468,5.0,600.0,1850.0,2450.0,True,Reimbursed
CLM_0000697,VEH_008028,DLR_US_001,GEO_US,20241109,2024-11-09,HV_Battery_Pack,ERR_HV_BATTERY_PACK_DIAG,4,4884,1.5,180.0,4500.0,4680.0,True,Approved
CLM_0000698,VEH_004675,DLR_NL_001,GEO_NL,20260331,2026-03-31,ADAS_Vision_Sensor,ERR_ADAS_VISION_SENSOR_DIAG,9,14598,5.0,600.0,1100.0,1700.0,True,Under_Investigation
CLM_0000699,VEH_003703,DLR_NL_001,GEO_NL,20260116,2026-01-16,Infotainment_OTA,ERR_INFOTAINMENT_OTA_DIAG,14,20804,2.0,240.0,150.0,390.0,False,Approved
CLM_0000700,VEH_000055,DLR_NO_002,GEO_NO,20260611,2026-06-11,ADAS_Vision_Sensor,ERR_ADAS_VISION_SENSOR_DIAG,19,23446,3.5,420.0,1100.0,1520.0,True,Approved
CLM_0000701,VEH_009958,DLR_SE_001,GEO_SE,20251030,2025-10-30,Electric_Drive_Inverter,ERR_ELECTRIC_DRIVE_INVERTER_DIAG,16,23984,2.0,240.0,1850.0,2090.0,True,Approved
CLM_0000702,VEH_004572,DLR_NL_002,GEO_NL,20260817,2026-08-17,Electric_Drive_Inverter,ERR_ELECTRIC_DRIVE_INVERTER_DIAG,24,39672,2.0,240.0,1850.0,2090.0,True,Reimbursed
CLM_0000703,VEH_004201,DLR_NL_002,GEO_NL,20251130,2025-11-30,Infotainment_OTA,ERR_INFOTAINMENT_OTA_DIAG,17,26996,2.0,240.0,150.0,390.0,False,Reimbursed
CLM_0000704,VEH_009070,DLR_DE_002,GEO_DE,20260909,2026-09-09,Infotainment_OTA,ERR_INFOTAINMENT_OTA_DIAG,14,18340,5.0,600.0,150.0,750.0,False,Under_Investigation
CLM_0000705,VEH_006308,DLR_SE_002,GEO_SE,20261102,2026-11-02,Air_Suspension,ERR_AIR_SUSPENSION_DIAG,11,12243,2.0,240.0,850.0,1090.0,False,Reimbursed
CLM_0000706,VEH_001652,DLR_UK_001,GEO_UK,20250727,2025-07-27,Electric_Drive_Inverter,ERR_ELECTRIC_DRIVE_INVERTER_DIAG,9,10107,2.0,240.0,1850.0,2090.0,True,Approved
CLM_0000707,VEH_005858,DLR_NO_002,GEO_NO,20260523,2026-05-23,ADAS_Vision_Sensor,ERR_ADAS_VISION_SENSOR_DIAG,12,19212,2.0,240.0,1100.0,1340.0,True,Approved
CLM_0000708,VEH_001070,DLR_NO_002,GEO_NO,20250514,2025-05-14,Air_Suspension,ERR_AIR_SUSPENSION_DIAG,14,24010,5.0,600.0,850.0,1450.0,False,Reimbursed
CLM_0000709,VEH_002163,DLR_SE_002,GEO_SE,20261228,2026-12-28,Air_Suspension,ERR_AIR_SUSPENSION_DIAG,19,33535,1.5,180.0,850.0,1030.0,False,Approved
CLM_0000710,VEH_005207,DLR_NL_001,GEO_NL,20260215,2026-02-15,ADAS_Vision_Sensor,ERR_ADAS_VISION_SENSOR_DIAG,18,22914,5.0,600.0,1100.0,1700.0,True,Under_Investigation
CLM_0000711,VEH_008389,DLR_IT_001,GEO_IT,20250819,2025-08-19,Air_Suspension,ERR_AIR_SUSPENSION_DIAG,7,8694,3.5,420.0,850.0,1270.0,False,Reimbursed
CLM_0000712,VEH_003435,DLR_NO_002,GEO_NO,20261228,2026-12-28,ADAS_Vision_Sensor,ERR_ADAS_VISION_SENSOR_DIAG,18,22806,2.0,240.0,1100.0,1340.0,True,Under_Investigation
CLM_0000713,VEH_000014,DLR_SE_001,GEO_SE,20261228,2026-12-28,ADAS_Vision_Sensor,ERR_ADAS_VISION_SENSOR_DIAG,20,35840,2.0,240.0,1100.0,1340.0,True,Under_Investigation
CLM_0000714,VEH_002199,DLR_UK_001,GEO_UK,20261218,2026-12-18,Infotainment_OTA,ERR_INFOTAINMENT_OTA_DIAG,13,18525,1.5,180.0,150.0,330.0,False,Under_Investigation
CLM_0000715,VEH_007783,DLR_IT_002,GEO_IT,20240711,2024-07-11,ADAS_Vision_Sensor,ERR_ADAS_VISION_SENSOR_DIAG,3,5100,5.0,600.0,1100.0,1700.0,True,Approved
CLM_0000716,VEH_008820,DLR_SE_001,GEO_SE,20260822,2026-08-22,ADAS_Vision_Sensor,ERR_ADAS_VISION_SENSOR_DIAG,23,33856,5.0,600.0,1100.0,1700.0,True,Under_Investigation
CLM_0000717,VEH_006002,DLR_US_001,GEO_US,20261020,2026-10-20,HV_Battery_Pack,ERR_HV_BATTERY_PACK_DIAG,10,14820,5.0,600.0,4500.0,5100.0,True,Under_Investigation
CLM_0000718,VEH_008498,DLR_NO_001,GEO_NO,20260310,2026-03-10,Air_Suspension,ERR_AIR_SUSPENSION_DIAG,3,4590,2.0,240.0,850.0,1090.0,False,Under_Investigation
CLM_0000719,VEH_005900,DLR_NL_001,GEO_NL,20261228,2026-12-28,Air_Suspension,ERR_AIR_SUSPENSION_DIAG,23,25507,2.0,240.0,850.0,1090.0,False,Under_Investigation
CLM_0000720,VEH_008974,DLR_NL_002,GEO_NL,20260913,2026-09-13,ADAS_Vision_Sensor,ERR_ADAS_VISION_SENSOR_DIAG,19,32585,1.5,180.0,1100.0,1280.0,True,Approved
CLM_0000721,VEH_006048,DLR_IT_001,GEO_IT,20261228,2026-12-28,HV_Battery_Pack,ERR_HV_BATTERY_PACK_DIAG,24,40320,1.5,180.0,4500.0,4680.0,True,Approved
CLM_0000722,VEH_009906,DLR_IT_002,GEO_IT,20261228,2026-12-28,Electric_Drive_Inverter,ERR_ELECTRIC_DRIVE_INVERTER_DIAG,18,22050,3.5,420.0,1850.0,2270.0,True,Under_Investigation
CLM_0000723,VEH_009955,DLR_UK_001,GEO_UK,20260330,2026-03-30,Electric_Drive_Inverter,ERR_ELECTRIC_DRIVE_INVERTER_DIAG,6,8148,1.5,180.0,1850.0,2030.0,True,Approved
CLM_0000724,VEH_000409,DLR_SE_002,GEO_SE,20260716,2026-07-16,HV_Battery_Pack,ERR_HV_BATTERY_PACK_DIAG,9,15111,3.5,420.0,4500.0,4920.0,True,Reimbursed
CLM_0000725,VEH_000304,DLR_IT_001,GEO_IT,20260914,2026-09-14,Air_Suspension,ERR_AIR_SUSPENSION_DIAG,19,24263,1.5,180.0,850.0,1030.0,False,Reimbursed
CLM_0000726,VEH_004803,DLR_NO_001,GEO_NO,20260501,2026-05-01,Air_Suspension,ERR_AIR_SUSPENSION_DIAG,22,31394,5.0,600.0,850.0,1450.0,False,Under_Investigation
CLM_0000727,VEH_000559,DLR_IT_002,GEO_IT,20261228,2026-12-28,Infotainment_OTA,ERR_INFOTAINMENT_OTA_DIAG,9,13320,3.5,420.0,150.0,570.0,False,Approved
CLM_0000728,VEH_009856,DLR_DE_001,GEO_DE,20251118,2025-11-18,Infotainment_OTA,ERR_INFOTAINMENT_OTA_DIAG,17,19805,5.0,600.0,150.0,750.0,False,Reimbursed
CLM_0000729,VEH_002347,DLR_NL_001,GEO_NL,20260621,2026-06-21,Electric_Drive_Inverter,ERR_ELECTRIC_DRIVE_INVERTER_DIAG,23,40457,5.0,600.0,1850.0,2450.0,True,Under_Investigation
CLM_0000730,VEH_009210,DLR_NO_002,GEO_NO,20260603,2026-06-03,HV_Battery_Pack,ERR_HV_BATTERY_PACK_DIAG,2,3172,3.5,420.0,4500.0,4920.0,True,Under_Investigation
CLM_0000731,VEH_009613,DLR_SE_001,GEO_SE,20250815,2025-08-15,Electric_Drive_Inverter,ERR_ELECTRIC_DRIVE_INVERTER_DIAG,16,20960,2.0,240.0,1850.0,2090.0,True,Approved
CLM_0000732,VEH_004799,DLR_DE_002,GEO_DE,20261228,2026-12-28,Electric_Drive_Inverter,ERR_ELECTRIC_DRIVE_INVERTER_DIAG,22,24288,3.5,420.0,1850.0,2270.0,True,Approved
CLM_0000733,VEH_001053,DLR_NO_002,GEO_NO,20261228,2026-12-28,HV_Battery_Pack,ERR_HV_BATTERY_PACK_DIAG,18,24570,3.5,420.0,4500.0,4920.0,True,Under_Investigation
CLM_0000734,VEH_001711,DLR_DE_001,GEO_DE,20240904,2024-09-04,HV_Battery_Pack,ERR_HV_BATTERY_PACK_DIAG,7,11830,3.5,420.0,4500.0,4920.0,True,Under_Investigation
CLM_0000735,VEH_000177,DLR_DE_001,GEO_DE,20261228,2026-12-28,HV_Battery_Pack,ERR_HV_BATTERY_PACK_DIAG,19,24491,2.0,240.0,4500.0,4740.0,True,Reimbursed
CLM_0000736,VEH_009872,DLR_DE_002,GEO_DE,20261216,2026-12-16,ADAS_Vision_Sensor,ERR_ADAS_VISION_SENSOR_DIAG,15,21750,1.5,180.0,1100.0,1280.0,True,Under_Investigation
CLM_0000737,VEH_006038,DLR_NO_002,GEO_NO,20251015,2025-10-15,HV_Battery_Pack,ERR_HV_BATTERY_PACK_DIAG,20,27260,2.0,240.0,4500.0,4740.0,True,Under_Investigation
CLM_0000738,VEH_006670,DLR_DE_001,GEO_DE,20240313,2024-03-13,ADAS_Vision_Sensor,ERR_ADAS_VISION_SENSOR_DIAG,2,2538,3.5,420.0,1100.0,1520.0,True,Reimbursed
CLM_0000739,VEH_003881,DLR_IT_001,GEO_IT,20251126,2025-11-26,Air_Suspension,ERR_AIR_SUSPENSION_DIAG,18,31770,3.5,420.0,850.0,1270.0,False,Under_Investigation
CLM_0000740,VEH_008519,DLR_SE_001,GEO_SE,20260215,2026-02-15,Infotainment_OTA,ERR_INFOTAINMENT_OTA_DIAG,17,24820,3.5,420.0,150.0,570.0,False,Reimbursed
CLM_0000741,VEH_003962,DLR_DE_002,GEO_DE,20260328,2026-03-28,Electric_Drive_Inverter,ERR_ELECTRIC_DRIVE_INVERTER_DIAG,9,13212,5.0,600.0,1850.0,2450.0,True,Reimbursed
CLM_0000742,VEH_005116,DLR_UK_001,GEO_UK,20251209,2025-12-09,Electric_Drive_Inverter,ERR_ELECTRIC_DRIVE_INVERTER_DIAG,7,11151,3.5,420.0,1850.0,2270.0,True,Approved
CLM_0000743,VEH_009817,DLR_US_001,GEO_US,20261228,2026-12-28,HV_Battery_Pack,ERR_HV_BATTERY_PACK_DIAG,21,28056,1.5,180.0,4500.0,4680.0,True,Approved
CLM_0000744,VEH_007150,DLR_SE_001,GEO_SE,20261228,2026-12-28,Electric_Drive_Inverter,ERR_ELECTRIC_DRIVE_INVERTER_DIAG,22,35332,2.0,240.0,1850.0,2090.0,True,Reimbursed
CLM_0000745,VEH_001319,DLR_IT_002,GEO_IT,20250610,2025-06-10,Electric_Drive_Inverter,ERR_ELECTRIC_DRIVE_INVERTER_DIAG,15,26835,5.0,600.0,1850.0,2450.0,True,Under_Investigation
CLM_0000746,VEH_009445,DLR_SE_001,GEO_SE,20250630,2025-06-30,Electric_Drive_Inverter,ERR_ELECTRIC_DRIVE_INVERTER_DIAG,17,24973,2.0,240.0,1850.0,2090.0,True,Reimbursed
CLM_0000747,VEH_000639,DLR_NO_002,GEO_NO,20250709,2025-07-09,ADAS_Vision_Sensor,ERR_ADAS_VISION_SENSOR_DIAG,3,4140,1.5,180.0,1100.0,1280.0,True,Approved
CLM_0000748,VEH_007421,DLR_SE_002,GEO_SE,20251204,2025-12-04,ADAS_Vision_Sensor,ERR_ADAS_VISION_SENSOR_DIAG,11,16929,1.5,180.0,1100.0,1280.0,True,Approved
CLM_0000749,VEH_001110,DLR_DE_001,GEO_DE,20241121,2024-11-21,Electric_Drive_Inverter,ERR_ELECTRIC_DRIVE_INVERTER_DIAG,1,1458,2.0,240.0,1850.0,2090.0,True,Under_Investigation
CLM_0000750,VEH_005362,DLR_IT_001,GEO_IT,20250216,2025-02-16,HV_Battery_Pack,ERR_HV_BATTERY_PACK_DIAG,1,1626,2.0,240.0,4500.0,4740.0,True,Approved
CLM_0000751,VEH_008824,DLR_IT_002,GEO_IT,20241224,2024-12-24,Electric_Drive_Inverter,ERR_ELECTRIC_DRIVE_INVERTER_DIAG,11,14465,1.5,180.0,1850.0,2030.0,True,Under_Investigation
CLM_0000752,VEH_007943,DLR_SE_002,GEO_SE,20260329,2026-03-29,HV_Battery_Pack,ERR_HV_BATTERY_PACK_DIAG,2,2486,3.5,420.0,4500.0,4920.0,True,Under_Investigation
CLM_0000753,VEH_008469,DLR_DE_001,GEO_DE,20251104,2025-11-04,HV_Battery_Pack,ERR_HV_BATTERY_PACK_DIAG,8,12792,5.0,600.0,4500.0,5100.0,True,Reimbursed
CLM_0000754,VEH_001856,DLR_DE_001,GEO_DE,20251202,2025-12-02,HV_Battery_Pack,ERR_HV_BATTERY_PACK_DIAG,5,7970,5.0,600.0,4500.0,5100.0,True,Under_Investigation
CLM_0000755,VEH_003838,DLR_IT_001,GEO_IT,20251128,2025-11-28,HV_Battery_Pack,ERR_HV_BATTERY_PACK_DIAG,8,12568,2.0,240.0,4500.0,4740.0,True,Reimbursed
CLM_0000756,VEH_008911,DLR_IT_001,GEO_IT,20251028,2025-10-28,ADAS_Vision_Sensor,ERR_ADAS_VISION_SENSOR_DIAG,10,11550,2.0,240.0,1100.0,1340.0,True,Under_Investigation
CLM_0000757,VEH_001310,DLR_SE_001,GEO_SE,20241204,2024-12-04,HV_Battery_Pack,ERR_HV_BATTERY_PACK_DIAG,9,10611,2.0,240.0,4500.0,4740.0,True,Approved
CLM_0000758,VEH_008094,DLR_UK_001,GEO_UK,20261228,2026-12-28,HV_Battery_Pack,ERR_HV_BATTERY_PACK_DIAG,7,12264,2.0,240.0,4500.0,4740.0,True,Approved
CLM_0000759,VEH_007840,DLR_NO_001,GEO_NO,20261228,2026-12-28,HV_Battery_Pack,ERR_HV_BATTERY_PACK_DIAG,14,18984,1.5,180.0,4500.0,4680.0,True,Under_Investigation
CLM_0000760,VEH_002637,DLR_IT_001,GEO_IT,20260502,2026-05-02,HV_Battery_Pack,ERR_HV_BATTERY_PACK_DIAG,21,34146,5.0,600.0,4500.0,5100.0,True,Reimbursed
CLM_0000761,VEH_004393,DLR_IT_001,GEO_IT,20261228,2026-12-28,Air_Suspension,ERR_AIR_SUSPENSION_DIAG,24,29856,5.0,600.0,850.0,1450.0,False,Approved
CLM_0000762,VEH_003218,DLR_NL_002,GEO_NL,20250818,2025-08-18,HV_Battery_Pack,ERR_HV_BATTERY_PACK_DIAG,5,6320,2.0,240.0,4500.0,4740.0,True,Under_Investigation
CLM_0000763,VEH_008369,DLR_IT_001,GEO_IT,20241203,2024-12-03,Air_Suspension,ERR_AIR_SUSPENSION_DIAG,5,7980,2.0,240.0,850.0,1090.0,False,Approved
CLM_0000764,VEH_007115,DLR_SE_002,GEO_SE,20260212,2026-02-12,Air_Suspension,ERR_AIR_SUSPENSION_DIAG,18,29232,3.5,420.0,850.0,1270.0,False,Reimbursed
CLM_0000765,VEH_008224,DLR_UK_001,GEO_UK,20261228,2026-12-28,Electric_Drive_Inverter,ERR_ELECTRIC_DRIVE_INVERTER_DIAG,18,20556,1.5,180.0,1850.0,2030.0,True,Reimbursed
CLM_0000766,VEH_009119,DLR_IT_001,GEO_IT,20261228,2026-12-28,Electric_Drive_Inverter,ERR_ELECTRIC_DRIVE_INVERTER_DIAG,24,33912,1.5,180.0,1850.0,2030.0,True,Under_Investigation
CLM_0000767,VEH_007251,DLR_NO_002,GEO_NO,20261228,2026-12-28,Electric_Drive_Inverter,ERR_ELECTRIC_DRIVE_INVERTER_DIAG,20,31960,2.0,240.0,1850.0,2090.0,True,Approved
CLM_0000768,VEH_010024,DLR_NL_001,GEO_NL,20260529,2026-05-29,HV_Battery_Pack,ERR_HV_BATTERY_PACK_DIAG,16,22880,3.5,420.0,4500.0,4920.0,True,Under_Investigation
CLM_0000769,VEH_001289,DLR_UK_001,GEO_UK,20240903,2024-09-03,Infotainment_OTA,ERR_INFOTAINMENT_OTA_DIAG,7,11396,2.0,240.0,150.0,390.0,False,Reimbursed
CLM_0000770,VEH_000484,DLR_NO_002,GEO_NO,20261013,2026-10-13,Electric_Drive_Inverter,ERR_ELECTRIC_DRIVE_INVERTER_DIAG,23,27738,5.0,600.0,1850.0,2450.0,True,Under_Investigation
CLM_0000771,VEH_000932,DLR_UK_001,GEO_UK,20260212,2026-02-12,HV_Battery_Pack,ERR_HV_BATTERY_PACK_DIAG,7,11487,5.0,600.0,4500.0,5100.0,True,Reimbursed
CLM_0000772,VEH_005600,DLR_IT_002,GEO_IT,20260303,2026-03-03,Electric_Drive_Inverter,ERR_ELECTRIC_DRIVE_INVERTER_DIAG,12,14328,1.5,180.0,1850.0,2030.0,True,Reimbursed
CLM_0000773,VEH_009378,DLR_NL_002,GEO_NL,20260914,2026-09-14,Air_Suspension,ERR_AIR_SUSPENSION_DIAG,5,6050,2.0,240.0,850.0,1090.0,False,Under_Investigation
CLM_0000774,VEH_007368,DLR_IT_002,GEO_IT,20261228,2026-12-28,HV_Battery_Pack,ERR_HV_BATTERY_PACK_DIAG,14,17738,3.5,420.0,4500.0,4920.0,True,Under_Investigation
CLM_0000775,VEH_007178,DLR_US_001,GEO_US,20260526,2026-05-26,Electric_Drive_Inverter,ERR_ELECTRIC_DRIVE_INVERTER_DIAG,24,33600,3.5,420.0,1850.0,2270.0,True,Approved
CLM_0000776,VEH_008659,DLR_NO_002,GEO_NO,20251027,2025-10-27,ADAS_Vision_Sensor,ERR_ADAS_VISION_SENSOR_DIAG,2,3400,2.0,240.0,1100.0,1340.0,True,Under_Investigation
CLM_0000777,VEH_001204,DLR_DE_002,GEO_DE,20250909,2025-09-09,ADAS_Vision_Sensor,ERR_ADAS_VISION_SENSOR_DIAG,14,20734,3.5,420.0,1100.0,1520.0,True,Reimbursed
CLM_0000778,VEH_005009,DLR_IT_001,GEO_IT,20261228,2026-12-28,Electric_Drive_Inverter,ERR_ELECTRIC_DRIVE_INVERTER_DIAG,15,18945,5.0,600.0,1850.0,2450.0,True,Reimbursed
CLM_0000779,VEH_004164,DLR_NO_002,GEO_NO,20251130,2025-11-30,Infotainment_OTA,ERR_INFOTAINMENT_OTA_DIAG,18,30348,2.0,240.0,150.0,390.0,False,Approved
CLM_0000780,VEH_004444,DLR_DE_002,GEO_DE,20250216,2025-02-16,Air_Suspension,ERR_AIR_SUSPENSION_DIAG,2,2446,5.0,600.0,850.0,1450.0,False,Approved
CLM_0000781,VEH_003422,DLR_NL_001,GEO_NL,20250628,2025-06-28,Infotainment_OTA,ERR_INFOTAINMENT_OTA_DIAG,14,18802,2.0,240.0,150.0,390.0,False,Reimbursed
CLM_0000782,VEH_001696,DLR_UK_001,GEO_UK,20261216,2026-12-16,Electric_Drive_Inverter,ERR_ELECTRIC_DRIVE_INVERTER_DIAG,24,30000,3.5,420.0,1850.0,2270.0,True,Reimbursed
CLM_0000783,VEH_004122,DLR_SE_002,GEO_SE,20250316,2025-03-16,Air_Suspension,ERR_AIR_SUSPENSION_DIAG,8,11640,1.5,180.0,850.0,1030.0,False,Under_Investigation
CLM_0000784,VEH_005345,DLR_NL_001,GEO_NL,20261110,2026-11-10,Electric_Drive_Inverter,ERR_ELECTRIC_DRIVE_INVERTER_DIAG,16,22032,2.0,240.0,1850.0,2090.0,True,Approved
CLM_0000785,VEH_008342,DLR_NO_002,GEO_NO,20251213,2025-12-13,HV_Battery_Pack,ERR_HV_BATTERY_PACK_DIAG,9,11610,1.5,180.0,4500.0,4680.0,True,Under_Investigation
CLM_0000786,VEH_001404,DLR_NO_002,GEO_NO,20250719,2025-07-19,Electric_Drive_Inverter,ERR_ELECTRIC_DRIVE_INVERTER_DIAG,1,1695,3.5,420.0,1850.0,2270.0,True,Reimbursed
CLM_0000787,VEH_003195,DLR_NL_001,GEO_NL,20250726,2025-07-26,ADAS_Vision_Sensor,ERR_ADAS_VISION_SENSOR_DIAG,6,8196,1.5,180.0,1100.0,1280.0,True,Reimbursed
CLM_0000788,VEH_003620,DLR_NO_002,GEO_NO,20261228,2026-12-28,Electric_Drive_Inverter,ERR_ELECTRIC_DRIVE_INVERTER_DIAG,12,17700,5.0,600.0,1850.0,2450.0,True,Under_Investigation
CLM_0000789,VEH_005905,DLR_IT_002,GEO_IT,20260602,2026-06-02,Electric_Drive_Inverter,ERR_ELECTRIC_DRIVE_INVERTER_DIAG,17,18768,3.5,420.0,1850.0,2270.0,True,Under_Investigation
CLM_0000790,VEH_004384,DLR_UK_001,GEO_UK,20261228,2026-12-28,Air_Suspension,ERR_AIR_SUSPENSION_DIAG,19,27835,2.0,240.0,850.0,1090.0,False,Reimbursed
CLM_0000791,VEH_001589,DLR_UK_001,GEO_UK,20251109,2025-11-09,ADAS_Vision_Sensor,ERR_ADAS_VISION_SENSOR_DIAG,5,7975,5.0,600.0,1100.0,1700.0,True,Under_Investigation
CLM_0000792,VEH_004043,DLR_IT_002,GEO_IT,20250402,2025-04-02,Electric_Drive_Inverter,ERR_ELECTRIC_DRIVE_INVERTER_DIAG,5,5990,5.0,600.0,1850.0,2450.0,True,Under_Investigation
CLM_0000793,VEH_001123,DLR_IT_001,GEO_IT,20250904,2025-09-04,HV_Battery_Pack,ERR_HV_BATTERY_PACK_DIAG,6,8292,5.0,600.0,4500.0,5100.0,True,Reimbursed
CLM_0000794,VEH_010034,DLR_UK_001,GEO_UK,20250702,2025-07-02,ADAS_Vision_Sensor,ERR_ADAS_VISION_SENSOR_DIAG,5,7120,3.5,420.0,1100.0,1520.0,True,Under_Investigation
CLM_0000795,VEH_006568,DLR_SE_001,GEO_SE,20260317,2026-03-17,HV_Battery_Pack,ERR_HV_BATTERY_PACK_DIAG,14,22050,1.5,180.0,4500.0,4680.0,True,Approved
CLM_0000796,VEH_008427,DLR_IT_001,GEO_IT,20251102,2025-11-02,Air_Suspension,ERR_AIR_SUSPENSION_DIAG,12,19836,3.5,420.0,850.0,1270.0,False,Approved
CLM_0000797,VEH_003413,DLR_DE_002,GEO_DE,20261228,2026-12-28,HV_Battery_Pack,ERR_HV_BATTERY_PACK_DIAG,19,23427,1.5,180.0,4500.0,4680.0,True,Reimbursed
CLM_0000798,VEH_003684,DLR_IT_002,GEO_IT,20261015,2026-10-15,HV_Battery_Pack,ERR_HV_BATTERY_PACK_DIAG,19,21736,5.0,600.0,4500.0,5100.0,True,Reimbursed
CLM_0000799,VEH_000941,DLR_IT_001,GEO_IT,20250327,2025-03-27,Air_Suspension,ERR_AIR_SUSPENSION_DIAG,10,15190,2.0,240.0,850.0,1090.0,False,Approved
CLM_0000800,VEH_002632,DLR_NO_001,GEO_NO,20260131,2026-01-31,Air_Suspension,ERR_AIR_SUSPENSION_DIAG,4,4520,3.5,420.0,850.0,1270.0,False,Reimbursed
CLM_0000801,VEH_008355,DLR_IT_002,GEO_IT,20251223,2025-12-23,Air_Suspension,ERR_AIR_SUSPENSION_DIAG,21,30975,2.0,240.0,850.0,1090.0,False,Under_Investigation
CLM_0000802,VEH_001442,DLR_US_001,GEO_US,20260420,2026-04-20,Electric_Drive_Inverter,ERR_ELECTRIC_DRIVE_INVERTER_DIAG,11,13299,5.0,600.0,1850.0,2450.0,True,Under_Investigation
CLM_0000803,VEH_008727,DLR_NO_001,GEO_NO,20250321,2025-03-21,Electric_Drive_Inverter,ERR_ELECTRIC_DRIVE_INVERTER_DIAG,12,17616,1.5,180.0,1850.0,2030.0,True,Approved
CLM_0000804,VEH_009112,DLR_US_001,GEO_US,20260225,2026-02-25,HV_Battery_Pack,ERR_HV_BATTERY_PACK_DIAG,23,29279,3.5,420.0,4500.0,4920.0,True,Approved
CLM_0000805,VEH_003675,DLR_SE_001,GEO_SE,20250920,2025-09-20,HV_Battery_Pack,ERR_HV_BATTERY_PACK_DIAG,2,2688,1.5,180.0,4500.0,4680.0,True,Reimbursed
CLM_0000806,VEH_001664,DLR_IT_001,GEO_IT,20260317,2026-03-17,ADAS_Vision_Sensor,ERR_ADAS_VISION_SENSOR_DIAG,2,2432,2.0,240.0,1100.0,1340.0,True,Under_Investigation
CLM_0000807,VEH_006195,DLR_DE_001,GEO_DE,20260707,2026-07-07,Air_Suspension,ERR_AIR_SUSPENSION_DIAG,10,13320,2.0,240.0,850.0,1090.0,False,Under_Investigation
CLM_0000808,VEH_007208,DLR_IT_002,GEO_IT,20261228,2026-12-28,ADAS_Vision_Sensor,ERR_ADAS_VISION_SENSOR_DIAG,23,30199,5.0,600.0,1100.0,1700.0,True,Reimbursed
CLM_0000809,VEH_000214,DLR_DE_001,GEO_DE,20250126,2025-01-26,ADAS_Vision_Sensor,ERR_ADAS_VISION_SENSOR_DIAG,5,5565,2.0,240.0,1100.0,1340.0,True,Under_Investigation
CLM_0000810,VEH_005837,DLR_DE_002,GEO_DE,20251231,2025-12-31,ADAS_Vision_Sensor,ERR_ADAS_VISION_SENSOR_DIAG,23,37398,1.5,180.0,1100.0,1280.0,True,Under_Investigation
CLM_0000811,VEH_007727,DLR_NO_002,GEO_NO,20241126,2024-11-26,Electric_Drive_Inverter,ERR_ELECTRIC_DRIVE_INVERTER_DIAG,10,11650,1.5,180.0,1850.0,2030.0,True,Under_Investigation
CLM_0000812,VEH_009360,DLR_NO_002,GEO_NO,20260717,2026-07-17,HV_Battery_Pack,ERR_HV_BATTERY_PACK_DIAG,7,7910,3.5,420.0,4500.0,4920.0,True,Approved
CLM_0000813,VEH_001781,DLR_NL_001,GEO_NL,20250916,2025-09-16,HV_Battery_Pack,ERR_HV_BATTERY_PACK_DIAG,15,16890,2.0,240.0,4500.0,4740.0,True,Reimbursed
CLM_0000814,VEH_001231,DLR_NO_002,GEO_NO,20261228,2026-12-28,Electric_Drive_Inverter,ERR_ELECTRIC_DRIVE_INVERTER_DIAG,21,23289,5.0,600.0,1850.0,2450.0,True,Approved
CLM_0000815,VEH_001026,DLR_DE_001,GEO_DE,20250103,2025-01-03,Electric_Drive_Inverter,ERR_ELECTRIC_DRIVE_INVERTER_DIAG,4,5592,5.0,600.0,1850.0,2450.0,True,Reimbursed
CLM_0000816,VEH_007086,DLR_NO_001,GEO_NO,20261228,2026-12-28,Electric_Drive_Inverter,ERR_ELECTRIC_DRIVE_INVERTER_DIAG,14,18312,5.0,600.0,1850.0,2450.0,True,Reimbursed
CLM_0000817,VEH_002443,DLR_US_001,GEO_US,20260115,2026-01-15,HV_Battery_Pack,ERR_HV_BATTERY_PACK_DIAG,23,33695,3.5,420.0,4500.0,4920.0,True,Reimbursed
CLM_0000818,VEH_005041,DLR_NL_002,GEO_NL,20261228,2026-12-28,Air_Suspension,ERR_AIR_SUSPENSION_DIAG,21,34965,3.5,420.0,850.0,1270.0,False,Under_Investigation
CLM_0000819,VEH_001024,DLR_NO_002,GEO_NO,20240917,2024-09-17,ADAS_Vision_Sensor,ERR_ADAS_VISION_SENSOR_DIAG,1,1255,1.5,180.0,1100.0,1280.0,True,Reimbursed
CLM_0000820,VEH_005070,DLR_NO_001,GEO_NO,20260104,2026-01-04,HV_Battery_Pack,ERR_HV_BATTERY_PACK_DIAG,6,7698,5.0,600.0,4500.0,5100.0,True,Reimbursed
CLM_0000821,VEH_002750,DLR_NL_001,GEO_NL,20261228,2026-12-28,Air_Suspension,ERR_AIR_SUSPENSION_DIAG,10,11170,2.0,240.0,850.0,1090.0,False,Under_Investigation
CLM_0000822,VEH_006830,DLR_NL_002,GEO_NL,20261228,2026-12-28,Electric_Drive_Inverter,ERR_ELECTRIC_DRIVE_INVERTER_DIAG,23,35811,3.5,420.0,1850.0,2270.0,True,Under_Investigation
CLM_0000823,VEH_008252,DLR_NL_001,GEO_NL,20260825,2026-08-25,Electric_Drive_Inverter,ERR_ELECTRIC_DRIVE_INVERTER_DIAG,11,15587,1.5,180.0,1850.0,2030.0,True,Under_Investigation
CLM_0000824,VEH_000284,DLR_SE_001,GEO_SE,20261228,2026-12-28,HV_Battery_Pack,ERR_HV_BATTERY_PACK_DIAG,21,25767,5.0,600.0,4500.0,5100.0,True,Under_Investigation
CLM_0000825,VEH_002394,DLR_IT_001,GEO_IT,20261228,2026-12-28,Air_Suspension,ERR_AIR_SUSPENSION_DIAG,19,22420,2.0,240.0,850.0,1090.0,False,Under_Investigation
CLM_0000826,VEH_005772,DLR_NO_002,GEO_NO,20240326,2024-03-26,HV_Battery_Pack,ERR_HV_BATTERY_PACK_DIAG,1,1649,2.0,240.0,4500.0,4740.0,True,Reimbursed
CLM_0000827,VEH_004229,DLR_NL_001,GEO_NL,20250731,2025-07-31,Electric_Drive_Inverter,ERR_ELECTRIC_DRIVE_INVERTER_DIAG,16,22432,1.5,180.0,1850.0,2030.0,True,Under_Investigation
CLM_0000828,VEH_003466,DLR_NL_002,GEO_NL,20260117,2026-01-17,Electric_Drive_Inverter,ERR_ELECTRIC_DRIVE_INVERTER_DIAG,14,16506,3.5,420.0,1850.0,2270.0,True,Under_Investigation
CLM_0000829,VEH_004614,DLR_NO_002,GEO_NO,20250305,2025-03-05,HV_Battery_Pack,ERR_HV_BATTERY_PACK_DIAG,12,15708,3.5,420.0,4500.0,4920.0,True,Reimbursed
CLM_0000830,VEH_004954,DLR_IT_002,GEO_IT,20260801,2026-08-01,HV_Battery_Pack,ERR_HV_BATTERY_PACK_DIAG,16,18496,5.0,600.0,4500.0,5100.0,True,Reimbursed
CLM_0000831,VEH_007714,DLR_US_001,GEO_US,20241108,2024-11-08,HV_Battery_Pack,ERR_HV_BATTERY_PACK_DIAG,4,4680,2.0,240.0,4500.0,4740.0,True,Under_Investigation
CLM_0000832,VEH_009474,DLR_NO_002,GEO_NO,20261228,2026-12-28,Infotainment_OTA,ERR_INFOTAINMENT_OTA_DIAG,23,27692,5.0,600.0,150.0,750.0,False,Approved
CLM_0000833,VEH_006556,DLR_US_001,GEO_US,20250801,2025-08-01,ADAS_Vision_Sensor,ERR_ADAS_VISION_SENSOR_DIAG,3,4851,5.0,600.0,1100.0,1700.0,True,Under_Investigation
CLM_0000834,VEH_001370,DLR_SE_002,GEO_SE,20260717,2026-07-17,Air_Suspension,ERR_AIR_SUSPENSION_DIAG,8,13552,1.5,180.0,850.0,1030.0,False,Reimbursed
CLM_0000835,VEH_008447,DLR_US_001,GEO_US,20250410,2025-04-10,HV_Battery_Pack,ERR_HV_BATTERY_PACK_DIAG,4,6920,3.5,420.0,4500.0,4920.0,True,Under_Investigation
CLM_0000836,VEH_006071,DLR_NL_001,GEO_NL,20261019,2026-10-19,Infotainment_OTA,ERR_INFOTAINMENT_OTA_DIAG,14,19698,1.5,180.0,150.0,330.0,False,Reimbursed
CLM_0000837,VEH_006365,DLR_NL_001,GEO_NL,20251030,2025-10-30,HV_Battery_Pack,ERR_HV_BATTERY_PACK_DIAG,4,4932,3.5,420.0,4500.0,4920.0,True,Approved
CLM_0000838,VEH_007049,DLR_IT_002,GEO_IT,20240503,2024-05-03,HV_Battery_Pack,ERR_HV_BATTERY_PACK_DIAG,2,3204,2.0,240.0,4500.0,4740.0,True,Reimbursed
CLM_0000839,VEH_008944,DLR_IT_002,GEO_IT,20260608,2026-06-08,ADAS_Vision_Sensor,ERR_ADAS_VISION_SENSOR_DIAG,7,8729,2.0,240.0,1100.0,1340.0,True,Reimbursed
CLM_0000840,VEH_007664,DLR_DE_002,GEO_DE,20240902,2024-09-02,ADAS_Vision_Sensor,ERR_ADAS_VISION_SENSOR_DIAG,1,1506,1.5,180.0,1100.0,1280.0,True,Reimbursed
CLM_0000841,VEH_007888,DLR_US_001,GEO_US,20250406,2025-04-06,Air_Suspension,ERR_AIR_SUSPENSION_DIAG,9,15354,3.5,420.0,850.0,1270.0,False,Under_Investigation
CLM_0000842,VEH_005560,DLR_IT_002,GEO_IT,20250602,2025-06-02,Electric_Drive_Inverter,ERR_ELECTRIC_DRIVE_INVERTER_DIAG,13,16952,2.0,240.0,1850.0,2090.0,True,Reimbursed
CLM_0000843,VEH_009468,DLR_DE_002,GEO_DE,20260705,2026-07-05,ADAS_Vision_Sensor,ERR_ADAS_VISION_SENSOR_DIAG,7,10171,5.0,600.0,1100.0,1700.0,True,Reimbursed
CLM_0000844,VEH_009352,DLR_DE_002,GEO_DE,20261228,2026-12-28,Electric_Drive_Inverter,ERR_ELECTRIC_DRIVE_INVERTER_DIAG,17,20893,1.5,180.0,1850.0,2030.0,True,Under_Investigation
CLM_0000845,VEH_008476,DLR_NL_001,GEO_NL,20260722,2026-07-22,Electric_Drive_Inverter,ERR_ELECTRIC_DRIVE_INVERTER_DIAG,19,26144,2.0,240.0,1850.0,2090.0,True,Approved
CLM_0000846,VEH_008283,DLR_US_001,GEO_US,20250621,2025-06-21,Electric_Drive_Inverter,ERR_ELECTRIC_DRIVE_INVERTER_DIAG,1,1475,2.0,240.0,1850.0,2090.0,True,Under_Investigation
CLM_0000847,VEH_005253,DLR_NL_002,GEO_NL,20251116,2025-11-16,HV_Battery_Pack,ERR_HV_BATTERY_PACK_DIAG,18,24426,5.0,600.0,4500.0,5100.0,True,Reimbursed
CLM_0000848,VEH_010045,DLR_IT_002,GEO_IT,20260106,2026-01-06,ADAS_Vision_Sensor,ERR_ADAS_VISION_SENSOR_DIAG,4,6956,5.0,600.0,1100.0,1700.0,True,Reimbursed
CLM_0000849,VEH_003949,DLR_UK_001,GEO_UK,20250928,2025-09-28,HV_Battery_Pack,ERR_HV_BATTERY_PACK_DIAG,17,22678,3.5,420.0,4500.0,4920.0,True,Approved
CLM_0000850,VEH_008863,DLR_NO_002,GEO_NO,20250419,2025-04-19,HV_Battery_Pack,ERR_HV_BATTERY_PACK_DIAG,10,13890,3.5,420.0,4500.0,4920.0,True,Under_Investigation
CLM_0000851,VEH_007485,DLR_SE_001,GEO_SE,20241030,2024-10-30,Electric_Drive_Inverter,ERR_ELECTRIC_DRIVE_INVERTER_DIAG,3,3372,3.5,420.0,1850.0,2270.0,True,Under_Investigation
CLM_0000852,VEH_001332,DLR_DE_002,GEO_DE,20250313,2025-03-13,Infotainment_OTA,ERR_INFOTAINMENT_OTA_DIAG,2,3048,1.5,180.0,150.0,330.0,False,Under_Investigation
CLM_0000853,VEH_009432,DLR_SE_002,GEO_SE,20260620,2026-06-20,Air_Suspension,ERR_AIR_SUSPENSION_DIAG,23,34661,2.0,240.0,850.0,1090.0,False,Reimbursed
CLM_0000854,VEH_009592,DLR_DE_001,GEO_DE,20260518,2026-05-18,Air_Suspension,ERR_AIR_SUSPENSION_DIAG,6,10770,1.5,180.0,850.0,1030.0,False,Reimbursed
CLM_0000855,VEH_000304,DLR_IT_001,GEO_IT,20260815,2026-08-15,Infotainment_OTA,ERR_INFOTAINMENT_OTA_DIAG,18,30834,5.0,600.0,150.0,750.0,False,Under_Investigation
CLM_0000856,VEH_005317,DLR_IT_001,GEO_IT,20260806,2026-08-06,HV_Battery_Pack,ERR_HV_BATTERY_PACK_DIAG,16,26672,2.0,240.0,4500.0,4740.0,True,Under_Investigation
CLM_0000857,VEH_008385,DLR_DE_001,GEO_DE,20241219,2024-12-19,HV_Battery_Pack,ERR_HV_BATTERY_PACK_DIAG,1,1361,5.0,600.0,4500.0,5100.0,True,Approved
CLM_0000858,VEH_008608,DLR_DE_001,GEO_DE,20250324,2025-03-24,Electric_Drive_Inverter,ERR_ELECTRIC_DRIVE_INVERTER_DIAG,12,20784,5.0,600.0,1850.0,2450.0,True,Under_Investigation
CLM_0000859,VEH_006623,DLR_NO_001,GEO_NO,20261228,2026-12-28,ADAS_Vision_Sensor,ERR_ADAS_VISION_SENSOR_DIAG,10,12670,5.0,600.0,1100.0,1700.0,True,Under_Investigation
CLM_0000860,VEH_006141,DLR_NO_002,GEO_NO,20260803,2026-08-03,HV_Battery_Pack,ERR_HV_BATTERY_PACK_DIAG,10,11950,5.0,600.0,4500.0,5100.0,True,Under_Investigation
CLM_0000861,VEH_004798,DLR_NL_002,GEO_NL,20260816,2026-08-16,Air_Suspension,ERR_AIR_SUSPENSION_DIAG,22,36036,1.5,180.0,850.0,1030.0,False,Under_Investigation
CLM_0000862,VEH_006876,DLR_DE_002,GEO_DE,20250906,2025-09-06,HV_Battery_Pack,ERR_HV_BATTERY_PACK_DIAG,16,28720,3.5,420.0,4500.0,4920.0,True,Under_Investigation
CLM_0000863,VEH_005424,DLR_UK_001,GEO_UK,20251223,2025-12-23,HV_Battery_Pack,ERR_HV_BATTERY_PACK_DIAG,9,14319,3.5,420.0,4500.0,4920.0,True,Approved
CLM_0000864,VEH_002689,DLR_NL_002,GEO_NL,20250831,2025-08-31,ADAS_Vision_Sensor,ERR_ADAS_VISION_SENSOR_DIAG,15,24600,2.0,240.0,1100.0,1340.0,True,Reimbursed
CLM_0000865,VEH_005577,DLR_DE_001,GEO_DE,20260105,2026-01-05,Infotainment_OTA,ERR_INFOTAINMENT_OTA_DIAG,14,23940,1.5,180.0,150.0,330.0,False,Approved
CLM_0000866,VEH_004754,DLR_NO_001,GEO_NO,20261228,2026-12-28,Electric_Drive_Inverter,ERR_ELECTRIC_DRIVE_INVERTER_DIAG,12,18288,5.0,600.0,1850.0,2450.0,True,Under_Investigation
CLM_0000867,VEH_010011,DLR_DE_002,GEO_DE,20261228,2026-12-28,Electric_Drive_Inverter,ERR_ELECTRIC_DRIVE_INVERTER_DIAG,11,16412,3.5,420.0,1850.0,2270.0,True,Reimbursed
CLM_0000868,VEH_006727,DLR_SE_002,GEO_SE,20261228,2026-12-28,Electric_Drive_Inverter,ERR_ELECTRIC_DRIVE_INVERTER_DIAG,19,22724,3.5,420.0,1850.0,2270.0,True,Reimbursed
CLM_0000869,VEH_008917,DLR_US_001,GEO_US,20250617,2025-06-17,Infotainment_OTA,ERR_INFOTAINMENT_OTA_DIAG,2,2458,5.0,600.0,150.0,750.0,False,Under_Investigation
CLM_0000870,VEH_002190,DLR_UK_001,GEO_UK,20261028,2026-10-28,Electric_Drive_Inverter,ERR_ELECTRIC_DRIVE_INVERTER_DIAG,9,12303,1.5,180.0,1850.0,2030.0,True,Reimbursed
CLM_0000871,VEH_000091,DLR_SE_001,GEO_SE,20261014,2026-10-14,Infotainment_OTA,ERR_INFOTAINMENT_OTA_DIAG,10,15710,3.5,420.0,150.0,570.0,False,Reimbursed
CLM_0000872,VEH_001516,DLR_UK_001,GEO_UK,20261228,2026-12-28,Air_Suspension,ERR_AIR_SUSPENSION_DIAG,22,28138,2.0,240.0,850.0,1090.0,False,Reimbursed
CLM_0000873,VEH_008930,DLR_DE_002,GEO_DE,20261209,2026-12-09,HV_Battery_Pack,ERR_HV_BATTERY_PACK_DIAG,11,12364,2.0,240.0,4500.0,4740.0,True,Under_Investigation
CLM_0000874,VEH_008098,DLR_SE_002,GEO_SE,20261228,2026-12-28,ADAS_Vision_Sensor,ERR_ADAS_VISION_SENSOR_DIAG,17,25347,3.5,420.0,1100.0,1520.0,True,Reimbursed
CLM_0000875,VEH_003218,DLR_NL_002,GEO_NL,20260817,2026-08-17,ADAS_Vision_Sensor,ERR_ADAS_VISION_SENSOR_DIAG,17,19057,2.0,240.0,1100.0,1340.0,True,Under_Investigation
CLM_0000876,VEH_007950,DLR_IT_002,GEO_IT,20260606,2026-06-06,Electric_Drive_Inverter,ERR_ELECTRIC_DRIVE_INVERTER_DIAG,3,5085,1.5,180.0,1850.0,2030.0,True,Approved
CLM_0000877,VEH_000688,DLR_UK_001,GEO_UK,20251105,2025-11-05,Electric_Drive_Inverter,ERR_ELECTRIC_DRIVE_INVERTER_DIAG,16,25600,3.5,420.0,1850.0,2270.0,True,Reimbursed
CLM_0000878,VEH_004918,DLR_IT_002,GEO_IT,20261228,2026-12-28,Electric_Drive_Inverter,ERR_ELECTRIC_DRIVE_INVERTER_DIAG,23,30659,2.0,240.0,1850.0,2090.0,True,Reimbursed
CLM_0000879,VEH_003526,DLR_NO_001,GEO_NO,20241113,2024-11-13,HV_Battery_Pack,ERR_HV_BATTERY_PACK_DIAG,3,5202,3.5,420.0,4500.0,4920.0,True,Under_Investigation
CLM_0000880,VEH_002884,DLR_NO_002,GEO_NO,20260422,2026-04-22,Electric_Drive_Inverter,ERR_ELECTRIC_DRIVE_INVERTER_DIAG,22,36124,1.5,180.0,1850.0,2030.0,True,Under_Investigation
CLM_0000881,VEH_006322,DLR_UK_001,GEO_UK,20250217,2025-02-17,HV_Battery_Pack,ERR_HV_BATTERY_PACK_DIAG,12,15708,5.0,600.0,4500.0,5100.0,True,Reimbursed
CLM_0000882,VEH_003988,DLR_DE_002,GEO_DE,20261228,2026-12-28,HV_Battery_Pack,ERR_HV_BATTERY_PACK_DIAG,22,29348,5.0,600.0,4500.0,5100.0,True,Reimbursed
CLM_0000883,VEH_009383,DLR_NO_002,GEO_NO,20251208,2025-12-08,ADAS_Vision_Sensor,ERR_ADAS_VISION_SENSOR_DIAG,8,11384,1.5,180.0,1100.0,1280.0,True,Under_Investigation
CLM_0000884,VEH_007701,DLR_IT_002,GEO_IT,20261228,2026-12-28,ADAS_Vision_Sensor,ERR_ADAS_VISION_SENSOR_DIAG,15,17205,3.5,420.0,1100.0,1520.0,True,Approved
CLM_0000885,VEH_002011,DLR_NO_001,GEO_NO,20260927,2026-09-27,HV_Battery_Pack,ERR_HV_BATTERY_PACK_DIAG,9,13500,1.5,180.0,4500.0,4680.0,True,Reimbursed
CLM_0000886,VEH_001463,DLR_NL_001,GEO_NL,20250809,2025-08-09,Infotainment_OTA,ERR_INFOTAINMENT_OTA_DIAG,2,3182,2.0,240.0,150.0,390.0,False,Approved
CLM_0000887,VEH_005127,DLR_IT_001,GEO_IT,20261030,2026-10-30,ADAS_Vision_Sensor,ERR_ADAS_VISION_SENSOR_DIAG,20,23620,3.5,420.0,1100.0,1520.0,True,Under_Investigation
CLM_0000888,VEH_001878,DLR_NO_002,GEO_NO,20251005,2025-10-05,ADAS_Vision_Sensor,ERR_ADAS_VISION_SENSOR_DIAG,2,2280,2.0,240.0,1100.0,1340.0,True,Reimbursed
CLM_0000889,VEH_004375,DLR_NO_002,GEO_NO,20241228,2024-12-28,Air_Suspension,ERR_AIR_SUSPENSION_DIAG,10,12400,1.5,180.0,850.0,1030.0,False,Approved
CLM_0000890,VEH_008291,DLR_DE_002,GEO_DE,20260702,2026-07-02,Electric_Drive_Inverter,ERR_ELECTRIC_DRIVE_INVERTER_DIAG,20,24260,3.5,420.0,1850.0,2270.0,True,Approved
CLM_0000891,VEH_003486,DLR_IT_001,GEO_IT,20260113,2026-01-13,ADAS_Vision_Sensor,ERR_ADAS_VISION_SENSOR_DIAG,9,11628,1.5,180.0,1100.0,1280.0,True,Approved
CLM_0000892,VEH_000337,DLR_UK_001,GEO_UK,20241115,2024-11-15,HV_Battery_Pack,ERR_HV_BATTERY_PACK_DIAG,3,4005,1.5,180.0,4500.0,4680.0,True,Approved
CLM_0000893,VEH_000887,DLR_NL_001,GEO_NL,20250206,2025-02-06,Air_Suspension,ERR_AIR_SUSPENSION_DIAG,12,19140,3.5,420.0,850.0,1270.0,False,Under_Investigation
CLM_0000894,VEH_007084,DLR_IT_002,GEO_IT,20260614,2026-06-14,HV_Battery_Pack,ERR_HV_BATTERY_PACK_DIAG,19,23161,5.0,600.0,4500.0,5100.0,True,Approved
CLM_0000895,VEH_000180,DLR_NO_001,GEO_NO,20251025,2025-10-25,HV_Battery_Pack,ERR_HV_BATTERY_PACK_DIAG,3,4950,1.5,180.0,4500.0,4680.0,True,Under_Investigation
CLM_0000896,VEH_004418,DLR_IT_002,GEO_IT,20251209,2025-12-09,HV_Battery_Pack,ERR_HV_BATTERY_PACK_DIAG,16,21312,2.0,240.0,4500.0,4740.0,True,Approved
CLM_0000897,VEH_007794,DLR_UK_001,GEO_UK,20260615,2026-06-15,HV_Battery_Pack,ERR_HV_BATTERY_PACK_DIAG,18,25776,1.5,180.0,4500.0,4680.0,True,Under_Investigation
CLM_0000898,VEH_003459,DLR_US_001,GEO_US,20250808,2025-08-08,Electric_Drive_Inverter,ERR_ELECTRIC_DRIVE_INVERTER_DIAG,15,22605,1.5,180.0,1850.0,2030.0,True,Reimbursed
CLM_0000899,VEH_007570,DLR_UK_001,GEO_UK,20261228,2026-12-28,ADAS_Vision_Sensor,ERR_ADAS_VISION_SENSOR_DIAG,14,20258,1.5,180.0,1100.0,1280.0,True,Reimbursed
CLM_0000900,VEH_000136,DLR_DE_001,GEO_DE,20260830,2026-08-30,Infotainment_OTA,ERR_INFOTAINMENT_OTA_DIAG,3,4986,5.0,600.0,150.0,750.0,False,Under_Investigation
CLM_0000901,VEH_005857,DLR_UK_001,GEO_UK,20260921,2026-09-21,Electric_Drive_Inverter,ERR_ELECTRIC_DRIVE_INVERTER_DIAG,15,23055,1.5,180.0,1850.0,2030.0,True,Under_Investigation
CLM_0000902,VEH_000830,DLR_SE_001,GEO_SE,20261228,2026-12-28,Infotainment_OTA,ERR_INFOTAINMENT_OTA_DIAG,22,27962,3.5,420.0,150.0,570.0,False,Approved
CLM_0000903,VEH_006190,DLR_US_001,GEO_US,20250617,2025-06-17,HV_Battery_Pack,ERR_HV_BATTERY_PACK_DIAG,1,1606,2.0,240.0,4500.0,4740.0,True,Approved
CLM_0000904,VEH_007297,DLR_NO_001,GEO_NO,20261228,2026-12-28,Air_Suspension,ERR_AIR_SUSPENSION_DIAG,13,16380,5.0,600.0,850.0,1450.0,False,Approved
CLM_0000905,VEH_007302,DLR_NL_002,GEO_NL,20260420,2026-04-20,HV_Battery_Pack,ERR_HV_BATTERY_PACK_DIAG,12,16884,2.0,240.0,4500.0,4740.0,True,Under_Investigation
CLM_0000906,VEH_007365,DLR_SE_001,GEO_SE,20261228,2026-12-28,Electric_Drive_Inverter,ERR_ELECTRIC_DRIVE_INVERTER_DIAG,21,23247,3.5,420.0,1850.0,2270.0,True,Under_Investigation
CLM_0000907,VEH_005853,DLR_NO_001,GEO_NO,20260708,2026-07-08,HV_Battery_Pack,ERR_HV_BATTERY_PACK_DIAG,22,29700,2.0,240.0,4500.0,4740.0,True,Reimbursed
CLM_0000908,VEH_001929,DLR_IT_001,GEO_IT,20260323,2026-03-23,HV_Battery_Pack,ERR_HV_BATTERY_PACK_DIAG,9,13770,3.5,420.0,4500.0,4920.0,True,Approved
CLM_0000909,VEH_007392,DLR_IT_001,GEO_IT,20260330,2026-03-30,HV_Battery_Pack,ERR_HV_BATTERY_PACK_DIAG,4,5056,1.5,180.0,4500.0,4680.0,True,Under_Investigation
CLM_0000910,VEH_003091,DLR_DE_001,GEO_DE,20260327,2026-03-27,Electric_Drive_Inverter,ERR_ELECTRIC_DRIVE_INVERTER_DIAG,11,18975,3.5,420.0,1850.0,2270.0,True,Under_Investigation
CLM_0000911,VEH_008389,DLR_IT_001,GEO_IT,20260819,2026-08-19,Infotainment_OTA,ERR_INFOTAINMENT_OTA_DIAG,19,32224,2.0,240.0,150.0,390.0,False,Under_Investigation
CLM_0000912,VEH_006029,DLR_DE_001,GEO_DE,20250907,2025-09-07,HV_Battery_Pack,ERR_HV_BATTERY_PACK_DIAG,16,19792,3.5,420.0,4500.0,4920.0,True,Approved
CLM_0000913,VEH_001561,DLR_DE_001,GEO_DE,20261228,2026-12-28,Electric_Drive_Inverter,ERR_ELECTRIC_DRIVE_INVERTER_DIAG,13,21528,1.5,180.0,1850.0,2030.0,True,Reimbursed
CLM_0000914,VEH_009517,DLR_DE_001,GEO_DE,20241013,2024-10-13,HV_Battery_Pack,ERR_HV_BATTERY_PACK_DIAG,7,11242,5.0,600.0,4500.0,5100.0,True,Under_Investigation
CLM_0000915,VEH_003245,DLR_NL_002,GEO_NL,20240409,2024-04-09,Air_Suspension,ERR_AIR_SUSPENSION_DIAG,2,2246,2.0,240.0,850.0,1090.0,False,Reimbursed
CLM_0000916,VEH_006708,DLR_NL_001,GEO_NL,20260423,2026-04-23,Electric_Drive_Inverter,ERR_ELECTRIC_DRIVE_INVERTER_DIAG,15,23445,2.0,240.0,1850.0,2090.0,True,Under_Investigation
CLM_0000917,VEH_007588,DLR_NO_002,GEO_NO,20250910,2025-09-10,Infotainment_OTA,ERR_INFOTAINMENT_OTA_DIAG,8,12536,3.5,420.0,150.0,570.0,False,Approved
CLM_0000918,VEH_006290,DLR_NL_002,GEO_NL,20250313,2025-03-13,ADAS_Vision_Sensor,ERR_ADAS_VISION_SENSOR_DIAG,8,12848,2.0,240.0,1100.0,1340.0,True,Approved
CLM_0000919,VEH_004295,DLR_DE_001,GEO_DE,20260506,2026-05-06,Air_Suspension,ERR_AIR_SUSPENSION_DIAG,2,3048,3.5,420.0,850.0,1270.0,False,Approved
CLM_0000920,VEH_004031,DLR_DE_001,GEO_DE,20261228,2026-12-28,HV_Battery_Pack,ERR_HV_BATTERY_PACK_DIAG,18,24930,1.5,180.0,4500.0,4680.0,True,Reimbursed
CLM_0000921,VEH_004306,DLR_SE_001,GEO_SE,20251113,2025-11-13,Infotainment_OTA,ERR_INFOTAINMENT_OTA_DIAG,20,34440,2.0,240.0,150.0,390.0,False,Under_Investigation
CLM_0000922,VEH_001756,DLR_NO_002,GEO_NO,20261228,2026-12-28,HV_Battery_Pack,ERR_HV_BATTERY_PACK_DIAG,18,26478,3.5,420.0,4500.0,4920.0,True,Under_Investigation
CLM_0000923,VEH_009306,DLR_IT_001,GEO_IT,20261228,2026-12-28,Air_Suspension,ERR_AIR_SUSPENSION_DIAG,24,36360,3.5,420.0,850.0,1270.0,False,Reimbursed
CLM_0000924,VEH_007022,DLR_IT_001,GEO_IT,20261228,2026-12-28,Infotainment_OTA,ERR_INFOTAINMENT_OTA_DIAG,14,22848,1.5,180.0,150.0,330.0,False,Approved
CLM_0000925,VEH_005248,DLR_DE_001,GEO_DE,20260728,2026-07-28,Electric_Drive_Inverter,ERR_ELECTRIC_DRIVE_INVERTER_DIAG,5,8005,3.5,420.0,1850.0,2270.0,True,Approved
CLM_0000926,VEH_003426,DLR_NO_002,GEO_NO,20261228,2026-12-28,ADAS_Vision_Sensor,ERR_ADAS_VISION_SENSOR_DIAG,22,26708,2.0,240.0,1100.0,1340.0,True,Under_Investigation
CLM_0000927,VEH_005102,DLR_NO_002,GEO_NO,20250920,2025-09-20,HV_Battery_Pack,ERR_HV_BATTERY_PACK_DIAG,7,10724,2.0,240.0,4500.0,4740.0,True,Under_Investigation
CLM_0000928,VEH_000413,DLR_NL_002,GEO_NL,20261228,2026-12-28,ADAS_Vision_Sensor,ERR_ADAS_VISION_SENSOR_DIAG,13,22412,5.0,600.0,1100.0,1700.0,True,Reimbursed
CLM_0000929,VEH_000990,DLR_DE_001,GEO_DE,20250913,2025-09-13,Air_Suspension,ERR_AIR_SUSPENSION_DIAG,19,28329,2.0,240.0,850.0,1090.0,False,Reimbursed
CLM_0000930,VEH_008409,DLR_NO_001,GEO_NO,20261110,2026-11-10,HV_Battery_Pack,ERR_HV_BATTERY_PACK_DIAG,10,13230,3.5,420.0,4500.0,4920.0,True,Approved
CLM_0000931,VEH_003781,DLR_NO_002,GEO_NO,20240315,2024-03-15,ADAS_Vision_Sensor,ERR_ADAS_VISION_SENSOR_DIAG,2,2634,2.0,240.0,1100.0,1340.0,True,Under_Investigation
CLM_0000932,VEH_003874,DLR_UK_001,GEO_UK,20261228,2026-12-28,Electric_Drive_Inverter,ERR_ELECTRIC_DRIVE_INVERTER_DIAG,22,25388,1.5,180.0,1850.0,2030.0,True,Reimbursed
CLM_0000933,VEH_000100,DLR_DE_001,GEO_DE,20260322,2026-03-22,Air_Suspension,ERR_AIR_SUSPENSION_DIAG,1,1696,5.0,600.0,850.0,1450.0,False,Approved
CLM_0000934,VEH_002510,DLR_DE_002,GEO_DE,20241202,2024-12-02,ADAS_Vision_Sensor,ERR_ADAS_VISION_SENSOR_DIAG,9,15426,2.0,240.0,1100.0,1340.0,True,Under_Investigation
CLM_0000935,VEH_006644,DLR_NL_001,GEO_NL,20261228,2026-12-28,ADAS_Vision_Sensor,ERR_ADAS_VISION_SENSOR_DIAG,24,29496,2.0,240.0,1100.0,1340.0,True,Reimbursed
CLM_0000936,VEH_008265,DLR_NO_002,GEO_NO,20250314,2025-03-14,HV_Battery_Pack,ERR_HV_BATTERY_PACK_DIAG,13,16731,2.0,240.0,4500.0,4740.0,True,Approved
CLM_0000937,VEH_000479,DLR_IT_001,GEO_IT,20261021,2026-10-21,Electric_Drive_Inverter,ERR_ELECTRIC_DRIVE_INVERTER_DIAG,17,23256,5.0,600.0,1850.0,2450.0,True,Under_Investigation
CLM_0000938,VEH_003338,DLR_NL_001,GEO_NL,20260707,2026-07-07,Air_Suspension,ERR_AIR_SUSPENSION_DIAG,22,27676,5.0,600.0,850.0,1450.0,False,Under_Investigation
CLM_0000939,VEH_005507,DLR_IT_001,GEO_IT,20260925,2026-09-25,Air_Suspension,ERR_AIR_SUSPENSION_DIAG,12,20352,3.5,420.0,850.0,1270.0,False,Reimbursed
CLM_0000940,VEH_005253,DLR_NL_002,GEO_NL,20250215,2025-02-15,Electric_Drive_Inverter,ERR_ELECTRIC_DRIVE_INVERTER_DIAG,9,14904,5.0,600.0,1850.0,2450.0,True,Approved
CLM_0000941,VEH_008794,DLR_NL_001,GEO_NL,20260308,2026-03-08,Electric_Drive_Inverter,ERR_ELECTRIC_DRIVE_INVERTER_DIAG,18,31356,1.5,180.0,1850.0,2030.0,True,Approved
CLM_0000942,VEH_008721,DLR_UK_001,GEO_UK,20250221,2025-02-21,HV_Battery_Pack,ERR_HV_BATTERY_PACK_DIAG,10,14830,1.5,180.0,4500.0,4680.0,True,Under_Investigation
CLM_0000943,VEH_004959,DLR_IT_002,GEO_IT,20251223,2025-12-23,Air_Suspension,ERR_AIR_SUSPENSION_DIAG,12,16476,5.0,600.0,850.0,1450.0,False,Reimbursed
CLM_0000944,VEH_001424,DLR_UK_001,GEO_UK,20261108,2026-11-08,HV_Battery_Pack,ERR_HV_BATTERY_PACK_DIAG,19,27968,2.0,240.0,4500.0,4740.0,True,Approved
CLM_0000945,VEH_006340,DLR_NO_001,GEO_NO,20240829,2024-08-29,ADAS_Vision_Sensor,ERR_ADAS_VISION_SENSOR_DIAG,7,9149,3.5,420.0,1100.0,1520.0,True,Under_Investigation
CLM_0000946,VEH_008307,DLR_UK_001,GEO_UK,20261228,2026-12-28,ADAS_Vision_Sensor,ERR_ADAS_VISION_SENSOR_DIAG,17,29580,2.0,240.0,1100.0,1340.0,True,Approved
CLM_0000947,VEH_000090,DLR_SE_001,GEO_SE,20260526,2026-05-26,Electric_Drive_Inverter,ERR_ELECTRIC_DRIVE_INVERTER_DIAG,13,23062,3.5,420.0,1850.0,2270.0,True,Under_Investigation
CLM_0000948,VEH_003131,DLR_UK_001,GEO_UK,20250402,2025-04-02,ADAS_Vision_Sensor,ERR_ADAS_VISION_SENSOR_DIAG,10,14770,1.5,180.0,1100.0,1280.0,True,Approved
CLM_0000949,VEH_007348,DLR_US_001,GEO_US,20261228,2026-12-28,Air_Suspension,ERR_AIR_SUSPENSION_DIAG,20,34320,5.0,600.0,850.0,1450.0,False,Approved
CLM_0000950,VEH_008356,DLR_IT_001,GEO_IT,20250304,2025-03-04,Air_Suspension,ERR_AIR_SUSPENSION_DIAG,9,15084,2.0,240.0,850.0,1090.0,False,Under_Investigation
CLM_0000951,VEH_004268,DLR_NO_001,GEO_NO,20261228,2026-12-28,ADAS_Vision_Sensor,ERR_ADAS_VISION_SENSOR_DIAG,23,31717,3.5,420.0,1100.0,1520.0,True,Approved
CLM_0000952,VEH_005201,DLR_NL_002,GEO_NL,20261228,2026-12-28,Infotainment_OTA,ERR_INFOTAINMENT_OTA_DIAG,19,28690,5.0,600.0,150.0,750.0,False,Approved
CLM_0000953,VEH_001976,DLR_IT_001,GEO_IT,20261228,2026-12-28,HV_Battery_Pack,ERR_HV_BATTERY_PACK_DIAG,24,32904,5.0,600.0,4500.0,5100.0,True,Under_Investigation
CLM_0000954,VEH_009159,DLR_NL_002,GEO_NL,20261004,2026-10-04,ADAS_Vision_Sensor,ERR_ADAS_VISION_SENSOR_DIAG,9,13680,2.0,240.0,1100.0,1340.0,True,Approved
CLM_0000955,VEH_004244,DLR_SE_002,GEO_SE,20261228,2026-12-28,ADAS_Vision_Sensor,ERR_ADAS_VISION_SENSOR_DIAG,16,18944,5.0,600.0,1100.0,1700.0,True,Reimbursed
CLM_0000956,VEH_004587,DLR_NO_002,GEO_NO,20241022,2024-10-22,Infotainment_OTA,ERR_INFOTAINMENT_OTA_DIAG,4,4848,5.0,600.0,150.0,750.0,False,Under_Investigation
CLM_0000957,VEH_009936,DLR_SE_002,GEO_SE,20261228,2026-12-28,HV_Battery_Pack,ERR_HV_BATTERY_PACK_DIAG,20,31300,5.0,600.0,4500.0,5100.0,True,Approved
CLM_0000958,VEH_009640,DLR_US_001,GEO_US,20240512,2024-05-12,ADAS_Vision_Sensor,ERR_ADAS_VISION_SENSOR_DIAG,4,7048,5.0,600.0,1100.0,1700.0,True,Under_Investigation
CLM_0000959,VEH_003734,DLR_NL_002,GEO_NL,20261228,2026-12-28,Electric_Drive_Inverter,ERR_ELECTRIC_DRIVE_INVERTER_DIAG,18,31914,5.0,600.0,1850.0,2450.0,True,Reimbursed
CLM_0000960,VEH_009109,DLR_DE_002,GEO_DE,20250420,2025-04-20,ADAS_Vision_Sensor,ERR_ADAS_VISION_SENSOR_DIAG,10,13360,3.5,420.0,1100.0,1520.0,True,Under_Investigation
CLM_0000961,VEH_003027,DLR_NL_002,GEO_NL,20261228,2026-12-28,Air_Suspension,ERR_AIR_SUSPENSION_DIAG,18,23616,3.5,420.0,850.0,1270.0,False,Under_Investigation
CLM_0000962,VEH_000597,DLR_NO_002,GEO_NO,20250428,2025-04-28,HV_Battery_Pack,ERR_HV_BATTERY_PACK_DIAG,2,2286,3.5,420.0,4500.0,4920.0,True,Reimbursed
CLM_0000963,VEH_004589,DLR_NO_002,GEO_NO,20260701,2026-07-01,Air_Suspension,ERR_AIR_SUSPENSION_DIAG,22,36938,2.0,240.0,850.0,1090.0,False,Under_Investigation
CLM_0000964,VEH_003683,DLR_NL_002,GEO_NL,20261228,2026-12-28,Electric_Drive_Inverter,ERR_ELECTRIC_DRIVE_INVERTER_DIAG,13,17095,3.5,420.0,1850.0,2270.0,True,Reimbursed
CLM_0000965,VEH_007724,DLR_SE_001,GEO_SE,20250908,2025-09-08,Electric_Drive_Inverter,ERR_ELECTRIC_DRIVE_INVERTER_DIAG,9,13239,3.5,420.0,1850.0,2270.0,True,Reimbursed
CLM_0000966,VEH_002579,DLR_UK_001,GEO_UK,20260827,2026-08-27,Electric_Drive_Inverter,ERR_ELECTRIC_DRIVE_INVERTER_DIAG,15,20355,5.0,600.0,1850.0,2450.0,True,Approved
CLM_0000967,VEH_007255,DLR_SE_001,GEO_SE,20260912,2026-09-12,HV_Battery_Pack,ERR_HV_BATTERY_PACK_DIAG,21,30093,3.5,420.0,4500.0,4920.0,True,Under_Investigation
CLM_0000968,VEH_003915,DLR_SE_001,GEO_SE,20250422,2025-04-22,ADAS_Vision_Sensor,ERR_ADAS_VISION_SENSOR_DIAG,11,16786,3.5,420.0,1100.0,1520.0,True,Approved
CLM_0000969,VEH_009774,DLR_SE_001,GEO_SE,20250414,2025-04-14,HV_Battery_Pack,ERR_HV_BATTERY_PACK_DIAG,1,1225,2.0,240.0,4500.0,4740.0,True,Under_Investigation
CLM_0000970,VEH_000526,DLR_NL_002,GEO_NL,20261228,2026-12-28,Infotainment_OTA,ERR_INFOTAINMENT_OTA_DIAG,23,27232,1.5,180.0,150.0,330.0,False,Reimbursed
CLM_0000971,VEH_007719,DLR_NO_001,GEO_NO,20250601,2025-06-01,HV_Battery_Pack,ERR_HV_BATTERY_PACK_DIAG,11,19459,1.5,180.0,4500.0,4680.0,True,Under_Investigation
CLM_0000972,VEH_008719,DLR_DE_001,GEO_DE,20241008,2024-10-08,ADAS_Vision_Sensor,ERR_ADAS_VISION_SENSOR_DIAG,1,1534,1.5,180.0,1100.0,1280.0,True,Reimbursed
CLM_0000973,VEH_004652,DLR_NL_001,GEO_NL,20260822,2026-08-22,Electric_Drive_Inverter,ERR_ELECTRIC_DRIVE_INVERTER_DIAG,10,12490,3.5,420.0,1850.0,2270.0,True,Approved
CLM_0000974,VEH_002757,DLR_IT_001,GEO_IT,20240426,2024-04-26,Electric_Drive_Inverter,ERR_ELECTRIC_DRIVE_INVERTER_DIAG,1,1317,5.0,600.0,1850.0,2450.0,True,Under_Investigation
CLM_0000975,VEH_004432,DLR_DE_002,GEO_DE,20261228,2026-12-28,ADAS_Vision_Sensor,ERR_ADAS_VISION_SENSOR_DIAG,18,31176,3.5,420.0,1100.0,1520.0,True,Under_Investigation
CLM_0000976,VEH_008201,DLR_UK_001,GEO_UK,20260518,2026-05-18,Electric_Drive_Inverter,ERR_ELECTRIC_DRIVE_INVERTER_DIAG,17,24769,2.0,240.0,1850.0,2090.0,True,Approved
CLM_0000977,VEH_005604,DLR_IT_001,GEO_IT,20260728,2026-07-28,HV_Battery_Pack,ERR_HV_BATTERY_PACK_DIAG,11,13838,3.5,420.0,4500.0,4920.0,True,Approved
CLM_0000978,VEH_006931,DLR_IT_001,GEO_IT,20250427,2025-04-27,Electric_Drive_Inverter,ERR_ELECTRIC_DRIVE_INVERTER_DIAG,12,14820,2.0,240.0,1850.0,2090.0,True,Reimbursed
CLM_0000979,VEH_009423,DLR_NL_001,GEO_NL,20250505,2025-05-05,Electric_Drive_Inverter,ERR_ELECTRIC_DRIVE_INVERTER_DIAG,2,2400,2.0,240.0,1850.0,2090.0,True,Reimbursed
CLM_0000980,VEH_003699,DLR_IT_001,GEO_IT,20260924,2026-09-24,Electric_Drive_Inverter,ERR_ELECTRIC_DRIVE_INVERTER_DIAG,23,36455,1.5,180.0,1850.0,2030.0,True,Under_Investigation
CLM_0000981,VEH_004673,DLR_UK_001,GEO_UK,20250915,2025-09-15,Electric_Drive_Inverter,ERR_ELECTRIC_DRIVE_INVERTER_DIAG,9,11061,2.0,240.0,1850.0,2090.0,True,Approved
CLM_0000982,VEH_007641,DLR_NO_002,GEO_NO,20250802,2025-08-02,HV_Battery_Pack,ERR_HV_BATTERY_PACK_DIAG,2,3536,3.5,420.0,4500.0,4920.0,True,Approved
CLM_0000983,VEH_003752,DLR_US_001,GEO_US,20250319,2025-03-19,Air_Suspension,ERR_AIR_SUSPENSION_DIAG,5,6150,5.0,600.0,850.0,1450.0,False,Approved
CLM_0000984,VEH_009421,DLR_NL_002,GEO_NL,20261228,2026-12-28,Electric_Drive_Inverter,ERR_ELECTRIC_DRIVE_INVERTER_DIAG,18,21240,3.5,420.0,1850.0,2270.0,True,Reimbursed
CLM_0000985,VEH_002779,DLR_IT_002,GEO_IT,20250319,2025-03-19,Infotainment_OTA,ERR_INFOTAINMENT_OTA_DIAG,6,7308,3.5,420.0,150.0,570.0,False,Approved
CLM_0000986,VEH_005047,DLR_NL_002,GEO_NL,20251215,2025-12-15,HV_Battery_Pack,ERR_HV_BATTERY_PACK_DIAG,1,1689,3.5,420.0,4500.0,4920.0,True,Reimbursed
CLM_0000987,VEH_000026,DLR_NO_001,GEO_NO,20251126,2025-11-26,HV_Battery_Pack,ERR_HV_BATTERY_PACK_DIAG,9,15408,1.5,180.0,4500.0,4680.0,True,Under_Investigation
CLM_0000988,VEH_003323,DLR_NL_002,GEO_NL,20261117,2026-11-17,Electric_Drive_Inverter,ERR_ELECTRIC_DRIVE_INVERTER_DIAG,18,22644,1.5,180.0,1850.0,2030.0,True,Reimbursed
CLM_0000989,VEH_008556,DLR_DE_002,GEO_DE,20250314,2025-03-14,HV_Battery_Pack,ERR_HV_BATTERY_PACK_DIAG,7,10640,1.5,180.0,4500.0,4680.0,True,Reimbursed
CLM_0000990,VEH_005686,DLR_US_001,GEO_US,20261228,2026-12-28,Electric_Drive_Inverter,ERR_ELECTRIC_DRIVE_INVERTER_DIAG,24,42264,1.5,180.0,1850.0,2030.0,True,Approved
CLM_0000991,VEH_000128,DLR_US_001,GEO_US,20260804,2026-08-04,Electric_Drive_Inverter,ERR_ELECTRIC_DRIVE_INVERTER_DIAG,23,37191,2.0,240.0,1850.0,2090.0,True,Under_Investigation
CLM_0000992,VEH_008246,DLR_SE_001,GEO_SE,20261228,2026-12-28,ADAS_Vision_Sensor,ERR_ADAS_VISION_SENSOR_DIAG,15,26655,1.5,180.0,1100.0,1280.0,True,Reimbursed
CLM_0000993,VEH_001381,DLR_UK_001,GEO_UK,20250614,2025-06-14,Electric_Drive_Inverter,ERR_ELECTRIC_DRIVE_INVERTER_DIAG,9,14661,1.5,180.0,1850.0,2030.0,True,Approved
CLM_0000994,VEH_001514,DLR_SE_001,GEO_SE,20260106,2026-01-06,HV_Battery_Pack,ERR_HV_BATTERY_PACK_DIAG,6,7932,2.0,240.0,4500.0,4740.0,True,Reimbursed
CLM_0000995,VEH_008328,DLR_NL_002,GEO_NL,20250312,2025-03-12,HV_Battery_Pack,ERR_HV_BATTERY_PACK_DIAG,9,10539,3.5,420.0,4500.0,4920.0,True,Approved
CLM_0000996,VEH_007333,DLR_NO_001,GEO_NO,20250512,2025-05-12,HV_Battery_Pack,ERR_HV_BATTERY_PACK_DIAG,2,2338,1.5,180.0,4500.0,4680.0,True,Under_Investigation
CLM_0000997,VEH_004140,DLR_DE_002,GEO_DE,20261228,2026-12-28,HV_Battery_Pack,ERR_HV_BATTERY_PACK_DIAG,24,28248,3.5,420.0,4500.0,4920.0,True,Approved
CLM_0000998,VEH_002441,DLR_IT_001,GEO_IT,20260409,2026-04-09,HV_Battery_Pack,ERR_HV_BATTERY_PACK_DIAG,16,23936,2.0,240.0,4500.0,4740.0,True,Reimbursed
CLM_0000999,VEH_000173,DLR_IT_002,GEO_IT,20260319,2026-03-19,Air_Suspension,ERR_AIR_SUSPENSION_DIAG,4,5668,5.0,600.0,850.0,1450.0,False,Approved
CLM_0001000,VEH_003547,DLR_NO_002,GEO_NO,20241011,2024-10-11,Electric_Drive_Inverter,ERR_ELECTRIC_DRIVE_INVERTER_DIAG,8,12544,5.0,600.0,1850.0,2450.0,True,Reimbursed
CLM_0001001,VEH_009603,DLR_IT_002,GEO_IT,20250512,2025-05-12,Air_Suspension,ERR_AIR_SUSPENSION_DIAG,14,23058,1.5,180.0,850.0,1030.0,False,Approved
CLM_0001002,VEH_002046,DLR_US_001,GEO_US,20261228,2026-12-28,HV_Battery_Pack,ERR_HV_BATTERY_PACK_DIAG,14,22064,1.5,180.0,4500.0,4680.0,True,Reimbursed
CLM_0001003,VEH_009322,DLR_IT_002,GEO_IT,20261228,2026-12-28,HV_Battery_Pack,ERR_HV_BATTERY_PACK_DIAG,20,24240,3.5,420.0,4500.0,4920.0,True,Approved
CLM_0001004,VEH_003741,DLR_DE_001,GEO_DE,20250414,2025-04-14,Infotainment_OTA,ERR_INFOTAINMENT_OTA_DIAG,13,15665,2.0,240.0,150.0,390.0,False,Approved
CLM_0001005,VEH_005015,DLR_UK_001,GEO_UK,20261228,2026-12-28,ADAS_Vision_Sensor,ERR_ADAS_VISION_SENSOR_DIAG,18,28332,1.5,180.0,1100.0,1280.0,True,Approved
CLM_0001006,VEH_000352,DLR_DE_002,GEO_DE,20261228,2026-12-28,Electric_Drive_Inverter,ERR_ELECTRIC_DRIVE_INVERTER_DIAG,10,14640,2.0,240.0,1850.0,2090.0,True,Under_Investigation
CLM_0001007,VEH_004245,DLR_NO_002,GEO_NO,20261228,2026-12-28,Air_Suspension,ERR_AIR_SUSPENSION_DIAG,20,33700,2.0,240.0,850.0,1090.0,False,Under_Investigation
CLM_0001008,VEH_005725,DLR_SE_002,GEO_SE,20251213,2025-12-13,Air_Suspension,ERR_AIR_SUSPENSION_DIAG,3,3873,2.0,240.0,850.0,1090.0,False,Approved
CLM_0001009,VEH_002204,DLR_NL_001,GEO_NL,20250904,2025-09-04,Electric_Drive_Inverter,ERR_ELECTRIC_DRIVE_INVERTER_DIAG,19,29241,3.5,420.0,1850.0,2270.0,True,Under_Investigation
CLM_0001010,VEH_001747,DLR_DE_001,GEO_DE,20261228,2026-12-28,Air_Suspension,ERR_AIR_SUSPENSION_DIAG,21,26649,1.5,180.0,850.0,1030.0,False,Under_Investigation
CLM_0001011,VEH_005928,DLR_UK_001,GEO_UK,20240721,2024-07-21,HV_Battery_Pack,ERR_HV_BATTERY_PACK_DIAG,3,4785,2.0,240.0,4500.0,4740.0,True,Approved
CLM_0001012,VEH_008273,DLR_SE_002,GEO_SE,20261228,2026-12-28,Electric_Drive_Inverter,ERR_ELECTRIC_DRIVE_INVERTER_DIAG,20,31380,2.0,240.0,1850.0,2090.0,True,Reimbursed
CLM_0001013,VEH_000265,DLR_IT_002,GEO_IT,20261228,2026-12-28,HV_Battery_Pack,ERR_HV_BATTERY_PACK_DIAG,14,17514,5.0,600.0,4500.0,5100.0,True,Approved
CLM_0001014,VEH_008053,DLR_IT_002,GEO_IT,20250801,2025-08-01,Infotainment_OTA,ERR_INFOTAINMENT_OTA_DIAG,10,17130,1.5,180.0,150.0,330.0,False,Under_Investigation
CLM_0001015,VEH_004346,DLR_NO_002,GEO_NO,20260706,2026-07-06,Infotainment_OTA,ERR_INFOTAINMENT_OTA_DIAG,4,6096,5.0,600.0,150.0,750.0,False,Under_Investigation
CLM_0001016,VEH_003226,DLR_NO_001,GEO_NO,20241010,2024-10-10,Electric_Drive_Inverter,ERR_ELECTRIC_DRIVE_INVERTER_DIAG,6,9858,2.0,240.0,1850.0,2090.0,True,Reimbursed
CLM_0001017,VEH_001428,DLR_SE_001,GEO_SE,20250911,2025-09-11,HV_Battery_Pack,ERR_HV_BATTERY_PACK_DIAG,4,5536,5.0,600.0,4500.0,5100.0,True,Reimbursed
CLM_0001018,VEH_009210,DLR_NO_002,GEO_NO,20261228,2026-12-28,HV_Battery_Pack,ERR_HV_BATTERY_PACK_DIAG,17,29529,5.0,600.0,4500.0,5100.0,True,Approved
CLM_0001019,VEH_008198,DLR_UK_001,GEO_UK,20261228,2026-12-28,Infotainment_OTA,ERR_INFOTAINMENT_OTA_DIAG,21,37338,1.5,180.0,150.0,330.0,False,Approved
CLM_0001020,VEH_006222,DLR_IT_002,GEO_IT,20261228,2026-12-28,HV_Battery_Pack,ERR_HV_BATTERY_PACK_DIAG,24,42984,3.5,420.0,4500.0,4920.0,True,Approved
CLM_0001021,VEH_007200,DLR_US_001,GEO_US,20250726,2025-07-26,Electric_Drive_Inverter,ERR_ELECTRIC_DRIVE_INVERTER_DIAG,15,16890,5.0,600.0,1850.0,2450.0,True,Reimbursed
CLM_0001022,VEH_009325,DLR_SE_001,GEO_SE,20250824,2025-08-24,Electric_Drive_Inverter,ERR_ELECTRIC_DRIVE_INVERTER_DIAG,16,28416,2.0,240.0,1850.0,2090.0,True,Approved
CLM_0001023,VEH_001825,DLR_NL_002,GEO_NL,20261228,2026-12-28,Electric_Drive_Inverter,ERR_ELECTRIC_DRIVE_INVERTER_DIAG,9,9909,1.5,180.0,1850.0,2030.0,True,Under_Investigation
CLM_0001024,VEH_007750,DLR_NL_002,GEO_NL,20250703,2025-07-03,HV_Battery_Pack,ERR_HV_BATTERY_PACK_DIAG,6,10290,1.5,180.0,4500.0,4680.0,True,Under_Investigation
CLM_0001025,VEH_006567,DLR_IT_002,GEO_IT,20261228,2026-12-28,Air_Suspension,ERR_AIR_SUSPENSION_DIAG,20,24100,5.0,600.0,850.0,1450.0,False,Reimbursed
CLM_0001026,VEH_006844,DLR_NL_002,GEO_NL,20261228,2026-12-28,Electric_Drive_Inverter,ERR_ELECTRIC_DRIVE_INVERTER_DIAG,14,21378,5.0,600.0,1850.0,2450.0,True,Under_Investigation
CLM_0001027,VEH_007838,DLR_DE_002,GEO_DE,20251016,2025-10-16,Infotainment_OTA,ERR_INFOTAINMENT_OTA_DIAG,3,3999,5.0,600.0,150.0,750.0,False,Reimbursed
CLM_0001028,VEH_006121,DLR_DE_001,GEO_DE,20261228,2026-12-28,HV_Battery_Pack,ERR_HV_BATTERY_PACK_DIAG,22,37906,2.0,240.0,4500.0,4740.0,True,Under_Investigation
CLM_0001029,VEH_004799,DLR_DE_002,GEO_DE,20261228,2026-12-28,HV_Battery_Pack,ERR_HV_BATTERY_PACK_DIAG,24,40320,2.0,240.0,4500.0,4740.0,True,Approved
CLM_0001030,VEH_004064,DLR_DE_002,GEO_DE,20251115,2025-11-15,Infotainment_OTA,ERR_INFOTAINMENT_OTA_DIAG,18,32202,5.0,600.0,150.0,750.0,False,Reimbursed
CLM_0001031,VEH_001014,DLR_DE_002,GEO_DE,20251126,2025-11-26,ADAS_Vision_Sensor,ERR_ADAS_VISION_SENSOR_DIAG,15,20250,1.5,180.0,1100.0,1280.0,True,Reimbursed
CLM_0001032,VEH_002779,DLR_IT_002,GEO_IT,20251117,2025-11-17,ADAS_Vision_Sensor,ERR_ADAS_VISION_SENSOR_DIAG,14,18284,2.0,240.0,1100.0,1340.0,True,Approved
CLM_0001033,VEH_007158,DLR_DE_002,GEO_DE,20260718,2026-07-18,Electric_Drive_Inverter,ERR_ELECTRIC_DRIVE_INVERTER_DIAG,2,2356,5.0,600.0,1850.0,2450.0,True,Reimbursed
CLM_0001034,VEH_008772,DLR_IT_002,GEO_IT,20251210,2025-12-10,HV_Battery_Pack,ERR_HV_BATTERY_PACK_DIAG,1,1363,3.5,420.0,4500.0,4920.0,True,Under_Investigation
CLM_0001035,VEH_001961,DLR_SE_001,GEO_SE,20261228,2026-12-28,HV_Battery_Pack,ERR_HV_BATTERY_PACK_DIAG,15,26715,2.0,240.0,4500.0,4740.0,True,Under_Investigation
CLM_0001036,VEH_008676,DLR_US_001,GEO_US,20251218,2025-12-18,Air_Suspension,ERR_AIR_SUSPENSION_DIAG,6,9936,1.5,180.0,850.0,1030.0,False,Under_Investigation
CLM_0001037,VEH_000236,DLR_NO_002,GEO_NO,20260531,2026-05-31,Air_Suspension,ERR_AIR_SUSPENSION_DIAG,20,32720,1.5,180.0,850.0,1030.0,False,Reimbursed
CLM_0001038,VEH_007493,DLR_NO_002,GEO_NO,20261228,2026-12-28,ADAS_Vision_Sensor,ERR_ADAS_VISION_SENSOR_DIAG,16,23264,3.5,420.0,1100.0,1520.0,True,Reimbursed
CLM_0001039,VEH_002077,DLR_SE_001,GEO_SE,20250821,2025-08-21,Air_Suspension,ERR_AIR_SUSPENSION_DIAG,16,28336,1.5,180.0,850.0,1030.0,False,Reimbursed
CLM_0001040,VEH_009913,DLR_DE_001,GEO_DE,20260409,2026-04-09,Electric_Drive_Inverter,ERR_ELECTRIC_DRIVE_INVERTER_DIAG,3,3744,1.5,180.0,1850.0,2030.0,True,Under_Investigation
CLM_0001041,VEH_004291,DLR_SE_002,GEO_SE,20260313,2026-03-13,Air_Suspension,ERR_AIR_SUSPENSION_DIAG,13,23244,1.5,180.0,850.0,1030.0,False,Under_Investigation
CLM_0001042,VEH_003050,DLR_IT_002,GEO_IT,20260226,2026-02-26,ADAS_Vision_Sensor,ERR_ADAS_VISION_SENSOR_DIAG,15,21225,5.0,600.0,1100.0,1700.0,True,Reimbursed
CLM_0001043,VEH_005704,DLR_DE_001,GEO_DE,20260918,2026-09-18,HV_Battery_Pack,ERR_HV_BATTERY_PACK_DIAG,20,35100,1.5,180.0,4500.0,4680.0,True,Approved
CLM_0001044,VEH_007859,DLR_NO_001,GEO_NO,20251103,2025-11-03,HV_Battery_Pack,ERR_HV_BATTERY_PACK_DIAG,13,20943,5.0,600.0,4500.0,5100.0,True,Reimbursed
CLM_0001045,VEH_008548,DLR_SE_002,GEO_SE,20250530,2025-05-30,Air_Suspension,ERR_AIR_SUSPENSION_DIAG,7,7833,2.0,240.0,850.0,1090.0,False,Under_Investigation
CLM_0001046,VEH_004478,DLR_DE_002,GEO_DE,20261228,2026-12-28,Electric_Drive_Inverter,ERR_ELECTRIC_DRIVE_INVERTER_DIAG,16,26704,5.0,600.0,1850.0,2450.0,True,Reimbursed
CLM_0001047,VEH_004396,DLR_SE_001,GEO_SE,20250326,2025-03-26,HV_Battery_Pack,ERR_HV_BATTERY_PACK_DIAG,9,12402,5.0,600.0,4500.0,5100.0,True,Under_Investigation
CLM_0001048,VEH_005624,DLR_NO_001,GEO_NO,20260113,2026-01-13,HV_Battery_Pack,ERR_HV_BATTERY_PACK_DIAG,11,19613,1.5,180.0,4500.0,4680.0,True,Reimbursed
CLM_0001049,VEH_009141,DLR_IT_001,GEO_IT,20250630,2025-06-30,Electric_Drive_Inverter,ERR_ELECTRIC_DRIVE_INVERTER_DIAG,4,7028,2.0,240.0,1850.0,2090.0,True,Under_Investigation
CLM_0001050,VEH_008412,DLR_NL_002,GEO_NL,20260119,2026-01-19,HV_Battery_Pack,ERR_HV_BATTERY_PACK_DIAG,17,19618,5.0,600.0,4500.0,5100.0,True,Reimbursed
CLM_0001051,VEH_002221,DLR_UK_001,GEO_UK,20260326,2026-03-26,HV_Battery_Pack,ERR_HV_BATTERY_PACK_DIAG,11,18832,5.0,600.0,4500.0,5100.0,True,Approved
CLM_0001052,VEH_007408,DLR_IT_001,GEO_IT,20240726,2024-07-26,Air_Suspension,ERR_AIR_SUSPENSION_DIAG,4,5736,3.5,420.0,850.0,1270.0,False,Approved
CLM_0001053,VEH_002814,DLR_SE_001,GEO_SE,20261228,2026-12-28,Electric_Drive_Inverter,ERR_ELECTRIC_DRIVE_INVERTER_DIAG,18,20844,5.0,600.0,1850.0,2450.0,True,Reimbursed
CLM_0001054,VEH_009777,DLR_NO_002,GEO_NO,20260220,2026-02-20,Infotainment_OTA,ERR_INFOTAINMENT_OTA_DIAG,23,39537,3.5,420.0,150.0,570.0,False,Approved
CLM_0001055,VEH_004007,DLR_IT_002,GEO_IT,20260624,2026-06-24,ADAS_Vision_Sensor,ERR_ADAS_VISION_SENSOR_DIAG,22,32296,5.0,600.0,1100.0,1700.0,True,Under_Investigation
CLM_0001056,VEH_002876,DLR_NO_002,GEO_NO,20251202,2025-12-02,HV_Battery_Pack,ERR_HV_BATTERY_PACK_DIAG,8,8856,3.5,420.0,4500.0,4920.0,True,Reimbursed
CLM_0001057,VEH_001920,DLR_DE_001,GEO_DE,20251012,2025-10-12,Air_Suspension,ERR_AIR_SUSPENSION_DIAG,4,5788,5.0,600.0,850.0,1450.0,False,Under_Investigation
CLM_0001058,VEH_006258,DLR_NL_002,GEO_NL,20260614,2026-06-14,Infotainment_OTA,ERR_INFOTAINMENT_OTA_DIAG,23,36225,2.0,240.0,150.0,390.0,False,Under_Investigation
CLM_0001059,VEH_007534,DLR_DE_001,GEO_DE,20261228,2026-12-28,HV_Battery_Pack,ERR_HV_BATTERY_PACK_DIAG,9,11061,5.0,600.0,4500.0,5100.0,True,Under_Investigation
CLM_0001060,VEH_004214,DLR_NO_002,GEO_NO,20250627,2025-06-27,HV_Battery_Pack,ERR_HV_BATTERY_PACK_DIAG,10,14710,5.0,600.0,4500.0,5100.0,True,Reimbursed
CLM_0001061,VEH_007324,DLR_DE_001,GEO_DE,20250214,2025-02-14,HV_Battery_Pack,ERR_HV_BATTERY_PACK_DIAG,2,2848,1.5,180.0,4500.0,4680.0,True,Under_Investigation
CLM_0001062,VEH_006312,DLR_US_001,GEO_US,20250725,2025-07-25,HV_Battery_Pack,ERR_HV_BATTERY_PACK_DIAG,5,8480,5.0,600.0,4500.0,5100.0,True,Approved
CLM_0001063,VEH_006224,DLR_UK_001,GEO_UK,20250929,2025-09-29,Air_Suspension,ERR_AIR_SUSPENSION_DIAG,13,15912,3.5,420.0,850.0,1270.0,False,Reimbursed
CLM_0001064,VEH_007755,DLR_NO_002,GEO_NO,20261228,2026-12-28,ADAS_Vision_Sensor,ERR_ADAS_VISION_SENSOR_DIAG,20,26380,5.0,600.0,1100.0,1700.0,True,Under_Investigation
CLM_0001065,VEH_006790,DLR_DE_002,GEO_DE,20260706,2026-07-06,Electric_Drive_Inverter,ERR_ELECTRIC_DRIVE_INVERTER_DIAG,19,22439,3.5,420.0,1850.0,2270.0,True,Reimbursed
CLM_0001066,VEH_001750,DLR_DE_001,GEO_DE,20250819,2025-08-19,ADAS_Vision_Sensor,ERR_ADAS_VISION_SENSOR_DIAG,17,23630,2.0,240.0,1100.0,1340.0,True,Under_Investigation
CLM_0001067,VEH_002907,DLR_IT_002,GEO_IT,20260812,2026-08-12,Infotainment_OTA,ERR_INFOTAINMENT_OTA_DIAG,5,7855,2.0,240.0,150.0,390.0,False,Under_Investigation
CLM_0001068,VEH_008712,DLR_NO_002,GEO_NO,20260728,2026-07-28,Electric_Drive_Inverter,ERR_ELECTRIC_DRIVE_INVERTER_DIAG,21,32172,1.5,180.0,1850.0,2030.0,True,Approved
CLM_0001069,VEH_001610,DLR_SE_002,GEO_SE,20241027,2024-10-27,Electric_Drive_Inverter,ERR_ELECTRIC_DRIVE_INVERTER_DIAG,2,2610,3.5,420.0,1850.0,2270.0,True,Under_Investigation
CLM_0001070,VEH_004463,DLR_NO_001,GEO_NO,20251108,2025-11-08,ADAS_Vision_Sensor,ERR_ADAS_VISION_SENSOR_DIAG,6,7314,5.0,600.0,1100.0,1700.0,True,Under_Investigation
CLM_0001071,VEH_003203,DLR_SE_002,GEO_SE,20260707,2026-07-07,HV_Battery_Pack,ERR_HV_BATTERY_PACK_DIAG,20,25320,1.5,180.0,4500.0,4680.0,True,Approved
CLM_0001072,VEH_002411,DLR_IT_001,GEO_IT,20251101,2025-11-01,ADAS_Vision_Sensor,ERR_ADAS_VISION_SENSOR_DIAG,7,11221,1.5,180.0,1100.0,1280.0,True,Approved
CLM_0001073,VEH_001669,DLR_DE_001,GEO_DE,20250308,2025-03-08,Electric_Drive_Inverter,ERR_ELECTRIC_DRIVE_INVERTER_DIAG,3,4158,5.0,600.0,1850.0,2450.0,True,Approved
CLM_0001074,VEH_004962,DLR_NO_002,GEO_NO,20260113,2026-01-13,Infotainment_OTA,ERR_INFOTAINMENT_OTA_DIAG,9,13095,5.0,600.0,150.0,750.0,False,Under_Investigation
CLM_0001075,VEH_004760,DLR_NO_001,GEO_NO,20250903,2025-09-03,HV_Battery_Pack,ERR_HV_BATTERY_PACK_DIAG,10,12780,5.0,600.0,4500.0,5100.0,True,Approved
CLM_0001076,VEH_004041,DLR_SE_002,GEO_SE,20260814,2026-08-14,Air_Suspension,ERR_AIR_SUSPENSION_DIAG,21,36645,5.0,600.0,850.0,1450.0,False,Under_Investigation
CLM_0001077,VEH_008496,DLR_IT_002,GEO_IT,20260303,2026-03-03,Infotainment_OTA,ERR_INFOTAINMENT_OTA_DIAG,21,24843,2.0,240.0,150.0,390.0,False,Approved
CLM_0001078,VEH_001332,DLR_DE_002,GEO_DE,20260211,2026-02-11,ADAS_Vision_Sensor,ERR_ADAS_VISION_SENSOR_DIAG,13,19747,2.0,240.0,1100.0,1340.0,True,Approved
CLM_0001079,VEH_008221,DLR_SE_001,GEO_SE,20250221,2025-02-21,ADAS_Vision_Sensor,ERR_ADAS_VISION_SENSOR_DIAG,7,10549,3.5,420.0,1100.0,1520.0,True,Reimbursed
CLM_0001080,VEH_006505,DLR_NO_002,GEO_NO,20261228,2026-12-28,Air_Suspension,ERR_AIR_SUSPENSION_DIAG,22,34672,3.5,420.0,850.0,1270.0,False,Under_Investigation
CLM_0001081,VEH_003947,DLR_NO_001,GEO_NO,20250915,2025-09-15,Air_Suspension,ERR_AIR_SUSPENSION_DIAG,14,21084,3.5,420.0,850.0,1270.0,False,Approved
CLM_0001082,VEH_003579,DLR_UK_001,GEO_UK,20250408,2025-04-08,Infotainment_OTA,ERR_INFOTAINMENT_OTA_DIAG,9,11151,1.5,180.0,150.0,330.0,False,Reimbursed
CLM_0001083,VEH_004845,DLR_NL_001,GEO_NL,20260407,2026-04-07,Infotainment_OTA,ERR_INFOTAINMENT_OTA_DIAG,6,8784,1.5,180.0,150.0,330.0,False,Approved
CLM_0001084,VEH_003958,DLR_NO_002,GEO_NO,20261210,2026-12-10,Infotainment_OTA,ERR_INFOTAINMENT_OTA_DIAG,20,32960,5.0,600.0,150.0,750.0,False,Approved
CLM_0001085,VEH_001723,DLR_SE_002,GEO_SE,20260210,2026-02-10,Electric_Drive_Inverter,ERR_ELECTRIC_DRIVE_INVERTER_DIAG,2,2674,3.5,420.0,1850.0,2270.0,True,Under_Investigation
CLM_0001086,VEH_004645,DLR_NO_002,GEO_NO,20250621,2025-06-21,Air_Suspension,ERR_AIR_SUSPENSION_DIAG,4,4476,3.5,420.0,850.0,1270.0,False,Under_Investigation
CLM_0001087,VEH_002608,DLR_IT_002,GEO_IT,20260115,2026-01-15,HV_Battery_Pack,ERR_HV_BATTERY_PACK_DIAG,15,26400,5.0,600.0,4500.0,5100.0,True,Reimbursed
CLM_0001088,VEH_008727,DLR_NO_001,GEO_NO,20251120,2025-11-20,HV_Battery_Pack,ERR_HV_BATTERY_PACK_DIAG,20,33360,5.0,600.0,4500.0,5100.0,True,Approved
CLM_0001089,VEH_009649,DLR_SE_002,GEO_SE,20250607,2025-06-07,HV_Battery_Pack,ERR_HV_BATTERY_PACK_DIAG,2,2210,5.0,600.0,4500.0,5100.0,True,Reimbursed
CLM_0001090,VEH_007096,DLR_DE_002,GEO_DE,20250731,2025-07-31,Electric_Drive_Inverter,ERR_ELECTRIC_DRIVE_INVERTER_DIAG,4,6928,1.5,180.0,1850.0,2030.0,True,Reimbursed
CLM_0001091,VEH_009792,DLR_NL_001,GEO_NL,20260920,2026-09-20,HV_Battery_Pack,ERR_HV_BATTERY_PACK_DIAG,11,12265,5.0,600.0,4500.0,5100.0,True,Approved
CLM_0001092,VEH_000736,DLR_DE_002,GEO_DE,20240917,2024-09-17,HV_Battery_Pack,ERR_HV_BATTERY_PACK_DIAG,2,2672,3.5,420.0,4500.0,4920.0,True,Under_Investigation
CLM_0001093,VEH_002176,DLR_DE_001,GEO_DE,20261228,2026-12-28,ADAS_Vision_Sensor,ERR_ADAS_VISION_SENSOR_DIAG,21,31941,5.0,600.0,1100.0,1700.0,True,Reimbursed
CLM_0001094,VEH_000950,DLR_DE_001,GEO_DE,20250915,2025-09-15,Air_Suspension,ERR_AIR_SUSPENSION_DIAG,4,5208,5.0,600.0,850.0,1450.0,False,Under_Investigation
CLM_0001095,VEH_001089,DLR_US_001,GEO_US,20261228,2026-12-28,Air_Suspension,ERR_AIR_SUSPENSION_DIAG,17,29461,2.0,240.0,850.0,1090.0,False,Approved
CLM_0001096,VEH_001686,DLR_IT_001,GEO_IT,20241227,2024-12-27,HV_Battery_Pack,ERR_HV_BATTERY_PACK_DIAG,2,2334,5.0,600.0,4500.0,5100.0,True,Reimbursed
CLM_0001097,VEH_009503,DLR_NO_001,GEO_NO,20240701,2024-07-01,HV_Battery_Pack,ERR_HV_BATTERY_PACK_DIAG,4,4860,5.0,600.0,4500.0,5100.0,True,Approved
CLM_0001098,VEH_006052,DLR_NL_001,GEO_NL,20260412,2026-04-12,HV_Battery_Pack,ERR_HV_BATTERY_PACK_DIAG,4,5268,5.0,600.0,4500.0,5100.0,True,Approved
CLM_0001099,VEH_001836,DLR_DE_002,GEO_DE,20260113,2026-01-13,HV_Battery_Pack,ERR_HV_BATTERY_PACK_DIAG,8,10120,1.5,180.0,4500.0,4680.0,True,Under_Investigation
CLM_0001100,VEH_006144,DLR_US_001,GEO_US,20251116,2025-11-16,Air_Suspension,ERR_AIR_SUSPENSION_DIAG,6,7224,5.0,600.0,850.0,1450.0,False,Under_Investigation
CLM_0001101,VEH_002787,DLR_DE_001,GEO_DE,20250324,2025-03-24,HV_Battery_Pack,ERR_HV_BATTERY_PACK_DIAG,9,11304,2.0,240.0,4500.0,4740.0,True,Under_Investigation
CLM_0001102,VEH_009182,DLR_UK_001,GEO_UK,20261228,2026-12-28,Air_Suspension,ERR_AIR_SUSPENSION_DIAG,13,19526,5.0,600.0,850.0,1450.0,False,Under_Investigation
CLM_0001103,VEH_006946,DLR_DE_001,GEO_DE,20241107,2024-11-07,ADAS_Vision_Sensor,ERR_ADAS_VISION_SENSOR_DIAG,9,11691,5.0,600.0,1100.0,1700.0,True,Approved
CLM_0001104,VEH_004692,DLR_SE_002,GEO_SE,20250812,2025-08-12,Electric_Drive_Inverter,ERR_ELECTRIC_DRIVE_INVERTER_DIAG,5,5865,3.5,420.0,1850.0,2270.0,True,Approved
CLM_0001105,VEH_005586,DLR_IT_002,GEO_IT,20251015,2025-10-15,Electric_Drive_Inverter,ERR_ELECTRIC_DRIVE_INVERTER_DIAG,21,31626,5.0,600.0,1850.0,2450.0,True,Reimbursed
CLM_0001106,VEH_005329,DLR_DE_001,GEO_DE,20261228,2026-12-28,ADAS_Vision_Sensor,ERR_ADAS_VISION_SENSOR_DIAG,19,30704,1.5,180.0,1100.0,1280.0,True,Under_Investigation
CLM_0001107,VEH_002278,DLR_DE_001,GEO_DE,20261230,2026-12-30,Electric_Drive_Inverter,ERR_ELECTRIC_DRIVE_INVERTER_DIAG,24,28920,1.5,180.0,1850.0,2030.0,True,Under_Investigation
CLM_0001108,VEH_001208,DLR_NL_002,GEO_NL,20240807,2024-08-07,HV_Battery_Pack,ERR_HV_BATTERY_PACK_DIAG,4,5748,5.0,600.0,4500.0,5100.0,True,Approved
CLM_0001109,VEH_006016,DLR_SE_002,GEO_SE,20240914,2024-09-14,ADAS_Vision_Sensor,ERR_ADAS_VISION_SENSOR_DIAG,6,9834,3.5,420.0,1100.0,1520.0,True,Approved
CLM_0001110,VEH_007750,DLR_NL_002,GEO_NL,20250201,2025-02-01,Electric_Drive_Inverter,ERR_ELECTRIC_DRIVE_INVERTER_DIAG,1,1357,2.0,240.0,1850.0,2090.0,True,Reimbursed
CLM_0001111,VEH_008263,DLR_NL_001,GEO_NL,20250621,2025-06-21,ADAS_Vision_Sensor,ERR_ADAS_VISION_SENSOR_DIAG,11,17193,2.0,240.0,1100.0,1340.0,True,Under_Investigation
CLM_0001112,VEH_007784,DLR_NL_002,GEO_NL,20261228,2026-12-28,HV_Battery_Pack,ERR_HV_BATTERY_PACK_DIAG,8,13648,1.5,180.0,4500.0,4680.0,True,Reimbursed
CLM_0001113,VEH_001598,DLR_DE_001,GEO_DE,20260512,2026-05-12,Electric_Drive_Inverter,ERR_ELECTRIC_DRIVE_INVERTER_DIAG,15,18255,3.5,420.0,1850.0,2270.0,True,Under_Investigation
CLM_0001114,VEH_003438,DLR_DE_001,GEO_DE,20260220,2026-02-20,ADAS_Vision_Sensor,ERR_ADAS_VISION_SENSOR_DIAG,23,32752,1.5,180.0,1100.0,1280.0,True,Under_Investigation
CLM_0001115,VEH_007073,DLR_UK_001,GEO_UK,20250911,2025-09-11,Infotainment_OTA,ERR_INFOTAINMENT_OTA_DIAG,12,20964,2.0,240.0,150.0,390.0,False,Approved
CLM_0001116,VEH_000976,DLR_NL_002,GEO_NL,20250821,2025-08-21,Infotainment_OTA,ERR_INFOTAINMENT_OTA_DIAG,16,23952,2.0,240.0,150.0,390.0,False,Approved
CLM_0001117,VEH_003973,DLR_DE_001,GEO_DE,20260717,2026-07-17,HV_Battery_Pack,ERR_HV_BATTERY_PACK_DIAG,19,27493,3.5,420.0,4500.0,4920.0,True,Approved
CLM_0001118,VEH_004048,DLR_NO_001,GEO_NO,20240615,2024-06-15,Electric_Drive_Inverter,ERR_ELECTRIC_DRIVE_INVERTER_DIAG,3,4038,3.5,420.0,1850.0,2270.0,True,Reimbursed
CLM_0001119,VEH_007068,DLR_NL_002,GEO_NL,20261228,2026-12-28,ADAS_Vision_Sensor,ERR_ADAS_VISION_SENSOR_DIAG,20,26540,3.5,420.0,1100.0,1520.0,True,Reimbursed
CLM_0001120,VEH_001561,DLR_DE_001,GEO_DE,20260603,2026-06-03,HV_Battery_Pack,ERR_HV_BATTERY_PACK_DIAG,6,8982,5.0,600.0,4500.0,5100.0,True,Under_Investigation
CLM_0001121,VEH_002430,DLR_SE_001,GEO_SE,20261110,2026-11-10,ADAS_Vision_Sensor,ERR_ADAS_VISION_SENSOR_DIAG,21,27531,2.0,240.0,1100.0,1340.0,True,Under_Investigation
CLM_0001122,VEH_000048,DLR_NO_002,GEO_NO,20260109,2026-01-09,Electric_Drive_Inverter,ERR_ELECTRIC_DRIVE_INVERTER_DIAG,13,17290,1.5,180.0,1850.0,2030.0,True,Under_Investigation
CLM_0001123,VEH_008307,DLR_UK_001,GEO_UK,20261230,2026-12-30,ADAS_Vision_Sensor,ERR_ADAS_VISION_SENSOR_DIAG,11,13970,2.0,240.0,1100.0,1340.0,True,Approved
CLM_0001124,VEH_007120,DLR_NO_002,GEO_NO,20260322,2026-03-22,ADAS_Vision_Sensor,ERR_ADAS_VISION_SENSOR_DIAG,19,32338,3.5,420.0,1100.0,1520.0,True,Under_Investigation
CLM_0001125,VEH_004154,DLR_DE_001,GEO_DE,20251219,2025-12-19,Electric_Drive_Inverter,ERR_ELECTRIC_DRIVE_INVERTER_DIAG,18,27936,3.5,420.0,1850.0,2270.0,True,Reimbursed
CLM_0001126,VEH_007140,DLR_SE_002,GEO_SE,20251014,2025-10-14,Infotainment_OTA,ERR_INFOTAINMENT_OTA_DIAG,11,17336,3.5,420.0,150.0,570.0,False,Reimbursed
CLM_0001127,VEH_008311,DLR_IT_001,GEO_IT,20260704,2026-07-04,HV_Battery_Pack,ERR_HV_BATTERY_PACK_DIAG,24,34104,3.5,420.0,4500.0,4920.0,True,Approved
CLM_0001128,VEH_007333,DLR_NO_001,GEO_NO,20260612,2026-06-12,Electric_Drive_Inverter,ERR_ELECTRIC_DRIVE_INVERTER_DIAG,15,26010,3.5,420.0,1850.0,2270.0,True,Under_Investigation
CLM_0001129,VEH_001461,DLR_UK_001,GEO_UK,20261228,2026-12-28,Infotainment_OTA,ERR_INFOTAINMENT_OTA_DIAG,14,15862,3.5,420.0,150.0,570.0,False,Under_Investigation
CLM_0001130,VEH_004069,DLR_NO_001,GEO_NO,20260528,2026-05-28,Electric_Drive_Inverter,ERR_ELECTRIC_DRIVE_INVERTER_DIAG,22,34430,5.0,600.0,1850.0,2450.0,True,Approved
CLM_0001131,VEH_003709,DLR_NO_002,GEO_NO,20260725,2026-07-25,HV_Battery_Pack,ERR_HV_BATTERY_PACK_DIAG,9,15444,5.0,600.0,4500.0,5100.0,True,Approved
CLM_0001132,VEH_000976,DLR_NL_002,GEO_NL,20260120,2026-01-20,HV_Battery_Pack,ERR_HV_BATTERY_PACK_DIAG,21,29337,3.5,420.0,4500.0,4920.0,True,Under_Investigation
CLM_0001133,VEH_000762,DLR_NL_002,GEO_NL,20261228,2026-12-28,HV_Battery_Pack,ERR_HV_BATTERY_PACK_DIAG,21,25242,1.5,180.0,4500.0,4680.0,True,Reimbursed
CLM_0001134,VEH_002541,DLR_NO_002,GEO_NO,20261228,2026-12-28,Infotainment_OTA,ERR_INFOTAINMENT_OTA_DIAG,20,29620,1.5,180.0,150.0,330.0,False,Reimbursed
CLM_0001135,VEH_002763,DLR_US_001,GEO_US,20261228,2026-12-28,Electric_Drive_Inverter,ERR_ELECTRIC_DRIVE_INVERTER_DIAG,21,31164,5.0,600.0,1850.0,2450.0,True,Approved
CLM_0001136,VEH_008656,DLR_SE_001,GEO_SE,20260921,2026-09-21,Air_Suspension,ERR_AIR_SUSPENSION_DIAG,11,12452,1.5,180.0,850.0,1030.0,False,Reimbursed
CLM_0001137,VEH_003964,DLR_US_001,GEO_US,20261228,2026-12-28,Electric_Drive_Inverter,ERR_ELECTRIC_DRIVE_INVERTER_DIAG,23,26864,1.5,180.0,1850.0,2030.0,True,Reimbursed
CLM_0001138,VEH_009874,DLR_NL_001,GEO_NL,20241224,2024-12-24,Electric_Drive_Inverter,ERR_ELECTRIC_DRIVE_INVERTER_DIAG,11,13508,5.0,600.0,1850.0,2450.0,True,Reimbursed
CLM_0001139,VEH_003631,DLR_DE_001,GEO_DE,20240615,2024-06-15,Air_Suspension,ERR_AIR_SUSPENSION_DIAG,3,4593,5.0,600.0,850.0,1450.0,False,Reimbursed
CLM_0001140,VEH_001397,DLR_NL_002,GEO_NL,20260909,2026-09-09,Electric_Drive_Inverter,ERR_ELECTRIC_DRIVE_INVERTER_DIAG,4,5508,5.0,600.0,1850.0,2450.0,True,Under_Investigation
CLM_0001141,VEH_006274,DLR_UK_001,GEO_UK,20260809,2026-08-09,HV_Battery_Pack,ERR_HV_BATTERY_PACK_DIAG,17,19091,2.0,240.0,4500.0,4740.0,True,Reimbursed
CLM_0001142,VEH_008549,DLR_UK_001,GEO_UK,20261228,2026-12-28,HV_Battery_Pack,ERR_HV_BATTERY_PACK_DIAG,24,34632,5.0,600.0,4500.0,5100.0,True,Approved
CLM_0001143,VEH_007121,DLR_SE_002,GEO_SE,20250218,2025-02-18,Electric_Drive_Inverter,ERR_ELECTRIC_DRIVE_INVERTER_DIAG,7,11536,2.0,240.0,1850.0,2090.0,True,Under_Investigation
CLM_0001144,VEH_001243,DLR_NL_001,GEO_NL,20261228,2026-12-28,HV_Battery_Pack,ERR_HV_BATTERY_PACK_DIAG,17,27047,5.0,600.0,4500.0,5100.0,True,Under_Investigation
CLM_0001145,VEH_007972,DLR_SE_001,GEO_SE,20261228,2026-12-28,Electric_Drive_Inverter,ERR_ELECTRIC_DRIVE_INVERTER_DIAG,16,24768,1.5,180.0,1850.0,2030.0,True,Reimbursed
CLM_0001146,VEH_002205,DLR_NL_001,GEO_NL,20260209,2026-02-09,Electric_Drive_Inverter,ERR_ELECTRIC_DRIVE_INVERTER_DIAG,16,19456,2.0,240.0,1850.0,2090.0,True,Approved
CLM_0001147,VEH_003081,DLR_DE_002,GEO_DE,20261228,2026-12-28,HV_Battery_Pack,ERR_HV_BATTERY_PACK_DIAG,17,23120,5.0,600.0,4500.0,5100.0,True,Approved
CLM_0001148,VEH_004616,DLR_US_001,GEO_US,20260828,2026-08-28,HV_Battery_Pack,ERR_HV_BATTERY_PACK_DIAG,13,23361,3.5,420.0,4500.0,4920.0,True,Reimbursed
CLM_0001149,VEH_008393,DLR_US_001,GEO_US,20260617,2026-06-17,HV_Battery_Pack,ERR_HV_BATTERY_PACK_DIAG,15,26070,3.5,420.0,4500.0,4920.0,True,Under_Investigation
CLM_0001150,VEH_005001,DLR_DE_001,GEO_DE,20260424,2026-04-24,HV_Battery_Pack,ERR_HV_BATTERY_PACK_DIAG,23,38755,2.0,240.0,4500.0,4740.0,True,Reimbursed
CLM_0001151,VEH_008019,DLR_DE_001,GEO_DE,20261228,2026-12-28,Infotainment_OTA,ERR_INFOTAINMENT_OTA_DIAG,21,26838,5.0,600.0,150.0,750.0,False,Reimbursed
CLM_0001152,VEH_009178,DLR_US_001,GEO_US,20250713,2025-07-13,Electric_Drive_Inverter,ERR_ELECTRIC_DRIVE_INVERTER_DIAG,7,9597,3.5,420.0,1850.0,2270.0,True,Reimbursed
CLM_0001153,VEH_000927,DLR_SE_001,GEO_SE,20261228,2026-12-28,HV_Battery_Pack,ERR_HV_BATTERY_PACK_DIAG,20,28180,3.5,420.0,4500.0,4920.0,True,Reimbursed
CLM_0001154,VEH_009646,DLR_DE_002,GEO_DE,20241227,2024-12-27,ADAS_Vision_Sensor,ERR_ADAS_VISION_SENSOR_DIAG,2,3044,5.0,600.0,1100.0,1700.0,True,Under_Investigation
CLM_0001155,VEH_003400,DLR_NL_001,GEO_NL,20260509,2026-05-09,Infotainment_OTA,ERR_INFOTAINMENT_OTA_DIAG,7,8407,5.0,600.0,150.0,750.0,False,Reimbursed
CLM_0001156,VEH_006875,DLR_NL_001,GEO_NL,20260915,2026-09-15,HV_Battery_Pack,ERR_HV_BATTERY_PACK_DIAG,3,3726,2.0,240.0,4500.0,4740.0,True,Under_Investigation
CLM_0001157,VEH_003287,DLR_IT_001,GEO_IT,20261115,2026-11-15,ADAS_Vision_Sensor,ERR_ADAS_VISION_SENSOR_DIAG,19,33136,3.5,420.0,1100.0,1520.0,True,Under_Investigation
CLM_0001158,VEH_005177,DLR_SE_001,GEO_SE,20250923,2025-09-23,HV_Battery_Pack,ERR_HV_BATTERY_PACK_DIAG,7,10836,2.0,240.0,4500.0,4740.0,True,Under_Investigation
CLM_0001159,VEH_008041,DLR_NL_002,GEO_NL,20261228,2026-12-28,ADAS_Vision_Sensor,ERR_ADAS_VISION_SENSOR_DIAG,17,25772,5.0,600.0,1100.0,1700.0,True,Reimbursed
CLM_0001160,VEH_003378,DLR_NL_002,GEO_NL,20261228,2026-12-28,ADAS_Vision_Sensor,ERR_ADAS_VISION_SENSOR_DIAG,24,42864,2.0,240.0,1100.0,1340.0,True,Under_Investigation
CLM_0001161,VEH_000013,DLR_IT_002,GEO_IT,20260623,2026-06-23,Air_Suspension,ERR_AIR_SUSPENSION_DIAG,15,21765,5.0,600.0,850.0,1450.0,False,Approved
CLM_0001162,VEH_000961,DLR_IT_002,GEO_IT,20260819,2026-08-19,Air_Suspension,ERR_AIR_SUSPENSION_DIAG,10,12540,1.5,180.0,850.0,1030.0,False,Reimbursed
CLM_0001163,VEH_009225,DLR_SE_001,GEO_SE,20261027,2026-10-27,HV_Battery_Pack,ERR_HV_BATTERY_PACK_DIAG,19,32661,1.5,180.0,4500.0,4680.0,True,Reimbursed
CLM_0001164,VEH_008719,DLR_DE_001,GEO_DE,20260608,2026-06-08,Electric_Drive_Inverter,ERR_ELECTRIC_DRIVE_INVERTER_DIAG,21,25137,5.0,600.0,1850.0,2450.0,True,Reimbursed
CLM_0001165,VEH_009879,DLR_NL_002,GEO_NL,20250103,2025-01-03,Electric_Drive_Inverter,ERR_ELECTRIC_DRIVE_INVERTER_DIAG,9,14859,5.0,600.0,1850.0,2450.0,True,Under_Investigation
CLM_0001166,VEH_000473,DLR_SE_001,GEO_SE,20240814,2024-08-14,Infotainment_OTA,ERR_INFOTAINMENT_OTA_DIAG,3,4641,5.0,600.0,150.0,750.0,False,Reimbursed
CLM_0001167,VEH_000640,DLR_US_001,GEO_US,20260225,2026-02-25,Air_Suspension,ERR_AIR_SUSPENSION_DIAG,20,27780,5.0,600.0,850.0,1450.0,False,Reimbursed
CLM_0001168,VEH_008046,DLR_DE_001,GEO_DE,20261228,2026-12-28,HV_Battery_Pack,ERR_HV_BATTERY_PACK_DIAG,10,15020,2.0,240.0,4500.0,4740.0,True,Approved
CLM_0001169,VEH_008140,DLR_IT_001,GEO_IT,20240910,2024-09-10,HV_Battery_Pack,ERR_HV_BATTERY_PACK_DIAG,7,9219,5.0,600.0,4500.0,5100.0,True,Reimbursed
CLM_0001170,VEH_008935,DLR_SE_001,GEO_SE,20261026,2026-10-26,Air_Suspension,ERR_AIR_SUSPENSION_DIAG,8,8888,2.0,240.0,850.0,1090.0,False,Under_Investigation
CLM_0001171,VEH_001133,DLR_NO_001,GEO_NO,20260516,2026-05-16,Air_Suspension,ERR_AIR_SUSPENSION_DIAG,5,6810,3.5,420.0,850.0,1270.0,False,Approved
CLM_0001172,VEH_004429,DLR_NL_001,GEO_NL,20251108,2025-11-08,HV_Battery_Pack,ERR_HV_BATTERY_PACK_DIAG,12,13740,1.5,180.0,4500.0,4680.0,True,Reimbursed
CLM_0001173,VEH_008800,DLR_SE_002,GEO_SE,20250726,2025-07-26,Electric_Drive_Inverter,ERR_ELECTRIC_DRIVE_INVERTER_DIAG,9,12321,2.0,240.0,1850.0,2090.0,True,Approved
CLM_0001174,VEH_002654,DLR_NL_001,GEO_NL,20261217,2026-12-17,HV_Battery_Pack,ERR_HV_BATTERY_PACK_DIAG,21,36435,1.5,180.0,4500.0,4680.0,True,Approved
CLM_0001175,VEH_007621,DLR_DE_002,GEO_DE,20250728,2025-07-28,Electric_Drive_Inverter,ERR_ELECTRIC_DRIVE_INVERTER_DIAG,4,4972,5.0,600.0,1850.0,2450.0,True,Reimbursed
CLM_0001176,VEH_001645,DLR_NL_001,GEO_NL,20261228,2026-12-28,Electric_Drive_Inverter,ERR_ELECTRIC_DRIVE_INVERTER_DIAG,24,36672,1.5,180.0,1850.0,2030.0,True,Under_Investigation
CLM_0001177,VEH_009704,DLR_NL_002,GEO_NL,20250609,2025-06-09,Electric_Drive_Inverter,ERR_ELECTRIC_DRIVE_INVERTER_DIAG,5,6605,1.5,180.0,1850.0,2030.0,True,Reimbursed
CLM_0001178,VEH_007400,DLR_UK_001,GEO_UK,20251130,2025-11-30,HV_Battery_Pack,ERR_HV_BATTERY_PACK_DIAG,17,26231,1.5,180.0,4500.0,4680.0,True,Approved
CLM_0001179,VEH_008400,DLR_SE_002,GEO_SE,20251211,2025-12-11,HV_Battery_Pack,ERR_HV_BATTERY_PACK_DIAG,13,21203,5.0,600.0,4500.0,5100.0,True,Approved
CLM_0001180,VEH_009448,DLR_UK_001,GEO_UK,20250918,2025-09-18,Electric_Drive_Inverter,ERR_ELECTRIC_DRIVE_INVERTER_DIAG,8,13608,2.0,240.0,1850.0,2090.0,True,Reimbursed
CLM_0001181,VEH_007793,DLR_UK_001,GEO_UK,20250915,2025-09-15,Infotainment_OTA,ERR_INFOTAINMENT_OTA_DIAG,20,33340,2.0,240.0,150.0,390.0,False,Under_Investigation
CLM_0001182,VEH_002825,DLR_UK_001,GEO_UK,20260419,2026-04-19,Electric_Drive_Inverter,ERR_ELECTRIC_DRIVE_INVERTER_DIAG,1,1450,1.5,180.0,1850.0,2030.0,True,Reimbursed
CLM_0001183,VEH_001731,DLR_UK_001,GEO_UK,20250618,2025-06-18,Infotainment_OTA,ERR_INFOTAINMENT_OTA_DIAG,10,12770,3.5,420.0,150.0,570.0,False,Approved
CLM_0001184,VEH_005938,DLR_NL_002,GEO_NL,20260131,2026-01-31,ADAS_Vision_Sensor,ERR_ADAS_VISION_SENSOR_DIAG,23,28566,2.0,240.0,1100.0,1340.0,True,Approved
CLM_0001185,VEH_009013,DLR_IT_002,GEO_IT,20260807,2026-08-07,Electric_Drive_Inverter,ERR_ELECTRIC_DRIVE_INVERTER_DIAG,5,6175,1.5,180.0,1850.0,2030.0,True,Under_Investigation
CLM_0001186,VEH_009300,DLR_IT_002,GEO_IT,20260203,2026-02-03,ADAS_Vision_Sensor,ERR_ADAS_VISION_SENSOR_DIAG,8,12488,3.5,420.0,1100.0,1520.0,True,Under_Investigation
CLM_0001187,VEH_007964,DLR_DE_001,GEO_DE,20260129,2026-01-29,HV_Battery_Pack,ERR_HV_BATTERY_PACK_DIAG,13,18603,3.5,420.0,4500.0,4920.0,True,Approved
CLM_0001188,VEH_000634,DLR_DE_001,GEO_DE,20260308,2026-03-08,Air_Suspension,ERR_AIR_SUSPENSION_DIAG,23,29969,2.0,240.0,850.0,1090.0,False,Approved
CLM_0001189,VEH_005600,DLR_IT_002,GEO_IT,20250902,2025-09-02,Electric_Drive_Inverter,ERR_ELECTRIC_DRIVE_INVERTER_DIAG,6,6702,1.5,180.0,1850.0,2030.0,True,Approved
CLM_0001190,VEH_007441,DLR_DE_001,GEO_DE,20261228,2026-12-28,Electric_Drive_Inverter,ERR_ELECTRIC_DRIVE_INVERTER_DIAG,14,23142,1.5,180.0,1850.0,2030.0,True,Approved
CLM_0001191,VEH_002169,DLR_UK_001,GEO_UK,20241028,2024-10-28,Electric_Drive_Inverter,ERR_ELECTRIC_DRIVE_INVERTER_DIAG,4,5680,3.5,420.0,1850.0,2270.0,True,Approved
CLM_0001192,VEH_009369,DLR_NL_001,GEO_NL,20250817,2025-08-17,ADAS_Vision_Sensor,ERR_ADAS_VISION_SENSOR_DIAG,18,27846,5.0,600.0,1100.0,1700.0,True,Reimbursed
CLM_0001193,VEH_007134,DLR_NL_001,GEO_NL,20261228,2026-12-28,Electric_Drive_Inverter,ERR_ELECTRIC_DRIVE_INVERTER_DIAG,19,23370,1.5,180.0,1850.0,2030.0,True,Approved
CLM_0001194,VEH_003955,DLR_SE_002,GEO_SE,20261008,2026-10-08,HV_Battery_Pack,ERR_HV_BATTERY_PACK_DIAG,18,30204,2.0,240.0,4500.0,4740.0,True,Reimbursed
CLM_0001195,VEH_002959,DLR_UK_001,GEO_UK,20250703,2025-07-03,Air_Suspension,ERR_AIR_SUSPENSION_DIAG,14,16660,3.5,420.0,850.0,1270.0,False,Reimbursed
CLM_0001196,VEH_001266,DLR_NO_001,GEO_NO,20250413,2025-04-13,Electric_Drive_Inverter,ERR_ELECTRIC_DRIVE_INVERTER_DIAG,1,1157,1.5,180.0,1850.0,2030.0,True,Under_Investigation
CLM_0001197,VEH_002126,DLR_NO_002,GEO_NO,20250530,2025-05-30,Air_Suspension,ERR_AIR_SUSPENSION_DIAG,10,17510,2.0,240.0,850.0,1090.0,False,Approved
CLM_0001198,VEH_006991,DLR_US_001,GEO_US,20260225,2026-02-25,Electric_Drive_Inverter,ERR_ELECTRIC_DRIVE_INVERTER_DIAG,8,9416,2.0,240.0,1850.0,2090.0,True,Approved
CLM_0001199,VEH_002573,DLR_SE_002,GEO_SE,20250613,2025-06-13,HV_Battery_Pack,ERR_HV_BATTERY_PACK_DIAG,5,6990,1.5,180.0,4500.0,4680.0,True,Under_Investigation
CLM_0001200,VEH_007511,DLR_SE_001,GEO_SE,20260811,2026-08-11,HV_Battery_Pack,ERR_HV_BATTERY_PACK_DIAG,13,22451,3.5,420.0,4500.0,4920.0,True,Under_Investigation
CLM_0001201,VEH_004244,DLR_SE_002,GEO_SE,20260412,2026-04-12,Infotainment_OTA,ERR_INFOTAINMENT_OTA_DIAG,5,6265,5.0,600.0,150.0,750.0,False,Under_Investigation
CLM_0001202,VEH_004449,DLR_NL_001,GEO_NL,20241231,2024-12-31,Air_Suspension,ERR_AIR_SUSPENSION_DIAG,10,14760,3.5,420.0,850.0,1270.0,False,Approved
CLM_0001203,VEH_004250,DLR_NL_001,GEO_NL,20250713,2025-07-13,HV_Battery_Pack,ERR_HV_BATTERY_PACK_DIAG,11,12573,2.0,240.0,4500.0,4740.0,True,Reimbursed
CLM_0001204,VEH_009586,DLR_NL_001,GEO_NL,20260215,2026-02-15,Electric_Drive_Inverter,ERR_ELECTRIC_DRIVE_INVERTER_DIAG,20,35340,2.0,240.0,1850.0,2090.0,True,Reimbursed
CLM_0001205,VEH_000891,DLR_NL_002,GEO_NL,20260629,2026-06-29,HV_Battery_Pack,ERR_HV_BATTERY_PACK_DIAG,11,13761,5.0,600.0,4500.0,5100.0,True,Approved
CLM_0001206,VEH_003555,DLR_DE_001,GEO_DE,20261228,2026-12-28,Air_Suspension,ERR_AIR_SUSPENSION_DIAG,22,27016,3.5,420.0,850.0,1270.0,False,Reimbursed
CLM_0001207,VEH_000895,DLR_NO_002,GEO_NO,20260910,2026-09-10,ADAS_Vision_Sensor,ERR_ADAS_VISION_SENSOR_DIAG,7,10227,2.0,240.0,1100.0,1340.0,True,Reimbursed
CLM_0001208,VEH_009571,DLR_US_001,GEO_US,20260520,2026-05-20,Air_Suspension,ERR_AIR_SUSPENSION_DIAG,13,20358,2.0,240.0,850.0,1090.0,False,Under_Investigation
CLM_0001209,VEH_007279,DLR_SE_002,GEO_SE,20250125,2025-01-25,Electric_Drive_Inverter,ERR_ELECTRIC_DRIVE_INVERTER_DIAG,3,4980,3.5,420.0,1850.0,2270.0,True,Approved
CLM_0001210,VEH_004456,DLR_US_001,GEO_US,20250916,2025-09-16,Electric_Drive_Inverter,ERR_ELECTRIC_DRIVE_INVERTER_DIAG,18,27684,5.0,600.0,1850.0,2450.0,True,Approved
CLM_0001211,VEH_005422,DLR_NL_001,GEO_NL,20260621,2026-06-21,Infotainment_OTA,ERR_INFOTAINMENT_OTA_DIAG,11,15774,2.0,240.0,150.0,390.0,False,Reimbursed
CLM_0001212,VEH_008729,DLR_IT_002,GEO_IT,20260312,2026-03-12,Electric_Drive_Inverter,ERR_ELECTRIC_DRIVE_INVERTER_DIAG,18,25470,1.5,180.0,1850.0,2030.0,True,Reimbursed
CLM_0001213,VEH_004660,DLR_IT_002,GEO_IT,20250507,2025-05-07,ADAS_Vision_Sensor,ERR_ADAS_VISION_SENSOR_DIAG,1,1560,5.0,600.0,1100.0,1700.0,True,Reimbursed
CLM_0001214,VEH_006800,DLR_SE_002,GEO_SE,20250311,2025-03-11,Air_Suspension,ERR_AIR_SUSPENSION_DIAG,10,16900,3.5,420.0,850.0,1270.0,False,Under_Investigation
CLM_0001215,VEH_003170,DLR_NO_001,GEO_NO,20260902,2026-09-02,HV_Battery_Pack,ERR_HV_BATTERY_PACK_DIAG,20,23620,3.5,420.0,4500.0,4920.0,True,Under_Investigation
CLM_0001216,VEH_009177,DLR_NL_002,GEO_NL,20261231,2026-12-31,Electric_Drive_Inverter,ERR_ELECTRIC_DRIVE_INVERTER_DIAG,16,27504,3.5,420.0,1850.0,2270.0,True,Reimbursed
CLM_0001217,VEH_001431,DLR_IT_002,GEO_IT,20261228,2026-12-28,HV_Battery_Pack,ERR_HV_BATTERY_PACK_DIAG,20,23900,3.5,420.0,4500.0,4920.0,True,Under_Investigation
CLM_0001218,VEH_004711,DLR_US_001,GEO_US,20260706,2026-07-06,Infotainment_OTA,ERR_INFOTAINMENT_OTA_DIAG,9,10170,3.5,420.0,150.0,570.0,False,Approved
CLM_0001219,VEH_005331,DLR_NO_002,GEO_NO,20261228,2026-12-28,HV_Battery_Pack,ERR_HV_BATTERY_PACK_DIAG,19,29222,2.0,240.0,4500.0,4740.0,True,Approved
CLM_0001220,VEH_002190,DLR_UK_001,GEO_UK,20261228,2026-12-28,HV_Battery_Pack,ERR_HV_BATTERY_PACK_DIAG,21,25620,5.0,600.0,4500.0,5100.0,True,Reimbursed
CLM_0001221,VEH_002335,DLR_US_001,GEO_US,20241006,2024-10-06,Electric_Drive_Inverter,ERR_ELECTRIC_DRIVE_INVERTER_DIAG,7,11137,5.0,600.0,1850.0,2450.0,True,Approved
CLM_0001222,VEH_006356,DLR_DE_002,GEO_DE,20260117,2026-01-17,HV_Battery_Pack,ERR_HV_BATTERY_PACK_DIAG,16,20896,3.5,420.0,4500.0,4920.0,True,Approved
CLM_0001223,VEH_000290,DLR_UK_001,GEO_UK,20260115,2026-01-15,Infotainment_OTA,ERR_INFOTAINMENT_OTA_DIAG,18,23490,3.5,420.0,150.0,570.0,False,Reimbursed
CLM_0001224,VEH_006427,DLR_DE_002,GEO_DE,20250816,2025-08-16,Electric_Drive_Inverter,ERR_ELECTRIC_DRIVE_INVERTER_DIAG,18,25938,1.5,180.0,1850.0,2030.0,True,Reimbursed
CLM_0001225,VEH_004484,DLR_IT_002,GEO_IT,20261228,2026-12-28,HV_Battery_Pack,ERR_HV_BATTERY_PACK_DIAG,22,32912,3.5,420.0,4500.0,4920.0,True,Approved
CLM_0001226,VEH_007128,DLR_NO_002,GEO_NO,20261223,2026-12-23,Electric_Drive_Inverter,ERR_ELECTRIC_DRIVE_INVERTER_DIAG,23,28083,3.5,420.0,1850.0,2270.0,True,Approved
CLM_0001227,VEH_004623,DLR_NL_001,GEO_NL,20261228,2026-12-28,Infotainment_OTA,ERR_INFOTAINMENT_OTA_DIAG,20,31880,3.5,420.0,150.0,570.0,False,Reimbursed
CLM_0001228,VEH_006524,DLR_DE_001,GEO_DE,20261228,2026-12-28,Electric_Drive_Inverter,ERR_ELECTRIC_DRIVE_INVERTER_DIAG,16,18544,1.5,180.0,1850.0,2030.0,True,Under_Investigation
CLM_0001229,VEH_002827,DLR_SE_001,GEO_SE,20260929,2026-09-29,HV_Battery_Pack,ERR_HV_BATTERY_PACK_DIAG,8,12776,1.5,180.0,4500.0,4680.0,True,Under_Investigation
CLM_0001230,VEH_000057,DLR_NO_001,GEO_NO,20260812,2026-08-12,Air_Suspension,ERR_AIR_SUSPENSION_DIAG,24,38640,5.0,600.0,850.0,1450.0,False,Approved
CLM_0001231,VEH_005268,DLR_US_001,GEO_US,20261228,2026-12-28,ADAS_Vision_Sensor,ERR_ADAS_VISION_SENSOR_DIAG,18,23634,1.5,180.0,1100.0,1280.0,True,Approved
CLM_0001232,VEH_000791,DLR_NO_001,GEO_NO,20250117,2025-01-17,Electric_Drive_Inverter,ERR_ELECTRIC_DRIVE_INVERTER_DIAG,8,11304,5.0,600.0,1850.0,2450.0,True,Reimbursed
CLM_0001233,VEH_004909,DLR_IT_002,GEO_IT,20261228,2026-12-28,Electric_Drive_Inverter,ERR_ELECTRIC_DRIVE_INVERTER_DIAG,20,24080,3.5,420.0,1850.0,2270.0,True,Approved
CLM_0001234,VEH_008946,DLR_NO_002,GEO_NO,20261228,2026-12-28,ADAS_Vision_Sensor,ERR_ADAS_VISION_SENSOR_DIAG,18,31518,5.0,600.0,1100.0,1700.0,True,Under_Investigation
CLM_0001235,VEH_004704,DLR_NL_002,GEO_NL,20261103,2026-11-03,Air_Suspension,ERR_AIR_SUSPENSION_DIAG,12,15480,3.5,420.0,850.0,1270.0,False,Reimbursed
CLM_0001236,VEH_007479,DLR_NO_002,GEO_NO,20250314,2025-03-14,Infotainment_OTA,ERR_INFOTAINMENT_OTA_DIAG,1,1769,2.0,240.0,150.0,390.0,False,Approved
CLM_0001237,VEH_003690,DLR_NL_001,GEO_NL,20260624,2026-06-24,ADAS_Vision_Sensor,ERR_ADAS_VISION_SENSOR_DIAG,21,30807,2.0,240.0,1100.0,1340.0,True,Under_Investigation
CLM_0001238,VEH_001359,DLR_DE_001,GEO_DE,20260104,2026-01-04,Electric_Drive_Inverter,ERR_ELECTRIC_DRIVE_INVERTER_DIAG,1,1355,5.0,600.0,1850.0,2450.0,True,Under_Investigation
CLM_0001239,VEH_007199,DLR_NL_002,GEO_NL,20250606,2025-06-06,HV_Battery_Pack,ERR_HV_BATTERY_PACK_DIAG,8,10000,1.5,180.0,4500.0,4680.0,True,Reimbursed
CLM_0001240,VEH_002784,DLR_DE_002,GEO_DE,20260702,2026-07-02,HV_Battery_Pack,ERR_HV_BATTERY_PACK_DIAG,23,25714,5.0,600.0,4500.0,5100.0,True,Under_Investigation
CLM_0001241,VEH_009001,DLR_UK_001,GEO_UK,20261228,2026-12-28,HV_Battery_Pack,ERR_HV_BATTERY_PACK_DIAG,21,28644,5.0,600.0,4500.0,5100.0,True,Under_Investigation
CLM_0001242,VEH_007198,DLR_IT_002,GEO_IT,20250409,2025-04-09,HV_Battery_Pack,ERR_HV_BATTERY_PACK_DIAG,1,1406,5.0,600.0,4500.0,5100.0,True,Under_Investigation
CLM_0001243,VEH_000539,DLR_SE_001,GEO_SE,20261112,2026-11-12,Electric_Drive_Inverter,ERR_ELECTRIC_DRIVE_INVERTER_DIAG,11,13893,5.0,600.0,1850.0,2450.0,True,Under_Investigation
CLM_0001244,VEH_002064,DLR_IT_002,GEO_IT,20260803,2026-08-03,Electric_Drive_Inverter,ERR_ELECTRIC_DRIVE_INVERTER_DIAG,24,42624,2.0,240.0,1850.0,2090.0,True,Under_Investigation
CLM_0001245,VEH_002857,DLR_US_001,GEO_US,20260604,2026-06-04,HV_Battery_Pack,ERR_HV_BATTERY_PACK_DIAG,19,22591,2.0,240.0,4500.0,4740.0,True,Approved
CLM_0001246,VEH_000392,DLR_US_001,GEO_US,20261228,2026-12-28,Electric_Drive_Inverter,ERR_ELECTRIC_DRIVE_INVERTER_DIAG,20,32360,3.5,420.0,1850.0,2270.0,True,Under_Investigation
CLM_0001247,VEH_007246,DLR_NL_001,GEO_NL,20261228,2026-12-28,HV_Battery_Pack,ERR_HV_BATTERY_PACK_DIAG,23,39399,2.0,240.0,4500.0,4740.0,True,Reimbursed
CLM_0001248,VEH_001423,DLR_UK_001,GEO_UK,20260324,2026-03-24,ADAS_Vision_Sensor,ERR_ADAS_VISION_SENSOR_DIAG,5,6265,5.0,600.0,1100.0,1700.0,True,Approved
CLM_0001249,VEH_003625,DLR_IT_001,GEO_IT,20250421,2025-04-21,HV_Battery_Pack,ERR_HV_BATTERY_PACK_DIAG,1,1743,5.0,600.0,4500.0,5100.0,True,Under_Investigation
CLM_0001250,VEH_001917,DLR_NO_001,GEO_NO,20241030,2024-10-30,Infotainment_OTA,ERR_INFOTAINMENT_OTA_DIAG,6,7704,2.0,240.0,150.0,390.0,False,Under_Investigation
CLM_0001251,VEH_005350,DLR_NL_002,GEO_NL,20261228,2026-12-28,Infotainment_OTA,ERR_INFOTAINMENT_OTA_DIAG,24,41112,5.0,600.0,150.0,750.0,False,Reimbursed
CLM_0001252,VEH_002249,DLR_IT_002,GEO_IT,20261228,2026-12-28,Electric_Drive_Inverter,ERR_ELECTRIC_DRIVE_INVERTER_DIAG,24,40152,5.0,600.0,1850.0,2450.0,True,Under_Investigation
CLM_0001253,VEH_002814,DLR_SE_001,GEO_SE,20261228,2026-12-28,HV_Battery_Pack,ERR_HV_BATTERY_PACK_DIAG,20,28100,5.0,600.0,4500.0,5100.0,True,Reimbursed
CLM_0001254,VEH_003027,DLR_NL_002,GEO_NL,20261228,2026-12-28,HV_Battery_Pack,ERR_HV_BATTERY_PACK_DIAG,14,24220,2.0,240.0,4500.0,4740.0,True,Under_Investigation
CLM_0001255,VEH_006791,DLR_SE_002,GEO_SE,20261228,2026-12-28,ADAS_Vision_Sensor,ERR_ADAS_VISION_SENSOR_DIAG,24,37488,5.0,600.0,1100.0,1700.0,True,Reimbursed
CLM_0001256,VEH_001389,DLR_US_001,GEO_US,20260421,2026-04-21,Air_Suspension,ERR_AIR_SUSPENSION_DIAG,7,12068,1.5,180.0,850.0,1030.0,False,Approved
CLM_0001257,VEH_002391,DLR_SE_002,GEO_SE,20261228,2026-12-28,Electric_Drive_Inverter,ERR_ELECTRIC_DRIVE_INVERTER_DIAG,18,20952,3.5,420.0,1850.0,2270.0,True,Reimbursed
CLM_0001258,VEH_003747,DLR_IT_002,GEO_IT,20241227,2024-12-27,HV_Battery_Pack,ERR_HV_BATTERY_PACK_DIAG,7,8099,5.0,600.0,4500.0,5100.0,True,Approved
CLM_0001259,VEH_000869,DLR_NL_002,GEO_NL,20260518,2026-05-18,HV_Battery_Pack,ERR_HV_BATTERY_PACK_DIAG,18,20358,2.0,240.0,4500.0,4740.0,True,Reimbursed
CLM_0001260,VEH_006235,DLR_NO_002,GEO_NO,20261129,2026-11-29,Electric_Drive_Inverter,ERR_ELECTRIC_DRIVE_INVERTER_DIAG,7,7826,2.0,240.0,1850.0,2090.0,True,Under_Investigation
CLM_0001261,VEH_004052,DLR_IT_002,GEO_IT,20250122,2025-01-22,Electric_Drive_Inverter,ERR_ELECTRIC_DRIVE_INVERTER_DIAG,9,10440,1.5,180.0,1850.0,2030.0,True,Under_Investigation
CLM_0001262,VEH_007990,DLR_IT_001,GEO_IT,20261023,2026-10-23,Infotainment_OTA,ERR_INFOTAINMENT_OTA_DIAG,13,17394,2.0,240.0,150.0,390.0,False,Reimbursed
CLM_0001263,VEH_002783,DLR_IT_002,GEO_IT,20250707,2025-07-07,Air_Suspension,ERR_AIR_SUSPENSION_DIAG,9,14211,3.5,420.0,850.0,1270.0,False,Reimbursed
CLM_0001264,VEH_007124,DLR_NO_001,GEO_NO,20261228,2026-12-28,Air_Suspension,ERR_AIR_SUSPENSION_DIAG,22,27368,2.0,240.0,850.0,1090.0,False,Reimbursed
CLM_0001265,VEH_004098,DLR_SE_001,GEO_SE,20261228,2026-12-28,ADAS_Vision_Sensor,ERR_ADAS_VISION_SENSOR_DIAG,13,17004,1.5,180.0,1100.0,1280.0,True,Under_Investigation
CLM_0001266,VEH_007329,DLR_NO_001,GEO_NO,20260728,2026-07-28,Electric_Drive_Inverter,ERR_ELECTRIC_DRIVE_INVERTER_DIAG,11,13431,1.5,180.0,1850.0,2030.0,True,Reimbursed
CLM_0001267,VEH_008085,DLR_UK_001,GEO_UK,20241013,2024-10-13,Electric_Drive_Inverter,ERR_ELECTRIC_DRIVE_INVERTER_DIAG,6,10176,1.5,180.0,1850.0,2030.0,True,Approved
CLM_0001268,VEH_009742,DLR_DE_001,GEO_DE,20260615,2026-06-15,HV_Battery_Pack,ERR_HV_BATTERY_PACK_DIAG,5,6245,3.5,420.0,4500.0,4920.0,True,Reimbursed
CLM_0001269,VEH_005032,DLR_DE_002,GEO_DE,20261228,2026-12-28,HV_Battery_Pack,ERR_HV_BATTERY_PACK_DIAG,17,24871,2.0,240.0,4500.0,4740.0,True,Reimbursed
CLM_0001270,VEH_007008,DLR_IT_002,GEO_IT,20261010,2026-10-10,HV_Battery_Pack,ERR_HV_BATTERY_PACK_DIAG,7,12089,2.0,240.0,4500.0,4740.0,True,Reimbursed
CLM_0001271,VEH_000774,DLR_SE_002,GEO_SE,20261228,2026-12-28,ADAS_Vision_Sensor,ERR_ADAS_VISION_SENSOR_DIAG,21,33411,1.5,180.0,1100.0,1280.0,True,Under_Investigation
CLM_0001272,VEH_002742,DLR_US_001,GEO_US,20251222,2025-12-22,HV_Battery_Pack,ERR_HV_BATTERY_PACK_DIAG,22,24310,5.0,600.0,4500.0,5100.0,True,Approved
CLM_0001273,VEH_003154,DLR_NL_001,GEO_NL,20261228,2026-12-28,HV_Battery_Pack,ERR_HV_BATTERY_PACK_DIAG,20,26280,3.5,420.0,4500.0,4920.0,True,Under_Investigation
CLM_0001274,VEH_006233,DLR_NL_002,GEO_NL,20260306,2026-03-06,Electric_Drive_Inverter,ERR_ELECTRIC_DRIVE_INVERTER_DIAG,11,19382,1.5,180.0,1850.0,2030.0,True,Approved
CLM_0001275,VEH_007896,DLR_SE_002,GEO_SE,20260707,2026-07-07,HV_Battery_Pack,ERR_HV_BATTERY_PACK_DIAG,17,23137,2.0,240.0,4500.0,4740.0,True,Approved
CLM_0001276,VEH_001169,DLR_IT_001,GEO_IT,20241012,2024-10-12,Infotainment_OTA,ERR_INFOTAINMENT_OTA_DIAG,7,8330,1.5,180.0,150.0,330.0,False,Under_Investigation
CLM_0001277,VEH_009898,DLR_SE_002,GEO_SE,20250110,2025-01-10,Air_Suspension,ERR_AIR_SUSPENSION_DIAG,3,3300,2.0,240.0,850.0,1090.0,False,Under_Investigation
CLM_0001278,VEH_007801,DLR_SE_001,GEO_SE,20260806,2026-08-06,Infotainment_OTA,ERR_INFOTAINMENT_OTA_DIAG,16,25280,3.5,420.0,150.0,570.0,False,Under_Investigation
CLM_0001279,VEH_001585,DLR_NO_001,GEO_NO,20261228,2026-12-28,Electric_Drive_Inverter,ERR_ELECTRIC_DRIVE_INVERTER_DIAG,22,34980,3.5,420.0,1850.0,2270.0,True,Approved
CLM_0001280,VEH_002458,DLR_US_001,GEO_US,20240728,2024-07-28,Electric_Drive_Inverter,ERR_ELECTRIC_DRIVE_INVERTER_DIAG,4,4808,1.5,180.0,1850.0,2030.0,True,Approved
CLM_0001281,VEH_007154,DLR_SE_001,GEO_SE,20260331,2026-03-31,Infotainment_OTA,ERR_INFOTAINMENT_OTA_DIAG,9,14238,1.5,180.0,150.0,330.0,False,Approved
CLM_0001282,VEH_005737,DLR_NO_001,GEO_NO,20260406,2026-04-06,HV_Battery_Pack,ERR_HV_BATTERY_PACK_DIAG,1,1282,1.5,180.0,4500.0,4680.0,True,Reimbursed
CLM_0001283,VEH_002612,DLR_IT_001,GEO_IT,20260113,2026-01-13,Air_Suspension,ERR_AIR_SUSPENSION_DIAG,8,8864,2.0,240.0,850.0,1090.0,False,Reimbursed
CLM_0001284,VEH_008948,DLR_IT_001,GEO_IT,20260510,2026-05-10,HV_Battery_Pack,ERR_HV_BATTERY_PACK_DIAG,4,5224,3.5,420.0,4500.0,4920.0,True,Reimbursed
CLM_0001285,VEH_002847,DLR_NL_001,GEO_NL,20260930,2026-09-30,Electric_Drive_Inverter,ERR_ELECTRIC_DRIVE_INVERTER_DIAG,24,37728,5.0,600.0,1850.0,2450.0,True,Under_Investigation
CLM_0001286,VEH_006829,DLR_IT_002,GEO_IT,20250626,2025-06-26,Air_Suspension,ERR_AIR_SUSPENSION_DIAG,11,16588,1.5,180.0,850.0,1030.0,False,Under_Investigation
CLM_0001287,VEH_003182,DLR_DE_001,GEO_DE,20261228,2026-12-28,Electric_Drive_Inverter,ERR_ELECTRIC_DRIVE_INVERTER_DIAG,15,16635,2.0,240.0,1850.0,2090.0,True,Approved
CLM_0001288,VEH_000101,DLR_SE_001,GEO_SE,20261228,2026-12-28,HV_Battery_Pack,ERR_HV_BATTERY_PACK_DIAG,13,20462,1.5,180.0,4500.0,4680.0,True,Under_Investigation
CLM_0001289,VEH_006542,DLR_SE_001,GEO_SE,20240530,2024-05-30,ADAS_Vision_Sensor,ERR_ADAS_VISION_SENSOR_DIAG,1,1799,2.0,240.0,1100.0,1340.0,True,Under_Investigation
CLM_0001290,VEH_005639,DLR_DE_002,GEO_DE,20261228,2026-12-28,HV_Battery_Pack,ERR_HV_BATTERY_PACK_DIAG,20,34240,5.0,600.0,4500.0,5100.0,True,Reimbursed
CLM_0001291,VEH_002292,DLR_DE_002,GEO_DE,20261228,2026-12-28,Electric_Drive_Inverter,ERR_ELECTRIC_DRIVE_INVERTER_DIAG,23,27738,2.0,240.0,1850.0,2090.0,True,Reimbursed
CLM_0001292,VEH_005477,DLR_IT_002,GEO_IT,20251208,2025-12-08,Infotainment_OTA,ERR_INFOTAINMENT_OTA_DIAG,2,2708,5.0,600.0,150.0,750.0,False,Under_Investigation
CLM_0001293,VEH_002094,DLR_DE_001,GEO_DE,20261228,2026-12-28,Air_Suspension,ERR_AIR_SUSPENSION_DIAG,14,20006,3.5,420.0,850.0,1270.0,False,Under_Investigation
CLM_0001294,VEH_000945,DLR_DE_002,GEO_DE,20250207,2025-02-07,Infotainment_OTA,ERR_INFOTAINMENT_OTA_DIAG,7,11025,2.0,240.0,150.0,390.0,False,Approved
CLM_0001295,VEH_001056,DLR_NO_001,GEO_NO,20251211,2025-12-11,Infotainment_OTA,ERR_INFOTAINMENT_OTA_DIAG,6,6936,5.0,600.0,150.0,750.0,False,Approved
CLM_0001296,VEH_007912,DLR_IT_002,GEO_IT,20241130,2024-11-30,Electric_Drive_Inverter,ERR_ELECTRIC_DRIVE_INVERTER_DIAG,5,8245,1.5,180.0,1850.0,2030.0,True,Reimbursed
CLM_0001297,VEH_009058,DLR_NL_002,GEO_NL,20261207,2026-12-07,Infotainment_OTA,ERR_INFOTAINMENT_OTA_DIAG,22,32758,5.0,600.0,150.0,750.0,False,Reimbursed
CLM_0001298,VEH_005933,DLR_NO_002,GEO_NO,20261109,2026-11-09,HV_Battery_Pack,ERR_HV_BATTERY_PACK_DIAG,13,14599,1.5,180.0,4500.0,4680.0,True,Reimbursed
CLM_0001299,VEH_000661,DLR_NL_002,GEO_NL,20251019,2025-10-19,HV_Battery_Pack,ERR_HV_BATTERY_PACK_DIAG,10,16810,1.5,180.0,4500.0,4680.0,True,Approved
CLM_0001300,VEH_008329,DLR_IT_001,GEO_IT,20260823,2026-08-23,HV_Battery_Pack,ERR_HV_BATTERY_PACK_DIAG,15,21180,5.0,600.0,4500.0,5100.0,True,Approved
CLM_0001301,VEH_007404,DLR_IT_001,GEO_IT,20261121,2026-11-21,HV_Battery_Pack,ERR_HV_BATTERY_PACK_DIAG,19,22021,2.0,240.0,4500.0,4740.0,True,Under_Investigation
CLM_0001302,VEH_006877,DLR_IT_002,GEO_IT,20250720,2025-07-20,HV_Battery_Pack,ERR_HV_BATTERY_PACK_DIAG,8,9728,5.0,600.0,4500.0,5100.0,True,Under_Investigation
CLM_0001303,VEH_003742,DLR_SE_002,GEO_SE,20261228,2026-12-28,Electric_Drive_Inverter,ERR_ELECTRIC_DRIVE_INVERTER_DIAG,10,17180,3.5,420.0,1850.0,2270.0,True,Under_Investigation
CLM_0001304,VEH_008801,DLR_NL_002,GEO_NL,20250418,2025-04-18,HV_Battery_Pack,ERR_HV_BATTERY_PACK_DIAG,4,5064,1.5,180.0,4500.0,4680.0,True,Approved
CLM_0001305,VEH_000135,DLR_NO_001,GEO_NO,20260322,2026-03-22,Electric_Drive_Inverter,ERR_ELECTRIC_DRIVE_INVERTER_DIAG,19,28063,1.5,180.0,1850.0,2030.0,True,Reimbursed
CLM_0001306,VEH_000103,DLR_NO_001,GEO_NO,20250628,2025-06-28,HV_Battery_Pack,ERR_HV_BATTERY_PACK_DIAG,16,18416,2.0,240.0,4500.0,4740.0,True,Reimbursed
CLM_0001307,VEH_004143,DLR_NO_002,GEO_NO,20250803,2025-08-03,HV_Battery_Pack,ERR_HV_BATTERY_PACK_DIAG,2,2908,1.5,180.0,4500.0,4680.0,True,Under_Investigation
CLM_0001308,VEH_002864,DLR_US_001,GEO_US,20260326,2026-03-26,Electric_Drive_Inverter,ERR_ELECTRIC_DRIVE_INVERTER_DIAG,11,15840,1.5,180.0,1850.0,2030.0,True,Reimbursed
CLM_0001309,VEH_001686,DLR_IT_001,GEO_IT,20251227,2025-12-27,Electric_Drive_Inverter,ERR_ELECTRIC_DRIVE_INVERTER_DIAG,14,16506,5.0,600.0,1850.0,2450.0,True,Approved
CLM_0001310,VEH_008165,DLR_NL_002,GEO_NL,20240522,2024-05-22,Air_Suspension,ERR_AIR_SUSPENSION_DIAG,3,4497,1.5,180.0,850.0,1030.0,False,Reimbursed
CLM_0001311,VEH_007000,DLR_SE_001,GEO_SE,20250510,2025-05-10,Electric_Drive_Inverter,ERR_ELECTRIC_DRIVE_INVERTER_DIAG,8,13272,3.5,420.0,1850.0,2270.0,True,Reimbursed
CLM_0001312,VEH_003933,DLR_DE_001,GEO_DE,20261228,2026-12-28,Air_Suspension,ERR_AIR_SUSPENSION_DIAG,24,39864,5.0,600.0,850.0,1450.0,False,Reimbursed
CLM_0001313,VEH_001663,DLR_SE_001,GEO_SE,20250331,2025-03-31,Infotainment_OTA,ERR_INFOTAINMENT_OTA_DIAG,13,14846,3.5,420.0,150.0,570.0,False,Reimbursed
CLM_0001314,VEH_002351,DLR_NO_001,GEO_NO,20250915,2025-09-15,Air_Suspension,ERR_AIR_SUSPENSION_DIAG,6,7188,2.0,240.0,850.0,1090.0,False,Reimbursed
CLM_0001315,VEH_007207,DLR_IT_002,GEO_IT,20241024,2024-10-24,HV_Battery_Pack,ERR_HV_BATTERY_PACK_DIAG,7,8589,3.5,420.0,4500.0,4920.0,True,Approved
CLM_0001316,VEH_001857,DLR_NO_001,GEO_NO,20261228,2026-12-28,Electric_Drive_Inverter,ERR_ELECTRIC_DRIVE_INVERTER_DIAG,18,21528,3.5,420.0,1850.0,2270.0,True,Approved
CLM_0001317,VEH_007534,DLR_DE_001,GEO_DE,20261228,2026-12-28,Electric_Drive_Inverter,ERR_ELECTRIC_DRIVE_INVERTER_DIAG,10,12570,2.0,240.0,1850.0,2090.0,True,Approved
CLM_0001318,VEH_003024,DLR_SE_002,GEO_SE,20261228,2026-12-28,Air_Suspension,ERR_AIR_SUSPENSION_DIAG,24,35496,3.5,420.0,850.0,1270.0,False,Reimbursed
CLM_0001319,VEH_006918,DLR_DE_002,GEO_DE,20251222,2025-12-22,HV_Battery_Pack,ERR_HV_BATTERY_PACK_DIAG,5,6925,2.0,240.0,4500.0,4740.0,True,Reimbursed
CLM_0001320,VEH_000542,DLR_DE_002,GEO_DE,20250403,2025-04-03,Electric_Drive_Inverter,ERR_ELECTRIC_DRIVE_INVERTER_DIAG,5,5505,1.5,180.0,1850.0,2030.0,True,Under_Investigation
CLM_0001321,VEH_001670,DLR_DE_001,GEO_DE,20261228,2026-12-28,Infotainment_OTA,ERR_INFOTAINMENT_OTA_DIAG,17,28492,3.5,420.0,150.0,570.0,False,Approved
CLM_0001322,VEH_000306,DLR_NL_002,GEO_NL,20250829,2025-08-29,HV_Battery_Pack,ERR_HV_BATTERY_PACK_DIAG,8,14080,2.0,240.0,4500.0,4740.0,True,Reimbursed
CLM_0001323,VEH_006682,DLR_NO_002,GEO_NO,20250213,2025-02-13,Air_Suspension,ERR_AIR_SUSPENSION_DIAG,13,16445,1.5,180.0,850.0,1030.0,False,Under_Investigation
CLM_0001324,VEH_003384,DLR_NO_001,GEO_NO,20260609,2026-06-09,Infotainment_OTA,ERR_INFOTAINMENT_OTA_DIAG,18,31356,2.0,240.0,150.0,390.0,False,Reimbursed
CLM_0001325,VEH_009172,DLR_SE_001,GEO_SE,20260208,2026-02-08,HV_Battery_Pack,ERR_HV_BATTERY_PACK_DIAG,3,3963,2.0,240.0,4500.0,4740.0,True,Approved
CLM_0001326,VEH_004116,DLR_DE_002,GEO_DE,20241016,2024-10-16,Infotainment_OTA,ERR_INFOTAINMENT_OTA_DIAG,5,7025,5.0,600.0,150.0,750.0,False,Under_Investigation
CLM_0001327,VEH_007533,DLR_US_001,GEO_US,20250630,2025-06-30,Infotainment_OTA,ERR_INFOTAINMENT_OTA_DIAG,9,15777,3.5,420.0,150.0,570.0,False,Reimbursed
CLM_0001328,VEH_007720,DLR_NL_001,GEO_NL,20260307,2026-03-07,ADAS_Vision_Sensor,ERR_ADAS_VISION_SENSOR_DIAG,23,25829,2.0,240.0,1100.0,1340.0,True,Reimbursed
CLM_0001329,VEH_008582,DLR_SE_001,GEO_SE,20261228,2026-12-28,Air_Suspension,ERR_AIR_SUSPENSION_DIAG,20,24700,1.5,180.0,850.0,1030.0,False,Reimbursed
CLM_0001330,VEH_002630,DLR_IT_002,GEO_IT,20261228,2026-12-28,Air_Suspension,ERR_AIR_SUSPENSION_DIAG,24,39168,5.0,600.0,850.0,1450.0,False,Reimbursed
CLM_0001331,VEH_003361,DLR_NL_001,GEO_NL,20261228,2026-12-28,HV_Battery_Pack,ERR_HV_BATTERY_PACK_DIAG,18,27918,2.0,240.0,4500.0,4740.0,True,Approved
CLM_0001332,VEH_000088,DLR_DE_001,GEO_DE,20250315,2025-03-15,ADAS_Vision_Sensor,ERR_ADAS_VISION_SENSOR_DIAG,9,12699,2.0,240.0,1100.0,1340.0,True,Under_Investigation
CLM_0001333,VEH_005063,DLR_IT_001,GEO_IT,20250405,2025-04-05,Infotainment_OTA,ERR_INFOTAINMENT_OTA_DIAG,13,21346,3.5,420.0,150.0,570.0,False,Under_Investigation
CLM_0001334,VEH_006380,DLR_IT_001,GEO_IT,20260926,2026-09-26,HV_Battery_Pack,ERR_HV_BATTERY_PACK_DIAG,13,21827,3.5,420.0,4500.0,4920.0,True,Reimbursed
CLM_0001335,VEH_007611,DLR_SE_002,GEO_SE,20261228,2026-12-28,HV_Battery_Pack,ERR_HV_BATTERY_PACK_DIAG,19,24434,1.5,180.0,4500.0,4680.0,True,Under_Investigation
CLM_0001336,VEH_008691,DLR_IT_001,GEO_IT,20251018,2025-10-18,ADAS_Vision_Sensor,ERR_ADAS_VISION_SENSOR_DIAG,18,31500,2.0,240.0,1100.0,1340.0,True,Reimbursed
CLM_0001337,VEH_005131,DLR_IT_002,GEO_IT,20251205,2025-12-05,HV_Battery_Pack,ERR_HV_BATTERY_PACK_DIAG,22,34628,5.0,600.0,4500.0,5100.0,True,Under_Investigation
CLM_0001338,VEH_002325,DLR_IT_001,GEO_IT,20261228,2026-12-28,HV_Battery_Pack,ERR_HV_BATTERY_PACK_DIAG,12,21432,5.0,600.0,4500.0,5100.0,True,Approved
CLM_0001339,VEH_003634,DLR_DE_002,GEO_DE,20261229,2026-12-29,Electric_Drive_Inverter,ERR_ELECTRIC_DRIVE_INVERTER_DIAG,16,17776,2.0,240.0,1850.0,2090.0,True,Reimbursed
CLM_0001340,VEH_003075,DLR_NL_002,GEO_NL,20261228,2026-12-28,HV_Battery_Pack,ERR_HV_BATTERY_PACK_DIAG,20,33380,5.0,600.0,4500.0,5100.0,True,Approved
CLM_0001341,VEH_008043,DLR_NO_001,GEO_NO,20250405,2025-04-05,Electric_Drive_Inverter,ERR_ELECTRIC_DRIVE_INVERTER_DIAG,9,14949,1.5,180.0,1850.0,2030.0,True,Under_Investigation
CLM_0001342,VEH_000022,DLR_NL_002,GEO_NL,20260412,2026-04-12,ADAS_Vision_Sensor,ERR_ADAS_VISION_SENSOR_DIAG,22,38610,1.5,180.0,1100.0,1280.0,True,Reimbursed
CLM_0001343,VEH_005351,DLR_NL_001,GEO_NL,20261018,2026-10-18,Infotainment_OTA,ERR_INFOTAINMENT_OTA_DIAG,8,8864,1.5,180.0,150.0,330.0,False,Reimbursed
CLM_0001344,VEH_005972,DLR_NO_002,GEO_NO,20250717,2025-07-17,Electric_Drive_Inverter,ERR_ELECTRIC_DRIVE_INVERTER_DIAG,1,1742,1.5,180.0,1850.0,2030.0,True,Under_Investigation
CLM_0001345,VEH_003224,DLR_IT_002,GEO_IT,20260721,2026-07-21,HV_Battery_Pack,ERR_HV_BATTERY_PACK_DIAG,18,21240,3.5,420.0,4500.0,4920.0,True,Under_Investigation
CLM_0001346,VEH_008985,DLR_IT_001,GEO_IT,20250210,2025-02-10,Electric_Drive_Inverter,ERR_ELECTRIC_DRIVE_INVERTER_DIAG,1,1514,2.0,240.0,1850.0,2090.0,True,Reimbursed
CLM_0001347,VEH_005566,DLR_UK_001,GEO_UK,20260524,2026-05-24,Electric_Drive_Inverter,ERR_ELECTRIC_DRIVE_INVERTER_DIAG,19,24035,3.5,420.0,1850.0,2270.0,True,Approved
CLM_0001348,VEH_008539,DLR_NO_002,GEO_NO,20250817,2025-08-17,HV_Battery_Pack,ERR_HV_BATTERY_PACK_DIAG,14,21322,3.5,420.0,4500.0,4920.0,True,Reimbursed
CLM_0001349,VEH_006486,DLR_SE_002,GEO_SE,20261228,2026-12-28,HV_Battery_Pack,ERR_HV_BATTERY_PACK_DIAG,24,29256,2.0,240.0,4500.0,4740.0,True,Reimbursed
CLM_0001350,VEH_006921,DLR_IT_001,GEO_IT,20260107,2026-01-07,HV_Battery_Pack,ERR_HV_BATTERY_PACK_DIAG,22,27258,1.5,180.0,4500.0,4680.0,True,Under_Investigation
CLM_0001351,VEH_002828,DLR_DE_002,GEO_DE,20260716,2026-07-16,Infotainment_OTA,ERR_INFOTAINMENT_OTA_DIAG,11,18601,3.5,420.0,150.0,570.0,False,Approved
CLM_0001352,VEH_006653,DLR_SE_002,GEO_SE,20261203,2026-12-03,Electric_Drive_Inverter,ERR_ELECTRIC_DRIVE_INVERTER_DIAG,22,25366,3.5,420.0,1850.0,2270.0,True,Reimbursed
CLM_0001353,VEH_006155,DLR_SE_002,GEO_SE,20261120,2026-11-20,Infotainment_OTA,ERR_INFOTAINMENT_OTA_DIAG,10,13630,2.0,240.0,150.0,390.0,False,Reimbursed
CLM_0001354,VEH_003149,DLR_NL_002,GEO_NL,20260219,2026-02-19,Electric_Drive_Inverter,ERR_ELECTRIC_DRIVE_INVERTER_DIAG,6,10110,1.5,180.0,1850.0,2030.0,True,Under_Investigation
CLM_0001355,VEH_004751,DLR_NO_002,GEO_NO,20260530,2026-05-30,Electric_Drive_Inverter,ERR_ELECTRIC_DRIVE_INVERTER_DIAG,4,4500,3.5,420.0,1850.0,2270.0,True,Under_Investigation
CLM_0001356,VEH_009167,DLR_NO_001,GEO_NO,20251124,2025-11-24,ADAS_Vision_Sensor,ERR_ADAS_VISION_SENSOR_DIAG,8,13624,3.5,420.0,1100.0,1520.0,True,Approved
CLM_0001357,VEH_007241,DLR_DE_002,GEO_DE,20261023,2026-10-23,Electric_Drive_Inverter,ERR_ELECTRIC_DRIVE_INVERTER_DIAG,14,21532,2.0,240.0,1850.0,2090.0,True,Under_Investigation
CLM_0001358,VEH_008217,DLR_NO_001,GEO_NO,20240511,2024-05-11,HV_Battery_Pack,ERR_HV_BATTERY_PACK_DIAG,2,3186,2.0,240.0,4500.0,4740.0,True,Reimbursed
CLM_0001359,VEH_008010,DLR_NL_002,GEO_NL,20261031,2026-10-31,ADAS_Vision_Sensor,ERR_ADAS_VISION_SENSOR_DIAG,10,15270,5.0,600.0,1100.0,1700.0,True,Reimbursed
CLM_0001360,VEH_007495,DLR_US_001,GEO_US,20261228,2026-12-28,Air_Suspension,ERR_AIR_SUSPENSION_DIAG,16,20304,2.0,240.0,850.0,1090.0,False,Under_Investigation
CLM_0001361,VEH_005852,DLR_NO_001,GEO_NO,20250805,2025-08-05,Electric_Drive_Inverter,ERR_ELECTRIC_DRIVE_INVERTER_DIAG,10,15080,1.5,180.0,1850.0,2030.0,True,Approved
CLM_0001362,VEH_009940,DLR_UK_001,GEO_UK,20250830,2025-08-30,Electric_Drive_Inverter,ERR_ELECTRIC_DRIVE_INVERTER_DIAG,7,9485,1.5,180.0,1850.0,2030.0,True,Approved
CLM_0001363,VEH_000266,DLR_DE_002,GEO_DE,20260203,2026-02-03,Electric_Drive_Inverter,ERR_ELECTRIC_DRIVE_INVERTER_DIAG,7,11473,5.0,600.0,1850.0,2450.0,True,Reimbursed
CLM_0001364,VEH_004190,DLR_IT_002,GEO_IT,20250210,2025-02-10,ADAS_Vision_Sensor,ERR_ADAS_VISION_SENSOR_DIAG,13,22412,5.0,600.0,1100.0,1700.0,True,Reimbursed
CLM_0001365,VEH_000674,DLR_SE_001,GEO_SE,20251109,2025-11-09,Air_Suspension,ERR_AIR_SUSPENSION_DIAG,15,24765,3.5,420.0,850.0,1270.0,False,Under_Investigation
CLM_0001366,VEH_006719,DLR_UK_001,GEO_UK,20260117,2026-01-17,Infotainment_OTA,ERR_INFOTAINMENT_OTA_DIAG,23,29578,2.0,240.0,150.0,390.0,False,Approved
CLM_0001367,VEH_001485,DLR_US_001,GEO_US,20261018,2026-10-18,Electric_Drive_Inverter,ERR_ELECTRIC_DRIVE_INVERTER_DIAG,23,35075,3.5,420.0,1850.0,2270.0,True,Under_Investigation
CLM_0001368,VEH_006343,DLR_SE_002,GEO_SE,20261019,2026-10-19,HV_Battery_Pack,ERR_HV_BATTERY_PACK_DIAG,7,11249,2.0,240.0,4500.0,4740.0,True,Approved
CLM_0001369,VEH_005121,DLR_IT_002,GEO_IT,20251123,2025-11-23,ADAS_Vision_Sensor,ERR_ADAS_VISION_SENSOR_DIAG,21,35826,2.0,240.0,1100.0,1340.0,True,Under_Investigation
CLM_0001370,VEH_005215,DLR_NL_001,GEO_NL,20260219,2026-02-19,Electric_Drive_Inverter,ERR_ELECTRIC_DRIVE_INVERTER_DIAG,8,12584,2.0,240.0,1850.0,2090.0,True,Under_Investigation
CLM_0001371,VEH_003957,DLR_DE_001,GEO_DE,20241220,2024-12-20,Air_Suspension,ERR_AIR_SUSPENSION_DIAG,1,1615,5.0,600.0,850.0,1450.0,False,Approved
CLM_0001372,VEH_007457,DLR_NL_001,GEO_NL,20260115,2026-01-15,ADAS_Vision_Sensor,ERR_ADAS_VISION_SENSOR_DIAG,3,5028,3.5,420.0,1100.0,1520.0,True,Approved
CLM_0001373,VEH_009591,DLR_US_001,GEO_US,20240920,2024-09-20,Air_Suspension,ERR_AIR_SUSPENSION_DIAG,4,4536,2.0,240.0,850.0,1090.0,False,Reimbursed
CLM_0001374,VEH_002007,DLR_DE_001,GEO_DE,20260317,2026-03-17,HV_Battery_Pack,ERR_HV_BATTERY_PACK_DIAG,22,30316,3.5,420.0,4500.0,4920.0,True,Reimbursed
CLM_0001375,VEH_005263,DLR_NL_001,GEO_NL,20240710,2024-07-10,ADAS_Vision_Sensor,ERR_ADAS_VISION_SENSOR_DIAG,3,3483,3.5,420.0,1100.0,1520.0,True,Under_Investigation
CLM_0001376,VEH_002375,DLR_NL_002,GEO_NL,20260125,2026-01-25,HV_Battery_Pack,ERR_HV_BATTERY_PACK_DIAG,3,4311,3.5,420.0,4500.0,4920.0,True,Reimbursed
CLM_0001377,VEH_005088,DLR_NL_002,GEO_NL,20260709,2026-07-09,Air_Suspension,ERR_AIR_SUSPENSION_DIAG,2,3240,3.5,420.0,850.0,1270.0,False,Approved
CLM_0001378,VEH_001504,DLR_SE_002,GEO_SE,20261228,2026-12-28,ADAS_Vision_Sensor,ERR_ADAS_VISION_SENSOR_DIAG,23,27531,3.5,420.0,1100.0,1520.0,True,Reimbursed
CLM_0001379,VEH_001043,DLR_NO_002,GEO_NO,20261118,2026-11-18,HV_Battery_Pack,ERR_HV_BATTERY_PACK_DIAG,24,33768,5.0,600.0,4500.0,5100.0,True,Under_Investigation
CLM_0001380,VEH_010017,DLR_DE_002,GEO_DE,20261228,2026-12-28,HV_Battery_Pack,ERR_HV_BATTERY_PACK_DIAG,18,22122,5.0,600.0,4500.0,5100.0,True,Reimbursed
CLM_0001381,VEH_000268,DLR_NO_002,GEO_NO,20250612,2025-06-12,Electric_Drive_Inverter,ERR_ELECTRIC_DRIVE_INVERTER_DIAG,8,13080,5.0,600.0,1850.0,2450.0,True,Reimbursed
CLM_0001382,VEH_008557,DLR_SE_002,GEO_SE,20261021,2026-10-21,ADAS_Vision_Sensor,ERR_ADAS_VISION_SENSOR_DIAG,8,12272,3.5,420.0,1100.0,1520.0,True,Approved
CLM_0001383,VEH_004093,DLR_SE_001,GEO_SE,20251221,2025-12-21,HV_Battery_Pack,ERR_HV_BATTERY_PACK_DIAG,19,28424,2.0,240.0,4500.0,4740.0,True,Reimbursed
CLM_0001384,VEH_001047,DLR_IT_001,GEO_IT,20250920,2025-09-20,HV_Battery_Pack,ERR_HV_BATTERY_PACK_DIAG,15,19725,1.5,180.0,4500.0,4680.0,True,Reimbursed
CLM_0001385,VEH_004106,DLR_NL_001,GEO_NL,20261024,2026-10-24,Infotainment_OTA,ERR_INFOTAINMENT_OTA_DIAG,14,19558,3.5,420.0,150.0,570.0,False,Approved
CLM_0001386,VEH_004584,DLR_NL_001,GEO_NL,20240908,2024-09-08,ADAS_Vision_Sensor,ERR_ADAS_VISION_SENSOR_DIAG,5,7900,2.0,240.0,1100.0,1340.0,True,Under_Investigation
CLM_0001387,VEH_004007,DLR_IT_002,GEO_IT,20241024,2024-10-24,Air_Suspension,ERR_AIR_SUSPENSION_DIAG,2,2764,1.5,180.0,850.0,1030.0,False,Under_Investigation
CLM_0001388,VEH_004340,DLR_NO_001,GEO_NO,20260713,2026-07-13,HV_Battery_Pack,ERR_HV_BATTERY_PACK_DIAG,2,3192,5.0,600.0,4500.0,5100.0,True,Under_Investigation
CLM_0001389,VEH_007036,DLR_IT_001,GEO_IT,20260624,2026-06-24,Electric_Drive_Inverter,ERR_ELECTRIC_DRIVE_INVERTER_DIAG,21,24045,3.5,420.0,1850.0,2270.0,True,Approved
CLM_0001390,VEH_009348,DLR_DE_001,GEO_DE,20261228,2026-12-28,HV_Battery_Pack,ERR_HV_BATTERY_PACK_DIAG,19,24947,5.0,600.0,4500.0,5100.0,True,Under_Investigation
CLM_0001391,VEH_006459,DLR_NO_002,GEO_NO,20260815,2026-08-15,Electric_Drive_Inverter,ERR_ELECTRIC_DRIVE_INVERTER_DIAG,16,18192,5.0,600.0,1850.0,2450.0,True,Approved
CLM_0001392,VEH_009275,DLR_DE_001,GEO_DE,20260104,2026-01-04,ADAS_Vision_Sensor,ERR_ADAS_VISION_SENSOR_DIAG,9,9918,3.5,420.0,1100.0,1520.0,True,Reimbursed
CLM_0001393,VEH_005344,DLR_SE_002,GEO_SE,20261228,2026-12-28,Infotainment_OTA,ERR_INFOTAINMENT_OTA_DIAG,21,32781,3.5,420.0,150.0,570.0,False,Approved
CLM_0001394,VEH_007272,DLR_NL_001,GEO_NL,20251027,2025-10-27,HV_Battery_Pack,ERR_HV_BATTERY_PACK_DIAG,17,20332,5.0,600.0,4500.0,5100.0,True,Reimbursed
CLM_0001395,VEH_007214,DLR_NO_002,GEO_NO,20250520,2025-05-20,Infotainment_OTA,ERR_INFOTAINMENT_OTA_DIAG,3,4329,2.0,240.0,150.0,390.0,False,Approved
CLM_0001396,VEH_008357,DLR_IT_001,GEO_IT,20260702,2026-07-02,Electric_Drive_Inverter,ERR_ELECTRIC_DRIVE_INVERTER_DIAG,21,29442,5.0,600.0,1850.0,2450.0,True,Under_Investigation
CLM_0001397,VEH_007663,DLR_NO_001,GEO_NO,20251021,2025-10-21,Electric_Drive_Inverter,ERR_ELECTRIC_DRIVE_INVERTER_DIAG,8,12800,5.0,600.0,1850.0,2450.0,True,Reimbursed
CLM_0001398,VEH_008550,DLR_DE_002,GEO_DE,20260130,2026-01-30,HV_Battery_Pack,ERR_HV_BATTERY_PACK_DIAG,17,29648,3.5,420.0,4500.0,4920.0,True,Approved
CLM_0001399,VEH_004734,DLR_NL_002,GEO_NL,20261228,2026-12-28,HV_Battery_Pack,ERR_HV_BATTERY_PACK_DIAG,22,32274,3.5,420.0,4500.0,4920.0,True,Reimbursed
CLM_0001400,VEH_001323,DLR_IT_001,GEO_IT,20260413,2026-04-13,Electric_Drive_Inverter,ERR_ELECTRIC_DRIVE_INVERTER_DIAG,18,23796,5.0,600.0,1850.0,2450.0,True,Under_Investigation
CLM_0001401,VEH_006859,DLR_NL_001,GEO_NL,20261228,2026-12-28,Electric_Drive_Inverter,ERR_ELECTRIC_DRIVE_INVERTER_DIAG,24,38928,1.5,180.0,1850.0,2030.0,True,Reimbursed
CLM_0001402,VEH_001284,DLR_NO_001,GEO_NO,20260128,2026-01-28,ADAS_Vision_Sensor,ERR_ADAS_VISION_SENSOR_DIAG,14,18396,2.0,240.0,1100.0,1340.0,True,Under_Investigation
CLM_0001403,VEH_009365,DLR_NO_001,GEO_NO,20261228,2026-12-28,HV_Battery_Pack,ERR_HV_BATTERY_PACK_DIAG,21,23436,2.0,240.0,4500.0,4740.0,True,Reimbursed
CLM_0001404,VEH_004589,DLR_NO_002,GEO_NO,20250302,2025-03-02,Air_Suspension,ERR_AIR_SUSPENSION_DIAG,6,8988,5.0,600.0,850.0,1450.0,False,Under_Investigation
CLM_0001405,VEH_010021,DLR_US_001,GEO_US,20251112,2025-11-12,Electric_Drive_Inverter,ERR_ELECTRIC_DRIVE_INVERTER_DIAG,14,23422,1.5,180.0,1850.0,2030.0,True,Reimbursed
CLM_0001406,VEH_004490,DLR_SE_002,GEO_SE,20261228,2026-12-28,Air_Suspension,ERR_AIR_SUSPENSION_DIAG,17,21284,3.5,420.0,850.0,1270.0,False,Under_Investigation
CLM_0001407,VEH_008572,DLR_NL_001,GEO_NL,20250705,2025-07-05,HV_Battery_Pack,ERR_HV_BATTERY_PACK_DIAG,5,7615,2.0,240.0,4500.0,4740.0,True,Approved
CLM_0001408,VEH_002949,DLR_NL_001,GEO_NL,20251120,2025-11-20,Electric_Drive_Inverter,ERR_ELECTRIC_DRIVE_INVERTER_DIAG,15,19365,1.5,180.0,1850.0,2030.0,True,Reimbursed
CLM_0001409,VEH_003503,DLR_UK_001,GEO_UK,20261228,2026-12-28,Infotainment_OTA,ERR_INFOTAINMENT_OTA_DIAG,15,19830,5.0,600.0,150.0,750.0,False,Approved
CLM_0001410,VEH_005864,DLR_DE_002,GEO_DE,20260802,2026-08-02,ADAS_Vision_Sensor,ERR_ADAS_VISION_SENSOR_DIAG,22,37994,1.5,180.0,1100.0,1280.0,True,Approved
CLM_0001411,VEH_007842,DLR_UK_001,GEO_UK,20250115,2025-01-15,HV_Battery_Pack,ERR_HV_BATTERY_PACK_DIAG,3,4167,1.5,180.0,4500.0,4680.0,True,Reimbursed
CLM_0001412,VEH_006811,DLR_SE_001,GEO_SE,20261228,2026-12-28,HV_Battery_Pack,ERR_HV_BATTERY_PACK_DIAG,19,24111,1.5,180.0,4500.0,4680.0,True,Approved
CLM_0001413,VEH_008240,DLR_IT_001,GEO_IT,20261221,2026-12-21,Electric_Drive_Inverter,ERR_ELECTRIC_DRIVE_INVERTER_DIAG,17,29274,1.5,180.0,1850.0,2030.0,True,Under_Investigation
CLM_0001414,VEH_007034,DLR_DE_001,GEO_DE,20250518,2025-05-18,HV_Battery_Pack,ERR_HV_BATTERY_PACK_DIAG,12,17868,2.0,240.0,4500.0,4740.0,True,Reimbursed
CLM_0001415,VEH_002494,DLR_DE_002,GEO_DE,20250824,2025-08-24,HV_Battery_Pack,ERR_HV_BATTERY_PACK_DIAG,7,10185,1.5,180.0,4500.0,4680.0,True,Approved
CLM_0001416,VEH_007473,DLR_SE_001,GEO_SE,20250912,2025-09-12,Electric_Drive_Inverter,ERR_ELECTRIC_DRIVE_INVERTER_DIAG,4,6900,2.0,240.0,1850.0,2090.0,True,Reimbursed
CLM_0001417,VEH_005325,DLR_SE_002,GEO_SE,20260329,2026-03-29,HV_Battery_Pack,ERR_HV_BATTERY_PACK_DIAG,17,26435,5.0,600.0,4500.0,5100.0,True,Under_Investigation
CLM_0001418,VEH_006431,DLR_NO_002,GEO_NO,20261228,2026-12-28,HV_Battery_Pack,ERR_HV_BATTERY_PACK_DIAG,11,15631,1.5,180.0,4500.0,4680.0,True,Reimbursed
CLM_0001419,VEH_005369,DLR_US_001,GEO_US,20250703,2025-07-03,HV_Battery_Pack,ERR_HV_BATTERY_PACK_DIAG,4,6500,5.0,600.0,4500.0,5100.0,True,Reimbursed
CLM_0001420,VEH_001745,DLR_NL_001,GEO_NL,20261020,2026-10-20,Air_Suspension,ERR_AIR_SUSPENSION_DIAG,13,18070,2.0,240.0,850.0,1090.0,False,Reimbursed
CLM_0001421,VEH_008942,DLR_NL_001,GEO_NL,20261002,2026-10-02,Infotainment_OTA,ERR_INFOTAINMENT_OTA_DIAG,20,28160,1.5,180.0,150.0,330.0,False,Reimbursed
CLM_0001422,VEH_002191,DLR_DE_001,GEO_DE,20261228,2026-12-28,Electric_Drive_Inverter,ERR_ELECTRIC_DRIVE_INVERTER_DIAG,19,31616,1.5,180.0,1850.0,2030.0,True,Reimbursed
CLM_0001423,VEH_006988,DLR_SE_002,GEO_SE,20250401,2025-04-01,Electric_Drive_Inverter,ERR_ELECTRIC_DRIVE_INVERTER_DIAG,1,1543,1.5,180.0,1850.0,2030.0,True,Reimbursed
CLM_0001424,VEH_003269,DLR_UK_001,GEO_UK,20261228,2026-12-28,Air_Suspension,ERR_AIR_SUSPENSION_DIAG,17,28628,5.0,600.0,850.0,1450.0,False,Approved
CLM_0001425,VEH_009695,DLR_DE_002,GEO_DE,20250215,2025-02-15,ADAS_Vision_Sensor,ERR_ADAS_VISION_SENSOR_DIAG,13,23192,2.0,240.0,1100.0,1340.0,True,Reimbursed
CLM_0001426,VEH_008827,DLR_NL_001,GEO_NL,20260524,2026-05-24,HV_Battery_Pack,ERR_HV_BATTERY_PACK_DIAG,17,21216,2.0,240.0,4500.0,4740.0,True,Reimbursed
CLM_0001427,VEH_006125,DLR_DE_001,GEO_DE,20260226,2026-02-26,HV_Battery_Pack,ERR_HV_BATTERY_PACK_DIAG,12,16836,2.0,240.0,4500.0,4740.0,True,Under_Investigation
CLM_0001428,VEH_007113,DLR_US_001,GEO_US,20261228,2026-12-28,HV_Battery_Pack,ERR_HV_BATTERY_PACK_DIAG,9,14472,3.5,420.0,4500.0,4920.0,True,Reimbursed
CLM_0001429,VEH_001342,DLR_NL_001,GEO_NL,20251022,2025-10-22,ADAS_Vision_Sensor,ERR_ADAS_VISION_SENSOR_DIAG,7,7812,2.0,240.0,1100.0,1340.0,True,Under_Investigation
CLM_0001430,VEH_006000,DLR_IT_002,GEO_IT,20251103,2025-11-03,HV_Battery_Pack,ERR_HV_BATTERY_PACK_DIAG,1,1567,5.0,600.0,4500.0,5100.0,True,Approved
CLM_0001431,VEH_005559,DLR_NL_002,GEO_NL,20240917,2024-09-17,Air_Suspension,ERR_AIR_SUSPENSION_DIAG,8,12640,3.5,420.0,850.0,1270.0,False,Approved
CLM_0001432,VEH_000093,DLR_NO_002,GEO_NO,20261228,2026-12-28,Electric_Drive_Inverter,ERR_ELECTRIC_DRIVE_INVERTER_DIAG,18,22896,1.5,180.0,1850.0,2030.0,True,Under_Investigation
CLM_0001433,VEH_009786,DLR_UK_001,GEO_UK,20261220,2026-12-20,Infotainment_OTA,ERR_INFOTAINMENT_OTA_DIAG,20,34240,2.0,240.0,150.0,390.0,False,Under_Investigation
CLM_0001434,VEH_004345,DLR_NL_002,GEO_NL,20261228,2026-12-28,ADAS_Vision_Sensor,ERR_ADAS_VISION_SENSOR_DIAG,13,22620,5.0,600.0,1100.0,1700.0,True,Reimbursed
CLM_0001435,VEH_000833,DLR_US_001,GEO_US,20261228,2026-12-28,Electric_Drive_Inverter,ERR_ELECTRIC_DRIVE_INVERTER_DIAG,14,18004,2.0,240.0,1850.0,2090.0,True,Approved
CLM_0001436,VEH_001726,DLR_US_001,GEO_US,20260324,2026-03-24,Air_Suspension,ERR_AIR_SUSPENSION_DIAG,8,10464,5.0,600.0,850.0,1450.0,False,Under_Investigation
CLM_0001437,VEH_003535,DLR_SE_001,GEO_SE,20260731,2026-07-31,HV_Battery_Pack,ERR_HV_BATTERY_PACK_DIAG,9,16164,2.0,240.0,4500.0,4740.0,True,Approved
CLM_0001438,VEH_001488,DLR_NO_001,GEO_NO,20261228,2026-12-28,Air_Suspension,ERR_AIR_SUSPENSION_DIAG,20,23600,3.5,420.0,850.0,1270.0,False,Under_Investigation
CLM_0001439,VEH_007254,DLR_DE_002,GEO_DE,20261004,2026-10-04,Air_Suspension,ERR_AIR_SUSPENSION_DIAG,6,10074,5.0,600.0,850.0,1450.0,False,Under_Investigation
CLM_0001440,VEH_002108,DLR_NO_001,GEO_NO,20250902,2025-09-02,ADAS_Vision_Sensor,ERR_ADAS_VISION_SENSOR_DIAG,5,7295,3.5,420.0,1100.0,1520.0,True,Approved
CLM_0001441,VEH_000889,DLR_DE_002,GEO_DE,20250509,2025-05-09,Electric_Drive_Inverter,ERR_ELECTRIC_DRIVE_INVERTER_DIAG,14,20090,5.0,600.0,1850.0,2450.0,True,Approved
CLM_0001442,VEH_009590,DLR_DE_001,GEO_DE,20250727,2025-07-27,Air_Suspension,ERR_AIR_SUSPENSION_DIAG,7,9814,2.0,240.0,850.0,1090.0,False,Reimbursed
CLM_0001443,VEH_003819,DLR_SE_002,GEO_SE,20260808,2026-08-08,HV_Battery_Pack,ERR_HV_BATTERY_PACK_DIAG,13,20839,1.5,180.0,4500.0,4680.0,True,Reimbursed
CLM_0001444,VEH_006567,DLR_IT_002,GEO_IT,20260923,2026-09-23,ADAS_Vision_Sensor,ERR_ADAS_VISION_SENSOR_DIAG,16,28096,1.5,180.0,1100.0,1280.0,True,Approved
CLM_0001445,VEH_001362,DLR_IT_002,GEO_IT,20260320,2026-03-20,Infotainment_OTA,ERR_INFOTAINMENT_OTA_DIAG,3,4764,5.0,600.0,150.0,750.0,False,Reimbursed
CLM_0001446,VEH_009927,DLR_DE_001,GEO_DE,20261228,2026-12-28,Air_Suspension,ERR_AIR_SUSPENSION_DIAG,20,28840,2.0,240.0,850.0,1090.0,False,Approved
CLM_0001447,VEH_006894,DLR_NL_002,GEO_NL,20260403,2026-04-03,Electric_Drive_Inverter,ERR_ELECTRIC_DRIVE_INVERTER_DIAG,12,19428,3.5,420.0,1850.0,2270.0,True,Under_Investigation
CLM_0001448,VEH_007628,DLR_SE_002,GEO_SE,20261228,2026-12-28,Air_Suspension,ERR_AIR_SUSPENSION_DIAG,21,33411,1.5,180.0,850.0,1030.0,False,Reimbursed
CLM_0001449,VEH_005294,DLR_IT_002,GEO_IT,20260130,2026-01-30,Electric_Drive_Inverter,ERR_ELECTRIC_DRIVE_INVERTER_DIAG,19,32376,5.0,600.0,1850.0,2450.0,True,Reimbursed
CLM_0001450,VEH_000956,DLR_DE_001,GEO_DE,20250504,2025-05-04,Air_Suspension,ERR_AIR_SUSPENSION_DIAG,3,5331,1.5,180.0,850.0,1030.0,False,Under_Investigation
CLM_0001451,VEH_003495,DLR_UK_001,GEO_UK,20240723,2024-07-23,HV_Battery_Pack,ERR_HV_BATTERY_PACK_DIAG,5,6740,5.0,600.0,4500.0,5100.0,True,Under_Investigation
CLM_0001452,VEH_001418,DLR_DE_002,GEO_DE,20261204,2026-12-04,Infotainment_OTA,ERR_INFOTAINMENT_OTA_DIAG,12,13428,3.5,420.0,150.0,570.0,False,Reimbursed
CLM_0001453,VEH_001635,DLR_DE_001,GEO_DE,20250922,2025-09-22,Electric_Drive_Inverter,ERR_ELECTRIC_DRIVE_INVERTER_DIAG,17,22746,2.0,240.0,1850.0,2090.0,True,Approved
CLM_0001454,VEH_005514,DLR_DE_002,GEO_DE,20251109,2025-11-09,Electric_Drive_Inverter,ERR_ELECTRIC_DRIVE_INVERTER_DIAG,1,1107,3.5,420.0,1850.0,2270.0,True,Approved
CLM_0001455,VEH_007140,DLR_SE_002,GEO_SE,20250715,2025-07-15,Air_Suspension,ERR_AIR_SUSPENSION_DIAG,8,10368,3.5,420.0,850.0,1270.0,False,Reimbursed
CLM_0001456,VEH_001352,DLR_NL_002,GEO_NL,20251020,2025-10-20,Electric_Drive_Inverter,ERR_ELECTRIC_DRIVE_INVERTER_DIAG,13,15171,5.0,600.0,1850.0,2450.0,True,Approved
CLM_0001457,VEH_005950,DLR_DE_002,GEO_DE,20260508,2026-05-08,HV_Battery_Pack,ERR_HV_BATTERY_PACK_DIAG,9,11709,5.0,600.0,4500.0,5100.0,True,Under_Investigation
CLM_0001458,VEH_005365,DLR_NL_002,GEO_NL,20261228,2026-12-28,HV_Battery_Pack,ERR_HV_BATTERY_PACK_DIAG,20,24020,5.0,600.0,4500.0,5100.0,True,Under_Investigation
CLM_0001459,VEH_007866,DLR_SE_002,GEO_SE,20261228,2026-12-28,Electric_Drive_Inverter,ERR_ELECTRIC_DRIVE_INVERTER_DIAG,17,29444,2.0,240.0,1850.0,2090.0,True,Reimbursed
CLM_0001460,VEH_002398,DLR_DE_001,GEO_DE,20261228,2026-12-28,Air_Suspension,ERR_AIR_SUSPENSION_DIAG,8,9456,3.5,420.0,850.0,1270.0,False,Under_Investigation
CLM_0001461,VEH_007090,DLR_UK_001,GEO_UK,20261010,2026-10-10,Air_Suspension,ERR_AIR_SUSPENSION_DIAG,12,20532,3.5,420.0,850.0,1270.0,False,Under_Investigation
CLM_0001462,VEH_003989,DLR_DE_002,GEO_DE,20260221,2026-02-21,HV_Battery_Pack,ERR_HV_BATTERY_PACK_DIAG,22,33792,5.0,600.0,4500.0,5100.0,True,Approved
CLM_0001463,VEH_004425,DLR_SE_001,GEO_SE,20260803,2026-08-03,Electric_Drive_Inverter,ERR_ELECTRIC_DRIVE_INVERTER_DIAG,17,18853,3.5,420.0,1850.0,2270.0,True,Approved
CLM_0001464,VEH_002891,DLR_NL_002,GEO_NL,20241206,2024-12-06,Air_Suspension,ERR_AIR_SUSPENSION_DIAG,2,3138,3.5,420.0,850.0,1270.0,False,Reimbursed
CLM_0001465,VEH_009359,DLR_NO_002,GEO_NO,20250921,2025-09-21,Air_Suspension,ERR_AIR_SUSPENSION_DIAG,20,32080,5.0,600.0,850.0,1450.0,False,Approved
CLM_0001466,VEH_001045,DLR_NO_001,GEO_NO,20261112,2026-11-12,HV_Battery_Pack,ERR_HV_BATTERY_PACK_DIAG,19,33592,3.5,420.0,4500.0,4920.0,True,Under_Investigation
CLM_0001467,VEH_001806,DLR_DE_001,GEO_DE,20251207,2025-12-07,HV_Battery_Pack,ERR_HV_BATTERY_PACK_DIAG,11,15114,5.0,600.0,4500.0,5100.0,True,Reimbursed
CLM_0001468,VEH_004367,DLR_SE_002,GEO_SE,20250112,2025-01-12,Infotainment_OTA,ERR_INFOTAINMENT_OTA_DIAG,4,5020,3.5,420.0,150.0,570.0,False,Approved
CLM_0001469,VEH_002243,DLR_NL_002,GEO_NL,20261228,2026-12-28,HV_Battery_Pack,ERR_HV_BATTERY_PACK_DIAG,24,38616,5.0,600.0,4500.0,5100.0,True,Approved
CLM_0001470,VEH_009246,DLR_IT_001,GEO_IT,20260704,2026-07-04,HV_Battery_Pack,ERR_HV_BATTERY_PACK_DIAG,9,14022,5.0,600.0,4500.0,5100.0,True,Approved
CLM_0001471,VEH_005942,DLR_NL_001,GEO_NL,20261228,2026-12-28,HV_Battery_Pack,ERR_HV_BATTERY_PACK_DIAG,17,24463,5.0,600.0,4500.0,5100.0,True,Reimbursed
CLM_0001472,VEH_009079,DLR_NL_001,GEO_NL,20260905,2026-09-05,ADAS_Vision_Sensor,ERR_ADAS_VISION_SENSOR_DIAG,8,10480,1.5,180.0,1100.0,1280.0,True,Reimbursed
CLM_0001473,VEH_005244,DLR_IT_002,GEO_IT,20260524,2026-05-24,Infotainment_OTA,ERR_INFOTAINMENT_OTA_DIAG,24,31968,1.5,180.0,150.0,330.0,False,Approved
CLM_0001474,VEH_006672,DLR_NO_001,GEO_NO,20260313,2026-03-13,HV_Battery_Pack,ERR_HV_BATTERY_PACK_DIAG,21,25746,3.5,420.0,4500.0,4920.0,True,Approved
CLM_0001475,VEH_002724,DLR_NO_001,GEO_NO,20250410,2025-04-10,HV_Battery_Pack,ERR_HV_BATTERY_PACK_DIAG,13,17342,5.0,600.0,4500.0,5100.0,True,Reimbursed
CLM_0001476,VEH_007764,DLR_SE_002,GEO_SE,20250309,2025-03-09,HV_Battery_Pack,ERR_HV_BATTERY_PACK_DIAG,12,17460,2.0,240.0,4500.0,4740.0,True,Approved
CLM_0001477,VEH_009139,DLR_US_001,GEO_US,20260726,2026-07-26,HV_Battery_Pack,ERR_HV_BATTERY_PACK_DIAG,18,31950,2.0,240.0,4500.0,4740.0,True,Reimbursed
CLM_0001478,VEH_004089,DLR_SE_001,GEO_SE,20240704,2024-07-04,Infotainment_OTA,ERR_INFOTAINMENT_OTA_DIAG,1,1546,3.5,420.0,150.0,570.0,False,Approved
CLM_0001479,VEH_005695,DLR_IT_001,GEO_IT,20261228,2026-12-28,ADAS_Vision_Sensor,ERR_ADAS_VISION_SENSOR_DIAG,22,32494,1.5,180.0,1100.0,1280.0,True,Reimbursed
CLM_0001480,VEH_004470,DLR_US_001,GEO_US,20260213,2026-02-13,Electric_Drive_Inverter,ERR_ELECTRIC_DRIVE_INVERTER_DIAG,14,17808,5.0,600.0,1850.0,2450.0,True,Approved
CLM_0001481,VEH_002070,DLR_DE_002,GEO_DE,20260524,2026-05-24,Air_Suspension,ERR_AIR_SUSPENSION_DIAG,22,29326,3.5,420.0,850.0,1270.0,False,Reimbursed
CLM_0001482,VEH_004921,DLR_NL_002,GEO_NL,20251130,2025-11-30,HV_Battery_Pack,ERR_HV_BATTERY_PACK_DIAG,18,23436,3.5,420.0,4500.0,4920.0,True,Reimbursed
CLM_0001483,VEH_004550,DLR_US_001,GEO_US,20260722,2026-07-22,Air_Suspension,ERR_AIR_SUSPENSION_DIAG,7,9765,5.0,600.0,850.0,1450.0,False,Approved
CLM_0001484,VEH_002806,DLR_NO_001,GEO_NO,20261228,2026-12-28,Air_Suspension,ERR_AIR_SUSPENSION_DIAG,20,27440,5.0,600.0,850.0,1450.0,False,Reimbursed
CLM_0001485,VEH_009619,DLR_IT_002,GEO_IT,20260514,2026-05-14,Infotainment_OTA,ERR_INFOTAINMENT_OTA_DIAG,24,32136,5.0,600.0,150.0,750.0,False,Under_Investigation
CLM_0001486,VEH_001744,DLR_US_001,GEO_US,20250629,2025-06-29,Infotainment_OTA,ERR_INFOTAINMENT_OTA_DIAG,17,29699,2.0,240.0,150.0,390.0,False,Approved
CLM_0001487,VEH_008195,DLR_SE_002,GEO_SE,20260714,2026-07-14,HV_Battery_Pack,ERR_HV_BATTERY_PACK_DIAG,4,4596,5.0,600.0,4500.0,5100.0,True,Approved
CLM_0001488,VEH_003144,DLR_SE_002,GEO_SE,20240605,2024-06-05,ADAS_Vision_Sensor,ERR_ADAS_VISION_SENSOR_DIAG,4,5476,3.5,420.0,1100.0,1520.0,True,Under_Investigation
CLM_0001489,VEH_004366,DLR_US_001,GEO_US,20251031,2025-10-31,Infotainment_OTA,ERR_INFOTAINMENT_OTA_DIAG,19,32129,2.0,240.0,150.0,390.0,False,Approved
CLM_0001490,VEH_003409,DLR_NL_001,GEO_NL,20261228,2026-12-28,Electric_Drive_Inverter,ERR_ELECTRIC_DRIVE_INVERTER_DIAG,18,30294,3.5,420.0,1850.0,2270.0,True,Reimbursed
CLM_0001491,VEH_001265,DLR_DE_002,GEO_DE,20260703,2026-07-03,Infotainment_OTA,ERR_INFOTAINMENT_OTA_DIAG,6,8340,3.5,420.0,150.0,570.0,False,Approved
CLM_0001492,VEH_009440,DLR_NL_002,GEO_NL,20240721,2024-07-21,HV_Battery_Pack,ERR_HV_BATTERY_PACK_DIAG,3,4410,2.0,240.0,4500.0,4740.0,True,Reimbursed
CLM_0001493,VEH_009748,DLR_NL_001,GEO_NL,20241214,2024-12-14,HV_Battery_Pack,ERR_HV_BATTERY_PACK_DIAG,6,8670,1.5,180.0,4500.0,4680.0,True,Reimbursed
CLM_0001494,VEH_001052,DLR_US_001,GEO_US,20250527,2025-05-27,Electric_Drive_Inverter,ERR_ELECTRIC_DRIVE_INVERTER_DIAG,1,1796,2.0,240.0,1850.0,2090.0,True,Reimbursed
CLM_0001495,VEH_008703,DLR_SE_001,GEO_SE,20261228,2026-12-28,Electric_Drive_Inverter,ERR_ELECTRIC_DRIVE_INVERTER_DIAG,16,26736,1.5,180.0,1850.0,2030.0,True,Approved
CLM_0001496,VEH_009328,DLR_SE_001,GEO_SE,20261228,2026-12-28,ADAS_Vision_Sensor,ERR_ADAS_VISION_SENSOR_DIAG,21,24717,3.5,420.0,1100.0,1520.0,True,Under_Investigation
CLM_0001497,VEH_002014,DLR_SE_002,GEO_SE,20261228,2026-12-28,Air_Suspension,ERR_AIR_SUSPENSION_DIAG,18,30726,5.0,600.0,850.0,1450.0,False,Approved
CLM_0001498,VEH_008499,DLR_SE_002,GEO_SE,20260207,2026-02-07,HV_Battery_Pack,ERR_HV_BATTERY_PACK_DIAG,9,12942,1.5,180.0,4500.0,4680.0,True,Approved
CLM_0001499,VEH_003756,DLR_IT_001,GEO_IT,20250501,2025-05-01,Infotainment_OTA,ERR_INFOTAINMENT_OTA_DIAG,5,6055,5.0,600.0,150.0,750.0,False,Reimbursed
CLM_0001500,VEH_002744,DLR_NL_001,GEO_NL,20261203,2026-12-03,HV_Battery_Pack,ERR_HV_BATTERY_PACK_DIAG,12,16368,5.0,600.0,4500.0,5100.0,True,Reimbursed
CLM_0001501,VEH_006278,DLR_SE_001,GEO_SE,20250501,2025-05-01,HV_Battery_Pack,ERR_HV_BATTERY_PACK_DIAG,11,19085,2.0,240.0,4500.0,4740.0,True,Reimbursed
CLM_0001502,VEH_008763,DLR_NO_001,GEO_NO,20260228,2026-02-28,Electric_Drive_Inverter,ERR_ELECTRIC_DRIVE_INVERTER_DIAG,11,15444,2.0,240.0,1850.0,2090.0,True,Approved
CLM_0001503,VEH_008229,DLR_SE_002,GEO_SE,20251219,2025-12-19,HV_Battery_Pack,ERR_HV_BATTERY_PACK_DIAG,1,1260,3.5,420.0,4500.0,4920.0,True,Approved
CLM_0001504,VEH_004300,DLR_NO_001,GEO_NO,20240603,2024-06-03,Electric_Drive_Inverter,ERR_ELECTRIC_DRIVE_INVERTER_DIAG,2,3280,5.0,600.0,1850.0,2450.0,True,Approved
CLM_0001505,VEH_002064,DLR_IT_002,GEO_IT,20250803,2025-08-03,HV_Battery_Pack,ERR_HV_BATTERY_PACK_DIAG,12,15816,1.5,180.0,4500.0,4680.0,True,Under_Investigation
CLM_0001506,VEH_008635,DLR_IT_001,GEO_IT,20261129,2026-11-29,Infotainment_OTA,ERR_INFOTAINMENT_OTA_DIAG,12,14760,3.5,420.0,150.0,570.0,False,Reimbursed
CLM_0001507,VEH_009479,DLR_SE_001,GEO_SE,20250718,2025-07-18,HV_Battery_Pack,ERR_HV_BATTERY_PACK_DIAG,10,14340,2.0,240.0,4500.0,4740.0,True,Approved
CLM_0001508,VEH_000365,DLR_DE_001,GEO_DE,20250811,2025-08-11,HV_Battery_Pack,ERR_HV_BATTERY_PACK_DIAG,4,6164,2.0,240.0,4500.0,4740.0,True,Reimbursed
CLM_0001509,VEH_002456,DLR_NO_001,GEO_NO,20261018,2026-10-18,Infotainment_OTA,ERR_INFOTAINMENT_OTA_DIAG,11,18117,1.5,180.0,150.0,330.0,False,Approved
CLM_0001510,VEH_008251,DLR_SE_001,GEO_SE,20240325,2024-03-25,HV_Battery_Pack,ERR_HV_BATTERY_PACK_DIAG,1,1701,3.5,420.0,4500.0,4920.0,True,Under_Investigation
CLM_0001511,VEH_009877,DLR_DE_002,GEO_DE,20260127,2026-01-27,HV_Battery_Pack,ERR_HV_BATTERY_PACK_DIAG,19,27569,5.0,600.0,4500.0,5100.0,True,Reimbursed
CLM_0001512,VEH_009915,DLR_NL_001,GEO_NL,20240331,2024-03-31,Electric_Drive_Inverter,ERR_ELECTRIC_DRIVE_INVERTER_DIAG,1,1627,3.5,420.0,1850.0,2270.0,True,Approved
CLM_0001513,VEH_003441,DLR_US_001,GEO_US,20261228,2026-12-28,Electric_Drive_Inverter,ERR_ELECTRIC_DRIVE_INVERTER_DIAG,10,17240,1.5,180.0,1850.0,2030.0,True,Reimbursed
CLM_0001514,VEH_007252,DLR_UK_001,GEO_UK,20260531,2026-05-31,Air_Suspension,ERR_AIR_SUSPENSION_DIAG,13,15171,1.5,180.0,850.0,1030.0,False,Approved
CLM_0001515,VEH_000597,DLR_NO_002,GEO_NO,20250428,2025-04-28,HV_Battery_Pack,ERR_HV_BATTERY_PACK_DIAG,2,2586,5.0,600.0,4500.0,5100.0,True,Under_Investigation
CLM_0001516,VEH_009847,DLR_SE_001,GEO_SE,20261228,2026-12-28,Infotainment_OTA,ERR_INFOTAINMENT_OTA_DIAG,21,33516,1.5,180.0,150.0,330.0,False,Reimbursed
CLM_0001517,VEH_006621,DLR_US_001,GEO_US,20260808,2026-08-08,Air_Suspension,ERR_AIR_SUSPENSION_DIAG,12,20580,2.0,240.0,850.0,1090.0,False,Under_Investigation
CLM_0001518,VEH_007241,DLR_DE_002,GEO_DE,20260123,2026-01-23,HV_Battery_Pack,ERR_HV_BATTERY_PACK_DIAG,5,8795,2.0,240.0,4500.0,4740.0,True,Approved
CLM_0001519,VEH_005352,DLR_NL_001,GEO_NL,20260711,2026-07-11,Air_Suspension,ERR_AIR_SUSPENSION_DIAG,15,20025,5.0,600.0,850.0,1450.0,False,Approved
CLM_0001520,VEH_002042,DLR_NO_002,GEO_NO,20251005,2025-10-05,Electric_Drive_Inverter,ERR_ELECTRIC_DRIVE_INVERTER_DIAG,20,25160,2.0,240.0,1850.0,2090.0,True,Reimbursed
CLM_0001521,VEH_004140,DLR_DE_002,GEO_DE,20261228,2026-12-28,Electric_Drive_Inverter,ERR_ELECTRIC_DRIVE_INVERTER_DIAG,16,22368,2.0,240.0,1850.0,2090.0,True,Approved
CLM_0001522,VEH_000469,DLR_DE_001,GEO_DE,20260119,2026-01-19,Air_Suspension,ERR_AIR_SUSPENSION_DIAG,8,13072,5.0,600.0,850.0,1450.0,False,Under_Investigation
CLM_0001523,VEH_003555,DLR_DE_001,GEO_DE,20260325,2026-03-25,HV_Battery_Pack,ERR_HV_BATTERY_PACK_DIAG,10,13470,5.0,600.0,4500.0,5100.0,True,Approved
CLM_0001524,VEH_000659,DLR_NO_002,GEO_NO,20260317,2026-03-17,Infotainment_OTA,ERR_INFOTAINMENT_OTA_DIAG,21,27531,2.0,240.0,150.0,390.0,False,Reimbursed
CLM_0001525,VEH_004844,DLR_SE_002,GEO_SE,20250903,2025-09-03,Electric_Drive_Inverter,ERR_ELECTRIC_DRIVE_INVERTER_DIAG,16,19792,2.0,240.0,1850.0,2090.0,True,Reimbursed
CLM_0001526,VEH_004943,DLR_UK_001,GEO_UK,20261228,2026-12-28,ADAS_Vision_Sensor,ERR_ADAS_VISION_SENSOR_DIAG,15,23430,5.0,600.0,1100.0,1700.0,True,Approved
CLM_0001527,VEH_005237,DLR_NO_001,GEO_NO,20261227,2026-12-27,Electric_Drive_Inverter,ERR_ELECTRIC_DRIVE_INVERTER_DIAG,14,16170,3.5,420.0,1850.0,2270.0,True,Reimbursed
CLM_0001528,VEH_008396,DLR_NL_001,GEO_NL,20251214,2025-12-14,HV_Battery_Pack,ERR_HV_BATTERY_PACK_DIAG,1,1121,2.0,240.0,4500.0,4740.0,True,Under_Investigation
CLM_0001529,VEH_005397,DLR_DE_001,GEO_DE,20260919,2026-09-19,Infotainment_OTA,ERR_INFOTAINMENT_OTA_DIAG,19,29241,3.5,420.0,150.0,570.0,False,Under_Investigation
CLM_0001530,VEH_008887,DLR_NL_001,GEO_NL,20260414,2026-04-14,Electric_Drive_Inverter,ERR_ELECTRIC_DRIVE_INVERTER_DIAG,23,40710,2.0,240.0,1850.0,2090.0,True,Reimbursed
CLM_0001531,VEH_001575,DLR_NL_002,GEO_NL,20260508,2026-05-08,Air_Suspension,ERR_AIR_SUSPENSION_DIAG,15,18405,1.5,180.0,850.0,1030.0,False,Approved
CLM_0001532,VEH_004460,DLR_DE_001,GEO_DE,20250814,2025-08-14,Electric_Drive_Inverter,ERR_ELECTRIC_DRIVE_INVERTER_DIAG,6,7086,1.5,180.0,1850.0,2030.0,True,Approved
CLM_0001533,VEH_009643,DLR_DE_002,GEO_DE,20260115,2026-01-15,HV_Battery_Pack,ERR_HV_BATTERY_PACK_DIAG,8,12136,1.5,180.0,4500.0,4680.0,True,Reimbursed
CLM_0001534,VEH_002681,DLR_SE_002,GEO_SE,20251208,2025-12-08,ADAS_Vision_Sensor,ERR_ADAS_VISION_SENSOR_DIAG,14,18760,2.0,240.0,1100.0,1340.0,True,Under_Investigation
CLM_0001535,VEH_003349,DLR_DE_001,GEO_DE,20251204,2025-12-04,HV_Battery_Pack,ERR_HV_BATTERY_PACK_DIAG,1,1469,2.0,240.0,4500.0,4740.0,True,Approved
CLM_0001536,VEH_002208,DLR_IT_001,GEO_IT,20261228,2026-12-28,Air_Suspension,ERR_AIR_SUSPENSION_DIAG,7,9457,2.0,240.0,850.0,1090.0,False,Under_Investigation
CLM_0001537,VEH_005497,DLR_NL_002,GEO_NL,20260712,2026-07-12,Infotainment_OTA,ERR_INFOTAINMENT_OTA_DIAG,9,12933,5.0,600.0,150.0,750.0,False,Reimbursed
CLM_0001538,VEH_005863,DLR_US_001,GEO_US,20261027,2026-10-27,Infotainment_OTA,ERR_INFOTAINMENT_OTA_DIAG,24,39432,1.5,180.0,150.0,330.0,False,Under_Investigation
CLM_0001539,VEH_002731,DLR_DE_001,GEO_DE,20261228,2026-12-28,Electric_Drive_Inverter,ERR_ELECTRIC_DRIVE_INVERTER_DIAG,19,33041,3.5,420.0,1850.0,2270.0,True,Reimbursed
CLM_0001540,VEH_009851,DLR_NO_001,GEO_NO,20241010,2024-10-10,Infotainment_OTA,ERR_INFOTAINMENT_OTA_DIAG,1,1586,1.5,180.0,150.0,330.0,False,Approved
CLM_0001541,VEH_007636,DLR_IT_001,GEO_IT,20250922,2025-09-22,HV_Battery_Pack,ERR_HV_BATTERY_PACK_DIAG,16,19376,2.0,240.0,4500.0,4740.0,True,Under_Investigation
CLM_0001542,VEH_001744,DLR_US_001,GEO_US,20240829,2024-08-29,ADAS_Vision_Sensor,ERR_ADAS_VISION_SENSOR_DIAG,7,8260,2.0,240.0,1100.0,1340.0,True,Under_Investigation
CLM_0001543,VEH_005542,DLR_IT_002,GEO_IT,20240718,2024-07-18,HV_Battery_Pack,ERR_HV_BATTERY_PACK_DIAG,2,2368,1.5,180.0,4500.0,4680.0,True,Reimbursed
CLM_0001544,VEH_002199,DLR_UK_001,GEO_UK,20251218,2025-12-18,ADAS_Vision_Sensor,ERR_ADAS_VISION_SENSOR_DIAG,1,1724,1.5,180.0,1100.0,1280.0,True,Reimbursed
CLM_0001545,VEH_005262,DLR_NO_002,GEO_NO,20250316,2025-03-16,HV_Battery_Pack,ERR_HV_BATTERY_PACK_DIAG,8,9304,2.0,240.0,4500.0,4740.0,True,Approved
CLM_0001546,VEH_004454,DLR_UK_001,GEO_UK,20261228,2026-12-28,HV_Battery_Pack,ERR_HV_BATTERY_PACK_DIAG,22,39204,1.5,180.0,4500.0,4680.0,True,Reimbursed
CLM_0001547,VEH_009370,DLR_IT_002,GEO_IT,20240409,2024-04-09,ADAS_Vision_Sensor,ERR_ADAS_VISION_SENSOR_DIAG,1,1484,3.5,420.0,1100.0,1520.0,True,Under_Investigation
CLM_0001548,VEH_008310,DLR_NO_002,GEO_NO,20261212,2026-12-12,ADAS_Vision_Sensor,ERR_ADAS_VISION_SENSOR_DIAG,9,15282,1.5,180.0,1100.0,1280.0,True,Approved
CLM_0001549,VEH_008874,DLR_NL_002,GEO_NL,20240807,2024-08-07,Infotainment_OTA,ERR_INFOTAINMENT_OTA_DIAG,3,4059,5.0,600.0,150.0,750.0,False,Reimbursed
CLM_0001550,VEH_001770,DLR_SE_002,GEO_SE,20250101,2025-01-01,ADAS_Vision_Sensor,ERR_ADAS_VISION_SENSOR_DIAG,5,8430,1.5,180.0,1100.0,1280.0,True,Reimbursed
CLM_0001551,VEH_007842,DLR_UK_001,GEO_UK,20260115,2026-01-15,Air_Suspension,ERR_AIR_SUSPENSION_DIAG,15,26610,5.0,600.0,850.0,1450.0,False,Approved
CLM_0001552,VEH_001023,DLR_IT_002,GEO_IT,20261228,2026-12-28,Electric_Drive_Inverter,ERR_ELECTRIC_DRIVE_INVERTER_DIAG,16,24112,3.5,420.0,1850.0,2270.0,True,Approved
CLM_0001553,VEH_000291,DLR_SE_002,GEO_SE,20251004,2025-10-04,Infotainment_OTA,ERR_INFOTAINMENT_OTA_DIAG,7,9415,3.5,420.0,150.0,570.0,False,Under_Investigation
CLM_0001554,VEH_007490,DLR_UK_001,GEO_UK,20251227,2025-12-27,Air_Suspension,ERR_AIR_SUSPENSION_DIAG,21,25767,2.0,240.0,850.0,1090.0,False,Reimbursed
CLM_0001555,VEH_006264,DLR_US_001,GEO_US,20250802,2025-08-02,Electric_Drive_Inverter,ERR_ELECTRIC_DRIVE_INVERTER_DIAG,6,10404,2.0,240.0,1850.0,2090.0,True,Reimbursed
CLM_0001556,VEH_007030,DLR_NL_001,GEO_NL,20260101,2026-01-01,Electric_Drive_Inverter,ERR_ELECTRIC_DRIVE_INVERTER_DIAG,6,8280,1.5,180.0,1850.0,2030.0,True,Approved
CLM_0001557,VEH_009361,DLR_NL_001,GEO_NL,20241114,2024-11-14,ADAS_Vision_Sensor,ERR_ADAS_VISION_SENSOR_DIAG,1,1578,1.5,180.0,1100.0,1280.0,True,Reimbursed
CLM_0001558,VEH_007230,DLR_UK_001,GEO_UK,20261228,2026-12-28,Air_Suspension,ERR_AIR_SUSPENSION_DIAG,22,25938,2.0,240.0,850.0,1090.0,False,Reimbursed
CLM_0001559,VEH_001523,DLR_NO_002,GEO_NO,20250904,2025-09-04,Infotainment_OTA,ERR_INFOTAINMENT_OTA_DIAG,4,5832,3.5,420.0,150.0,570.0,False,Approved
CLM_0001560,VEH_001972,DLR_NO_002,GEO_NO,20261228,2026-12-28,Electric_Drive_Inverter,ERR_ELECTRIC_DRIVE_INVERTER_DIAG,16,20928,5.0,600.0,1850.0,2450.0,True,Approved
CLM_0001561,VEH_007234,DLR_NL_002,GEO_NL,20261117,2026-11-17,HV_Battery_Pack,ERR_HV_BATTERY_PACK_DIAG,23,28750,2.0,240.0,4500.0,4740.0,True,Reimbursed
CLM_0001562,VEH_007606,DLR_DE_001,GEO_DE,20261228,2026-12-28,HV_Battery_Pack,ERR_HV_BATTERY_PACK_DIAG,20,32600,5.0,600.0,4500.0,5100.0,True,Reimbursed
CLM_0001563,VEH_002275,DLR_NO_002,GEO_NO,20261228,2026-12-28,Electric_Drive_Inverter,ERR_ELECTRIC_DRIVE_INVERTER_DIAG,24,43008,3.5,420.0,1850.0,2270.0,True,Approved
CLM_0001564,VEH_009458,DLR_SE_002,GEO_SE,20260811,2026-08-11,ADAS_Vision_Sensor,ERR_ADAS_VISION_SENSOR_DIAG,23,28865,2.0,240.0,1100.0,1340.0,True,Reimbursed
CLM_0001565,VEH_003384,DLR_NO_001,GEO_NO,20250908,2025-09-08,HV_Battery_Pack,ERR_HV_BATTERY_PACK_DIAG,9,14985,1.5,180.0,4500.0,4680.0,True,Reimbursed
CLM_0001566,VEH_005293,DLR_IT_002,GEO_IT,20261228,2026-12-28,HV_Battery_Pack,ERR_HV_BATTERY_PACK_DIAG,23,26772,3.5,420.0,4500.0,4920.0,True,Reimbursed
CLM_0001567,VEH_007882,DLR_IT_002,GEO_IT,20261205,2026-12-05,HV_Battery_Pack,ERR_HV_BATTERY_PACK_DIAG,16,25248,2.0,240.0,4500.0,4740.0,True,Under_Investigation
CLM_0001568,VEH_008772,DLR_IT_002,GEO_IT,20260610,2026-06-10,Electric_Drive_Inverter,ERR_ELECTRIC_DRIVE_INVERTER_DIAG,7,8295,1.5,180.0,1850.0,2030.0,True,Under_Investigation
CLM_0001569,VEH_003212,DLR_UK_001,GEO_UK,20251115,2025-11-15,Air_Suspension,ERR_AIR_SUSPENSION_DIAG,2,2694,5.0,600.0,850.0,1450.0,False,Approved
CLM_0001570,VEH_006039,DLR_NO_002,GEO_NO,20261228,2026-12-28,HV_Battery_Pack,ERR_HV_BATTERY_PACK_DIAG,24,39624,1.5,180.0,4500.0,4680.0,True,Approved
CLM_0001571,VEH_004892,DLR_UK_001,GEO_UK,20260107,2026-01-07,Infotainment_OTA,ERR_INFOTAINMENT_OTA_DIAG,20,35880,2.0,240.0,150.0,390.0,False,Approved
CLM_0001572,VEH_001288,DLR_IT_001,GEO_IT,20261228,2026-12-28,HV_Battery_Pack,ERR_HV_BATTERY_PACK_DIAG,24,27312,5.0,600.0,4500.0,5100.0,True,Approved
CLM_0001573,VEH_008727,DLR_NO_001,GEO_NO,20240721,2024-07-21,HV_Battery_Pack,ERR_HV_BATTERY_PACK_DIAG,4,4408,5.0,600.0,4500.0,5100.0,True,Approved
CLM_0001574,VEH_002293,DLR_UK_001,GEO_UK,20260427,2026-04-27,HV_Battery_Pack,ERR_HV_BATTERY_PACK_DIAG,6,10650,3.5,420.0,4500.0,4920.0,True,Reimbursed
CLM_0001575,VEH_001693,DLR_IT_001,GEO_IT,20260511,2026-05-11,ADAS_Vision_Sensor,ERR_ADAS_VISION_SENSOR_DIAG,24,32544,3.5,420.0,1100.0,1520.0,True,Under_Investigation
CLM_0001576,VEH_002013,DLR_SE_001,GEO_SE,20260808,2026-08-08,Electric_Drive_Inverter,ERR_ELECTRIC_DRIVE_INVERTER_DIAG,9,14166,3.5,420.0,1850.0,2270.0,True,Reimbursed
CLM_0001577,VEH_000804,DLR_UK_001,GEO_UK,20260401,2026-04-01,ADAS_Vision_Sensor,ERR_ADAS_VISION_SENSOR_DIAG,4,4708,1.5,180.0,1100.0,1280.0,True,Approved
CLM_0001578,VEH_005983,DLR_SE_001,GEO_SE,20261228,2026-12-28,HV_Battery_Pack,ERR_HV_BATTERY_PACK_DIAG,22,31240,2.0,240.0,4500.0,4740.0,True,Under_Investigation
CLM_0001579,VEH_001518,DLR_SE_002,GEO_SE,20241013,2024-10-13,Electric_Drive_Inverter,ERR_ELECTRIC_DRIVE_INVERTER_DIAG,1,1669,1.5,180.0,1850.0,2030.0,True,Reimbursed
CLM_0001580,VEH_004896,DLR_IT_001,GEO_IT,20261228,2026-12-28,Electric_Drive_Inverter,ERR_ELECTRIC_DRIVE_INVERTER_DIAG,12,15984,3.5,420.0,1850.0,2270.0,True,Approved
CLM_0001581,VEH_009930,DLR_IT_001,GEO_IT,20251204,2025-12-04,Infotainment_OTA,ERR_INFOTAINMENT_OTA_DIAG,4,5396,1.5,180.0,150.0,330.0,False,Under_Investigation
CLM_0001582,VEH_001772,DLR_SE_002,GEO_SE,20261228,2026-12-28,HV_Battery_Pack,ERR_HV_BATTERY_PACK_DIAG,24,32112,1.5,180.0,4500.0,4680.0,True,Under_Investigation
CLM_0001583,VEH_008390,DLR_NL_002,GEO_NL,20240925,2024-09-25,Air_Suspension,ERR_AIR_SUSPENSION_DIAG,6,9924,1.5,180.0,850.0,1030.0,False,Under_Investigation
CLM_0001584,VEH_002627,DLR_DE_002,GEO_DE,20261006,2026-10-06,HV_Battery_Pack,ERR_HV_BATTERY_PACK_DIAG,7,10864,5.0,600.0,4500.0,5100.0,True,Under_Investigation
CLM_0001585,VEH_002460,DLR_NO_002,GEO_NO,20250911,2025-09-11,Air_Suspension,ERR_AIR_SUSPENSION_DIAG,10,14300,5.0,600.0,850.0,1450.0,False,Under_Investigation
CLM_0001586,VEH_002416,DLR_DE_001,GEO_DE,20261228,2026-12-28,Infotainment_OTA,ERR_INFOTAINMENT_OTA_DIAG,15,22905,1.5,180.0,150.0,330.0,False,Reimbursed
CLM_0001587,VEH_009772,DLR_IT_001,GEO_IT,20240328,2024-03-28,Electric_Drive_Inverter,ERR_ELECTRIC_DRIVE_INVERTER_DIAG,2,2830,5.0,600.0,1850.0,2450.0,True,Approved
CLM_0001588,VEH_004561,DLR_NO_001,GEO_NO,20250324,2025-03-24,Electric_Drive_Inverter,ERR_ELECTRIC_DRIVE_INVERTER_DIAG,8,14216,2.0,240.0,1850.0,2090.0,True,Reimbursed
CLM_0001589,VEH_000378,DLR_NO_001,GEO_NO,20250802,2025-08-02,Air_Suspension,ERR_AIR_SUSPENSION_DIAG,11,12639,5.0,600.0,850.0,1450.0,False,Under_Investigation
CLM_0001590,VEH_001708,DLR_DE_002,GEO_DE,20241223,2024-12-23,Electric_Drive_Inverter,ERR_ELECTRIC_DRIVE_INVERTER_DIAG,11,15477,1.5,180.0,1850.0,2030.0,True,Reimbursed
CLM_0001591,VEH_003899,DLR_UK_001,GEO_UK,20261216,2026-12-16,Air_Suspension,ERR_AIR_SUSPENSION_DIAG,9,12249,5.0,600.0,850.0,1450.0,False,Under_Investigation
CLM_0001592,VEH_009553,DLR_US_001,GEO_US,20250813,2025-08-13,ADAS_Vision_Sensor,ERR_ADAS_VISION_SENSOR_DIAG,17,23324,2.0,240.0,1100.0,1340.0,True,Under_Investigation
CLM_0001593,VEH_001750,DLR_DE_001,GEO_DE,20241119,2024-11-19,Air_Suspension,ERR_AIR_SUSPENSION_DIAG,8,11888,5.0,600.0,850.0,1450.0,False,Reimbursed
CLM_0001594,VEH_002378,DLR_NO_001,GEO_NO,20250728,2025-07-28,ADAS_Vision_Sensor,ERR_ADAS_VISION_SENSOR_DIAG,11,18128,2.0,240.0,1100.0,1340.0,True,Reimbursed
CLM_0001595,VEH_005210,DLR_NO_002,GEO_NO,20261228,2026-12-28,Electric_Drive_Inverter,ERR_ELECTRIC_DRIVE_INVERTER_DIAG,21,27426,5.0,600.0,1850.0,2450.0,True,Approved
CLM_0001596,VEH_007147,DLR_DE_001,GEO_DE,20261007,2026-10-07,Infotainment_OTA,ERR_INFOTAINMENT_OTA_DIAG,22,36652,5.0,600.0,150.0,750.0,False,Approved
CLM_0001597,VEH_001382,DLR_IT_002,GEO_IT,20260830,2026-08-30,ADAS_Vision_Sensor,ERR_ADAS_VISION_SENSOR_DIAG,15,19620,3.5,420.0,1100.0,1520.0,True,Approved
CLM_0001598,VEH_000264,DLR_DE_002,GEO_DE,20240920,2024-09-20,HV_Battery_Pack,ERR_HV_BATTERY_PACK_DIAG,1,1488,1.5,180.0,4500.0,4680.0,True,Reimbursed
CLM_0001599,VEH_004451,DLR_SE_001,GEO_SE,20260817,2026-08-17,HV_Battery_Pack,ERR_HV_BATTERY_PACK_DIAG,7,10206,1.5,180.0,4500.0,4680.0,True,Approved
CLM_0001600,VEH_001915,DLR_NO_002,GEO_NO,20260319,2026-03-19,Air_Suspension,ERR_AIR_SUSPENSION_DIAG,13,15938,2.0,240.0,850.0,1090.0,False,Under_Investigation
CLM_0001601,VEH_005043,DLR_NL_001,GEO_NL,20260225,2026-02-25,HV_Battery_Pack,ERR_HV_BATTERY_PACK_DIAG,20,25640,2.0,240.0,4500.0,4740.0,True,Reimbursed
CLM_0001602,VEH_001958,DLR_NO_001,GEO_NO,20261228,2026-12-28,Electric_Drive_Inverter,ERR_ELECTRIC_DRIVE_INVERTER_DIAG,19,30685,3.5,420.0,1850.0,2270.0,True,Reimbursed
CLM_0001603,VEH_003118,DLR_DE_002,GEO_DE,20261228,2026-12-28,Infotainment_OTA,ERR_INFOTAINMENT_OTA_DIAG,19,28728,5.0,600.0,150.0,750.0,False,Reimbursed
CLM_0001604,VEH_005643,DLR_DE_001,GEO_DE,20261228,2026-12-28,HV_Battery_Pack,ERR_HV_BATTERY_PACK_DIAG,23,37835,2.0,240.0,4500.0,4740.0,True,Under_Investigation
CLM_0001605,VEH_005488,DLR_UK_001,GEO_UK,20250310,2025-03-10,HV_Battery_Pack,ERR_HV_BATTERY_PACK_DIAG,13,19383,1.5,180.0,4500.0,4680.0,True,Under_Investigation
CLM_0001606,VEH_002629,DLR_NO_001,GEO_NO,20261228,2026-12-28,ADAS_Vision_Sensor,ERR_ADAS_VISION_SENSOR_DIAG,9,10332,1.5,180.0,1100.0,1280.0,True,Under_Investigation
CLM_0001607,VEH_000879,DLR_DE_001,GEO_DE,20261228,2026-12-28,HV_Battery_Pack,ERR_HV_BATTERY_PACK_DIAG,20,24120,2.0,240.0,4500.0,4740.0,True,Reimbursed
CLM_0001608,VEH_005896,DLR_NO_002,GEO_NO,20251017,2025-10-17,HV_Battery_Pack,ERR_HV_BATTERY_PACK_DIAG,9,16074,3.5,420.0,4500.0,4920.0,True,Under_Investigation
CLM_0001609,VEH_002432,DLR_SE_002,GEO_SE,20251207,2025-12-07,Electric_Drive_Inverter,ERR_ELECTRIC_DRIVE_INVERTER_DIAG,14,20006,2.0,240.0,1850.0,2090.0,True,Under_Investigation
CLM_0001610,VEH_002368,DLR_UK_001,GEO_UK,20260502,2026-05-02,ADAS_Vision_Sensor,ERR_ADAS_VISION_SENSOR_DIAG,16,20448,5.0,600.0,1100.0,1700.0,True,Reimbursed
CLM_0001611,VEH_002605,DLR_IT_002,GEO_IT,20261212,2026-12-12,Air_Suspension,ERR_AIR_SUSPENSION_DIAG,19,26353,3.5,420.0,850.0,1270.0,False,Approved
CLM_0001612,VEH_007098,DLR_DE_001,GEO_DE,20260923,2026-09-23,Infotainment_OTA,ERR_INFOTAINMENT_OTA_DIAG,20,22460,2.0,240.0,150.0,390.0,False,Approved
CLM_0001613,VEH_009009,DLR_DE_002,GEO_DE,20240802,2024-08-02,HV_Battery_Pack,ERR_HV_BATTERY_PACK_DIAG,4,4744,2.0,240.0,4500.0,4740.0,True,Approved
CLM_0001614,VEH_002051,DLR_NO_001,GEO_NO,20260911,2026-09-11,HV_Battery_Pack,ERR_HV_BATTERY_PACK_DIAG,19,31179,2.0,240.0,4500.0,4740.0,True,Approved
CLM_0001615,VEH_005284,DLR_SE_002,GEO_SE,20251123,2025-11-23,HV_Battery_Pack,ERR_HV_BATTERY_PACK_DIAG,2,2814,5.0,600.0,4500.0,5100.0,True,Approved
CLM_0001616,VEH_000682,DLR_NO_002,GEO_NO,20260108,2026-01-08,Air_Suspension,ERR_AIR_SUSPENSION_DIAG,5,8650,2.0,240.0,850.0,1090.0,False,Reimbursed
CLM_0001617,VEH_004212,DLR_SE_001,GEO_SE,20261228,2026-12-28,Electric_Drive_Inverter,ERR_ELECTRIC_DRIVE_INVERTER_DIAG,22,29194,3.5,420.0,1850.0,2270.0,True,Approved
CLM_0001618,VEH_007036,DLR_IT_001,GEO_IT,20250325,2025-03-25,Electric_Drive_Inverter,ERR_ELECTRIC_DRIVE_INVERTER_DIAG,6,8964,1.5,180.0,1850.0,2030.0,True,Reimbursed
CLM_0001619,VEH_001808,DLR_NL_002,GEO_NL,20251129,2025-11-29,HV_Battery_Pack,ERR_HV_BATTERY_PACK_DIAG,18,29880,3.5,420.0,4500.0,4920.0,True,Approved
CLM_0001620,VEH_004698,DLR_SE_002,GEO_SE,20261228,2026-12-28,Electric_Drive_Inverter,ERR_ELECTRIC_DRIVE_INVERTER_DIAG,21,29652,5.0,600.0,1850.0,2450.0,True,Under_Investigation
CLM_0001621,VEH_000607,DLR_US_001,GEO_US,20261125,2026-11-25,Electric_Drive_Inverter,ERR_ELECTRIC_DRIVE_INVERTER_DIAG,16,24976,5.0,600.0,1850.0,2450.0,True,Reimbursed
CLM_0001622,VEH_005026,DLR_NO_002,GEO_NO,20260626,2026-06-26,ADAS_Vision_Sensor,ERR_ADAS_VISION_SENSOR_DIAG,2,2362,3.5,420.0,1100.0,1520.0,True,Approved
CLM_0001623,VEH_006139,DLR_IT_002,GEO_IT,20250718,2025-07-18,Air_Suspension,ERR_AIR_SUSPENSION_DIAG,5,7065,2.0,240.0,850.0,1090.0,False,Under_Investigation
CLM_0001624,VEH_003661,DLR_DE_002,GEO_DE,20260923,2026-09-23,Electric_Drive_Inverter,ERR_ELECTRIC_DRIVE_INVERTER_DIAG,24,36792,5.0,600.0,1850.0,2450.0,True,Reimbursed
CLM_0001625,VEH_000213,DLR_IT_001,GEO_IT,20251111,2025-11-11,Electric_Drive_Inverter,ERR_ELECTRIC_DRIVE_INVERTER_DIAG,22,39204,3.5,420.0,1850.0,2270.0,True,Under_Investigation
CLM_0001626,VEH_001931,DLR_NL_002,GEO_NL,20261228,2026-12-28,Air_Suspension,ERR_AIR_SUSPENSION_DIAG,24,26640,5.0,600.0,850.0,1450.0,False,Reimbursed
CLM_0001627,VEH_000896,DLR_IT_001,GEO_IT,20261104,2026-11-04,Electric_Drive_Inverter,ERR_ELECTRIC_DRIVE_INVERTER_DIAG,20,35440,5.0,600.0,1850.0,2450.0,True,Approved
CLM_0001628,VEH_005183,DLR_IT_002,GEO_IT,20261228,2026-12-28,Infotainment_OTA,ERR_INFOTAINMENT_OTA_DIAG,13,17628,5.0,600.0,150.0,750.0,False,Under_Investigation
CLM_0001629,VEH_002038,DLR_NO_002,GEO_NO,20261228,2026-12-28,Electric_Drive_Inverter,ERR_ELECTRIC_DRIVE_INVERTER_DIAG,16,18032,3.5,420.0,1850.0,2270.0,True,Under_Investigation
CLM_0001630,VEH_006936,DLR_SE_002,GEO_SE,20241201,2024-12-01,Infotainment_OTA,ERR_INFOTAINMENT_OTA_DIAG,3,4662,1.5,180.0,150.0,330.0,False,Approved
CLM_0001631,VEH_007295,DLR_SE_001,GEO_SE,20250129,2025-01-29,Air_Suspension,ERR_AIR_SUSPENSION_DIAG,10,16510,5.0,600.0,850.0,1450.0,False,Under_Investigation
CLM_0001632,VEH_009494,DLR_NL_001,GEO_NL,20250804,2025-08-04,Air_Suspension,ERR_AIR_SUSPENSION_DIAG,9,9927,1.5,180.0,850.0,1030.0,False,Approved
CLM_0001633,VEH_004676,DLR_NO_001,GEO_NO,20260412,2026-04-12,Electric_Drive_Inverter,ERR_ELECTRIC_DRIVE_INVERTER_DIAG,3,3432,5.0,600.0,1850.0,2450.0,True,Reimbursed
CLM_0001634,VEH_002347,DLR_NL_001,GEO_NL,20241120,2024-11-20,ADAS_Vision_Sensor,ERR_ADAS_VISION_SENSOR_DIAG,4,6788,2.0,240.0,1100.0,1340.0,True,Approved
CLM_0001635,VEH_003763,DLR_SE_001,GEO_SE,20261121,2026-11-21,HV_Battery_Pack,ERR_HV_BATTERY_PACK_DIAG,12,17580,3.5,420.0,4500.0,4920.0,True,Under_Investigation
CLM_0001636,VEH_009505,DLR_NL_001,GEO_NL,20260126,2026-01-26,Infotainment_OTA,ERR_INFOTAINMENT_OTA_DIAG,10,15480,3.5,420.0,150.0,570.0,False,Reimbursed
CLM_0001637,VEH_007916,DLR_NL_002,GEO_NL,20240531,2024-05-31,HV_Battery_Pack,ERR_HV_BATTERY_PACK_DIAG,4,5384,1.5,180.0,4500.0,4680.0,True,Under_Investigation
CLM_0001638,VEH_008380,DLR_SE_002,GEO_SE,20251126,2025-11-26,Air_Suspension,ERR_AIR_SUSPENSION_DIAG,10,14440,1.5,180.0,850.0,1030.0,False,Under_Investigation
CLM_0001639,VEH_007445,DLR_UK_001,GEO_UK,20260210,2026-02-10,HV_Battery_Pack,ERR_HV_BATTERY_PACK_DIAG,16,26352,5.0,600.0,4500.0,5100.0,True,Reimbursed
CLM_0001640,VEH_004247,DLR_SE_002,GEO_SE,20240818,2024-08-18,Electric_Drive_Inverter,ERR_ELECTRIC_DRIVE_INVERTER_DIAG,6,7032,1.5,180.0,1850.0,2030.0,True,Reimbursed
CLM_0001641,VEH_009854,DLR_NL_001,GEO_NL,20240807,2024-08-07,HV_Battery_Pack,ERR_HV_BATTERY_PACK_DIAG,5,6545,2.0,240.0,4500.0,4740.0,True,Approved
CLM_0001642,VEH_000306,DLR_NL_002,GEO_NL,20260128,2026-01-28,ADAS_Vision_Sensor,ERR_ADAS_VISION_SENSOR_DIAG,13,18447,3.5,420.0,1100.0,1520.0,True,Under_Investigation
CLM_0001643,VEH_005575,DLR_NL_001,GEO_NL,20260622,2026-06-22,Electric_Drive_Inverter,ERR_ELECTRIC_DRIVE_INVERTER_DIAG,6,6720,3.5,420.0,1850.0,2270.0,True,Approved
CLM_0001644,VEH_005061,DLR_IT_001,GEO_IT,20261228,2026-12-28,HV_Battery_Pack,ERR_HV_BATTERY_PACK_DIAG,21,36015,2.0,240.0,4500.0,4740.0,True,Under_Investigation
CLM_0001645,VEH_007943,DLR_SE_002,GEO_SE,20261228,2026-12-28,Air_Suspension,ERR_AIR_SUSPENSION_DIAG,11,19129,5.0,600.0,850.0,1450.0,False,Approved
CLM_0001646,VEH_009330,DLR_DE_001,GEO_DE,20260911,2026-09-11,ADAS_Vision_Sensor,ERR_ADAS_VISION_SENSOR_DIAG,11,13365,2.0,240.0,1100.0,1340.0,True,Reimbursed
CLM_0001647,VEH_008551,DLR_DE_002,GEO_DE,20261017,2026-10-17,Air_Suspension,ERR_AIR_SUSPENSION_DIAG,15,21285,2.0,240.0,850.0,1090.0,False,Under_Investigation
CLM_0001648,VEH_005645,DLR_IT_001,GEO_IT,20250224,2025-02-24,Air_Suspension,ERR_AIR_SUSPENSION_DIAG,4,5756,3.5,420.0,850.0,1270.0,False,Under_Investigation
CLM_0001649,VEH_005078,DLR_IT_002,GEO_IT,20251015,2025-10-15,Electric_Drive_Inverter,ERR_ELECTRIC_DRIVE_INVERTER_DIAG,2,2878,1.5,180.0,1850.0,2030.0,True,Reimbursed
CLM_0001650,VEH_001830,DLR_DE_002,GEO_DE,20250423,2025-04-23,Electric_Drive_Inverter,ERR_ELECTRIC_DRIVE_INVERTER_DIAG,14,24486,1.5,180.0,1850.0,2030.0,True,Reimbursed
CLM_0001651,VEH_006410,DLR_DE_001,GEO_DE,20240411,2024-04-11,ADAS_Vision_Sensor,ERR_ADAS_VISION_SENSOR_DIAG,3,3993,1.5,180.0,1100.0,1280.0,True,Approved
CLM_0001652,VEH_000489,DLR_IT_002,GEO_IT,20260704,2026-07-04,Electric_Drive_Inverter,ERR_ELECTRIC_DRIVE_INVERTER_DIAG,20,23220,2.0,240.0,1850.0,2090.0,True,Approved
CLM_0001653,VEH_004965,DLR_SE_002,GEO_SE,20261228,2026-12-28,HV_Battery_Pack,ERR_HV_BATTERY_PACK_DIAG,23,41101,2.0,240.0,4500.0,4740.0,True,Approved
CLM_0001654,VEH_006969,DLR_DE_002,GEO_DE,20260419,2026-04-19,HV_Battery_Pack,ERR_HV_BATTERY_PACK_DIAG,12,18960,1.5,180.0,4500.0,4680.0,True,Reimbursed
CLM_0001655,VEH_006806,DLR_US_001,GEO_US,20261207,2026-12-07,Electric_Drive_Inverter,ERR_ELECTRIC_DRIVE_INVERTER_DIAG,6,7716,5.0,600.0,1850.0,2450.0,True,Reimbursed
CLM_0001656,VEH_001832,DLR_DE_001,GEO_DE,20261228,2026-12-28,Infotainment_OTA,ERR_INFOTAINMENT_OTA_DIAG,20,32380,3.5,420.0,150.0,570.0,False,Under_Investigation
CLM_0001657,VEH_006163,DLR_SE_001,GEO_SE,20251219,2025-12-19,HV_Battery_Pack,ERR_HV_BATTERY_PACK_DIAG,12,14832,3.5,420.0,4500.0,4920.0,True,Approved
CLM_0001658,VEH_004781,DLR_US_001,GEO_US,20261220,2026-12-20,Electric_Drive_Inverter,ERR_ELECTRIC_DRIVE_INVERTER_DIAG,15,26370,5.0,600.0,1850.0,2450.0,True,Approved
CLM_0001659,VEH_000025,DLR_US_001,GEO_US,20261204,2026-12-04,ADAS_Vision_Sensor,ERR_ADAS_VISION_SENSOR_DIAG,19,32623,1.5,180.0,1100.0,1280.0,True,Under_Investigation
CLM_0001660,VEH_006950,DLR_NO_002,GEO_NO,20260921,2026-09-21,ADAS_Vision_Sensor,ERR_ADAS_VISION_SENSOR_DIAG,15,22080,5.0,600.0,1100.0,1700.0,True,Approved
CLM_0001661,VEH_005051,DLR_UK_001,GEO_UK,20250701,2025-07-01,Air_Suspension,ERR_AIR_SUSPENSION_DIAG,11,14102,2.0,240.0,850.0,1090.0,False,Reimbursed
CLM_0001662,VEH_001456,DLR_SE_002,GEO_SE,20261228,2026-12-28,Electric_Drive_Inverter,ERR_ELECTRIC_DRIVE_INVERTER_DIAG,23,39146,5.0,600.0,1850.0,2450.0,True,Under_Investigation
CLM_0001663,VEH_004943,DLR_UK_001,GEO_UK,20261228,2026-12-28,Electric_Drive_Inverter,ERR_ELECTRIC_DRIVE_INVERTER_DIAG,20,32880,5.0,600.0,1850.0,2450.0,True,Approved
CLM_0001664,VEH_002030,DLR_DE_002,GEO_DE,20261228,2026-12-28,HV_Battery_Pack,ERR_HV_BATTERY_PACK_DIAG,15,20025,2.0,240.0,4500.0,4740.0,True,Under_Investigation
CLM_0001665,VEH_007204,DLR_IT_002,GEO_IT,20250717,2025-07-17,Electric_Drive_Inverter,ERR_ELECTRIC_DRIVE_INVERTER_DIAG,12,14652,2.0,240.0,1850.0,2090.0,True,Reimbursed
CLM_0001666,VEH_001053,DLR_NO_002,GEO_NO,20261201,2026-12-01,HV_Battery_Pack,ERR_HV_BATTERY_PACK_DIAG,10,11520,3.5,420.0,4500.0,4920.0,True,Under_Investigation
CLM_0001667,VEH_008939,DLR_DE_002,GEO_DE,20260924,2026-09-24,HV_Battery_Pack,ERR_HV_BATTERY_PACK_DIAG,11,15906,1.5,180.0,4500.0,4680.0,True,Reimbursed
CLM_0001668,VEH_005548,DLR_SE_001,GEO_SE,20261228,2026-12-28,Air_Suspension,ERR_AIR_SUSPENSION_DIAG,22,25696,5.0,600.0,850.0,1450.0,False,Under_Investigation
CLM_0001669,VEH_000546,DLR_IT_002,GEO_IT,20250926,2025-09-26,HV_Battery_Pack,ERR_HV_BATTERY_PACK_DIAG,15,20160,1.5,180.0,4500.0,4680.0,True,Under_Investigation
CLM_0001670,VEH_005905,DLR_IT_002,GEO_IT,20260503,2026-05-03,Electric_Drive_Inverter,ERR_ELECTRIC_DRIVE_INVERTER_DIAG,16,26528,3.5,420.0,1850.0,2270.0,True,Approved
CLM_0001671,VEH_008657,DLR_NO_001,GEO_NO,20251126,2025-11-26,Electric_Drive_Inverter,ERR_ELECTRIC_DRIVE_INVERTER_DIAG,1,1695,1.5,180.0,1850.0,2030.0,True,Approved
CLM_0001672,VEH_001760,DLR_NL_001,GEO_NL,20260826,2026-08-26,ADAS_Vision_Sensor,ERR_ADAS_VISION_SENSOR_DIAG,5,6665,2.0,240.0,1100.0,1340.0,True,Under_Investigation
CLM_0001673,VEH_004823,DLR_DE_002,GEO_DE,20261228,2026-12-28,Air_Suspension,ERR_AIR_SUSPENSION_DIAG,21,25032,2.0,240.0,850.0,1090.0,False,Reimbursed
CLM_0001674,VEH_009822,DLR_NL_001,GEO_NL,20260823,2026-08-23,Electric_Drive_Inverter,ERR_ELECTRIC_DRIVE_INVERTER_DIAG,11,17919,3.5,420.0,1850.0,2270.0,True,Approved
CLM_0001675,VEH_000080,DLR_IT_001,GEO_IT,20261228,2026-12-28,HV_Battery_Pack,ERR_HV_BATTERY_PACK_DIAG,23,31625,1.5,180.0,4500.0,4680.0,True,Reimbursed
CLM_0001676,VEH_009185,DLR_NO_001,GEO_NO,20250908,2025-09-08,Air_Suspension,ERR_AIR_SUSPENSION_DIAG,12,21192,5.0,600.0,850.0,1450.0,False,Under_Investigation
CLM_0001677,VEH_004032,DLR_DE_001,GEO_DE,20260207,2026-02-07,Electric_Drive_Inverter,ERR_ELECTRIC_DRIVE_INVERTER_DIAG,4,5428,2.0,240.0,1850.0,2090.0,True,Under_Investigation
CLM_0001678,VEH_003107,DLR_US_001,GEO_US,20260305,2026-03-05,HV_Battery_Pack,ERR_HV_BATTERY_PACK_DIAG,5,8545,5.0,600.0,4500.0,5100.0,True,Approved
CLM_0001679,VEH_006693,DLR_IT_002,GEO_IT,20251218,2025-12-18,Air_Suspension,ERR_AIR_SUSPENSION_DIAG,22,28930,2.0,240.0,850.0,1090.0,False,Reimbursed
CLM_0001680,VEH_002348,DLR_IT_002,GEO_IT,20240820,2024-08-20,Air_Suspension,ERR_AIR_SUSPENSION_DIAG,6,10506,3.5,420.0,850.0,1270.0,False,Under_Investigation
CLM_0001681,VEH_009477,DLR_DE_002,GEO_DE,20260906,2026-09-06,Air_Suspension,ERR_AIR_SUSPENSION_DIAG,9,14094,3.5,420.0,850.0,1270.0,False,Approved
CLM_0001682,VEH_004288,DLR_DE_002,GEO_DE,20250109,2025-01-09,HV_Battery_Pack,ERR_HV_BATTERY_PACK_DIAG,9,11682,5.0,600.0,4500.0,5100.0,True,Approved
CLM_0001683,VEH_009930,DLR_IT_001,GEO_IT,20260104,2026-01-04,HV_Battery_Pack,ERR_HV_BATTERY_PACK_DIAG,5,7215,1.5,180.0,4500.0,4680.0,True,Approved
CLM_0001684,VEH_008408,DLR_SE_001,GEO_SE,20261015,2026-10-15,Electric_Drive_Inverter,ERR_ELECTRIC_DRIVE_INVERTER_DIAG,15,21405,5.0,600.0,1850.0,2450.0,True,Reimbursed
CLM_0001685,VEH_008634,DLR_NL_001,GEO_NL,20250623,2025-06-23,Electric_Drive_Inverter,ERR_ELECTRIC_DRIVE_INVERTER_DIAG,17,22236,2.0,240.0,1850.0,2090.0,True,Under_Investigation
CLM_0001686,VEH_004766,DLR_DE_001,GEO_DE,20250219,2025-02-19,Infotainment_OTA,ERR_INFOTAINMENT_OTA_DIAG,8,9576,3.5,420.0,150.0,570.0,False,Reimbursed
CLM_0001687,VEH_005123,DLR_NO_002,GEO_NO,20250903,2025-09-03,ADAS_Vision_Sensor,ERR_ADAS_VISION_SENSOR_DIAG,6,7230,2.0,240.0,1100.0,1340.0,True,Approved
CLM_0001688,VEH_008076,DLR_UK_001,GEO_UK,20250308,2025-03-08,ADAS_Vision_Sensor,ERR_ADAS_VISION_SENSOR_DIAG,5,7815,2.0,240.0,1100.0,1340.0,True,Under_Investigation
CLM_0001689,VEH_008029,DLR_IT_002,GEO_IT,20250303,2025-03-03,Electric_Drive_Inverter,ERR_ELECTRIC_DRIVE_INVERTER_DIAG,1,1168,2.0,240.0,1850.0,2090.0,True,Reimbursed
CLM_0001690,VEH_000085,DLR_NL_001,GEO_NL,20251220,2025-12-20,HV_Battery_Pack,ERR_HV_BATTERY_PACK_DIAG,5,6980,5.0,600.0,4500.0,5100.0,True,Under_Investigation
CLM_0001691,VEH_005583,DLR_NO_001,GEO_NO,20261228,2026-12-28,Electric_Drive_Inverter,ERR_ELECTRIC_DRIVE_INVERTER_DIAG,19,20938,2.0,240.0,1850.0,2090.0,True,Approved
CLM_0001692,VEH_001663,DLR_SE_001,GEO_SE,20240830,2024-08-30,HV_Battery_Pack,ERR_HV_BATTERY_PACK_DIAG,6,10776,5.0,600.0,4500.0,5100.0,True,Under_Investigation
CLM_0001693,VEH_001615,DLR_DE_001,GEO_DE,20260812,2026-08-12,Infotainment_OTA,ERR_INFOTAINMENT_OTA_DIAG,18,30600,5.0,600.0,150.0,750.0,False,Under_Investigation
CLM_0001694,VEH_009304,DLR_NO_002,GEO_NO,20260225,2026-02-25,Infotainment_OTA,ERR_INFOTAINMENT_OTA_DIAG,11,13805,1.5,180.0,150.0,330.0,False,Reimbursed
CLM_0001695,VEH_000281,DLR_NO_002,GEO_NO,20250719,2025-07-19,Infotainment_OTA,ERR_INFOTAINMENT_OTA_DIAG,18,31896,3.5,420.0,150.0,570.0,False,Under_Investigation
CLM_0001696,VEH_001752,DLR_US_001,GEO_US,20251116,2025-11-16,HV_Battery_Pack,ERR_HV_BATTERY_PACK_DIAG,16,19872,5.0,600.0,4500.0,5100.0,True,Under_Investigation
CLM_0001697,VEH_006619,DLR_US_001,GEO_US,20261004,2026-10-04,Infotainment_OTA,ERR_INFOTAINMENT_OTA_DIAG,24,41832,1.5,180.0,150.0,330.0,False,Reimbursed
CLM_0001698,VEH_001079,DLR_IT_002,GEO_IT,20261228,2026-12-28,HV_Battery_Pack,ERR_HV_BATTERY_PACK_DIAG,13,18733,1.5,180.0,4500.0,4680.0,True,Approved
CLM_0001699,VEH_006189,DLR_IT_001,GEO_IT,20261228,2026-12-28,HV_Battery_Pack,ERR_HV_BATTERY_PACK_DIAG,18,27540,1.5,180.0,4500.0,4680.0,True,Approved
CLM_0001700,VEH_005412,DLR_DE_002,GEO_DE,20260119,2026-01-19,HV_Battery_Pack,ERR_HV_BATTERY_PACK_DIAG,12,19932,1.5,180.0,4500.0,4680.0,True,Reimbursed
CLM_0001701,VEH_001735,DLR_NL_001,GEO_NL,20250505,2025-05-05,Infotainment_OTA,ERR_INFOTAINMENT_OTA_DIAG,11,15609,2.0,240.0,150.0,390.0,False,Approved
CLM_0001702,VEH_002288,DLR_US_001,GEO_US,20251229,2025-12-29,Infotainment_OTA,ERR_INFOTAINMENT_OTA_DIAG,11,14366,1.5,180.0,150.0,330.0,False,Reimbursed
CLM_0001703,VEH_001252,DLR_DE_001,GEO_DE,20260203,2026-02-03,Electric_Drive_Inverter,ERR_ELECTRIC_DRIVE_INVERTER_DIAG,6,8742,1.5,180.0,1850.0,2030.0,True,Reimbursed
CLM_0001704,VEH_005143,DLR_DE_002,GEO_DE,20260106,2026-01-06,HV_Battery_Pack,ERR_HV_BATTERY_PACK_DIAG,16,20656,3.5,420.0,4500.0,4920.0,True,Reimbursed
CLM_0001705,VEH_009942,DLR_NO_002,GEO_NO,20260415,2026-04-15,HV_Battery_Pack,ERR_HV_BATTERY_PACK_DIAG,17,30447,2.0,240.0,4500.0,4740.0,True,Under_Investigation
CLM_0001706,VEH_001608,DLR_SE_001,GEO_SE,20241129,2024-11-29,HV_Battery_Pack,ERR_HV_BATTERY_PACK_DIAG,10,15120,3.5,420.0,4500.0,4920.0,True,Reimbursed
CLM_0001707,VEH_009073,DLR_NO_001,GEO_NO,20261228,2026-12-28,Infotainment_OTA,ERR_INFOTAINMENT_OTA_DIAG,15,17565,5.0,600.0,150.0,750.0,False,Approved
CLM_0001708,VEH_003891,DLR_DE_002,GEO_DE,20260421,2026-04-21,Air_Suspension,ERR_AIR_SUSPENSION_DIAG,17,20400,1.5,180.0,850.0,1030.0,False,Reimbursed
CLM_0001709,VEH_008840,DLR_IT_001,GEO_IT,20251122,2025-11-22,HV_Battery_Pack,ERR_HV_BATTERY_PACK_DIAG,18,24336,2.0,240.0,4500.0,4740.0,True,Approved
CLM_0001710,VEH_006939,DLR_SE_002,GEO_SE,20261104,2026-11-04,Air_Suspension,ERR_AIR_SUSPENSION_DIAG,22,36410,5.0,600.0,850.0,1450.0,False,Approved
CLM_0001711,VEH_008646,DLR_US_001,GEO_US,20250906,2025-09-06,Air_Suspension,ERR_AIR_SUSPENSION_DIAG,15,24960,1.5,180.0,850.0,1030.0,False,Under_Investigation
CLM_0001712,VEH_000339,DLR_US_001,GEO_US,20251019,2025-10-19,ADAS_Vision_Sensor,ERR_ADAS_VISION_SENSOR_DIAG,14,18312,1.5,180.0,1100.0,1280.0,True,Approved
CLM_0001713,VEH_002714,DLR_UK_001,GEO_UK,20260127,2026-01-27,Electric_Drive_Inverter,ERR_ELECTRIC_DRIVE_INVERTER_DIAG,23,32361,2.0,240.0,1850.0,2090.0,True,Under_Investigation
CLM_0001714,VEH_007329,DLR_NO_001,GEO_NO,20261228,2026-12-28,Air_Suspension,ERR_AIR_SUSPENSION_DIAG,18,25956,1.5,180.0,850.0,1030.0,False,Reimbursed
CLM_0001715,VEH_006679,DLR_IT_002,GEO_IT,20250717,2025-07-17,Air_Suspension,ERR_AIR_SUSPENSION_DIAG,11,16489,1.5,180.0,850.0,1030.0,False,Approved
CLM_0001716,VEH_003403,DLR_NL_002,GEO_NL,20260425,2026-04-25,Infotainment_OTA,ERR_INFOTAINMENT_OTA_DIAG,15,19785,3.5,420.0,150.0,570.0,False,Reimbursed
CLM_0001717,VEH_007546,DLR_DE_001,GEO_DE,20260306,2026-03-06,Electric_Drive_Inverter,ERR_ELECTRIC_DRIVE_INVERTER_DIAG,15,23175,3.5,420.0,1850.0,2270.0,True,Under_Investigation
CLM_0001718,VEH_004933,DLR_IT_001,GEO_IT,20251105,2025-11-05,Air_Suspension,ERR_AIR_SUSPENSION_DIAG,6,7980,1.5,180.0,850.0,1030.0,False,Reimbursed
CLM_0001719,VEH_008159,DLR_NL_001,GEO_NL,20241101,2024-11-01,Air_Suspension,ERR_AIR_SUSPENSION_DIAG,9,10305,2.0,240.0,850.0,1090.0,False,Reimbursed
CLM_0001720,VEH_010023,DLR_DE_002,GEO_DE,20241019,2024-10-19,HV_Battery_Pack,ERR_HV_BATTERY_PACK_DIAG,3,5106,2.0,240.0,4500.0,4740.0,True,Approved
CLM_0001721,VEH_003585,DLR_NL_001,GEO_NL,20260908,2026-09-08,Air_Suspension,ERR_AIR_SUSPENSION_DIAG,6,7302,5.0,600.0,850.0,1450.0,False,Approved
CLM_0001722,VEH_007485,DLR_SE_001,GEO_SE,20241030,2024-10-30,Electric_Drive_Inverter,ERR_ELECTRIC_DRIVE_INVERTER_DIAG,3,3918,3.5,420.0,1850.0,2270.0,True,Under_Investigation
CLM_0001723,VEH_007100,DLR_IT_002,GEO_IT,20250809,2025-08-09,HV_Battery_Pack,ERR_HV_BATTERY_PACK_DIAG,6,10290,5.0,600.0,4500.0,5100.0,True,Under_Investigation
CLM_0001724,VEH_009126,DLR_SE_001,GEO_SE,20260506,2026-05-06,HV_Battery_Pack,ERR_HV_BATTERY_PACK_DIAG,15,17385,5.0,600.0,4500.0,5100.0,True,Under_Investigation
CLM_0001725,VEH_000250,DLR_DE_002,GEO_DE,20261228,2026-12-28,HV_Battery_Pack,ERR_HV_BATTERY_PACK_DIAG,14,15764,5.0,600.0,4500.0,5100.0,True,Under_Investigation
CLM_0001726,VEH_002512,DLR_NO_002,GEO_NO,20260217,2026-02-17,Air_Suspension,ERR_AIR_SUSPENSION_DIAG,11,18491,2.0,240.0,850.0,1090.0,False,Approved
CLM_0001727,VEH_003553,DLR_DE_001,GEO_DE,20250702,2025-07-02,Electric_Drive_Inverter,ERR_ELECTRIC_DRIVE_INVERTER_DIAG,16,27616,1.5,180.0,1850.0,2030.0,True,Reimbursed
CLM_0001728,VEH_009148,DLR_US_001,GEO_US,20261115,2026-11-15,Electric_Drive_Inverter,ERR_ELECTRIC_DRIVE_INVERTER_DIAG,23,35144,2.0,240.0,1850.0,2090.0,True,Approved
CLM_0001729,VEH_000209,DLR_US_001,GEO_US,20251006,2025-10-06,Air_Suspension,ERR_AIR_SUSPENSION_DIAG,10,14920,5.0,600.0,850.0,1450.0,False,Reimbursed
CLM_0001730,VEH_001213,DLR_US_001,GEO_US,20260111,2026-01-11,ADAS_Vision_Sensor,ERR_ADAS_VISION_SENSOR_DIAG,4,6256,1.5,180.0,1100.0,1280.0,True,Reimbursed
CLM_0001731,VEH_003676,DLR_US_001,GEO_US,20261112,2026-11-12,Air_Suspension,ERR_AIR_SUSPENSION_DIAG,20,22260,2.0,240.0,850.0,1090.0,False,Reimbursed
CLM_0001732,VEH_003552,DLR_NL_001,GEO_NL,20261228,2026-12-28,ADAS_Vision_Sensor,ERR_ADAS_VISION_SENSOR_DIAG,15,22710,1.5,180.0,1100.0,1280.0,True,Under_Investigation
CLM_0001733,VEH_004924,DLR_SE_001,GEO_SE,20251205,2025-12-05,ADAS_Vision_Sensor,ERR_ADAS_VISION_SENSOR_DIAG,20,32200,2.0,240.0,1100.0,1340.0,True,Approved
CLM_0001734,VEH_001256,DLR_IT_001,GEO_IT,20261228,2026-12-28,HV_Battery_Pack,ERR_HV_BATTERY_PACK_DIAG,15,23805,3.5,420.0,4500.0,4920.0,True,Under_Investigation
CLM_0001735,VEH_006534,DLR_NL_001,GEO_NL,20241215,2024-12-15,Infotainment_OTA,ERR_INFOTAINMENT_OTA_DIAG,8,9864,3.5,420.0,150.0,570.0,False,Under_Investigation
CLM_0001736,VEH_002064,DLR_IT_002,GEO_IT,20241203,2024-12-03,Electric_Drive_Inverter,ERR_ELECTRIC_DRIVE_INVERTER_DIAG,4,5920,1.5,180.0,1850.0,2030.0,True,Approved
CLM_0001737,VEH_004004,DLR_IT_002,GEO_IT,20251003,2025-10-03,HV_Battery_Pack,ERR_HV_BATTERY_PACK_DIAG,13,19617,5.0,600.0,4500.0,5100.0,True,Approved
CLM_0001738,VEH_005266,DLR_UK_001,GEO_UK,20261228,2026-12-28,HV_Battery_Pack,ERR_HV_BATTERY_PACK_DIAG,21,26880,3.5,420.0,4500.0,4920.0,True,Reimbursed
CLM_0001739,VEH_002406,DLR_NL_001,GEO_NL,20260420,2026-04-20,Air_Suspension,ERR_AIR_SUSPENSION_DIAG,19,25707,5.0,600.0,850.0,1450.0,False,Under_Investigation
CLM_0001740,VEH_007278,DLR_NL_001,GEO_NL,20260329,2026-03-29,Air_Suspension,ERR_AIR_SUSPENSION_DIAG,16,25456,5.0,600.0,850.0,1450.0,False,Approved
CLM_0001741,VEH_000143,DLR_NO_001,GEO_NO,20260521,2026-05-21,Air_Suspension,ERR_AIR_SUSPENSION_DIAG,15,22395,3.5,420.0,850.0,1270.0,False,Reimbursed
CLM_0001742,VEH_005349,DLR_IT_001,GEO_IT,20261228,2026-12-28,Air_Suspension,ERR_AIR_SUSPENSION_DIAG,13,23101,2.0,240.0,850.0,1090.0,False,Reimbursed
CLM_0001743,VEH_000711,DLR_NL_001,GEO_NL,20261228,2026-12-28,HV_Battery_Pack,ERR_HV_BATTERY_PACK_DIAG,17,18904,2.0,240.0,4500.0,4740.0,True,Approved
CLM_0001744,VEH_000194,DLR_US_001,GEO_US,20261228,2026-12-28,Electric_Drive_Inverter,ERR_ELECTRIC_DRIVE_INVERTER_DIAG,12,21012,1.5,180.0,1850.0,2030.0,True,Under_Investigation
CLM_0001745,VEH_006431,DLR_NO_002,GEO_NO,20261228,2026-12-28,HV_Battery_Pack,ERR_HV_BATTERY_PACK_DIAG,14,17472,2.0,240.0,4500.0,4740.0,True,Reimbursed
CLM_0001746,VEH_008137,DLR_IT_002,GEO_IT,20261228,2026-12-28,ADAS_Vision_Sensor,ERR_ADAS_VISION_SENSOR_DIAG,16,24832,5.0,600.0,1100.0,1700.0,True,Approved
CLM_0001747,VEH_002527,DLR_SE_001,GEO_SE,20241123,2024-11-23,Infotainment_OTA,ERR_INFOTAINMENT_OTA_DIAG,1,1704,2.0,240.0,150.0,390.0,False,Under_Investigation
CLM_0001748,VEH_009534,DLR_NL_001,GEO_NL,20261228,2026-12-28,Air_Suspension,ERR_AIR_SUSPENSION_DIAG,20,26000,1.5,180.0,850.0,1030.0,False,Under_Investigation
CLM_0001749,VEH_000970,DLR_DE_001,GEO_DE,20260105,2026-01-05,HV_Battery_Pack,ERR_HV_BATTERY_PACK_DIAG,5,7670,1.5,180.0,4500.0,4680.0,True,Approved
CLM_0001750,VEH_004506,DLR_DE_002,GEO_DE,20261112,2026-11-12,ADAS_Vision_Sensor,ERR_ADAS_VISION_SENSOR_DIAG,24,36216,5.0,600.0,1100.0,1700.0,True,Approved
CLM_0001751,VEH_001449,DLR_UK_001,GEO_UK,20260801,2026-08-01,ADAS_Vision_Sensor,ERR_ADAS_VISION_SENSOR_DIAG,18,20790,3.5,420.0,1100.0,1520.0,True,Reimbursed
CLM_0001752,VEH_008353,DLR_NO_002,GEO_NO,20260524,2026-05-24,HV_Battery_Pack,ERR_HV_BATTERY_PACK_DIAG,17,25772,2.0,240.0,4500.0,4740.0,True,Reimbursed
CLM_0001753,VEH_004736,DLR_NO_002,GEO_NO,20260812,2026-08-12,HV_Battery_Pack,ERR_HV_BATTERY_PACK_DIAG,12,21504,5.0,600.0,4500.0,5100.0,True,Reimbursed
CLM_0001754,VEH_006217,DLR_UK_001,GEO_UK,20250717,2025-07-17,ADAS_Vision_Sensor,ERR_ADAS_VISION_SENSOR_DIAG,5,7685,5.0,600.0,1100.0,1700.0,True,Under_Investigation
CLM_0001755,VEH_008713,DLR_IT_001,GEO_IT,20261228,2026-12-28,HV_Battery_Pack,ERR_HV_BATTERY_PACK_DIAG,24,38880,1.5,180.0,4500.0,4680.0,True,Reimbursed
CLM_0001756,VEH_009252,DLR_NL_001,GEO_NL,20260820,2026-08-20,Electric_Drive_Inverter,ERR_ELECTRIC_DRIVE_INVERTER_DIAG,15,17160,5.0,600.0,1850.0,2450.0,True,Reimbursed
CLM_0001757,VEH_009241,DLR_DE_002,GEO_DE,20250627,2025-06-27,HV_Battery_Pack,ERR_HV_BATTERY_PACK_DIAG,13,19214,2.0,240.0,4500.0,4740.0,True,Reimbursed
CLM_0001758,VEH_008288,DLR_DE_001,GEO_DE,20250819,2025-08-19,Air_Suspension,ERR_AIR_SUSPENSION_DIAG,7,10430,5.0,600.0,850.0,1450.0,False,Approved
CLM_0001759,VEH_007247,DLR_SE_002,GEO_SE,20241117,2024-11-17,HV_Battery_Pack,ERR_HV_BATTERY_PACK_DIAG,2,2892,5.0,600.0,4500.0,5100.0,True,Under_Investigation
CLM_0001760,VEH_003823,DLR_IT_002,GEO_IT,20251223,2025-12-23,Electric_Drive_Inverter,ERR_ELECTRIC_DRIVE_INVERTER_DIAG,14,20874,2.0,240.0,1850.0,2090.0,True,Reimbursed
CLM_0001761,VEH_008373,DLR_NO_001,GEO_NO,20241126,2024-11-26,ADAS_Vision_Sensor,ERR_ADAS_VISION_SENSOR_DIAG,1,1318,3.5,420.0,1100.0,1520.0,True,Under_Investigation
CLM_0001762,VEH_001562,DLR_NL_002,GEO_NL,20261228,2026-12-28,Electric_Drive_Inverter,ERR_ELECTRIC_DRIVE_INVERTER_DIAG,21,23394,3.5,420.0,1850.0,2270.0,True,Under_Investigation
CLM_0001763,VEH_004054,DLR_SE_002,GEO_SE,20251218,2025-12-18,Electric_Drive_Inverter,ERR_ELECTRIC_DRIVE_INVERTER_DIAG,22,37488,5.0,600.0,1850.0,2450.0,True,Approved
CLM_0001764,VEH_005134,DLR_SE_001,GEO_SE,20260124,2026-01-24,HV_Battery_Pack,ERR_HV_BATTERY_PACK_DIAG,6,7890,3.5,420.0,4500.0,4920.0,True,Reimbursed
CLM_0001765,VEH_005191,DLR_UK_001,GEO_UK,20261124,2026-11-24,Air_Suspension,ERR_AIR_SUSPENSION_DIAG,21,27867,2.0,240.0,850.0,1090.0,False,Approved
CLM_0001766,VEH_000422,DLR_IT_002,GEO_IT,20261228,2026-12-28,Infotainment_OTA,ERR_INFOTAINMENT_OTA_DIAG,17,19669,5.0,600.0,150.0,750.0,False,Reimbursed
CLM_0001767,VEH_008227,DLR_IT_001,GEO_IT,20250823,2025-08-23,ADAS_Vision_Sensor,ERR_ADAS_VISION_SENSOR_DIAG,13,17355,3.5,420.0,1100.0,1520.0,True,Under_Investigation
CLM_0001768,VEH_003635,DLR_SE_001,GEO_SE,20240516,2024-05-16,HV_Battery_Pack,ERR_HV_BATTERY_PACK_DIAG,4,6976,3.5,420.0,4500.0,4920.0,True,Reimbursed
CLM_0001769,VEH_004318,DLR_SE_002,GEO_SE,20251201,2025-12-01,Electric_Drive_Inverter,ERR_ELECTRIC_DRIVE_INVERTER_DIAG,18,32004,2.0,240.0,1850.0,2090.0,True,Reimbursed
CLM_0001770,VEH_003955,DLR_SE_002,GEO_SE,20261008,2026-10-08,Electric_Drive_Inverter,ERR_ELECTRIC_DRIVE_INVERTER_DIAG,18,31914,5.0,600.0,1850.0,2450.0,True,Under_Investigation
CLM_0001771,VEH_005871,DLR_NO_001,GEO_NO,20260204,2026-02-04,Air_Suspension,ERR_AIR_SUSPENSION_DIAG,20,25500,2.0,240.0,850.0,1090.0,False,Reimbursed
CLM_0001772,VEH_002434,DLR_DE_001,GEO_DE,20260717,2026-07-17,Infotainment_OTA,ERR_INFOTAINMENT_OTA_DIAG,6,9012,3.5,420.0,150.0,570.0,False,Approved
CLM_0001773,VEH_002639,DLR_IT_002,GEO_IT,20250224,2025-02-24,HV_Battery_Pack,ERR_HV_BATTERY_PACK_DIAG,10,13090,3.5,420.0,4500.0,4920.0,True,Reimbursed
CLM_0001774,VEH_002951,DLR_IT_001,GEO_IT,20261008,2026-10-08,ADAS_Vision_Sensor,ERR_ADAS_VISION_SENSOR_DIAG,19,27265,2.0,240.0,1100.0,1340.0,True,Under_Investigation
CLM_0001775,VEH_009910,DLR_SE_001,GEO_SE,20250527,2025-05-27,Electric_Drive_Inverter,ERR_ELECTRIC_DRIVE_INVERTER_DIAG,9,13959,5.0,600.0,1850.0,2450.0,True,Reimbursed
CLM_0001776,VEH_004744,DLR_NO_002,GEO_NO,20261228,2026-12-28,HV_Battery_Pack,ERR_HV_BATTERY_PACK_DIAG,16,22528,3.5,420.0,4500.0,4920.0,True,Reimbursed
CLM_0001777,VEH_008372,DLR_IT_002,GEO_IT,20260306,2026-03-06,ADAS_Vision_Sensor,ERR_ADAS_VISION_SENSOR_DIAG,7,9905,5.0,600.0,1100.0,1700.0,True,Approved
CLM_0001778,VEH_007986,DLR_SE_002,GEO_SE,20250529,2025-05-29,ADAS_Vision_Sensor,ERR_ADAS_VISION_SENSOR_DIAG,16,20064,3.5,420.0,1100.0,1520.0,True,Approved
CLM_0001779,VEH_001399,DLR_SE_001,GEO_SE,20261228,2026-12-28,Electric_Drive_Inverter,ERR_ELECTRIC_DRIVE_INVERTER_DIAG,21,27153,2.0,240.0,1850.0,2090.0,True,Reimbursed
CLM_0001780,VEH_004479,DLR_UK_001,GEO_UK,20260812,2026-08-12,ADAS_Vision_Sensor,ERR_ADAS_VISION_SENSOR_DIAG,14,21980,3.5,420.0,1100.0,1520.0,True,Approved
CLM_0001781,VEH_007305,DLR_IT_002,GEO_IT,20260805,2026-08-05,HV_Battery_Pack,ERR_HV_BATTERY_PACK_DIAG,10,15940,3.5,420.0,4500.0,4920.0,True,Reimbursed
CLM_0001782,VEH_005742,DLR_IT_001,GEO_IT,20250329,2025-03-29,Infotainment_OTA,ERR_INFOTAINMENT_OTA_DIAG,3,4059,2.0,240.0,150.0,390.0,False,Approved
CLM_0001783,VEH_007987,DLR_DE_001,GEO_DE,20261228,2026-12-28,Electric_Drive_Inverter,ERR_ELECTRIC_DRIVE_INVERTER_DIAG,20,26160,1.5,180.0,1850.0,2030.0,True,Under_Investigation
CLM_0001784,VEH_001053,DLR_NO_002,GEO_NO,20261228,2026-12-28,HV_Battery_Pack,ERR_HV_BATTERY_PACK_DIAG,18,26424,3.5,420.0,4500.0,4920.0,True,Approved
CLM_0001785,VEH_005419,DLR_DE_001,GEO_DE,20241029,2024-10-29,Air_Suspension,ERR_AIR_SUSPENSION_DIAG,1,1791,3.5,420.0,850.0,1270.0,False,Reimbursed
CLM_0001786,VEH_002541,DLR_NO_002,GEO_NO,20250817,2025-08-17,Air_Suspension,ERR_AIR_SUSPENSION_DIAG,1,1386,1.5,180.0,850.0,1030.0,False,Reimbursed
CLM_0001787,VEH_000814,DLR_NL_002,GEO_NL,20261203,2026-12-03,Electric_Drive_Inverter,ERR_ELECTRIC_DRIVE_INVERTER_DIAG,19,29507,1.5,180.0,1850.0,2030.0,True,Under_Investigation
CLM_0001788,VEH_003648,DLR_NL_002,GEO_NL,20261228,2026-12-28,HV_Battery_Pack,ERR_HV_BATTERY_PACK_DIAG,21,37527,5.0,600.0,4500.0,5100.0,True,Approved
CLM_0001789,VEH_007159,DLR_DE_002,GEO_DE,20251226,2025-12-26,ADAS_Vision_Sensor,ERR_ADAS_VISION_SENSOR_DIAG,6,8160,5.0,600.0,1100.0,1700.0,True,Approved
CLM_0001790,VEH_007532,DLR_IT_001,GEO_IT,20260903,2026-09-03,Infotainment_OTA,ERR_INFOTAINMENT_OTA_DIAG,6,10266,1.5,180.0,150.0,330.0,False,Reimbursed
CLM_0001791,VEH_007170,DLR_NO_002,GEO_NO,20261228,2026-12-28,Electric_Drive_Inverter,ERR_ELECTRIC_DRIVE_INVERTER_DIAG,17,26911,2.0,240.0,1850.0,2090.0,True,Reimbursed
CLM_0001792,VEH_001815,DLR_IT_002,GEO_IT,20251126,2025-11-26,Air_Suspension,ERR_AIR_SUSPENSION_DIAG,1,1597,5.0,600.0,850.0,1450.0,False,Under_Investigation
CLM_0001793,VEH_005342,DLR_DE_002,GEO_DE,20261120,2026-11-20,Electric_Drive_Inverter,ERR_ELECTRIC_DRIVE_INVERTER_DIAG,21,25788,5.0,600.0,1850.0,2450.0,True,Approved
CLM_0001794,VEH_009093,DLR_DE_001,GEO_DE,20250601,2025-06-01,Electric_Drive_Inverter,ERR_ELECTRIC_DRIVE_INVERTER_DIAG,2,3524,2.0,240.0,1850.0,2090.0,True,Approved
CLM_0001795,VEH_004955,DLR_US_001,GEO_US,20250501,2025-05-01,ADAS_Vision_Sensor,ERR_ADAS_VISION_SENSOR_DIAG,3,5199,1.5,180.0,1100.0,1280.0,True,Reimbursed
CLM_0001796,VEH_001155,DLR_IT_001,GEO_IT,20261228,2026-12-28,HV_Battery_Pack,ERR_HV_BATTERY_PACK_DIAG,10,16450,3.5,420.0,4500.0,4920.0,True,Approved
CLM_0001797,VEH_000350,DLR_DE_001,GEO_DE,20250304,2025-03-04,ADAS_Vision_Sensor,ERR_ADAS_VISION_SENSOR_DIAG,9,11610,5.0,600.0,1100.0,1700.0,True,Under_Investigation
CLM_0001798,VEH_005996,DLR_DE_001,GEO_DE,20251218,2025-12-18,Air_Suspension,ERR_AIR_SUSPENSION_DIAG,9,10476,5.0,600.0,850.0,1450.0,False,Under_Investigation
CLM_0001799,VEH_009579,DLR_IT_001,GEO_IT,20251031,2025-10-31,Air_Suspension,ERR_AIR_SUSPENSION_DIAG,15,26670,5.0,600.0,850.0,1450.0,False,Under_Investigation
CLM_0001800,VEH_000090,DLR_SE_001,GEO_SE,20260625,2026-06-25,HV_Battery_Pack,ERR_HV_BATTERY_PACK_DIAG,14,22638,2.0,240.0,4500.0,4740.0,True,Reimbursed
CLM_0001801,VEH_000219,DLR_IT_002,GEO_IT,20250502,2025-05-02,Electric_Drive_Inverter,ERR_ELECTRIC_DRIVE_INVERTER_DIAG,12,16620,1.5,180.0,1850.0,2030.0,True,Approved
CLM_0001802,VEH_004182,DLR_UK_001,GEO_UK,20250125,2025-01-25,ADAS_Vision_Sensor,ERR_ADAS_VISION_SENSOR_DIAG,2,2302,2.0,240.0,1100.0,1340.0,True,Under_Investigation
CLM_0001803,VEH_004668,DLR_IT_002,GEO_IT,20261207,2026-12-07,ADAS_Vision_Sensor,ERR_ADAS_VISION_SENSOR_DIAG,16,18176,1.5,180.0,1100.0,1280.0,True,Under_Investigation
CLM_0001804,VEH_003058,DLR_IT_001,GEO_IT,20260911,2026-09-11,Electric_Drive_Inverter,ERR_ELECTRIC_DRIVE_INVERTER_DIAG,16,17792,3.5,420.0,1850.0,2270.0,True,Reimbursed
CLM_0001805,VEH_003581,DLR_IT_002,GEO_IT,20250922,2025-09-22,HV_Battery_Pack,ERR_HV_BATTERY_PACK_DIAG,2,3112,1.5,180.0,4500.0,4680.0,True,Under_Investigation
CLM_0001806,VEH_005012,DLR_NL_002,GEO_NL,20260922,2026-09-22,Air_Suspension,ERR_AIR_SUSPENSION_DIAG,8,10872,5.0,600.0,850.0,1450.0,False,Under_Investigation
CLM_0001807,VEH_000801,DLR_DE_002,GEO_DE,20240420,2024-04-20,Electric_Drive_Inverter,ERR_ELECTRIC_DRIVE_INVERTER_DIAG,3,3828,2.0,240.0,1850.0,2090.0,True,Approved
CLM_0001808,VEH_004933,DLR_IT_001,GEO_IT,20261228,2026-12-28,HV_Battery_Pack,ERR_HV_BATTERY_PACK_DIAG,22,25168,1.5,180.0,4500.0,4680.0,True,Under_Investigation
CLM_0001809,VEH_004659,DLR_DE_001,GEO_DE,20261014,2026-10-14,Electric_Drive_Inverter,ERR_ELECTRIC_DRIVE_INVERTER_DIAG,15,22275,3.5,420.0,1850.0,2270.0,True,Approved
CLM_0001810,VEH_003856,DLR_NL_001,GEO_NL,20261228,2026-12-28,HV_Battery_Pack,ERR_HV_BATTERY_PACK_DIAG,24,32760,2.0,240.0,4500.0,4740.0,True,Approved
CLM_0001811,VEH_006140,DLR_SE_001,GEO_SE,20250311,2025-03-11,HV_Battery_Pack,ERR_HV_BATTERY_PACK_DIAG,2,2876,1.5,180.0,4500.0,4680.0,True,Under_Investigation
CLM_0001812,VEH_002428,DLR_SE_001,GEO_SE,20260218,2026-02-18,HV_Battery_Pack,ERR_HV_BATTERY_PACK_DIAG,18,21924,2.0,240.0,4500.0,4740.0,True,Reimbursed
CLM_0001813,VEH_008805,DLR_IT_002,GEO_IT,20250611,2025-06-11,ADAS_Vision_Sensor,ERR_ADAS_VISION_SENSOR_DIAG,15,22785,5.0,600.0,1100.0,1700.0,True,Under_Investigation
CLM_0001814,VEH_008692,DLR_DE_002,GEO_DE,20241020,2024-10-20,HV_Battery_Pack,ERR_HV_BATTERY_PACK_DIAG,1,1571,2.0,240.0,4500.0,4740.0,True,Under_Investigation
CLM_0001815,VEH_006192,DLR_IT_001,GEO_IT,20260512,2026-05-12,HV_Battery_Pack,ERR_HV_BATTERY_PACK_DIAG,1,1532,5.0,600.0,4500.0,5100.0,True,Under_Investigation
CLM_0001816,VEH_004322,DLR_NO_001,GEO_NO,20261228,2026-12-28,Air_Suspension,ERR_AIR_SUSPENSION_DIAG,12,14676,3.5,420.0,850.0,1270.0,False,Approved
CLM_0001817,VEH_003507,DLR_IT_002,GEO_IT,20261228,2026-12-28,HV_Battery_Pack,ERR_HV_BATTERY_PACK_DIAG,19,28253,2.0,240.0,4500.0,4740.0,True,Under_Investigation
CLM_0001818,VEH_009976,DLR_NL_001,GEO_NL,20250704,2025-07-04,Infotainment_OTA,ERR_INFOTAINMENT_OTA_DIAG,17,25806,5.0,600.0,150.0,750.0,False,Under_Investigation
CLM_0001819,VEH_004452,DLR_IT_002,GEO_IT,20260112,2026-01-12,HV_Battery_Pack,ERR_HV_BATTERY_PACK_DIAG,1,1592,5.0,600.0,4500.0,5100.0,True,Under_Investigation
CLM_0001820,VEH_009348,DLR_DE_001,GEO_DE,20261228,2026-12-28,Air_Suspension,ERR_AIR_SUSPENSION_DIAG,12,18876,3.5,420.0,850.0,1270.0,False,Reimbursed
CLM_0001821,VEH_003338,DLR_NL_001,GEO_NL,20260807,2026-08-07,Infotainment_OTA,ERR_INFOTAINMENT_OTA_DIAG,23,34293,3.5,420.0,150.0,570.0,False,Approved
CLM_0001822,VEH_003008,DLR_US_001,GEO_US,20261228,2026-12-28,Electric_Drive_Inverter,ERR_ELECTRIC_DRIVE_INVERTER_DIAG,19,25631,3.5,420.0,1850.0,2270.0,True,Under_Investigation
CLM_0001823,VEH_006947,DLR_NO_002,GEO_NO,20260710,2026-07-10,ADAS_Vision_Sensor,ERR_ADAS_VISION_SENSOR_DIAG,24,36552,5.0,600.0,1100.0,1700.0,True,Under_Investigation
CLM_0001824,VEH_004219,DLR_IT_001,GEO_IT,20250802,2025-08-02,Electric_Drive_Inverter,ERR_ELECTRIC_DRIVE_INVERTER_DIAG,4,5288,5.0,600.0,1850.0,2450.0,True,Approved
CLM_0001825,VEH_009652,DLR_NO_002,GEO_NO,20260714,2026-07-14,Electric_Drive_Inverter,ERR_ELECTRIC_DRIVE_INVERTER_DIAG,4,5056,5.0,600.0,1850.0,2450.0,True,Reimbursed
CLM_0001826,VEH_009735,DLR_DE_002,GEO_DE,20261211,2026-12-11,Air_Suspension,ERR_AIR_SUSPENSION_DIAG,15,18075,3.5,420.0,850.0,1270.0,False,Under_Investigation
CLM_0001827,VEH_006894,DLR_NL_002,GEO_NL,20260403,2026-04-03,HV_Battery_Pack,ERR_HV_BATTERY_PACK_DIAG,12,19800,5.0,600.0,4500.0,5100.0,True,Approved
CLM_0001828,VEH_004936,DLR_IT_001,GEO_IT,20251208,2025-12-08,HV_Battery_Pack,ERR_HV_BATTERY_PACK_DIAG,13,18317,2.0,240.0,4500.0,4740.0,True,Approved
CLM_0001829,VEH_000815,DLR_IT_002,GEO_IT,20250114,2025-01-14,Air_Suspension,ERR_AIR_SUSPENSION_DIAG,11,16720,1.5,180.0,850.0,1030.0,False,Approved
CLM_0001830,VEH_008751,DLR_NL_001,GEO_NL,20240808,2024-08-08,ADAS_Vision_Sensor,ERR_ADAS_VISION_SENSOR_DIAG,1,1559,3.5,420.0,1100.0,1520.0,True,Under_Investigation
CLM_0001831,VEH_004022,DLR_IT_001,GEO_IT,20250219,2025-02-19,ADAS_Vision_Sensor,ERR_ADAS_VISION_SENSOR_DIAG,1,1671,1.5,180.0,1100.0,1280.0,True,Reimbursed
CLM_0001832,VEH_009104,DLR_NO_002,GEO_NO,20261216,2026-12-16,Electric_Drive_Inverter,ERR_ELECTRIC_DRIVE_INVERTER_DIAG,12,17748,3.5,420.0,1850.0,2270.0,True,Approved
CLM_0001833,VEH_002129,DLR_NL_001,GEO_NL,20240610,2024-06-10,HV_Battery_Pack,ERR_HV_BATTERY_PACK_DIAG,1,1364,5.0,600.0,4500.0,5100.0,True,Approved
CLM_0001834,VEH_007552,DLR_NL_002,GEO_NL,20260618,2026-06-18,ADAS_Vision_Sensor,ERR_ADAS_VISION_SENSOR_DIAG,8,11392,3.5,420.0,1100.0,1520.0,True,Reimbursed
CLM_0001835,VEH_009444,DLR_DE_002,GEO_DE,20250130,2025-01-30,ADAS_Vision_Sensor,ERR_ADAS_VISION_SENSOR_DIAG,6,8598,1.5,180.0,1100.0,1280.0,True,Approved
CLM_0001836,VEH_008839,DLR_DE_002,GEO_DE,20261228,2026-12-28,Infotainment_OTA,ERR_INFOTAINMENT_OTA_DIAG,22,38478,3.5,420.0,150.0,570.0,False,Reimbursed
CLM_0001837,VEH_006648,DLR_UK_001,GEO_UK,20260220,2026-02-20,ADAS_Vision_Sensor,ERR_ADAS_VISION_SENSOR_DIAG,8,11344,2.0,240.0,1100.0,1340.0,True,Approved
CLM_0001838,VEH_001189,DLR_SE_002,GEO_SE,20260421,2026-04-21,Electric_Drive_Inverter,ERR_ELECTRIC_DRIVE_INVERTER_DIAG,21,36414,3.5,420.0,1850.0,2270.0,True,Approved
CLM_0001839,VEH_002426,DLR_IT_002,GEO_IT,20241120,2024-11-20,Electric_Drive_Inverter,ERR_ELECTRIC_DRIVE_INVERTER_DIAG,9,15597,3.5,420.0,1850.0,2270.0,True,Approved
CLM_0001840,VEH_002720,DLR_DE_002,GEO_DE,20261101,2026-11-01,HV_Battery_Pack,ERR_HV_BATTERY_PACK_DIAG,6,7500,1.5,180.0,4500.0,4680.0,True,Under_Investigation
CLM_0001841,VEH_005551,DLR_IT_002,GEO_IT,20260625,2026-06-25,Infotainment_OTA,ERR_INFOTAINMENT_OTA_DIAG,5,6295,3.5,420.0,150.0,570.0,False,Approved
CLM_0001842,VEH_005335,DLR_IT_001,GEO_IT,20261228,2026-12-28,HV_Battery_Pack,ERR_HV_BATTERY_PACK_DIAG,24,39192,3.5,420.0,4500.0,4920.0,True,Reimbursed
CLM_0001843,VEH_001432,DLR_US_001,GEO_US,20251115,2025-11-15,HV_Battery_Pack,ERR_HV_BATTERY_PACK_DIAG,11,14135,1.5,180.0,4500.0,4680.0,True,Under_Investigation
CLM_0001844,VEH_003143,DLR_NO_002,GEO_NO,20260831,2026-08-31,HV_Battery_Pack,ERR_HV_BATTERY_PACK_DIAG,11,18920,2.0,240.0,4500.0,4740.0,True,Reimbursed
CLM_0001845,VEH_006067,DLR_DE_001,GEO_DE,20261228,2026-12-28,Air_Suspension,ERR_AIR_SUSPENSION_DIAG,17,24922,1.5,180.0,850.0,1030.0,False,Approved
CLM_0001846,VEH_008972,DLR_SE_002,GEO_SE,20260127,2026-01-27,HV_Battery_Pack,ERR_HV_BATTERY_PACK_DIAG,24,38184,5.0,600.0,4500.0,5100.0,True,Under_Investigation
CLM_0001847,VEH_003425,DLR_DE_001,GEO_DE,20250528,2025-05-28,Electric_Drive_Inverter,ERR_ELECTRIC_DRIVE_INVERTER_DIAG,4,5020,3.5,420.0,1850.0,2270.0,True,Reimbursed
CLM_0001848,VEH_001408,DLR_UK_001,GEO_UK,20260322,2026-03-22,Infotainment_OTA,ERR_INFOTAINMENT_OTA_DIAG,7,7770,2.0,240.0,150.0,390.0,False,Approved
CLM_0001849,VEH_001743,DLR_NO_001,GEO_NO,20260829,2026-08-29,ADAS_Vision_Sensor,ERR_ADAS_VISION_SENSOR_DIAG,18,27990,2.0,240.0,1100.0,1340.0,True,Under_Investigation
CLM_0001850,VEH_001656,DLR_NL_001,GEO_NL,20250920,2025-09-20,Air_Suspension,ERR_AIR_SUSPENSION_DIAG,4,5952,5.0,600.0,850.0,1450.0,False,Approved
CLM_0001851,VEH_000192,DLR_NL_001,GEO_NL,20261228,2026-12-28,Electric_Drive_Inverter,ERR_ELECTRIC_DRIVE_INVERTER_DIAG,15,22305,5.0,600.0,1850.0,2450.0,True,Reimbursed
CLM_0001852,VEH_007175,DLR_DE_002,GEO_DE,20260428,2026-04-28,Electric_Drive_Inverter,ERR_ELECTRIC_DRIVE_INVERTER_DIAG,1,1402,2.0,240.0,1850.0,2090.0,True,Reimbursed
CLM_0001853,VEH_001601,DLR_DE_001,GEO_DE,20250310,2025-03-10,HV_Battery_Pack,ERR_HV_BATTERY_PACK_DIAG,8,11920,3.5,420.0,4500.0,4920.0,True,Approved
CLM_0001854,VEH_003417,DLR_NL_001,GEO_NL,20241029,2024-10-29,Air_Suspension,ERR_AIR_SUSPENSION_DIAG,4,6848,2.0,240.0,850.0,1090.0,False,Under_Investigation
CLM_0001855,VEH_008194,DLR_IT_001,GEO_IT,20260305,2026-03-05,ADAS_Vision_Sensor,ERR_ADAS_VISION_SENSOR_DIAG,20,25480,1.5,180.0,1100.0,1280.0,True,Reimbursed
CLM_0001856,VEH_002880,DLR_DE_002,GEO_DE,20250818,2025-08-18,HV_Battery_Pack,ERR_HV_BATTERY_PACK_DIAG,14,15736,1.5,180.0,4500.0,4680.0,True,Under_Investigation
CLM_0001857,VEH_002370,DLR_IT_002,GEO_IT,20250422,2025-04-22,ADAS_Vision_Sensor,ERR_ADAS_VISION_SENSOR_DIAG,6,7662,3.5,420.0,1100.0,1520.0,True,Approved
CLM_0001858,VEH_001343,DLR_UK_001,GEO_UK,20260730,2026-07-30,Electric_Drive_Inverter,ERR_ELECTRIC_DRIVE_INVERTER_DIAG,6,7356,3.5,420.0,1850.0,2270.0,True,Reimbursed
CLM_0001859,VEH_006802,DLR_DE_002,GEO_DE,20250121,2025-01-21,Infotainment_OTA,ERR_INFOTAINMENT_OTA_DIAG,11,19074,1.5,180.0,150.0,330.0,False,Reimbursed
CLM_0001860,VEH_001686,DLR_IT_001,GEO_IT,20250127,2025-01-27,HV_Battery_Pack,ERR_HV_BATTERY_PACK_DIAG,3,3951,2.0,240.0,4500.0,4740.0,True,Reimbursed
CLM_0001861,VEH_006389,DLR_DE_001,GEO_DE,20241225,2024-12-25,Electric_Drive_Inverter,ERR_ELECTRIC_DRIVE_INVERTER_DIAG,6,8868,2.0,240.0,1850.0,2090.0,True,Reimbursed
CLM_0001862,VEH_001986,DLR_UK_001,GEO_UK,20260703,2026-07-03,Infotainment_OTA,ERR_INFOTAINMENT_OTA_DIAG,1,1166,3.5,420.0,150.0,570.0,False,Reimbursed
CLM_0001863,VEH_000974,DLR_IT_002,GEO_IT,20241007,2024-10-07,HV_Battery_Pack,ERR_HV_BATTERY_PACK_DIAG,2,2710,5.0,600.0,4500.0,5100.0,True,Reimbursed
CLM_0001864,VEH_000133,DLR_NO_002,GEO_NO,20260913,2026-09-13,HV_Battery_Pack,ERR_HV_BATTERY_PACK_DIAG,16,26928,5.0,600.0,4500.0,5100.0,True,Reimbursed
CLM_0001865,VEH_008649,DLR_NL_001,GEO_NL,20261228,2026-12-28,HV_Battery_Pack,ERR_HV_BATTERY_PACK_DIAG,15,20235,3.5,420.0,4500.0,4920.0,True,Approved
CLM_0001866,VEH_002757,DLR_IT_001,GEO_IT,20250526,2025-05-26,HV_Battery_Pack,ERR_HV_BATTERY_PACK_DIAG,14,17850,1.5,180.0,4500.0,4680.0,True,Under_Investigation
CLM_0001867,VEH_007076,DLR_IT_001,GEO_IT,20260211,2026-02-11,HV_Battery_Pack,ERR_HV_BATTERY_PACK_DIAG,22,36190,2.0,240.0,4500.0,4740.0,True,Approved
CLM_0001868,VEH_008202,DLR_NO_002,GEO_NO,20250523,2025-05-23,HV_Battery_Pack,ERR_HV_BATTERY_PACK_DIAG,7,8547,3.5,420.0,4500.0,4920.0,True,Reimbursed
CLM_0001869,VEH_005944,DLR_DE_002,GEO_DE,20261008,2026-10-08,ADAS_Vision_Sensor,ERR_ADAS_VISION_SENSOR_DIAG,19,31483,3.5,420.0,1100.0,1520.0,True,Under_Investigation
CLM_0001870,VEH_009952,DLR_IT_001,GEO_IT,20250517,2025-05-17,ADAS_Vision_Sensor,ERR_ADAS_VISION_SENSOR_DIAG,12,18528,2.0,240.0,1100.0,1340.0,True,Under_Investigation
CLM_0001871,VEH_003567,DLR_US_001,GEO_US,20251025,2025-10-25,ADAS_Vision_Sensor,ERR_ADAS_VISION_SENSOR_DIAG,7,8757,2.0,240.0,1100.0,1340.0,True,Under_Investigation
CLM_0001872,VEH_005793,DLR_DE_001,GEO_DE,20240928,2024-09-28,Infotainment_OTA,ERR_INFOTAINMENT_OTA_DIAG,8,11328,3.5,420.0,150.0,570.0,False,Reimbursed
CLM_0001873,VEH_000874,DLR_IT_001,GEO_IT,20261228,2026-12-28,ADAS_Vision_Sensor,ERR_ADAS_VISION_SENSOR_DIAG,15,25950,2.0,240.0,1100.0,1340.0,True,Approved
CLM_0001874,VEH_008802,DLR_IT_002,GEO_IT,20251016,2025-10-16,Electric_Drive_Inverter,ERR_ELECTRIC_DRIVE_INVERTER_DIAG,12,17664,1.5,180.0,1850.0,2030.0,True,Approved
CLM_0001875,VEH_002185,DLR_SE_002,GEO_SE,20241214,2024-12-14,HV_Battery_Pack,ERR_HV_BATTERY_PACK_DIAG,2,2286,1.5,180.0,4500.0,4680.0,True,Approved
CLM_0001876,VEH_008797,DLR_SE_001,GEO_SE,20250311,2025-03-11,Air_Suspension,ERR_AIR_SUSPENSION_DIAG,3,3894,1.5,180.0,850.0,1030.0,False,Reimbursed
CLM_0001877,VEH_001486,DLR_DE_002,GEO_DE,20261228,2026-12-28,HV_Battery_Pack,ERR_HV_BATTERY_PACK_DIAG,20,30380,2.0,240.0,4500.0,4740.0,True,Approved
CLM_0001878,VEH_006991,DLR_US_001,GEO_US,20261228,2026-12-28,Electric_Drive_Inverter,ERR_ELECTRIC_DRIVE_INVERTER_DIAG,22,30338,3.5,420.0,1850.0,2270.0,True,Reimbursed
CLM_0001879,VEH_001289,DLR_UK_001,GEO_UK,20240705,2024-07-05,HV_Battery_Pack,ERR_HV_BATTERY_PACK_DIAG,5,6140,2.0,240.0,4500.0,4740.0,True,Under_Investigation
CLM_0001880,VEH_005093,DLR_US_001,GEO_US,20251027,2025-10-27,HV_Battery_Pack,ERR_HV_BATTERY_PACK_DIAG,2,2764,5.0,600.0,4500.0,5100.0,True,Under_Investigation
CLM_0001881,VEH_006988,DLR_SE_002,GEO_SE,20250701,2025-07-01,Electric_Drive_Inverter,ERR_ELECTRIC_DRIVE_INVERTER_DIAG,4,5944,1.5,180.0,1850.0,2030.0,True,Reimbursed
CLM_0001882,VEH_005737,DLR_NO_001,GEO_NO,20261228,2026-12-28,HV_Battery_Pack,ERR_HV_BATTERY_PACK_DIAG,19,25517,5.0,600.0,4500.0,5100.0,True,Approved
CLM_0001883,VEH_009344,DLR_IT_002,GEO_IT,20250408,2025-04-08,Electric_Drive_Inverter,ERR_ELECTRIC_DRIVE_INVERTER_DIAG,12,13440,3.5,420.0,1850.0,2270.0,True,Approved
CLM_0001884,VEH_008260,DLR_NL_001,GEO_NL,20261228,2026-12-28,Air_Suspension,ERR_AIR_SUSPENSION_DIAG,9,10422,1.5,180.0,850.0,1030.0,False,Under_Investigation
CLM_0001885,VEH_006353,DLR_US_001,GEO_US,20260724,2026-07-24,ADAS_Vision_Sensor,ERR_ADAS_VISION_SENSOR_DIAG,15,22755,3.5,420.0,1100.0,1520.0,True,Reimbursed
CLM_0001886,VEH_007181,DLR_DE_001,GEO_DE,20260129,2026-01-29,ADAS_Vision_Sensor,ERR_ADAS_VISION_SENSOR_DIAG,24,35184,1.5,180.0,1100.0,1280.0,True,Under_Investigation
CLM_0001887,VEH_008360,DLR_SE_001,GEO_SE,20261025,2026-10-25,Infotainment_OTA,ERR_INFOTAINMENT_OTA_DIAG,20,34220,2.0,240.0,150.0,390.0,False,Reimbursed
CLM_0001888,VEH_005013,DLR_IT_001,GEO_IT,20241122,2024-11-22,HV_Battery_Pack,ERR_HV_BATTERY_PACK_DIAG,5,7405,2.0,240.0,4500.0,4740.0,True,Under_Investigation
CLM_0001889,VEH_006341,DLR_SE_002,GEO_SE,20261116,2026-11-16,Infotainment_OTA,ERR_INFOTAINMENT_OTA_DIAG,24,42792,3.5,420.0,150.0,570.0,False,Reimbursed
CLM_0001890,VEH_009053,DLR_IT_001,GEO_IT,20250319,2025-03-19,HV_Battery_Pack,ERR_HV_BATTERY_PACK_DIAG,10,14060,1.5,180.0,4500.0,4680.0,True,Reimbursed
CLM_0001891,VEH_001730,DLR_IT_001,GEO_IT,20261228,2026-12-28,HV_Battery_Pack,ERR_HV_BATTERY_PACK_DIAG,21,37044,5.0,600.0,4500.0,5100.0,True,Approved
CLM_0001892,VEH_007114,DLR_US_001,GEO_US,20261228,2026-12-28,HV_Battery_Pack,ERR_HV_BATTERY_PACK_DIAG,24,33744,2.0,240.0,4500.0,4740.0,True,Reimbursed
CLM_0001893,VEH_007500,DLR_NO_002,GEO_NO,20260513,2026-05-13,Electric_Drive_Inverter,ERR_ELECTRIC_DRIVE_INVERTER_DIAG,11,15752,3.5,420.0,1850.0,2270.0,True,Under_Investigation
CLM_0001894,VEH_004269,DLR_NO_001,GEO_NO,20260628,2026-06-28,Electric_Drive_Inverter,ERR_ELECTRIC_DRIVE_INVERTER_DIAG,14,20804,3.5,420.0,1850.0,2270.0,True,Approved
CLM_0001895,VEH_002170,DLR_DE_001,GEO_DE,20261228,2026-12-28,Electric_Drive_Inverter,ERR_ELECTRIC_DRIVE_INVERTER_DIAG,11,17622,2.0,240.0,1850.0,2090.0,True,Reimbursed
CLM_0001896,VEH_007182,DLR_UK_001,GEO_UK,20241128,2024-11-28,Air_Suspension,ERR_AIR_SUSPENSION_DIAG,9,13401,2.0,240.0,850.0,1090.0,False,Under_Investigation
CLM_0001897,VEH_007274,DLR_US_001,GEO_US,20261230,2026-12-30,ADAS_Vision_Sensor,ERR_ADAS_VISION_SENSOR_DIAG,11,12617,1.5,180.0,1100.0,1280.0,True,Under_Investigation
CLM_0001898,VEH_006920,DLR_US_001,GEO_US,20251214,2025-12-14,Air_Suspension,ERR_AIR_SUSPENSION_DIAG,19,21736,3.5,420.0,850.0,1270.0,False,Reimbursed
CLM_0001899,VEH_001354,DLR_DE_002,GEO_DE,20261228,2026-12-28,Electric_Drive_Inverter,ERR_ELECTRIC_DRIVE_INVERTER_DIAG,24,31560,5.0,600.0,1850.0,2450.0,True,Under_Investigation
CLM_0001900,VEH_007188,DLR_US_001,GEO_US,20260107,2026-01-07,HV_Battery_Pack,ERR_HV_BATTERY_PACK_DIAG,21,34797,3.5,420.0,4500.0,4920.0,True,Approved
CLM_0001901,VEH_001884,DLR_IT_001,GEO_IT,20241004,2024-10-04,HV_Battery_Pack,ERR_HV_BATTERY_PACK_DIAG,1,1293,5.0,600.0,4500.0,5100.0,True,Under_Investigation
CLM_0001902,VEH_002122,DLR_IT_002,GEO_IT,20260208,2026-02-08,Air_Suspension,ERR_AIR_SUSPENSION_DIAG,11,18821,5.0,600.0,850.0,1450.0,False,Under_Investigation
CLM_0001903,VEH_009122,DLR_IT_001,GEO_IT,20261111,2026-11-11,Electric_Drive_Inverter,ERR_ELECTRIC_DRIVE_INVERTER_DIAG,24,41688,3.5,420.0,1850.0,2270.0,True,Under_Investigation
CLM_0001904,VEH_004582,DLR_DE_001,GEO_DE,20260429,2026-04-29,Electric_Drive_Inverter,ERR_ELECTRIC_DRIVE_INVERTER_DIAG,19,27265,1.5,180.0,1850.0,2030.0,True,Under_Investigation
CLM_0001905,VEH_001252,DLR_DE_001,GEO_DE,20261228,2026-12-28,Electric_Drive_Inverter,ERR_ELECTRIC_DRIVE_INVERTER_DIAG,20,22700,2.0,240.0,1850.0,2090.0,True,Approved
CLM_0001906,VEH_007649,DLR_DE_002,GEO_DE,20260218,2026-02-18,Electric_Drive_Inverter,ERR_ELECTRIC_DRIVE_INVERTER_DIAG,15,17235,1.5,180.0,1850.0,2030.0,True,Reimbursed
CLM_0001907,VEH_003363,DLR_SE_002,GEO_SE,20260208,2026-02-08,Infotainment_OTA,ERR_INFOTAINMENT_OTA_DIAG,7,12019,1.5,180.0,150.0,330.0,False,Under_Investigation
CLM_0001908,VEH_004515,DLR_SE_001,GEO_SE,20250123,2025-01-23,Electric_Drive_Inverter,ERR_ELECTRIC_DRIVE_INVERTER_DIAG,6,9420,2.0,240.0,1850.0,2090.0,True,Approved
CLM_0001909,VEH_003319,DLR_US_001,GEO_US,20251205,2025-12-05,HV_Battery_Pack,ERR_HV_BATTERY_PACK_DIAG,16,21904,3.5,420.0,4500.0,4920.0,True,Reimbursed
CLM_0001910,VEH_008467,DLR_NL_001,GEO_NL,20261228,2026-12-28,HV_Battery_Pack,ERR_HV_BATTERY_PACK_DIAG,21,29295,3.5,420.0,4500.0,4920.0,True,Under_Investigation
CLM_0001911,VEH_005559,DLR_NL_002,GEO_NL,20240518,2024-05-18,Electric_Drive_Inverter,ERR_ELECTRIC_DRIVE_INVERTER_DIAG,4,7028,1.5,180.0,1850.0,2030.0,True,Reimbursed
CLM_0001912,VEH_008634,DLR_NL_001,GEO_NL,20250324,2025-03-24,Infotainment_OTA,ERR_INFOTAINMENT_OTA_DIAG,14,22680,3.5,420.0,150.0,570.0,False,Approved
CLM_0001913,VEH_006519,DLR_DE_001,GEO_DE,20261228,2026-12-28,Air_Suspension,ERR_AIR_SUSPENSION_DIAG,22,28160,3.5,420.0,850.0,1270.0,False,Under_Investigation
CLM_0001914,VEH_003127,DLR_UK_001,GEO_UK,20261228,2026-12-28,Air_Suspension,ERR_AIR_SUSPENSION_DIAG,24,35880,3.5,420.0,850.0,1270.0,False,Reimbursed
CLM_0001915,VEH_001397,DLR_NL_002,GEO_NL,20261228,2026-12-28,HV_Battery_Pack,ERR_HV_BATTERY_PACK_DIAG,16,17840,2.0,240.0,4500.0,4740.0,True,Under_Investigation
CLM_0001916,VEH_006194,DLR_IT_001,GEO_IT,20261230,2026-12-30,Infotainment_OTA,ERR_INFOTAINMENT_OTA_DIAG,10,17630,2.0,240.0,150.0,390.0,False,Approved
CLM_0001917,VEH_006639,DLR_SE_002,GEO_SE,20260327,2026-03-27,ADAS_Vision_Sensor,ERR_ADAS_VISION_SENSOR_DIAG,23,32246,2.0,240.0,1100.0,1340.0,True,Approved
CLM_0001918,VEH_009042,DLR_UK_001,GEO_UK,20250430,2025-04-30,HV_Battery_Pack,ERR_HV_BATTERY_PACK_DIAG,11,17479,1.5,180.0,4500.0,4680.0,True,Under_Investigation
CLM_0001919,VEH_003526,DLR_NO_001,GEO_NO,20240913,2024-09-13,HV_Battery_Pack,ERR_HV_BATTERY_PACK_DIAG,1,1766,1.5,180.0,4500.0,4680.0,True,Under_Investigation
CLM_0001920,VEH_005167,DLR_DE_002,GEO_DE,20261228,2026-12-28,Electric_Drive_Inverter,ERR_ELECTRIC_DRIVE_INVERTER_DIAG,19,29089,5.0,600.0,1850.0,2450.0,True,Reimbursed
CLM_0001921,VEH_008837,DLR_NL_002,GEO_NL,20261228,2026-12-28,HV_Battery_Pack,ERR_HV_BATTERY_PACK_DIAG,21,23184,2.0,240.0,4500.0,4740.0,True,Under_Investigation
CLM_0001922,VEH_008540,DLR_DE_001,GEO_DE,20261228,2026-12-28,HV_Battery_Pack,ERR_HV_BATTERY_PACK_DIAG,12,21564,3.5,420.0,4500.0,4920.0,True,Reimbursed
CLM_0001923,VEH_005482,DLR_IT_002,GEO_IT,20260102,2026-01-02,HV_Battery_Pack,ERR_HV_BATTERY_PACK_DIAG,8,9264,5.0,600.0,4500.0,5100.0,True,Under_Investigation
CLM_0001924,VEH_009891,DLR_DE_001,GEO_DE,20261228,2026-12-28,Electric_Drive_Inverter,ERR_ELECTRIC_DRIVE_INVERTER_DIAG,22,27434,3.5,420.0,1850.0,2270.0,True,Under_Investigation
CLM_0001925,VEH_005582,DLR_IT_001,GEO_IT,20250813,2025-08-13,Infotainment_OTA,ERR_INFOTAINMENT_OTA_DIAG,5,8070,2.0,240.0,150.0,390.0,False,Reimbursed
CLM_0001926,VEH_007058,DLR_NL_002,GEO_NL,20241218,2024-12-18,Electric_Drive_Inverter,ERR_ELECTRIC_DRIVE_INVERTER_DIAG,9,15156,1.5,180.0,1850.0,2030.0,True,Approved
CLM_0001927,VEH_007566,DLR_IT_001,GEO_IT,20261228,2026-12-28,Air_Suspension,ERR_AIR_SUSPENSION_DIAG,11,15147,2.0,240.0,850.0,1090.0,False,Approved
CLM_0001928,VEH_009474,DLR_NO_002,GEO_NO,20261218,2026-12-18,HV_Battery_Pack,ERR_HV_BATTERY_PACK_DIAG,11,12738,3.5,420.0,4500.0,4920.0,True,Reimbursed
CLM_0001929,VEH_005573,DLR_IT_001,GEO_IT,20250822,2025-08-22,Infotainment_OTA,ERR_INFOTAINMENT_OTA_DIAG,8,13808,1.5,180.0,150.0,330.0,False,Approved
CLM_0001930,VEH_007220,DLR_NL_002,GEO_NL,20261228,2026-12-28,Infotainment_OTA,ERR_INFOTAINMENT_OTA_DIAG,22,37862,5.0,600.0,150.0,750.0,False,Reimbursed
CLM_0001931,VEH_001132,DLR_IT_002,GEO_IT,20261228,2026-12-28,ADAS_Vision_Sensor,ERR_ADAS_VISION_SENSOR_DIAG,20,35780,3.5,420.0,1100.0,1520.0,True,Under_Investigation
CLM_0001932,VEH_008344,DLR_NO_001,GEO_NO,20261228,2026-12-28,Electric_Drive_Inverter,ERR_ELECTRIC_DRIVE_INVERTER_DIAG,22,33660,2.0,240.0,1850.0,2090.0,True,Under_Investigation
CLM_0001933,VEH_007173,DLR_NO_002,GEO_NO,20240926,2024-09-26,HV_Battery_Pack,ERR_HV_BATTERY_PACK_DIAG,2,3000,2.0,240.0,4500.0,4740.0,True,Reimbursed
CLM_0001934,VEH_006411,DLR_NL_002,GEO_NL,20261025,2026-10-25,Electric_Drive_Inverter,ERR_ELECTRIC_DRIVE_INVERTER_DIAG,9,15021,2.0,240.0,1850.0,2090.0,True,Under_Investigation
CLM_0001935,VEH_001591,DLR_SE_001,GEO_SE,20260809,2026-08-09,Electric_Drive_Inverter,ERR_ELECTRIC_DRIVE_INVERTER_DIAG,5,8340,1.5,180.0,1850.0,2030.0,True,Under_Investigation
CLM_0001936,VEH_006447,DLR_DE_001,GEO_DE,20261126,2026-11-26,Air_Suspension,ERR_AIR_SUSPENSION_DIAG,21,23751,2.0,240.0,850.0,1090.0,False,Under_Investigation
CLM_0001937,VEH_004326,DLR_NL_001,GEO_NL,20261228,2026-12-28,Electric_Drive_Inverter,ERR_ELECTRIC_DRIVE_INVERTER_DIAG,21,27195,2.0,240.0,1850.0,2090.0,True,Reimbursed
CLM_0001938,VEH_000207,DLR_NL_001,GEO_NL,20261228,2026-12-28,Electric_Drive_Inverter,ERR_ELECTRIC_DRIVE_INVERTER_DIAG,24,32448,3.5,420.0,1850.0,2270.0,True,Approved
CLM_0001939,VEH_003955,DLR_SE_002,GEO_SE,20260907,2026-09-07,HV_Battery_Pack,ERR_HV_BATTERY_PACK_DIAG,17,29835,2.0,240.0,4500.0,4740.0,True,Under_Investigation
CLM_0001940,VEH_005605,DLR_NL_001,GEO_NL,20261228,2026-12-28,Air_Suspension,ERR_AIR_SUSPENSION_DIAG,17,19176,1.5,180.0,850.0,1030.0,False,Under_Investigation
CLM_0001941,VEH_007698,DLR_SE_001,GEO_SE,20251021,2025-10-21,HV_Battery_Pack,ERR_HV_BATTERY_PACK_DIAG,20,29860,2.0,240.0,4500.0,4740.0,True,Under_Investigation
CLM_0001942,VEH_009220,DLR_NL_001,GEO_NL,20241212,2024-12-12,ADAS_Vision_Sensor,ERR_ADAS_VISION_SENSOR_DIAG,10,18000,1.5,180.0,1100.0,1280.0,True,Under_Investigation
CLM_0001943,VEH_003598,DLR_IT_001,GEO_IT,20261223,2026-12-23,HV_Battery_Pack,ERR_HV_BATTERY_PACK_DIAG,18,28062,1.5,180.0,4500.0,4680.0,True,Under_Investigation
CLM_0001944,VEH_000927,DLR_SE_001,GEO_SE,20261228,2026-12-28,ADAS_Vision_Sensor,ERR_ADAS_VISION_SENSOR_DIAG,17,21879,2.0,240.0,1100.0,1340.0,True,Approved
CLM_0001945,VEH_008223,DLR_SE_002,GEO_SE,20251229,2025-12-29,Electric_Drive_Inverter,ERR_ELECTRIC_DRIVE_INVERTER_DIAG,8,10064,5.0,600.0,1850.0,2450.0,True,Under_Investigation
CLM_0001946,VEH_005546,DLR_IT_002,GEO_IT,20260610,2026-06-10,Electric_Drive_Inverter,ERR_ELECTRIC_DRIVE_INVERTER_DIAG,19,24624,2.0,240.0,1850.0,2090.0,True,Under_Investigation
CLM_0001947,VEH_009092,DLR_NL_001,GEO_NL,20251219,2025-12-19,Air_Suspension,ERR_AIR_SUSPENSION_DIAG,10,13500,1.5,180.0,850.0,1030.0,False,Approved
CLM_0001948,VEH_008071,DLR_IT_002,GEO_IT,20260403,2026-04-03,HV_Battery_Pack,ERR_HV_BATTERY_PACK_DIAG,14,21602,5.0,600.0,4500.0,5100.0,True,Approved
CLM_0001949,VEH_002708,DLR_NO_002,GEO_NO,20260211,2026-02-11,ADAS_Vision_Sensor,ERR_ADAS_VISION_SENSOR_DIAG,17,26282,5.0,600.0,1100.0,1700.0,True,Approved
CLM_0001950,VEH_004139,DLR_DE_002,GEO_DE,20261228,2026-12-28,HV_Battery_Pack,ERR_HV_BATTERY_PACK_DIAG,19,28405,2.0,240.0,4500.0,4740.0,True,Reimbursed
CLM_0001951,VEH_005542,DLR_IT_002,GEO_IT,20260518,2026-05-18,HV_Battery_Pack,ERR_HV_BATTERY_PACK_DIAG,24,36744,3.5,420.0,4500.0,4920.0,True,Approved
CLM_0001952,VEH_000460,DLR_US_001,GEO_US,20250323,2025-03-23,ADAS_Vision_Sensor,ERR_ADAS_VISION_SENSOR_DIAG,2,2986,2.0,240.0,1100.0,1340.0,True,Reimbursed
CLM_0001953,VEH_006245,DLR_IT_001,GEO_IT,20250907,2025-09-07,Air_Suspension,ERR_AIR_SUSPENSION_DIAG,4,6792,1.5,180.0,850.0,1030.0,False,Approved
CLM_0001954,VEH_005262,DLR_NO_002,GEO_NO,20240815,2024-08-15,Air_Suspension,ERR_AIR_SUSPENSION_DIAG,1,1649,2.0,240.0,850.0,1090.0,False,Under_Investigation
CLM_0001955,VEH_006239,DLR_IT_002,GEO_IT,20260325,2026-03-25,HV_Battery_Pack,ERR_HV_BATTERY_PACK_DIAG,21,36036,3.5,420.0,4500.0,4920.0,True,Reimbursed
CLM_0001956,VEH_003138,DLR_DE_001,GEO_DE,20260609,2026-06-09,HV_Battery_Pack,ERR_HV_BATTERY_PACK_DIAG,8,11672,3.5,420.0,4500.0,4920.0,True,Approved
CLM_0001957,VEH_006929,DLR_US_001,GEO_US,20261228,2026-12-28,Electric_Drive_Inverter,ERR_ELECTRIC_DRIVE_INVERTER_DIAG,24,31656,1.5,180.0,1850.0,2030.0,True,Reimbursed
CLM_0001958,VEH_006229,DLR_DE_002,GEO_DE,20250929,2025-09-29,Electric_Drive_Inverter,ERR_ELECTRIC_DRIVE_INVERTER_DIAG,1,1548,3.5,420.0,1850.0,2270.0,True,Under_Investigation
CLM_0001959,VEH_009711,DLR_DE_002,GEO_DE,20261228,2026-12-28,HV_Battery_Pack,ERR_HV_BATTERY_PACK_DIAG,21,35196,2.0,240.0,4500.0,4740.0,True,Reimbursed
CLM_0001960,VEH_006940,DLR_DE_001,GEO_DE,20250711,2025-07-11,Air_Suspension,ERR_AIR_SUSPENSION_DIAG,7,11655,2.0,240.0,850.0,1090.0,False,Reimbursed
CLM_0001961,VEH_006940,DLR_DE_001,GEO_DE,20250209,2025-02-09,HV_Battery_Pack,ERR_HV_BATTERY_PACK_DIAG,2,3528,3.5,420.0,4500.0,4920.0,True,Reimbursed
CLM_0001962,VEH_002946,DLR_IT_001,GEO_IT,20261027,2026-10-27,Electric_Drive_Inverter,ERR_ELECTRIC_DRIVE_INVERTER_DIAG,19,32699,5.0,600.0,1850.0,2450.0,True,Reimbursed
CLM_0001963,VEH_009987,DLR_DE_002,GEO_DE,20250425,2025-04-25,HV_Battery_Pack,ERR_HV_BATTERY_PACK_DIAG,11,17193,1.5,180.0,4500.0,4680.0,True,Approved
CLM_0001964,VEH_008124,DLR_IT_001,GEO_IT,20260808,2026-08-08,HV_Battery_Pack,ERR_HV_BATTERY_PACK_DIAG,18,20592,3.5,420.0,4500.0,4920.0,True,Approved
CLM_0001965,VEH_000516,DLR_DE_001,GEO_DE,20260405,2026-04-05,Infotainment_OTA,ERR_INFOTAINMENT_OTA_DIAG,15,22335,5.0,600.0,150.0,750.0,False,Reimbursed
CLM_0001966,VEH_006185,DLR_NL_001,GEO_NL,20261228,2026-12-28,ADAS_Vision_Sensor,ERR_ADAS_VISION_SENSOR_DIAG,16,23936,2.0,240.0,1100.0,1340.0,True,Reimbursed
CLM_0001967,VEH_001329,DLR_SE_002,GEO_SE,20261228,2026-12-28,Electric_Drive_Inverter,ERR_ELECTRIC_DRIVE_INVERTER_DIAG,23,31142,2.0,240.0,1850.0,2090.0,True,Reimbursed
CLM_0001968,VEH_002364,DLR_DE_001,GEO_DE,20251022,2025-10-22,ADAS_Vision_Sensor,ERR_ADAS_VISION_SENSOR_DIAG,10,17440,1.5,180.0,1100.0,1280.0,True,Approved
CLM_0001969,VEH_009311,DLR_UK_001,GEO_UK,20261228,2026-12-28,Electric_Drive_Inverter,ERR_ELECTRIC_DRIVE_INVERTER_DIAG,24,35496,1.5,180.0,1850.0,2030.0,True,Approved
CLM_0001970,VEH_005830,DLR_SE_001,GEO_SE,20251024,2025-10-24,ADAS_Vision_Sensor,ERR_ADAS_VISION_SENSOR_DIAG,14,21210,3.5,420.0,1100.0,1520.0,True,Under_Investigation
CLM_0001971,VEH_001860,DLR_SE_001,GEO_SE,20261228,2026-12-28,HV_Battery_Pack,ERR_HV_BATTERY_PACK_DIAG,24,26544,2.0,240.0,4500.0,4740.0,True,Under_Investigation
CLM_0001972,VEH_004648,DLR_US_001,GEO_US,20240810,2024-08-10,ADAS_Vision_Sensor,ERR_ADAS_VISION_SENSOR_DIAG,3,4737,2.0,240.0,1100.0,1340.0,True,Approved
CLM_0001973,VEH_000154,DLR_SE_001,GEO_SE,20260126,2026-01-26,HV_Battery_Pack,ERR_HV_BATTERY_PACK_DIAG,7,10864,1.5,180.0,4500.0,4680.0,True,Reimbursed
CLM_0001974,VEH_005811,DLR_DE_002,GEO_DE,20260101,2026-01-01,HV_Battery_Pack,ERR_HV_BATTERY_PACK_DIAG,21,37023,5.0,600.0,4500.0,5100.0,True,Under_Investigation
CLM_0001975,VEH_006585,DLR_SE_002,GEO_SE,20251116,2025-11-16,ADAS_Vision_Sensor,ERR_ADAS_VISION_SENSOR_DIAG,1,1605,5.0,600.0,1100.0,1700.0,True,Under_Investigation
CLM_0001976,VEH_005613,DLR_NO_002,GEO_NO,20240623,2024-06-23,Electric_Drive_Inverter,ERR_ELECTRIC_DRIVE_INVERTER_DIAG,1,1379,1.5,180.0,1850.0,2030.0,True,Reimbursed
CLM_0001977,VEH_008112,DLR_IT_001,GEO_IT,20240926,2024-09-26,HV_Battery_Pack,ERR_HV_BATTERY_PACK_DIAG,8,13456,5.0,600.0,4500.0,5100.0,True,Approved
CLM_0001978,VEH_001370,DLR_SE_002,GEO_SE,20261228,2026-12-28,Electric_Drive_Inverter,ERR_ELECTRIC_DRIVE_INVERTER_DIAG,16,18416,1.5,180.0,1850.0,2030.0,True,Reimbursed
CLM_0001979,VEH_003698,DLR_NO_002,GEO_NO,20240930,2024-09-30,HV_Battery_Pack,ERR_HV_BATTERY_PACK_DIAG,6,9618,5.0,600.0,4500.0,5100.0,True,Approved
CLM_0001980,VEH_002198,DLR_UK_001,GEO_UK,20241217,2024-12-17,Electric_Drive_Inverter,ERR_ELECTRIC_DRIVE_INVERTER_DIAG,5,8160,1.5,180.0,1850.0,2030.0,True,Approved
CLM_0001981,VEH_004039,DLR_NL_001,GEO_NL,20260226,2026-02-26,Electric_Drive_Inverter,ERR_ELECTRIC_DRIVE_INVERTER_DIAG,9,10872,5.0,600.0,1850.0,2450.0,True,Reimbursed
CLM_0001982,VEH_000288,DLR_NO_002,GEO_NO,20250924,2025-09-24,HV_Battery_Pack,ERR_HV_BATTERY_PACK_DIAG,9,12717,5.0,600.0,4500.0,5100.0,True,Under_Investigation
CLM_0001983,VEH_007475,DLR_IT_002,GEO_IT,20261118,2026-11-18,Electric_Drive_Inverter,ERR_ELECTRIC_DRIVE_INVERTER_DIAG,24,39288,5.0,600.0,1850.0,2450.0,True,Approved
CLM_0001984,VEH_009433,DLR_DE_001,GEO_DE,20260830,2026-08-30,Air_Suspension,ERR_AIR_SUSPENSION_DIAG,7,7882,1.5,180.0,850.0,1030.0,False,Reimbursed
CLM_0001985,VEH_009844,DLR_DE_002,GEO_DE,20250401,2025-04-01,HV_Battery_Pack,ERR_HV_BATTERY_PACK_DIAG,11,13673,5.0,600.0,4500.0,5100.0,True,Under_Investigation
CLM_0001986,VEH_003429,DLR_NO_001,GEO_NO,20260519,2026-05-19,HV_Battery_Pack,ERR_HV_BATTERY_PACK_DIAG,21,31836,2.0,240.0,4500.0,4740.0,True,Approved
CLM_0001987,VEH_009614,DLR_IT_002,GEO_IT,20241101,2024-11-01,Infotainment_OTA,ERR_INFOTAINMENT_OTA_DIAG,4,5868,3.5,420.0,150.0,570.0,False,Reimbursed
CLM_0001988,VEH_000204,DLR_IT_002,GEO_IT,20261017,2026-10-17,Electric_Drive_Inverter,ERR_ELECTRIC_DRIVE_INVERTER_DIAG,10,11370,1.5,180.0,1850.0,2030.0,True,Approved
CLM_0001989,VEH_000419,DLR_IT_001,GEO_IT,20261228,2026-12-28,Infotainment_OTA,ERR_INFOTAINMENT_OTA_DIAG,21,31605,1.5,180.0,150.0,330.0,False,Approved
CLM_0001990,VEH_006867,DLR_IT_002,GEO_IT,20261117,2026-11-17,Air_Suspension,ERR_AIR_SUSPENSION_DIAG,8,9800,5.0,600.0,850.0,1450.0,False,Reimbursed
CLM_0001991,VEH_005211,DLR_NL_001,GEO_NL,20261228,2026-12-28,Air_Suspension,ERR_AIR_SUSPENSION_DIAG,18,23544,1.5,180.0,850.0,1030.0,False,Under_Investigation
CLM_0001992,VEH_005661,DLR_IT_001,GEO_IT,20251019,2025-10-19,ADAS_Vision_Sensor,ERR_ADAS_VISION_SENSOR_DIAG,6,10098,1.5,180.0,1100.0,1280.0,True,Reimbursed
CLM_0001993,VEH_003684,DLR_IT_002,GEO_IT,20260815,2026-08-15,Air_Suspension,ERR_AIR_SUSPENSION_DIAG,17,27387,1.5,180.0,850.0,1030.0,False,Under_Investigation
CLM_0001994,VEH_002960,DLR_IT_002,GEO_IT,20261228,2026-12-28,ADAS_Vision_Sensor,ERR_ADAS_VISION_SENSOR_DIAG,17,29291,1.5,180.0,1100.0,1280.0,True,Approved
CLM_0001995,VEH_000238,DLR_SE_001,GEO_SE,20260725,2026-07-25,ADAS_Vision_Sensor,ERR_ADAS_VISION_SENSOR_DIAG,3,5043,2.0,240.0,1100.0,1340.0,True,Under_Investigation
CLM_0001996,VEH_008303,DLR_NL_002,GEO_NL,20250702,2025-07-02,HV_Battery_Pack,ERR_HV_BATTERY_PACK_DIAG,17,30566,2.0,240.0,4500.0,4740.0,True,Reimbursed
CLM_0001997,VEH_000154,DLR_SE_001,GEO_SE,20261228,2026-12-28,HV_Battery_Pack,ERR_HV_BATTERY_PACK_DIAG,20,32360,5.0,600.0,4500.0,5100.0,True,Reimbursed
CLM_0001998,VEH_002545,DLR_UK_001,GEO_UK,20261228,2026-12-28,Infotainment_OTA,ERR_INFOTAINMENT_OTA_DIAG,21,26397,2.0,240.0,150.0,390.0,False,Under_Investigation
CLM_0001999,VEH_001622,DLR_IT_001,GEO_IT,20261228,2026-12-28,HV_Battery_Pack,ERR_HV_BATTERY_PACK_DIAG,22,39116,1.5,180.0,4500.0,4680.0,True,Approved
CLM_0002000,VEH_000838,DLR_IT_002,GEO_IT,20251103,2025-11-03,Electric_Drive_Inverter,ERR_ELECTRIC_DRIVE_INVERTER_DIAG,5,7840,3.5,420.0,1850.0,2270.0,True,Under_Investigation
CLM_0002001,VEH_006635,DLR_IT_001,GEO_IT,20261228,2026-12-28,HV_Battery_Pack,ERR_HV_BATTERY_PACK_DIAG,22,36256,2.0,240.0,4500.0,4740.0,True,Approved
CLM_0002002,VEH_003159,DLR_UK_001,GEO_UK,20260915,2026-09-15,Infotainment_OTA,ERR_INFOTAINMENT_OTA_DIAG,17,27608,5.0,600.0,150.0,750.0,False,Reimbursed
CLM_0002003,VEH_002893,DLR_NO_001,GEO_NO,20241112,2024-11-12,Electric_Drive_Inverter,ERR_ELECTRIC_DRIVE_INVERTER_DIAG,9,12771,3.5,420.0,1850.0,2270.0,True,Under_Investigation
CLM_0002004,VEH_001891,DLR_SE_001,GEO_SE,20251018,2025-10-18,ADAS_Vision_Sensor,ERR_ADAS_VISION_SENSOR_DIAG,1,1250,2.0,240.0,1100.0,1340.0,True,Reimbursed
CLM_0002005,VEH_007135,DLR_IT_001,GEO_IT,20260114,2026-01-14,HV_Battery_Pack,ERR_HV_BATTERY_PACK_DIAG,15,21810,5.0,600.0,4500.0,5100.0,True,Under_Investigation
CLM_0002006,VEH_000802,DLR_UK_001,GEO_UK,20261129,2026-11-29,Electric_Drive_Inverter,ERR_ELECTRIC_DRIVE_INVERTER_DIAG,7,9037,3.5,420.0,1850.0,2270.0,True,Under_Investigation
CLM_0002007,VEH_004176,DLR_IT_002,GEO_IT,20260219,2026-02-19,HV_Battery_Pack,ERR_HV_BATTERY_PACK_DIAG,4,5820,1.5,180.0,4500.0,4680.0,True,Reimbursed
CLM_0002008,VEH_002093,DLR_UK_001,GEO_UK,20260728,2026-07-28,Infotainment_OTA,ERR_INFOTAINMENT_OTA_DIAG,13,22984,1.5,180.0,150.0,330.0,False,Reimbursed
CLM_0002009,VEH_004834,DLR_NL_002,GEO_NL,20260721,2026-07-21,Electric_Drive_Inverter,ERR_ELECTRIC_DRIVE_INVERTER_DIAG,3,5220,1.5,180.0,1850.0,2030.0,True,Approved
CLM_0002010,VEH_009868,DLR_IT_001,GEO_IT,20241014,2024-10-14,HV_Battery_Pack,ERR_HV_BATTERY_PACK_DIAG,5,5540,3.5,420.0,4500.0,4920.0,True,Approved
CLM_0002011,VEH_007093,DLR_UK_001,GEO_UK,20260220,2026-02-20,HV_Battery_Pack,ERR_HV_BATTERY_PACK_DIAG,20,28820,3.5,420.0,4500.0,4920.0,True,Approved
CLM_0002012,VEH_007656,DLR_DE_001,GEO_DE,20260831,2026-08-31,HV_Battery_Pack,ERR_HV_BATTERY_PACK_DIAG,9,15903,3.5,420.0,4500.0,4920.0,True,Reimbursed
CLM_0002013,VEH_001044,DLR_SE_001,GEO_SE,20261228,2026-12-28,ADAS_Vision_Sensor,ERR_ADAS_VISION_SENSOR_DIAG,23,25346,1.5,180.0,1100.0,1280.0,True,Approved
CLM_0002014,VEH_005320,DLR_NO_001,GEO_NO,20261228,2026-12-28,HV_Battery_Pack,ERR_HV_BATTERY_PACK_DIAG,22,38192,1.5,180.0,4500.0,4680.0,True,Approved
CLM_0002015,VEH_008974,DLR_NL_002,GEO_NL,20261014,2026-10-14,Electric_Drive_Inverter,ERR_ELECTRIC_DRIVE_INVERTER_DIAG,20,23980,2.0,240.0,1850.0,2090.0,True,Reimbursed
CLM_0002016,VEH_002616,DLR_NL_002,GEO_NL,20251112,2025-11-12,Air_Suspension,ERR_AIR_SUSPENSION_DIAG,7,10003,3.5,420.0,850.0,1270.0,False,Reimbursed
CLM_0002017,VEH_002326,DLR_US_001,GEO_US,20261228,2026-12-28,HV_Battery_Pack,ERR_HV_BATTERY_PACK_DIAG,11,17677,2.0,240.0,4500.0,4740.0,True,Under_Investigation
CLM_0002018,VEH_006731,DLR_NO_001,GEO_NO,20261228,2026-12-28,Electric_Drive_Inverter,ERR_ELECTRIC_DRIVE_INVERTER_DIAG,19,32091,2.0,240.0,1850.0,2090.0,True,Under_Investigation
CLM_0002019,VEH_008631,DLR_SE_002,GEO_SE,20261203,2026-12-03,Electric_Drive_Inverter,ERR_ELECTRIC_DRIVE_INVERTER_DIAG,20,34440,2.0,240.0,1850.0,2090.0,True,Approved
CLM_0002020,VEH_003675,DLR_SE_001,GEO_SE,20261228,2026-12-28,HV_Battery_Pack,ERR_HV_BATTERY_PACK_DIAG,21,35469,2.0,240.0,4500.0,4740.0,True,Approved
CLM_0002021,VEH_001699,DLR_NL_002,GEO_NL,20261229,2026-12-29,Electric_Drive_Inverter,ERR_ELECTRIC_DRIVE_INVERTER_DIAG,9,14157,2.0,240.0,1850.0,2090.0,True,Approved
CLM_0002022,VEH_006609,DLR_UK_001,GEO_UK,20261228,2026-12-28,Infotainment_OTA,ERR_INFOTAINMENT_OTA_DIAG,19,29868,1.5,180.0,150.0,330.0,False,Reimbursed
CLM_0002023,VEH_004107,DLR_NL_001,GEO_NL,20260308,2026-03-08,Electric_Drive_Inverter,ERR_ELECTRIC_DRIVE_INVERTER_DIAG,13,22022,5.0,600.0,1850.0,2450.0,True,Approved
CLM_0002024,VEH_000851,DLR_NO_002,GEO_NO,20261228,2026-12-28,ADAS_Vision_Sensor,ERR_ADAS_VISION_SENSOR_DIAG,16,21712,1.5,180.0,1100.0,1280.0,True,Reimbursed
CLM_0002025,VEH_001320,DLR_IT_001,GEO_IT,20261228,2026-12-28,Electric_Drive_Inverter,ERR_ELECTRIC_DRIVE_INVERTER_DIAG,22,32890,1.5,180.0,1850.0,2030.0,True,Approved
CLM_0002026,VEH_006311,DLR_DE_001,GEO_DE,20261228,2026-12-28,Electric_Drive_Inverter,ERR_ELECTRIC_DRIVE_INVERTER_DIAG,23,33304,5.0,600.0,1850.0,2450.0,True,Approved
CLM_0002027,VEH_001662,DLR_DE_002,GEO_DE,20260627,2026-06-27,Electric_Drive_Inverter,ERR_ELECTRIC_DRIVE_INVERTER_DIAG,10,13610,5.0,600.0,1850.0,2450.0,True,Under_Investigation
CLM_0002028,VEH_006594,DLR_NL_001,GEO_NL,20260913,2026-09-13,ADAS_Vision_Sensor,ERR_ADAS_VISION_SENSOR_DIAG,20,23440,1.5,180.0,1100.0,1280.0,True,Approved
CLM_0002029,VEH_005205,DLR_NO_001,GEO_NO,20250530,2025-05-30,Electric_Drive_Inverter,ERR_ELECTRIC_DRIVE_INVERTER_DIAG,7,9072,2.0,240.0,1850.0,2090.0,True,Reimbursed
CLM_0002030,VEH_001411,DLR_NL_002,GEO_NL,20250910,2025-09-10,ADAS_Vision_Sensor,ERR_ADAS_VISION_SENSOR_DIAG,4,6488,2.0,240.0,1100.0,1340.0,True,Approved
CLM_0002031,VEH_003352,DLR_US_001,GEO_US,20240510,2024-05-10,Electric_Drive_Inverter,ERR_ELECTRIC_DRIVE_INVERTER_DIAG,3,4869,5.0,600.0,1850.0,2450.0,True,Reimbursed
CLM_0002032,VEH_009730,DLR_IT_002,GEO_IT,20250311,2025-03-11,Air_Suspension,ERR_AIR_SUSPENSION_DIAG,5,6090,1.5,180.0,850.0,1030.0,False,Approved
CLM_0002033,VEH_009935,DLR_NO_001,GEO_NO,20241209,2024-12-09,Electric_Drive_Inverter,ERR_ELECTRIC_DRIVE_INVERTER_DIAG,8,9104,5.0,600.0,1850.0,2450.0,True,Under_Investigation
CLM_0002034,VEH_005922,DLR_DE_002,GEO_DE,20260923,2026-09-23,HV_Battery_Pack,ERR_HV_BATTERY_PACK_DIAG,4,5400,3.5,420.0,4500.0,4920.0,True,Approved
CLM_0002035,VEH_007109,DLR_NO_002,GEO_NO,20250714,2025-07-14,HV_Battery_Pack,ERR_HV_BATTERY_PACK_DIAG,11,15059,2.0,240.0,4500.0,4740.0,True,Approved
CLM_0002036,VEH_007104,DLR_DE_002,GEO_DE,20260707,2026-07-07,HV_Battery_Pack,ERR_HV_BATTERY_PACK_DIAG,19,26144,3.5,420.0,4500.0,4920.0,True,Under_Investigation
CLM_0002037,VEH_009170,DLR_SE_002,GEO_SE,20250426,2025-04-26,HV_Battery_Pack,ERR_HV_BATTERY_PACK_DIAG,5,7680,1.5,180.0,4500.0,4680.0,True,Reimbursed
CLM_0002038,VEH_000418,DLR_US_001,GEO_US,20250601,2025-06-01,Infotainment_OTA,ERR_INFOTAINMENT_OTA_DIAG,15,23235,1.5,180.0,150.0,330.0,False,Approved
CLM_0002039,VEH_007167,DLR_NO_001,GEO_NO,20260225,2026-02-25,Electric_Drive_Inverter,ERR_ELECTRIC_DRIVE_INVERTER_DIAG,11,15785,5.0,600.0,1850.0,2450.0,True,Under_Investigation
CLM_0002040,VEH_001064,DLR_IT_002,GEO_IT,20261214,2026-12-14,HV_Battery_Pack,ERR_HV_BATTERY_PACK_DIAG,8,9688,1.5,180.0,4500.0,4680.0,True,Approved
CLM_0002041,VEH_001462,DLR_US_001,GEO_US,20261228,2026-12-28,HV_Battery_Pack,ERR_HV_BATTERY_PACK_DIAG,20,30000,1.5,180.0,4500.0,4680.0,True,Under_Investigation
CLM_0002042,VEH_007011,DLR_SE_001,GEO_SE,20261003,2026-10-03,Infotainment_OTA,ERR_INFOTAINMENT_OTA_DIAG,18,21726,2.0,240.0,150.0,390.0,False,Approved
CLM_0002043,VEH_008981,DLR_IT_001,GEO_IT,20261228,2026-12-28,Electric_Drive_Inverter,ERR_ELECTRIC_DRIVE_INVERTER_DIAG,24,41784,2.0,240.0,1850.0,2090.0,True,Reimbursed
CLM_0002044,VEH_009128,DLR_IT_002,GEO_IT,20261228,2026-12-28,Electric_Drive_Inverter,ERR_ELECTRIC_DRIVE_INVERTER_DIAG,19,27987,1.5,180.0,1850.0,2030.0,True,Under_Investigation
CLM_0002045,VEH_003113,DLR_NO_002,GEO_NO,20260910,2026-09-10,Infotainment_OTA,ERR_INFOTAINMENT_OTA_DIAG,8,10328,5.0,600.0,150.0,750.0,False,Under_Investigation
CLM_0002046,VEH_008745,DLR_NL_002,GEO_NL,20261228,2026-12-28,HV_Battery_Pack,ERR_HV_BATTERY_PACK_DIAG,18,24660,3.5,420.0,4500.0,4920.0,True,Under_Investigation
CLM_0002047,VEH_003944,DLR_NL_002,GEO_NL,20251015,2025-10-15,Electric_Drive_Inverter,ERR_ELECTRIC_DRIVE_INVERTER_DIAG,1,1133,5.0,600.0,1850.0,2450.0,True,Reimbursed
CLM_0002048,VEH_006560,DLR_UK_001,GEO_UK,20260505,2026-05-05,Electric_Drive_Inverter,ERR_ELECTRIC_DRIVE_INVERTER_DIAG,2,2916,3.5,420.0,1850.0,2270.0,True,Under_Investigation
CLM_0002049,VEH_003595,DLR_DE_002,GEO_DE,20251016,2025-10-16,Infotainment_OTA,ERR_INFOTAINMENT_OTA_DIAG,20,27460,2.0,240.0,150.0,390.0,False,Approved
CLM_0002050,VEH_005242,DLR_IT_001,GEO_IT,20250708,2025-07-08,HV_Battery_Pack,ERR_HV_BATTERY_PACK_DIAG,5,6585,5.0,600.0,4500.0,5100.0,True,Approved
CLM_0002051,VEH_010037,DLR_SE_001,GEO_SE,20261228,2026-12-28,ADAS_Vision_Sensor,ERR_ADAS_VISION_SENSOR_DIAG,17,29376,1.5,180.0,1100.0,1280.0,True,Under_Investigation
CLM_0002052,VEH_009341,DLR_DE_001,GEO_DE,20260228,2026-02-28,HV_Battery_Pack,ERR_HV_BATTERY_PACK_DIAG,10,15500,1.5,180.0,4500.0,4680.0,True,Approved
CLM_0002053,VEH_009140,DLR_NO_001,GEO_NO,20261228,2026-12-28,Electric_Drive_Inverter,ERR_ELECTRIC_DRIVE_INVERTER_DIAG,19,23579,3.5,420.0,1850.0,2270.0,True,Reimbursed
CLM_0002054,VEH_009619,DLR_IT_002,GEO_IT,20250212,2025-02-12,Infotainment_OTA,ERR_INFOTAINMENT_OTA_DIAG,9,14832,2.0,240.0,150.0,390.0,False,Approved
CLM_0002055,VEH_002459,DLR_NL_002,GEO_NL,20260210,2026-02-10,Infotainment_OTA,ERR_INFOTAINMENT_OTA_DIAG,20,25120,1.5,180.0,150.0,330.0,False,Reimbursed
CLM_0002056,VEH_003802,DLR_NL_001,GEO_NL,20260826,2026-08-26,HV_Battery_Pack,ERR_HV_BATTERY_PACK_DIAG,12,13656,1.5,180.0,4500.0,4680.0,True,Under_Investigation
CLM_0002057,VEH_008660,DLR_NO_001,GEO_NO,20261228,2026-12-28,HV_Battery_Pack,ERR_HV_BATTERY_PACK_DIAG,22,38148,3.5,420.0,4500.0,4920.0,True,Approved
CLM_0002058,VEH_005950,DLR_DE_002,GEO_DE,20261228,2026-12-28,Infotainment_OTA,ERR_INFOTAINMENT_OTA_DIAG,24,42960,2.0,240.0,150.0,390.0,False,Reimbursed
CLM_0002059,VEH_000591,DLR_UK_001,GEO_UK,20261228,2026-12-28,HV_Battery_Pack,ERR_HV_BATTERY_PACK_DIAG,21,27972,2.0,240.0,4500.0,4740.0,True,Reimbursed
CLM_0002060,VEH_000194,DLR_US_001,GEO_US,20261228,2026-12-28,Electric_Drive_Inverter,ERR_ELECTRIC_DRIVE_INVERTER_DIAG,22,25872,5.0,600.0,1850.0,2450.0,True,Reimbursed
CLM_0002061,VEH_007858,DLR_SE_001,GEO_SE,20261010,2026-10-10,ADAS_Vision_Sensor,ERR_ADAS_VISION_SENSOR_DIAG,9,10557,1.5,180.0,1100.0,1280.0,True,Approved
CLM_0002062,VEH_002980,DLR_NL_002,GEO_NL,20261228,2026-12-28,Electric_Drive_Inverter,ERR_ELECTRIC_DRIVE_INVERTER_DIAG,17,26894,5.0,600.0,1850.0,2450.0,True,Reimbursed
CLM_0002063,VEH_002588,DLR_NO_002,GEO_NO,20260416,2026-04-16,ADAS_Vision_Sensor,ERR_ADAS_VISION_SENSOR_DIAG,14,15582,1.5,180.0,1100.0,1280.0,True,Reimbursed
CLM_0002064,VEH_009181,DLR_UK_001,GEO_UK,20261228,2026-12-28,HV_Battery_Pack,ERR_HV_BATTERY_PACK_DIAG,12,16104,5.0,600.0,4500.0,5100.0,True,Reimbursed
CLM_0002065,VEH_006471,DLR_NL_001,GEO_NL,20261120,2026-11-20,Electric_Drive_Inverter,ERR_ELECTRIC_DRIVE_INVERTER_DIAG,14,15498,3.5,420.0,1850.0,2270.0,True,Reimbursed
CLM_0002066,VEH_001495,DLR_SE_002,GEO_SE,20240725,2024-07-25,HV_Battery_Pack,ERR_HV_BATTERY_PACK_DIAG,3,4008,3.5,420.0,4500.0,4920.0,True,Approved
CLM_0002067,VEH_004983,DLR_NO_001,GEO_NO,20241220,2024-12-20,Air_Suspension,ERR_AIR_SUSPENSION_DIAG,1,1473,2.0,240.0,850.0,1090.0,False,Under_Investigation
CLM_0002068,VEH_000153,DLR_NO_001,GEO_NO,20261228,2026-12-28,Electric_Drive_Inverter,ERR_ELECTRIC_DRIVE_INVERTER_DIAG,16,26304,5.0,600.0,1850.0,2450.0,True,Reimbursed
CLM_0002069,VEH_001056,DLR_NO_001,GEO_NO,20261228,2026-12-28,Electric_Drive_Inverter,ERR_ELECTRIC_DRIVE_INVERTER_DIAG,23,41377,5.0,600.0,1850.0,2450.0,True,Under_Investigation
CLM_0002070,VEH_001657,DLR_NO_002,GEO_NO,20261228,2026-12-28,Air_Suspension,ERR_AIR_SUSPENSION_DIAG,23,28911,5.0,600.0,850.0,1450.0,False,Approved
CLM_0002071,VEH_009612,DLR_DE_002,GEO_DE,20261228,2026-12-28,HV_Battery_Pack,ERR_HV_BATTERY_PACK_DIAG,8,10896,5.0,600.0,4500.0,5100.0,True,Under_Investigation
CLM_0002072,VEH_009842,DLR_IT_002,GEO_IT,20251221,2025-12-21,HV_Battery_Pack,ERR_HV_BATTERY_PACK_DIAG,21,27951,1.5,180.0,4500.0,4680.0,True,Approved
CLM_0002073,VEH_004727,DLR_NO_002,GEO_NO,20251014,2025-10-14,Infotainment_OTA,ERR_INFOTAINMENT_OTA_DIAG,1,1578,1.5,180.0,150.0,330.0,False,Reimbursed
CLM_0002074,VEH_005638,DLR_DE_001,GEO_DE,20261003,2026-10-03,Electric_Drive_Inverter,ERR_ELECTRIC_DRIVE_INVERTER_DIAG,10,14260,2.0,240.0,1850.0,2090.0,True,Approved
CLM_0002075,VEH_001270,DLR_UK_001,GEO_UK,20261001,2026-10-01,Air_Suspension,ERR_AIR_SUSPENSION_DIAG,8,9840,2.0,240.0,850.0,1090.0,False,Reimbursed
CLM_0002076,VEH_009891,DLR_DE_001,GEO_DE,20260817,2026-08-17,Electric_Drive_Inverter,ERR_ELECTRIC_DRIVE_INVERTER_DIAG,5,6485,3.5,420.0,1850.0,2270.0,True,Under_Investigation
CLM_0002077,VEH_007671,DLR_US_001,GEO_US,20240502,2024-05-02,HV_Battery_Pack,ERR_HV_BATTERY_PACK_DIAG,2,3136,5.0,600.0,4500.0,5100.0,True,Reimbursed
CLM_0002078,VEH_007067,DLR_NO_001,GEO_NO,20261228,2026-12-28,Electric_Drive_Inverter,ERR_ELECTRIC_DRIVE_INVERTER_DIAG,19,23750,5.0,600.0,1850.0,2450.0,True,Under_Investigation
CLM_0002079,VEH_009783,DLR_SE_001,GEO_SE,20260816,2026-08-16,HV_Battery_Pack,ERR_HV_BATTERY_PACK_DIAG,23,38847,2.0,240.0,4500.0,4740.0,True,Approved
CLM_0002080,VEH_001990,DLR_DE_002,GEO_DE,20261228,2026-12-28,HV_Battery_Pack,ERR_HV_BATTERY_PACK_DIAG,22,37686,3.5,420.0,4500.0,4920.0,True,Under_Investigation
CLM_0002081,VEH_002415,DLR_US_001,GEO_US,20251019,2025-10-19,Infotainment_OTA,ERR_INFOTAINMENT_OTA_DIAG,19,29564,5.0,600.0,150.0,750.0,False,Under_Investigation
CLM_0002082,VEH_001441,DLR_IT_001,GEO_IT,20261228,2026-12-28,Infotainment_OTA,ERR_INFOTAINMENT_OTA_DIAG,24,28416,2.0,240.0,150.0,390.0,False,Under_Investigation
CLM_0002083,VEH_004043,DLR_IT_002,GEO_IT,20260702,2026-07-02,HV_Battery_Pack,ERR_HV_BATTERY_PACK_DIAG,20,33380,1.5,180.0,4500.0,4680.0,True,Approved
CLM_0002084,VEH_007810,DLR_US_001,GEO_US,20261228,2026-12-28,Electric_Drive_Inverter,ERR_ELECTRIC_DRIVE_INVERTER_DIAG,15,18360,2.0,240.0,1850.0,2090.0,True,Reimbursed
CLM_0002085,VEH_004434,DLR_NO_002,GEO_NO,20261228,2026-12-28,Air_Suspension,ERR_AIR_SUSPENSION_DIAG,13,21294,1.5,180.0,850.0,1030.0,False,Reimbursed
CLM_0002086,VEH_009922,DLR_IT_001,GEO_IT,20250924,2025-09-24,HV_Battery_Pack,ERR_HV_BATTERY_PACK_DIAG,4,5744,2.0,240.0,4500.0,4740.0,True,Under_Investigation
CLM_0002087,VEH_005844,DLR_DE_002,GEO_DE,20260407,2026-04-07,Infotainment_OTA,ERR_INFOTAINMENT_OTA_DIAG,17,28135,5.0,600.0,150.0,750.0,False,Under_Investigation
CLM_0002088,VEH_001423,DLR_UK_001,GEO_UK,20261228,2026-12-28,Electric_Drive_Inverter,ERR_ELECTRIC_DRIVE_INVERTER_DIAG,17,28203,3.5,420.0,1850.0,2270.0,True,Approved
CLM_0002089,VEH_009410,DLR_IT_002,GEO_IT,20240331,2024-03-31,HV_Battery_Pack,ERR_HV_BATTERY_PACK_DIAG,1,1651,2.0,240.0,4500.0,4740.0,True,Under_Investigation
CLM_0002090,VEH_005107,DLR_NL_001,GEO_NL,20250825,2025-08-25,Infotainment_OTA,ERR_INFOTAINMENT_OTA_DIAG,14,25158,1.5,180.0,150.0,330.0,False,Approved
CLM_0002091,VEH_000081,DLR_DE_001,GEO_DE,20261029,2026-10-29,Infotainment_OTA,ERR_INFOTAINMENT_OTA_DIAG,13,15431,1.5,180.0,150.0,330.0,False,Reimbursed
CLM_0002092,VEH_000655,DLR_NO_001,GEO_NO,20260516,2026-05-16,Electric_Drive_Inverter,ERR_ELECTRIC_DRIVE_INVERTER_DIAG,15,18150,2.0,240.0,1850.0,2090.0,True,Approved
CLM_0002093,VEH_007898,DLR_NO_002,GEO_NO,20261228,2026-12-28,Electric_Drive_Inverter,ERR_ELECTRIC_DRIVE_INVERTER_DIAG,23,39399,1.5,180.0,1850.0,2030.0,True,Approved
CLM_0002094,VEH_006748,DLR_UK_001,GEO_UK,20261228,2026-12-28,Infotainment_OTA,ERR_INFOTAINMENT_OTA_DIAG,23,40940,5.0,600.0,150.0,750.0,False,Reimbursed
CLM_0002095,VEH_001816,DLR_NL_001,GEO_NL,20251104,2025-11-04,HV_Battery_Pack,ERR_HV_BATTERY_PACK_DIAG,16,24704,1.5,180.0,4500.0,4680.0,True,Approved
CLM_0002096,VEH_008615,DLR_NL_002,GEO_NL,20250414,2025-04-14,HV_Battery_Pack,ERR_HV_BATTERY_PACK_DIAG,2,3230,5.0,600.0,4500.0,5100.0,True,Under_Investigation
CLM_0002097,VEH_002279,DLR_SE_002,GEO_SE,20261003,2026-10-03,Air_Suspension,ERR_AIR_SUSPENSION_DIAG,7,12397,2.0,240.0,850.0,1090.0,False,Reimbursed
CLM_0002098,VEH_006047,DLR_US_001,GEO_US,20260115,2026-01-15,Infotainment_OTA,ERR_INFOTAINMENT_OTA_DIAG,21,28854,2.0,240.0,150.0,390.0,False,Under_Investigation
CLM_0002099,VEH_000509,DLR_NO_002,GEO_NO,20261228,2026-12-28,HV_Battery_Pack,ERR_HV_BATTERY_PACK_DIAG,22,35420,2.0,240.0,4500.0,4740.0,True,Reimbursed
CLM_0002100,VEH_006369,DLR_DE_002,GEO_DE,20261228,2026-12-28,HV_Battery_Pack,ERR_HV_BATTERY_PACK_DIAG,22,35112,2.0,240.0,4500.0,4740.0,True,Reimbursed
CLM_0002101,VEH_006041,DLR_UK_001,GEO_UK,20261228,2026-12-28,Infotainment_OTA,ERR_INFOTAINMENT_OTA_DIAG,18,19854,5.0,600.0,150.0,750.0,False,Under_Investigation
CLM_0002102,VEH_010029,DLR_NL_002,GEO_NL,20260707,2026-07-07,HV_Battery_Pack,ERR_HV_BATTERY_PACK_DIAG,13,17368,2.0,240.0,4500.0,4740.0,True,Under_Investigation
CLM_0002103,VEH_005294,DLR_IT_002,GEO_IT,20241001,2024-10-01,HV_Battery_Pack,ERR_HV_BATTERY_PACK_DIAG,3,3447,2.0,240.0,4500.0,4740.0,True,Under_Investigation
CLM_0002104,VEH_004157,DLR_NO_002,GEO_NO,20261128,2026-11-28,HV_Battery_Pack,ERR_HV_BATTERY_PACK_DIAG,13,15717,1.5,180.0,4500.0,4680.0,True,Under_Investigation
CLM_0002105,VEH_004511,DLR_IT_001,GEO_IT,20261012,2026-10-12,Electric_Drive_Inverter,ERR_ELECTRIC_DRIVE_INVERTER_DIAG,6,9138,2.0,240.0,1850.0,2090.0,True,Reimbursed
CLM_0002106,VEH_005276,DLR_DE_002,GEO_DE,20260318,2026-03-18,Electric_Drive_Inverter,ERR_ELECTRIC_DRIVE_INVERTER_DIAG,2,2324,5.0,600.0,1850.0,2450.0,True,Approved
CLM_0002107,VEH_004177,DLR_DE_001,GEO_DE,20251016,2025-10-16,HV_Battery_Pack,ERR_HV_BATTERY_PACK_DIAG,2,3062,2.0,240.0,4500.0,4740.0,True,Reimbursed
CLM_0002108,VEH_009891,DLR_DE_001,GEO_DE,20261116,2026-11-16,Air_Suspension,ERR_AIR_SUSPENSION_DIAG,8,13624,3.5,420.0,850.0,1270.0,False,Approved
CLM_0002109,VEH_000025,DLR_US_001,GEO_US,20260505,2026-05-05,ADAS_Vision_Sensor,ERR_ADAS_VISION_SENSOR_DIAG,12,21468,2.0,240.0,1100.0,1340.0,True,Approved
CLM_0002110,VEH_002426,DLR_IT_002,GEO_IT,20250322,2025-03-22,ADAS_Vision_Sensor,ERR_ADAS_VISION_SENSOR_DIAG,13,21151,2.0,240.0,1100.0,1340.0,True,Under_Investigation
CLM_0002111,VEH_008189,DLR_NL_002,GEO_NL,20251228,2025-12-28,ADAS_Vision_Sensor,ERR_ADAS_VISION_SENSOR_DIAG,18,21006,3.5,420.0,1100.0,1520.0,True,Reimbursed
CLM_0002112,VEH_002646,DLR_US_001,GEO_US,20260921,2026-09-21,Air_Suspension,ERR_AIR_SUSPENSION_DIAG,4,6912,3.5,420.0,850.0,1270.0,False,Reimbursed
CLM_0002113,VEH_003495,DLR_UK_001,GEO_UK,20260220,2026-02-20,ADAS_Vision_Sensor,ERR_ADAS_VISION_SENSOR_DIAG,24,27744,1.5,180.0,1100.0,1280.0,True,Approved
CLM_0002114,VEH_006561,DLR_NL_001,GEO_NL,20251021,2025-10-21,Air_Suspension,ERR_AIR_SUSPENSION_DIAG,20,26120,2.0,240.0,850.0,1090.0,False,Reimbursed
CLM_0002115,VEH_004230,DLR_SE_001,GEO_SE,20260528,2026-05-28,ADAS_Vision_Sensor,ERR_ADAS_VISION_SENSOR_DIAG,3,3642,1.5,180.0,1100.0,1280.0,True,Under_Investigation
CLM_0002116,VEH_004605,DLR_US_001,GEO_US,20261001,2026-10-01,ADAS_Vision_Sensor,ERR_ADAS_VISION_SENSOR_DIAG,20,28640,5.0,600.0,1100.0,1700.0,True,Under_Investigation
CLM_0002117,VEH_001557,DLR_UK_001,GEO_UK,20260121,2026-01-21,HV_Battery_Pack,ERR_HV_BATTERY_PACK_DIAG,8,9904,2.0,240.0,4500.0,4740.0,True,Under_Investigation
CLM_0002118,VEH_003872,DLR_IT_001,GEO_IT,20261228,2026-12-28,Electric_Drive_Inverter,ERR_ELECTRIC_DRIVE_INVERTER_DIAG,20,24060,2.0,240.0,1850.0,2090.0,True,Approved
CLM_0002119,VEH_003320,DLR_DE_001,GEO_DE,20261228,2026-12-28,HV_Battery_Pack,ERR_HV_BATTERY_PACK_DIAG,24,40728,3.5,420.0,4500.0,4920.0,True,Under_Investigation
CLM_0002120,VEH_003370,DLR_IT_002,GEO_IT,20260929,2026-09-29,Electric_Drive_Inverter,ERR_ELECTRIC_DRIVE_INVERTER_DIAG,11,18392,3.5,420.0,1850.0,2270.0,True,Under_Investigation
CLM_0002121,VEH_004752,DLR_DE_002,GEO_DE,20260919,2026-09-19,HV_Battery_Pack,ERR_HV_BATTERY_PACK_DIAG,24,32472,5.0,600.0,4500.0,5100.0,True,Approved
CLM_0002122,VEH_002567,DLR_NO_001,GEO_NO,20261228,2026-12-28,ADAS_Vision_Sensor,ERR_ADAS_VISION_SENSOR_DIAG,17,22457,5.0,600.0,1100.0,1700.0,True,Reimbursed
CLM_0002123,VEH_003433,DLR_DE_002,GEO_DE,20261116,2026-11-16,Electric_Drive_Inverter,ERR_ELECTRIC_DRIVE_INVERTER_DIAG,19,29716,5.0,600.0,1850.0,2450.0,True,Approved
CLM_0002124,VEH_008021,DLR_IT_002,GEO_IT,20260531,2026-05-31,HV_Battery_Pack,ERR_HV_BATTERY_PACK_DIAG,6,7806,3.5,420.0,4500.0,4920.0,True,Reimbursed
CLM_0002125,VEH_008071,DLR_IT_002,GEO_IT,20260304,2026-03-04,Electric_Drive_Inverter,ERR_ELECTRIC_DRIVE_INVERTER_DIAG,13,15769,3.5,420.0,1850.0,2270.0,True,Approved
CLM_0002126,VEH_004523,DLR_IT_001,GEO_IT,20260207,2026-02-07,HV_Battery_Pack,ERR_HV_BATTERY_PACK_DIAG,11,18480,3.5,420.0,4500.0,4920.0,True,Under_Investigation
CLM_0002127,VEH_007566,DLR_IT_001,GEO_IT,20261228,2026-12-28,HV_Battery_Pack,ERR_HV_BATTERY_PACK_DIAG,21,29967,5.0,600.0,4500.0,5100.0,True,Approved
CLM_0002128,VEH_006535,DLR_US_001,GEO_US,20250328,2025-03-28,Electric_Drive_Inverter,ERR_ELECTRIC_DRIVE_INVERTER_DIAG,1,1381,3.5,420.0,1850.0,2270.0,True,Reimbursed
CLM_0002129,VEH_007765,DLR_SE_002,GEO_SE,20240315,2024-03-15,HV_Battery_Pack,ERR_HV_BATTERY_PACK_DIAG,1,1514,1.5,180.0,4500.0,4680.0,True,Under_Investigation
CLM_0002130,VEH_004056,DLR_NO_002,GEO_NO,20251128,2025-11-28,ADAS_Vision_Sensor,ERR_ADAS_VISION_SENSOR_DIAG,3,4584,1.5,180.0,1100.0,1280.0,True,Reimbursed
CLM_0002131,VEH_009614,DLR_IT_002,GEO_IT,20260303,2026-03-03,Electric_Drive_Inverter,ERR_ELECTRIC_DRIVE_INVERTER_DIAG,20,33740,1.5,180.0,1850.0,2030.0,True,Reimbursed
CLM_0002132,VEH_007384,DLR_NO_001,GEO_NO,20261228,2026-12-28,ADAS_Vision_Sensor,ERR_ADAS_VISION_SENSOR_DIAG,12,13332,5.0,600.0,1100.0,1700.0,True,Under_Investigation
CLM_0002133,VEH_007690,DLR_SE_002,GEO_SE,20261125,2026-11-25,ADAS_Vision_Sensor,ERR_ADAS_VISION_SENSOR_DIAG,19,24320,3.5,420.0,1100.0,1520.0,True,Reimbursed
CLM_0002134,VEH_005128,DLR_SE_001,GEO_SE,20251218,2025-12-18,Air_Suspension,ERR_AIR_SUSPENSION_DIAG,7,8036,5.0,600.0,850.0,1450.0,False,Approved
CLM_0002135,VEH_000578,DLR_IT_002,GEO_IT,20250513,2025-05-13,Air_Suspension,ERR_AIR_SUSPENSION_DIAG,11,17149,2.0,240.0,850.0,1090.0,False,Approved
CLM_0002136,VEH_006500,DLR_DE_002,GEO_DE,20260814,2026-08-14,HV_Battery_Pack,ERR_HV_BATTERY_PACK_DIAG,6,9414,2.0,240.0,4500.0,4740.0,True,Reimbursed
CLM_0002137,VEH_007246,DLR_NL_001,GEO_NL,20260317,2026-03-17,Infotainment_OTA,ERR_INFOTAINMENT_OTA_DIAG,4,5084,5.0,600.0,150.0,750.0,False,Approved
CLM_0002138,VEH_005687,DLR_DE_002,GEO_DE,20261228,2026-12-28,Electric_Drive_Inverter,ERR_ELECTRIC_DRIVE_INVERTER_DIAG,17,19244,3.5,420.0,1850.0,2270.0,True,Under_Investigation
CLM_0002139,VEH_005248,DLR_DE_001,GEO_DE,20261228,2026-12-28,Electric_Drive_Inverter,ERR_ELECTRIC_DRIVE_INVERTER_DIAG,13,15977,5.0,600.0,1850.0,2450.0,True,Under_Investigation
CLM_0002140,VEH_004712,DLR_IT_001,GEO_IT,20241026,2024-10-26,ADAS_Vision_Sensor,ERR_ADAS_VISION_SENSOR_DIAG,3,5082,3.5,420.0,1100.0,1520.0,True,Reimbursed
CLM_0002141,VEH_008647,DLR_SE_002,GEO_SE,20250127,2025-01-27,Air_Suspension,ERR_AIR_SUSPENSION_DIAG,3,4287,3.5,420.0,850.0,1270.0,False,Under_Investigation
CLM_0002142,VEH_008632,DLR_IT_001,GEO_IT,20261228,2026-12-28,Infotainment_OTA,ERR_INFOTAINMENT_OTA_DIAG,23,28290,2.0,240.0,150.0,390.0,False,Under_Investigation
CLM_0002143,VEH_006449,DLR_NO_002,GEO_NO,20261228,2026-12-28,HV_Battery_Pack,ERR_HV_BATTERY_PACK_DIAG,15,19860,5.0,600.0,4500.0,5100.0,True,Reimbursed
CLM_0002144,VEH_004595,DLR_DE_002,GEO_DE,20261112,2026-11-12,Air_Suspension,ERR_AIR_SUSPENSION_DIAG,20,22680,5.0,600.0,850.0,1450.0,False,Approved
CLM_0002145,VEH_001581,DLR_NO_001,GEO_NO,20260507,2026-05-07,ADAS_Vision_Sensor,ERR_ADAS_VISION_SENSOR_DIAG,21,29841,2.0,240.0,1100.0,1340.0,True,Reimbursed
CLM_0002146,VEH_009479,DLR_SE_001,GEO_SE,20260817,2026-08-17,HV_Battery_Pack,ERR_HV_BATTERY_PACK_DIAG,23,26013,3.5,420.0,4500.0,4920.0,True,Reimbursed
CLM_0002147,VEH_002208,DLR_IT_001,GEO_IT,20261205,2026-12-05,HV_Battery_Pack,ERR_HV_BATTERY_PACK_DIAG,6,10290,1.5,180.0,4500.0,4680.0,True,Approved
CLM_0002148,VEH_007588,DLR_NO_002,GEO_NO,20251210,2025-12-10,ADAS_Vision_Sensor,ERR_ADAS_VISION_SENSOR_DIAG,11,12210,2.0,240.0,1100.0,1340.0,True,Under_Investigation
CLM_0002149,VEH_007164,DLR_UK_001,GEO_UK,20260730,2026-07-30,Air_Suspension,ERR_AIR_SUSPENSION_DIAG,7,11907,2.0,240.0,850.0,1090.0,False,Under_Investigation
CLM_0002150,VEH_004509,DLR_IT_001,GEO_IT,20261228,2026-12-28,HV_Battery_Pack,ERR_HV_BATTERY_PACK_DIAG,14,17556,1.5,180.0,4500.0,4680.0,True,Reimbursed
CLM_0002151,VEH_005952,DLR_NO_002,GEO_NO,20260119,2026-01-19,Air_Suspension,ERR_AIR_SUSPENSION_DIAG,6,10368,5.0,600.0,850.0,1450.0,False,Reimbursed
CLM_0002152,VEH_009359,DLR_NO_002,GEO_NO,20250621,2025-06-21,Electric_Drive_Inverter,ERR_ELECTRIC_DRIVE_INVERTER_DIAG,17,28118,5.0,600.0,1850.0,2450.0,True,Approved
CLM_0002153,VEH_003936,DLR_DE_001,GEO_DE,20251013,2025-10-13,ADAS_Vision_Sensor,ERR_ADAS_VISION_SENSOR_DIAG,12,20892,2.0,240.0,1100.0,1340.0,True,Under_Investigation
CLM_0002154,VEH_008482,DLR_NO_002,GEO_NO,20261228,2026-12-28,ADAS_Vision_Sensor,ERR_ADAS_VISION_SENSOR_DIAG,22,33770,2.0,240.0,1100.0,1340.0,True,Under_Investigation
CLM_0002155,VEH_005268,DLR_US_001,GEO_US,20261228,2026-12-28,HV_Battery_Pack,ERR_HV_BATTERY_PACK_DIAG,21,25221,5.0,600.0,4500.0,5100.0,True,Approved
CLM_0002156,VEH_008345,DLR_NL_002,GEO_NL,20260228,2026-02-28,Air_Suspension,ERR_AIR_SUSPENSION_DIAG,1,1465,5.0,600.0,850.0,1450.0,False,Under_Investigation
CLM_0002157,VEH_006534,DLR_NL_001,GEO_NL,20240915,2024-09-15,Infotainment_OTA,ERR_INFOTAINMENT_OTA_DIAG,5,6850,5.0,600.0,150.0,750.0,False,Under_Investigation
CLM_0002158,VEH_006771,DLR_NL_001,GEO_NL,20251021,2025-10-21,HV_Battery_Pack,ERR_HV_BATTERY_PACK_DIAG,18,24246,5.0,600.0,4500.0,5100.0,True,Approved
CLM_0002159,VEH_000213,DLR_IT_001,GEO_IT,20251111,2025-11-11,Electric_Drive_Inverter,ERR_ELECTRIC_DRIVE_INVERTER_DIAG,22,30294,2.0,240.0,1850.0,2090.0,True,Under_Investigation
CLM_0002160,VEH_001994,DLR_DE_002,GEO_DE,20240404,2024-04-04,Air_Suspension,ERR_AIR_SUSPENSION_DIAG,1,1140,3.5,420.0,850.0,1270.0,False,Under_Investigation
CLM_0002161,VEH_002358,DLR_NO_002,GEO_NO,20250829,2025-08-29,Infotainment_OTA,ERR_INFOTAINMENT_OTA_DIAG,13,21151,3.5,420.0,150.0,570.0,False,Approved
CLM_0002162,VEH_004358,DLR_IT_002,GEO_IT,20250816,2025-08-16,Electric_Drive_Inverter,ERR_ELECTRIC_DRIVE_INVERTER_DIAG,18,32166,5.0,600.0,1850.0,2450.0,True,Approved
CLM_0002163,VEH_009225,DLR_SE_001,GEO_SE,20261228,2026-12-28,HV_Battery_Pack,ERR_HV_BATTERY_PACK_DIAG,24,39048,5.0,600.0,4500.0,5100.0,True,Under_Investigation
CLM_0002164,VEH_005813,DLR_DE_001,GEO_DE,20251112,2025-11-12,Electric_Drive_Inverter,ERR_ELECTRIC_DRIVE_INVERTER_DIAG,16,19744,5.0,600.0,1850.0,2450.0,True,Under_Investigation
CLM_0002165,VEH_002925,DLR_IT_001,GEO_IT,20260719,2026-07-19,Electric_Drive_Inverter,ERR_ELECTRIC_DRIVE_INVERTER_DIAG,8,9496,5.0,600.0,1850.0,2450.0,True,Reimbursed
CLM_0002166,VEH_001491,DLR_SE_001,GEO_SE,20250601,2025-06-01,ADAS_Vision_Sensor,ERR_ADAS_VISION_SENSOR_DIAG,16,19520,5.0,600.0,1100.0,1700.0,True,Approved
CLM_0002167,VEH_003187,DLR_IT_001,GEO_IT,20260221,2026-02-21,Electric_Drive_Inverter,ERR_ELECTRIC_DRIVE_INVERTER_DIAG,16,20160,2.0,240.0,1850.0,2090.0,True,Approved
CLM_0002168,VEH_003633,DLR_IT_001,GEO_IT,20260224,2026-02-24,Electric_Drive_Inverter,ERR_ELECTRIC_DRIVE_INVERTER_DIAG,8,13584,3.5,420.0,1850.0,2270.0,True,Approved
CLM_0002169,VEH_004643,DLR_NL_001,GEO_NL,20260819,2026-08-19,Electric_Drive_Inverter,ERR_ELECTRIC_DRIVE_INVERTER_DIAG,12,17376,5.0,600.0,1850.0,2450.0,True,Reimbursed
CLM_0002170,VEH_001055,DLR_NO_001,GEO_NO,20261228,2026-12-28,Electric_Drive_Inverter,ERR_ELECTRIC_DRIVE_INVERTER_DIAG,10,16850,1.5,180.0,1850.0,2030.0,True,Approved
CLM_0002171,VEH_000740,DLR_NO_002,GEO_NO,20241003,2024-10-03,ADAS_Vision_Sensor,ERR_ADAS_VISION_SENSOR_DIAG,1,1490,2.0,240.0,1100.0,1340.0,True,Under_Investigation
CLM_0002172,VEH_004682,DLR_US_001,GEO_US,20241220,2024-12-20,ADAS_Vision_Sensor,ERR_ADAS_VISION_SENSOR_DIAG,11,16665,5.0,600.0,1100.0,1700.0,True,Under_Investigation
CLM_0002173,VEH_006153,DLR_US_001,GEO_US,20261202,2026-12-02,Air_Suspension,ERR_AIR_SUSPENSION_DIAG,6,8994,2.0,240.0,850.0,1090.0,False,Reimbursed
CLM_0002174,VEH_008540,DLR_DE_001,GEO_DE,20261228,2026-12-28,HV_Battery_Pack,ERR_HV_BATTERY_PACK_DIAG,15,19920,3.5,420.0,4500.0,4920.0,True,Approved
CLM_0002175,VEH_005563,DLR_NO_001,GEO_NO,20261228,2026-12-28,Electric_Drive_Inverter,ERR_ELECTRIC_DRIVE_INVERTER_DIAG,22,36366,3.5,420.0,1850.0,2270.0,True,Under_Investigation
CLM_0002176,VEH_002783,DLR_IT_002,GEO_IT,20251006,2025-10-06,Electric_Drive_Inverter,ERR_ELECTRIC_DRIVE_INVERTER_DIAG,12,21444,3.5,420.0,1850.0,2270.0,True,Approved
CLM_0002177,VEH_008047,DLR_DE_001,GEO_DE,20260730,2026-07-30,Electric_Drive_Inverter,ERR_ELECTRIC_DRIVE_INVERTER_DIAG,5,6085,5.0,600.0,1850.0,2450.0,True,Reimbursed
CLM_0002178,VEH_008104,DLR_NL_001,GEO_NL,20261228,2026-12-28,HV_Battery_Pack,ERR_HV_BATTERY_PACK_DIAG,23,30866,5.0,600.0,4500.0,5100.0,True,Reimbursed
CLM_0002179,VEH_003873,DLR_IT_001,GEO_IT,20261228,2026-12-28,Electric_Drive_Inverter,ERR_ELECTRIC_DRIVE_INVERTER_DIAG,24,35880,1.5,180.0,1850.0,2030.0,True,Reimbursed
CLM_0002180,VEH_006867,DLR_IT_002,GEO_IT,20260618,2026-06-18,Air_Suspension,ERR_AIR_SUSPENSION_DIAG,3,5205,5.0,600.0,850.0,1450.0,False,Reimbursed
CLM_0002181,VEH_005457,DLR_US_001,GEO_US,20250129,2025-01-29,HV_Battery_Pack,ERR_HV_BATTERY_PACK_DIAG,12,14928,2.0,240.0,4500.0,4740.0,True,Reimbursed
CLM_0002182,VEH_009128,DLR_IT_002,GEO_IT,20261228,2026-12-28,HV_Battery_Pack,ERR_HV_BATTERY_PACK_DIAG,12,20604,2.0,240.0,4500.0,4740.0,True,Approved
CLM_0002183,VEH_009148,DLR_US_001,GEO_US,20250416,2025-04-16,Electric_Drive_Inverter,ERR_ELECTRIC_DRIVE_INVERTER_DIAG,4,5952,2.0,240.0,1850.0,2090.0,True,Approved
CLM_0002184,VEH_000891,DLR_NL_002,GEO_NL,20260629,2026-06-29,HV_Battery_Pack,ERR_HV_BATTERY_PACK_DIAG,11,12430,5.0,600.0,4500.0,5100.0,True,Approved
CLM_0002185,VEH_005317,DLR_IT_001,GEO_IT,20261228,2026-12-28,Electric_Drive_Inverter,ERR_ELECTRIC_DRIVE_INVERTER_DIAG,23,25783,5.0,600.0,1850.0,2450.0,True,Approved
CLM_0002186,VEH_006840,DLR_SE_001,GEO_SE,20250105,2025-01-05,Air_Suspension,ERR_AIR_SUSPENSION_DIAG,2,2628,5.0,600.0,850.0,1450.0,False,Approved
CLM_0002187,VEH_001425,DLR_NL_001,GEO_NL,20260417,2026-04-17,Air_Suspension,ERR_AIR_SUSPENSION_DIAG,22,33858,1.5,180.0,850.0,1030.0,False,Under_Investigation
CLM_0002188,VEH_000907,DLR_SE_001,GEO_SE,20250331,2025-03-31,ADAS_Vision_Sensor,ERR_ADAS_VISION_SENSOR_DIAG,5,6880,1.5,180.0,1100.0,1280.0,True,Under_Investigation
CLM_0002189,VEH_001307,DLR_SE_002,GEO_SE,20250417,2025-04-17,HV_Battery_Pack,ERR_HV_BATTERY_PACK_DIAG,15,25560,1.5,180.0,4500.0,4680.0,True,Reimbursed
CLM_0002190,VEH_003007,DLR_UK_001,GEO_UK,20260614,2026-06-14,ADAS_Vision_Sensor,ERR_ADAS_VISION_SENSOR_DIAG,19,25118,2.0,240.0,1100.0,1340.0,True,Reimbursed
CLM_0002191,VEH_005257,DLR_SE_001,GEO_SE,20240313,2024-03-13,ADAS_Vision_Sensor,ERR_ADAS_VISION_SENSOR_DIAG,1,1476,1.5,180.0,1100.0,1280.0,True,Approved
CLM_0002192,VEH_003143,DLR_NO_002,GEO_NO,20261228,2026-12-28,HV_Battery_Pack,ERR_HV_BATTERY_PACK_DIAG,23,29624,2.0,240.0,4500.0,4740.0,True,Reimbursed
CLM_0002193,VEH_002384,DLR_NL_001,GEO_NL,20250422,2025-04-22,HV_Battery_Pack,ERR_HV_BATTERY_PACK_DIAG,7,11858,1.5,180.0,4500.0,4680.0,True,Under_Investigation
CLM_0002194,VEH_000847,DLR_IT_002,GEO_IT,20261003,2026-10-03,HV_Battery_Pack,ERR_HV_BATTERY_PACK_DIAG,24,38664,3.5,420.0,4500.0,4920.0,True,Reimbursed
CLM_0002195,VEH_002668,DLR_NO_002,GEO_NO,20261228,2026-12-28,Electric_Drive_Inverter,ERR_ELECTRIC_DRIVE_INVERTER_DIAG,9,14472,5.0,600.0,1850.0,2450.0,True,Under_Investigation
CLM_0002196,VEH_009211,DLR_DE_002,GEO_DE,20251130,2025-11-30,Electric_Drive_Inverter,ERR_ELECTRIC_DRIVE_INVERTER_DIAG,6,7590,3.5,420.0,1850.0,2270.0,True,Under_Investigation
CLM_0002197,VEH_007274,DLR_US_001,GEO_US,20261228,2026-12-28,Electric_Drive_Inverter,ERR_ELECTRIC_DRIVE_INVERTER_DIAG,22,27434,5.0,600.0,1850.0,2450.0,True,Approved
CLM_0002198,VEH_000435,DLR_SE_001,GEO_SE,20260211,2026-02-11,Air_Suspension,ERR_AIR_SUSPENSION_DIAG,13,18421,1.5,180.0,850.0,1030.0,False,Reimbursed
CLM_0002199,VEH_007041,DLR_DE_001,GEO_DE,20261228,2026-12-28,HV_Battery_Pack,ERR_HV_BATTERY_PACK_DIAG,19,29317,2.0,240.0,4500.0,4740.0,True,Approved
CLM_0002200,VEH_007146,DLR_NL_001,GEO_NL,20261228,2026-12-28,HV_Battery_Pack,ERR_HV_BATTERY_PACK_DIAG,18,25830,1.5,180.0,4500.0,4680.0,True,Under_Investigation
CLM_0002201,VEH_002561,DLR_US_001,GEO_US,20261228,2026-12-28,HV_Battery_Pack,ERR_HV_BATTERY_PACK_DIAG,20,27740,5.0,600.0,4500.0,5100.0,True,Under_Investigation
CLM_0002202,VEH_007354,DLR_DE_002,GEO_DE,20261002,2026-10-02,HV_Battery_Pack,ERR_HV_BATTERY_PACK_DIAG,5,6125,1.5,180.0,4500.0,4680.0,True,Under_Investigation
CLM_0002203,VEH_003724,DLR_UK_001,GEO_UK,20261112,2026-11-12,HV_Battery_Pack,ERR_HV_BATTERY_PACK_DIAG,15,20355,2.0,240.0,4500.0,4740.0,True,Under_Investigation
CLM_0002204,VEH_001620,DLR_NO_002,GEO_NO,20261228,2026-12-28,Electric_Drive_Inverter,ERR_ELECTRIC_DRIVE_INVERTER_DIAG,15,20835,3.5,420.0,1850.0,2270.0,True,Reimbursed
CLM_0002205,VEH_006343,DLR_SE_002,GEO_SE,20261228,2026-12-28,Infotainment_OTA,ERR_INFOTAINMENT_OTA_DIAG,18,21852,2.0,240.0,150.0,390.0,False,Under_Investigation
CLM_0002206,VEH_000704,DLR_SE_002,GEO_SE,20260524,2026-05-24,Electric_Drive_Inverter,ERR_ELECTRIC_DRIVE_INVERTER_DIAG,19,29108,2.0,240.0,1850.0,2090.0,True,Reimbursed
CLM_0002207,VEH_006865,DLR_NL_001,GEO_NL,20260727,2026-07-27,Electric_Drive_Inverter,ERR_ELECTRIC_DRIVE_INVERTER_DIAG,21,34986,2.0,240.0,1850.0,2090.0,True,Reimbursed
CLM_0002208,VEH_009308,DLR_NO_001,GEO_NO,20240424,2024-04-24,ADAS_Vision_Sensor,ERR_ADAS_VISION_SENSOR_DIAG,1,1484,5.0,600.0,1100.0,1700.0,True,Approved
CLM_0002209,VEH_006342,DLR_NL_002,GEO_NL,20260410,2026-04-10,Electric_Drive_Inverter,ERR_ELECTRIC_DRIVE_INVERTER_DIAG,19,33326,1.5,180.0,1850.0,2030.0,True,Approved
CLM_0002210,VEH_001199,DLR_NO_002,GEO_NO,20261109,2026-11-09,ADAS_Vision_Sensor,ERR_ADAS_VISION_SENSOR_DIAG,7,7798,1.5,180.0,1100.0,1280.0,True,Approved
CLM_0002211,VEH_000264,DLR_DE_002,GEO_DE,20250820,2025-08-20,ADAS_Vision_Sensor,ERR_ADAS_VISION_SENSOR_DIAG,12,13212,2.0,240.0,1100.0,1340.0,True,Reimbursed
CLM_0002212,VEH_006003,DLR_DE_002,GEO_DE,20241014,2024-10-14,ADAS_Vision_Sensor,ERR_ADAS_VISION_SENSOR_DIAG,2,3282,2.0,240.0,1100.0,1340.0,True,Approved
CLM_0002213,VEH_002505,DLR_IT_002,GEO_IT,20250830,2025-08-30,Air_Suspension,ERR_AIR_SUSPENSION_DIAG,5,7125,3.5,420.0,850.0,1270.0,False,Approved
CLM_0002214,VEH_003732,DLR_NO_002,GEO_NO,20260221,2026-02-21,Infotainment_OTA,ERR_INFOTAINMENT_OTA_DIAG,3,3858,2.0,240.0,150.0,390.0,False,Approved
CLM_0002215,VEH_005398,DLR_NL_001,GEO_NL,20261029,2026-10-29,Infotainment_OTA,ERR_INFOTAINMENT_OTA_DIAG,21,37380,5.0,600.0,150.0,750.0,False,Approved
CLM_0002216,VEH_004893,DLR_IT_001,GEO_IT,20260320,2026-03-20,HV_Battery_Pack,ERR_HV_BATTERY_PACK_DIAG,23,31809,5.0,600.0,4500.0,5100.0,True,Approved
CLM_0002217,VEH_004562,DLR_UK_001,GEO_UK,20261228,2026-12-28,HV_Battery_Pack,ERR_HV_BATTERY_PACK_DIAG,19,31122,5.0,600.0,4500.0,5100.0,True,Approved
CLM_0002218,VEH_009070,DLR_DE_002,GEO_DE,20251109,2025-11-09,Air_Suspension,ERR_AIR_SUSPENSION_DIAG,4,5744,3.5,420.0,850.0,1270.0,False,Reimbursed
CLM_0002219,VEH_001365,DLR_NO_002,GEO_NO,20260406,2026-04-06,HV_Battery_Pack,ERR_HV_BATTERY_PACK_DIAG,16,18688,1.5,180.0,4500.0,4680.0,True,Reimbursed
CLM_0002220,VEH_006751,DLR_DE_001,GEO_DE,20260829,2026-08-29,HV_Battery_Pack,ERR_HV_BATTERY_PACK_DIAG,3,3558,5.0,600.0,4500.0,5100.0,True,Reimbursed
CLM_0002221,VEH_004966,DLR_UK_001,GEO_UK,20261211,2026-12-11,HV_Battery_Pack,ERR_HV_BATTERY_PACK_DIAG,10,11460,5.0,600.0,4500.0,5100.0,True,Reimbursed
CLM_0002222,VEH_007718,DLR_SE_001,GEO_SE,20260102,2026-01-02,Infotainment_OTA,ERR_INFOTAINMENT_OTA_DIAG,16,19760,3.5,420.0,150.0,570.0,False,Reimbursed
CLM_0002223,VEH_001415,DLR_US_001,GEO_US,20251218,2025-12-18,ADAS_Vision_Sensor,ERR_ADAS_VISION_SENSOR_DIAG,20,22560,1.5,180.0,1100.0,1280.0,True,Reimbursed
CLM_0002224,VEH_007351,DLR_UK_001,GEO_UK,20260406,2026-04-06,Infotainment_OTA,ERR_INFOTAINMENT_OTA_DIAG,10,17870,5.0,600.0,150.0,750.0,False,Under_Investigation
CLM_0002225,VEH_006021,DLR_DE_001,GEO_DE,20260729,2026-07-29,Electric_Drive_Inverter,ERR_ELECTRIC_DRIVE_INVERTER_DIAG,23,31809,5.0,600.0,1850.0,2450.0,True,Approved
CLM_0002226,VEH_007148,DLR_NO_002,GEO_NO,20261008,2026-10-08,Air_Suspension,ERR_AIR_SUSPENSION_DIAG,11,15125,5.0,600.0,850.0,1450.0,False,Approved
CLM_0002227,VEH_006236,DLR_SE_001,GEO_SE,20260407,2026-04-07,ADAS_Vision_Sensor,ERR_ADAS_VISION_SENSOR_DIAG,13,17823,1.5,180.0,1100.0,1280.0,True,Under_Investigation
CLM_0002228,VEH_005215,DLR_NL_001,GEO_NL,20261228,2026-12-28,Air_Suspension,ERR_AIR_SUSPENSION_DIAG,21,27216,2.0,240.0,850.0,1090.0,False,Reimbursed
CLM_0002229,VEH_008592,DLR_NL_001,GEO_NL,20261217,2026-12-17,Electric_Drive_Inverter,ERR_ELECTRIC_DRIVE_INVERTER_DIAG,24,35496,2.0,240.0,1850.0,2090.0,True,Approved
CLM_0002230,VEH_000654,DLR_US_001,GEO_US,20241123,2024-11-23,HV_Battery_Pack,ERR_HV_BATTERY_PACK_DIAG,10,16220,3.5,420.0,4500.0,4920.0,True,Reimbursed
CLM_0002231,VEH_004083,DLR_US_001,GEO_US,20260205,2026-02-05,Air_Suspension,ERR_AIR_SUSPENSION_DIAG,6,7428,1.5,180.0,850.0,1030.0,False,Approved
CLM_0002232,VEH_000323,DLR_IT_001,GEO_IT,20261228,2026-12-28,Infotainment_OTA,ERR_INFOTAINMENT_OTA_DIAG,17,25942,3.5,420.0,150.0,570.0,False,Under_Investigation
CLM_0002233,VEH_005325,DLR_SE_002,GEO_SE,20250128,2025-01-28,Electric_Drive_Inverter,ERR_ELECTRIC_DRIVE_INVERTER_DIAG,3,3597,1.5,180.0,1850.0,2030.0,True,Reimbursed
CLM_0002234,VEH_001433,DLR_DE_001,GEO_DE,20240911,2024-09-11,Air_Suspension,ERR_AIR_SUSPENSION_DIAG,8,12336,5.0,600.0,850.0,1450.0,False,Under_Investigation
CLM_0002235,VEH_003751,DLR_NO_002,GEO_NO,20250306,2025-03-06,HV_Battery_Pack,ERR_HV_BATTERY_PACK_DIAG,9,15633,1.5,180.0,4500.0,4680.0,True,Approved
CLM_0002236,VEH_005770,DLR_UK_001,GEO_UK,20260715,2026-07-15,HV_Battery_Pack,ERR_HV_BATTERY_PACK_DIAG,16,27408,3.5,420.0,4500.0,4920.0,True,Approved
CLM_0002237,VEH_007689,DLR_UK_001,GEO_UK,20260216,2026-02-16,ADAS_Vision_Sensor,ERR_ADAS_VISION_SENSOR_DIAG,13,20618,2.0,240.0,1100.0,1340.0,True,Reimbursed
CLM_0002238,VEH_008023,DLR_SE_002,GEO_SE,20260112,2026-01-12,Electric_Drive_Inverter,ERR_ELECTRIC_DRIVE_INVERTER_DIAG,23,30820,2.0,240.0,1850.0,2090.0,True,Approved
CLM_0002239,VEH_009486,DLR_SE_001,GEO_SE,20261228,2026-12-28,Infotainment_OTA,ERR_INFOTAINMENT_OTA_DIAG,21,32109,5.0,600.0,150.0,750.0,False,Under_Investigation
CLM_0002240,VEH_001638,DLR_IT_001,GEO_IT,20260916,2026-09-16,Air_Suspension,ERR_AIR_SUSPENSION_DIAG,20,34020,3.5,420.0,850.0,1270.0,False,Reimbursed
CLM_0002241,VEH_000050,DLR_IT_001,GEO_IT,20260314,2026-03-14,Air_Suspension,ERR_AIR_SUSPENSION_DIAG,14,21868,1.5,180.0,850.0,1030.0,False,Reimbursed
CLM_0002242,VEH_008904,DLR_DE_001,GEO_DE,20260531,2026-05-31,HV_Battery_Pack,ERR_HV_BATTERY_PACK_DIAG,22,32054,2.0,240.0,4500.0,4740.0,True,Approved
CLM_0002243,VEH_005762,DLR_SE_002,GEO_SE,20261228,2026-12-28,ADAS_Vision_Sensor,ERR_ADAS_VISION_SENSOR_DIAG,18,29664,1.5,180.0,1100.0,1280.0,True,Reimbursed
CLM_0002244,VEH_008231,DLR_NL_001,GEO_NL,20251213,2025-12-13,Air_Suspension,ERR_AIR_SUSPENSION_DIAG,17,21981,2.0,240.0,850.0,1090.0,False,Approved
CLM_0002245,VEH_006583,DLR_NL_001,GEO_NL,20261228,2026-12-28,HV_Battery_Pack,ERR_HV_BATTERY_PACK_DIAG,18,22680,3.5,420.0,4500.0,4920.0,True,Approved
CLM_0002246,VEH_009102,DLR_US_001,GEO_US,20261228,2026-12-28,Air_Suspension,ERR_AIR_SUSPENSION_DIAG,8,10504,5.0,600.0,850.0,1450.0,False,Approved
CLM_0002247,VEH_004230,DLR_SE_001,GEO_SE,20261228,2026-12-28,Air_Suspension,ERR_AIR_SUSPENSION_DIAG,13,21840,5.0,600.0,850.0,1450.0,False,Under_Investigation
CLM_0002248,VEH_001921,DLR_UK_001,GEO_UK,20261228,2026-12-28,Air_Suspension,ERR_AIR_SUSPENSION_DIAG,21,25452,2.0,240.0,850.0,1090.0,False,Under_Investigation
CLM_0002249,VEH_002775,DLR_UK_001,GEO_UK,20250711,2025-07-11,ADAS_Vision_Sensor,ERR_ADAS_VISION_SENSOR_DIAG,16,26064,5.0,600.0,1100.0,1700.0,True,Under_Investigation
CLM_0002250,VEH_009696,DLR_NL_001,GEO_NL,20260812,2026-08-12,Electric_Drive_Inverter,ERR_ELECTRIC_DRIVE_INVERTER_DIAG,24,37176,2.0,240.0,1850.0,2090.0,True,Reimbursed
CLM_0002251,VEH_006910,DLR_DE_001,GEO_DE,20261228,2026-12-28,Electric_Drive_Inverter,ERR_ELECTRIC_DRIVE_INVERTER_DIAG,24,36936,2.0,240.0,1850.0,2090.0,True,Reimbursed
CLM_0002252,VEH_004817,DLR_IT_001,GEO_IT,20261007,2026-10-07,Electric_Drive_Inverter,ERR_ELECTRIC_DRIVE_INVERTER_DIAG,20,29180,1.5,180.0,1850.0,2030.0,True,Approved
CLM_0002253,VEH_002957,DLR_SE_001,GEO_SE,20261228,2026-12-28,Air_Suspension,ERR_AIR_SUSPENSION_DIAG,19,22116,1.5,180.0,850.0,1030.0,False,Approved
CLM_0002254,VEH_006024,DLR_DE_001,GEO_DE,20250128,2025-01-28,HV_Battery_Pack,ERR_HV_BATTERY_PACK_DIAG,11,12683,5.0,600.0,4500.0,5100.0,True,Under_Investigation
CLM_0002255,VEH_005226,DLR_SE_002,GEO_SE,20261130,2026-11-30,HV_Battery_Pack,ERR_HV_BATTERY_PACK_DIAG,6,10560,2.0,240.0,4500.0,4740.0,True,Approved
CLM_0002256,VEH_008841,DLR_NL_002,GEO_NL,20240630,2024-06-30,Air_Suspension,ERR_AIR_SUSPENSION_DIAG,3,4527,1.5,180.0,850.0,1030.0,False,Reimbursed
CLM_0002257,VEH_001156,DLR_US_001,GEO_US,20251224,2025-12-24,Air_Suspension,ERR_AIR_SUSPENSION_DIAG,17,30566,1.5,180.0,850.0,1030.0,False,Approved
CLM_0002258,VEH_002776,DLR_US_001,GEO_US,20250109,2025-01-09,Infotainment_OTA,ERR_INFOTAINMENT_OTA_DIAG,5,7360,2.0,240.0,150.0,390.0,False,Approved
CLM_0002259,VEH_005399,DLR_SE_002,GEO_SE,20261228,2026-12-28,ADAS_Vision_Sensor,ERR_ADAS_VISION_SENSOR_DIAG,21,35742,5.0,600.0,1100.0,1700.0,True,Approved
CLM_0002260,VEH_007774,DLR_SE_002,GEO_SE,20250831,2025-08-31,Electric_Drive_Inverter,ERR_ELECTRIC_DRIVE_INVERTER_DIAG,11,19228,1.5,180.0,1850.0,2030.0,True,Under_Investigation
CLM_0002261,VEH_009315,DLR_US_001,GEO_US,20261009,2026-10-09,Air_Suspension,ERR_AIR_SUSPENSION_DIAG,16,28544,1.5,180.0,850.0,1030.0,False,Approved
CLM_0002262,VEH_004675,DLR_NL_001,GEO_NL,20261228,2026-12-28,Infotainment_OTA,ERR_INFOTAINMENT_OTA_DIAG,22,33066,3.5,420.0,150.0,570.0,False,Under_Investigation
CLM_0002263,VEH_008546,DLR_UK_001,GEO_UK,20250706,2025-07-06,Infotainment_OTA,ERR_INFOTAINMENT_OTA_DIAG,4,6924,5.0,600.0,150.0,750.0,False,Approved
CLM_0002264,VEH_007830,DLR_NL_001,GEO_NL,20251030,2025-10-30,ADAS_Vision_Sensor,ERR_ADAS_VISION_SENSOR_DIAG,15,19380,2.0,240.0,1100.0,1340.0,True,Approved
CLM_0002265,VEH_003382,DLR_NL_001,GEO_NL,20261228,2026-12-28,Air_Suspension,ERR_AIR_SUSPENSION_DIAG,21,25851,1.5,180.0,850.0,1030.0,False,Reimbursed
CLM_0002266,VEH_007266,DLR_UK_001,GEO_UK,20260825,2026-08-25,Electric_Drive_Inverter,ERR_ELECTRIC_DRIVE_INVERTER_DIAG,5,6280,3.5,420.0,1850.0,2270.0,True,Under_Investigation
CLM_0002267,VEH_007651,DLR_DE_001,GEO_DE,20251206,2025-12-06,HV_Battery_Pack,ERR_HV_BATTERY_PACK_DIAG,22,29370,3.5,420.0,4500.0,4920.0,True,Approved
CLM_0002268,VEH_003596,DLR_NL_002,GEO_NL,20251025,2025-10-25,ADAS_Vision_Sensor,ERR_ADAS_VISION_SENSOR_DIAG,18,29664,1.5,180.0,1100.0,1280.0,True,Under_Investigation
CLM_0002269,VEH_007273,DLR_DE_001,GEO_DE,20240604,2024-06-04,Electric_Drive_Inverter,ERR_ELECTRIC_DRIVE_INVERTER_DIAG,1,1500,5.0,600.0,1850.0,2450.0,True,Under_Investigation
CLM_0002270,VEH_006685,DLR_NO_001,GEO_NO,20261129,2026-11-29,HV_Battery_Pack,ERR_HV_BATTERY_PACK_DIAG,15,20460,1.5,180.0,4500.0,4680.0,True,Under_Investigation
CLM_0002271,VEH_007458,DLR_NL_002,GEO_NL,20261228,2026-12-28,Electric_Drive_Inverter,ERR_ELECTRIC_DRIVE_INVERTER_DIAG,16,27680,2.0,240.0,1850.0,2090.0,True,Reimbursed
CLM_0002272,VEH_000338,DLR_DE_001,GEO_DE,20260624,2026-06-24,Air_Suspension,ERR_AIR_SUSPENSION_DIAG,6,10320,1.5,180.0,850.0,1030.0,False,Reimbursed
CLM_0002273,VEH_005455,DLR_DE_002,GEO_DE,20261228,2026-12-28,HV_Battery_Pack,ERR_HV_BATTERY_PACK_DIAG,18,25884,1.5,180.0,4500.0,4680.0,True,Under_Investigation
CLM_0002274,VEH_002382,DLR_UK_001,GEO_UK,20261228,2026-12-28,Air_Suspension,ERR_AIR_SUSPENSION_DIAG,22,29348,2.0,240.0,850.0,1090.0,False,Reimbursed
CLM_0002275,VEH_007692,DLR_IT_002,GEO_IT,20261228,2026-12-28,Air_Suspension,ERR_AIR_SUSPENSION_DIAG,17,22066,5.0,600.0,850.0,1450.0,False,Approved
CLM_0002276,VEH_001897,DLR_NL_002,GEO_NL,20261228,2026-12-28,Air_Suspension,ERR_AIR_SUSPENSION_DIAG,15,18150,1.5,180.0,850.0,1030.0,False,Under_Investigation
CLM_0002277,VEH_002049,DLR_UK_001,GEO_UK,20251004,2025-10-04,Electric_Drive_Inverter,ERR_ELECTRIC_DRIVE_INVERTER_DIAG,14,25046,2.0,240.0,1850.0,2090.0,True,Reimbursed
CLM_0002278,VEH_008703,DLR_SE_001,GEO_SE,20261228,2026-12-28,HV_Battery_Pack,ERR_HV_BATTERY_PACK_DIAG,22,30690,5.0,600.0,4500.0,5100.0,True,Approved
CLM_0002279,VEH_003242,DLR_NL_002,GEO_NL,20261228,2026-12-28,Electric_Drive_Inverter,ERR_ELECTRIC_DRIVE_INVERTER_DIAG,15,25305,3.5,420.0,1850.0,2270.0,True,Under_Investigation
CLM_0002280,VEH_004076,DLR_DE_002,GEO_DE,20260323,2026-03-23,Electric_Drive_Inverter,ERR_ELECTRIC_DRIVE_INVERTER_DIAG,15,19620,5.0,600.0,1850.0,2450.0,True,Reimbursed
CLM_0002281,VEH_003291,DLR_DE_002,GEO_DE,20261228,2026-12-28,ADAS_Vision_Sensor,ERR_ADAS_VISION_SENSOR_DIAG,23,33465,1.5,180.0,1100.0,1280.0,True,Approved
CLM_0002282,VEH_001946,DLR_UK_001,GEO_UK,20250201,2025-02-01,Air_Suspension,ERR_AIR_SUSPENSION_DIAG,11,15378,5.0,600.0,850.0,1450.0,False,Under_Investigation
CLM_0002283,VEH_001742,DLR_NL_001,GEO_NL,20261228,2026-12-28,Electric_Drive_Inverter,ERR_ELECTRIC_DRIVE_INVERTER_DIAG,22,39468,1.5,180.0,1850.0,2030.0,True,Approved
CLM_0002284,VEH_000313,DLR_DE_001,GEO_DE,20251114,2025-11-14,HV_Battery_Pack,ERR_HV_BATTERY_PACK_DIAG,19,21565,3.5,420.0,4500.0,4920.0,True,Reimbursed
CLM_0002285,VEH_006159,DLR_SE_001,GEO_SE,20260702,2026-07-02,Electric_Drive_Inverter,ERR_ELECTRIC_DRIVE_INVERTER_DIAG,17,22151,5.0,600.0,1850.0,2450.0,True,Approved
CLM_0002286,VEH_007067,DLR_NO_001,GEO_NO,20261228,2026-12-28,HV_Battery_Pack,ERR_HV_BATTERY_PACK_DIAG,21,35910,5.0,600.0,4500.0,5100.0,True,Approved
CLM_0002287,VEH_001724,DLR_IT_002,GEO_IT,20250920,2025-09-20,Air_Suspension,ERR_AIR_SUSPENSION_DIAG,7,12474,2.0,240.0,850.0,1090.0,False,Approved
CLM_0002288,VEH_005375,DLR_DE_002,GEO_DE,20261228,2026-12-28,HV_Battery_Pack,ERR_HV_BATTERY_PACK_DIAG,17,28594,3.5,420.0,4500.0,4920.0,True,Approved
CLM_0002289,VEH_004729,DLR_NO_001,GEO_NO,20260919,2026-09-19,Electric_Drive_Inverter,ERR_ELECTRIC_DRIVE_INVERTER_DIAG,17,26197,1.5,180.0,1850.0,2030.0,True,Under_Investigation
CLM_0002290,VEH_002272,DLR_SE_001,GEO_SE,20251230,2025-12-30,Electric_Drive_Inverter,ERR_ELECTRIC_DRIVE_INVERTER_DIAG,7,11228,5.0,600.0,1850.0,2450.0,True,Under_Investigation
CLM_0002291,VEH_009481,DLR_NO_002,GEO_NO,20250118,2025-01-18,HV_Battery_Pack,ERR_HV_BATTERY_PACK_DIAG,6,7626,5.0,600.0,4500.0,5100.0,True,Reimbursed
CLM_0002292,VEH_004880,DLR_US_001,GEO_US,20261229,2026-12-29,Electric_Drive_Inverter,ERR_ELECTRIC_DRIVE_INVERTER_DIAG,21,31899,3.5,420.0,1850.0,2270.0,True,Reimbursed
CLM_0002293,VEH_001034,DLR_DE_001,GEO_DE,20250430,2025-04-30,ADAS_Vision_Sensor,ERR_ADAS_VISION_SENSOR_DIAG,1,1540,2.0,240.0,1100.0,1340.0,True,Approved
CLM_0002294,VEH_001794,DLR_DE_001,GEO_DE,20260424,2026-04-24,Air_Suspension,ERR_AIR_SUSPENSION_DIAG,9,10890,3.5,420.0,850.0,1270.0,False,Reimbursed
CLM_0002295,VEH_000175,DLR_DE_002,GEO_DE,20261228,2026-12-28,Infotainment_OTA,ERR_INFOTAINMENT_OTA_DIAG,22,27258,3.5,420.0,150.0,570.0,False,Under_Investigation
CLM_0002296,VEH_002461,DLR_NO_001,GEO_NO,20250429,2025-04-29,HV_Battery_Pack,ERR_HV_BATTERY_PACK_DIAG,2,2842,1.5,180.0,4500.0,4680.0,True,Under_Investigation
CLM_0002297,VEH_002439,DLR_DE_001,GEO_DE,20250809,2025-08-09,Electric_Drive_Inverter,ERR_ELECTRIC_DRIVE_INVERTER_DIAG,12,18936,3.5,420.0,1850.0,2270.0,True,Under_Investigation
CLM_0002298,VEH_001179,DLR_SE_001,GEO_SE,20260211,2026-02-11,Electric_Drive_Inverter,ERR_ELECTRIC_DRIVE_INVERTER_DIAG,2,2896,1.5,180.0,1850.0,2030.0,True,Reimbursed
CLM_0002299,VEH_009746,DLR_DE_001,GEO_DE,20250401,2025-04-01,Air_Suspension,ERR_AIR_SUSPENSION_DIAG,13,16003,5.0,600.0,850.0,1450.0,False,Approved
CLM_0002300,VEH_009026,DLR_NO_002,GEO_NO,20261228,2026-12-28,ADAS_Vision_Sensor,ERR_ADAS_VISION_SENSOR_DIAG,19,21926,1.5,180.0,1100.0,1280.0,True,Reimbursed
CLM_0002301,VEH_002704,DLR_SE_001,GEO_SE,20250823,2025-08-23,HV_Battery_Pack,ERR_HV_BATTERY_PACK_DIAG,9,11313,5.0,600.0,4500.0,5100.0,True,Reimbursed
CLM_0002302,VEH_007077,DLR_IT_001,GEO_IT,20260912,2026-09-12,HV_Battery_Pack,ERR_HV_BATTERY_PACK_DIAG,9,12537,1.5,180.0,4500.0,4680.0,True,Under_Investigation
CLM_0002303,VEH_006609,DLR_UK_001,GEO_UK,20260504,2026-05-04,ADAS_Vision_Sensor,ERR_ADAS_VISION_SENSOR_DIAG,1,1474,2.0,240.0,1100.0,1340.0,True,Reimbursed
CLM_0002304,VEH_005733,DLR_IT_001,GEO_IT,20261228,2026-12-28,HV_Battery_Pack,ERR_HV_BATTERY_PACK_DIAG,21,28245,5.0,600.0,4500.0,5100.0,True,Approved
CLM_0002305,VEH_007613,DLR_NL_001,GEO_NL,20261228,2026-12-28,HV_Battery_Pack,ERR_HV_BATTERY_PACK_DIAG,21,37506,3.5,420.0,4500.0,4920.0,True,Approved
CLM_0002306,VEH_006877,DLR_IT_002,GEO_IT,20250420,2025-04-20,HV_Battery_Pack,ERR_HV_BATTERY_PACK_DIAG,5,5650,3.5,420.0,4500.0,4920.0,True,Approved
CLM_0002307,VEH_001707,DLR_NL_002,GEO_NL,20261228,2026-12-28,HV_Battery_Pack,ERR_HV_BATTERY_PACK_DIAG,17,19567,2.0,240.0,4500.0,4740.0,True,Reimbursed
CLM_0002308,VEH_006562,DLR_NO_001,GEO_NO,20261228,2026-12-28,HV_Battery_Pack,ERR_HV_BATTERY_PACK_DIAG,22,32560,3.5,420.0,4500.0,4920.0,True,Under_Investigation
CLM_0002309,VEH_008523,DLR_SE_001,GEO_SE,20251204,2025-12-04,Air_Suspension,ERR_AIR_SUSPENSION_DIAG,7,10997,3.5,420.0,850.0,1270.0,False,Under_Investigation
CLM_0002310,VEH_005651,DLR_IT_001,GEO_IT,20241109,2024-11-09,HV_Battery_Pack,ERR_HV_BATTERY_PACK_DIAG,7,9324,5.0,600.0,4500.0,5100.0,True,Under_Investigation
CLM_0002311,VEH_005747,DLR_IT_001,GEO_IT,20260809,2026-08-09,HV_Battery_Pack,ERR_HV_BATTERY_PACK_DIAG,12,15108,3.5,420.0,4500.0,4920.0,True,Approved
CLM_0002312,VEH_010004,DLR_SE_001,GEO_SE,20250409,2025-04-09,Electric_Drive_Inverter,ERR_ELECTRIC_DRIVE_INVERTER_DIAG,5,6735,2.0,240.0,1850.0,2090.0,True,Approved
CLM_0002313,VEH_007616,DLR_DE_001,GEO_DE,20240808,2024-08-08,Electric_Drive_Inverter,ERR_ELECTRIC_DRIVE_INVERTER_DIAG,5,6010,1.5,180.0,1850.0,2030.0,True,Reimbursed
CLM_0002314,VEH_009730,DLR_IT_002,GEO_IT,20250610,2025-06-10,Infotainment_OTA,ERR_INFOTAINMENT_OTA_DIAG,8,13344,5.0,600.0,150.0,750.0,False,Approved
CLM_0002315,VEH_005543,DLR_NO_002,GEO_NO,20261219,2026-12-19,HV_Battery_Pack,ERR_HV_BATTERY_PACK_DIAG,10,14440,3.5,420.0,4500.0,4920.0,True,Under_Investigation
CLM_0002316,VEH_007178,DLR_US_001,GEO_US,20241026,2024-10-26,Air_Suspension,ERR_AIR_SUSPENSION_DIAG,5,8255,5.0,600.0,850.0,1450.0,False,Under_Investigation
CLM_0002317,VEH_008611,DLR_NO_002,GEO_NO,20260201,2026-02-01,HV_Battery_Pack,ERR_HV_BATTERY_PACK_DIAG,12,19956,3.5,420.0,4500.0,4920.0,True,Reimbursed
CLM_0002318,VEH_003611,DLR_NL_001,GEO_NL,20260901,2026-09-01,Air_Suspension,ERR_AIR_SUSPENSION_DIAG,17,24837,2.0,240.0,850.0,1090.0,False,Under_Investigation
CLM_0002319,VEH_002711,DLR_NL_002,GEO_NL,20261228,2026-12-28,Air_Suspension,ERR_AIR_SUSPENSION_DIAG,23,37835,5.0,600.0,850.0,1450.0,False,Under_Investigation
CLM_0002320,VEH_002944,DLR_NO_001,GEO_NO,20241021,2024-10-21,Infotainment_OTA,ERR_INFOTAINMENT_OTA_DIAG,4,6916,5.0,600.0,150.0,750.0,False,Under_Investigation
CLM_0002321,VEH_004301,DLR_IT_001,GEO_IT,20261228,2026-12-28,HV_Battery_Pack,ERR_HV_BATTERY_PACK_DIAG,22,25036,3.5,420.0,4500.0,4920.0,True,Under_Investigation
CLM_0002322,VEH_000680,DLR_US_001,GEO_US,20261228,2026-12-28,HV_Battery_Pack,ERR_HV_BATTERY_PACK_DIAG,21,27153,3.5,420.0,4500.0,4920.0,True,Under_Investigation
CLM_0002323,VEH_004190,DLR_IT_002,GEO_IT,20250412,2025-04-12,Air_Suspension,ERR_AIR_SUSPENSION_DIAG,15,20985,2.0,240.0,850.0,1090.0,False,Reimbursed
CLM_0002324,VEH_006860,DLR_IT_002,GEO_IT,20261228,2026-12-28,ADAS_Vision_Sensor,ERR_ADAS_VISION_SENSOR_DIAG,21,32277,5.0,600.0,1100.0,1700.0,True,Approved
CLM_0002325,VEH_001340,DLR_NO_002,GEO_NO,20250301,2025-03-01,Electric_Drive_Inverter,ERR_ELECTRIC_DRIVE_INVERTER_DIAG,6,9372,1.5,180.0,1850.0,2030.0,True,Approved
CLM_0002326,VEH_003248,DLR_UK_001,GEO_UK,20260227,2026-02-27,HV_Battery_Pack,ERR_HV_BATTERY_PACK_DIAG,21,23877,1.5,180.0,4500.0,4680.0,True,Reimbursed
CLM_0002327,VEH_002825,DLR_UK_001,GEO_UK,20261228,2026-12-28,HV_Battery_Pack,ERR_HV_BATTERY_PACK_DIAG,16,25216,2.0,240.0,4500.0,4740.0,True,Reimbursed
CLM_0002328,VEH_008090,DLR_NO_002,GEO_NO,20251221,2025-12-21,HV_Battery_Pack,ERR_HV_BATTERY_PACK_DIAG,21,35889,3.5,420.0,4500.0,4920.0,True,Approved
CLM_0002329,VEH_006876,DLR_DE_002,GEO_DE,20260205,2026-02-05,HV_Battery_Pack,ERR_HV_BATTERY_PACK_DIAG,21,27489,3.5,420.0,4500.0,4920.0,True,Reimbursed
CLM_0002330,VEH_009454,DLR_NO_002,GEO_NO,20250706,2025-07-06,Electric_Drive_Inverter,ERR_ELECTRIC_DRIVE_INVERTER_DIAG,12,15840,5.0,600.0,1850.0,2450.0,True,Approved
CLM_0002331,VEH_003553,DLR_DE_001,GEO_DE,20250502,2025-05-02,ADAS_Vision_Sensor,ERR_ADAS_VISION_SENSOR_DIAG,14,23170,2.0,240.0,1100.0,1340.0,True,Under_Investigation
CLM_0002332,VEH_004940,DLR_DE_001,GEO_DE,20250908,2025-09-08,Electric_Drive_Inverter,ERR_ELECTRIC_DRIVE_INVERTER_DIAG,1,1455,5.0,600.0,1850.0,2450.0,True,Under_Investigation
CLM_0002333,VEH_008376,DLR_IT_002,GEO_IT,20261228,2026-12-28,Infotainment_OTA,ERR_INFOTAINMENT_OTA_DIAG,24,30360,3.5,420.0,150.0,570.0,False,Approved
CLM_0002334,VEH_007396,DLR_NL_001,GEO_NL,20261228,2026-12-28,Air_Suspension,ERR_AIR_SUSPENSION_DIAG,22,31526,5.0,600.0,850.0,1450.0,False,Reimbursed
CLM_0002335,VEH_004804,DLR_DE_002,GEO_DE,20261228,2026-12-28,Infotainment_OTA,ERR_INFOTAINMENT_OTA_DIAG,9,15381,2.0,240.0,150.0,390.0,False,Under_Investigation
CLM_0002336,VEH_001008,DLR_NO_002,GEO_NO,20260404,2026-04-04,Air_Suspension,ERR_AIR_SUSPENSION_DIAG,13,16965,2.0,240.0,850.0,1090.0,False,Under_Investigation
CLM_0002337,VEH_009709,DLR_DE_001,GEO_DE,20260509,2026-05-09,Air_Suspension,ERR_AIR_SUSPENSION_DIAG,3,4611,2.0,240.0,850.0,1090.0,False,Reimbursed
CLM_0002338,VEH_005244,DLR_IT_002,GEO_IT,20250923,2025-09-23,Air_Suspension,ERR_AIR_SUSPENSION_DIAG,16,18656,3.5,420.0,850.0,1270.0,False,Approved
CLM_0002339,VEH_006307,DLR_NL_001,GEO_NL,20260425,2026-04-25,HV_Battery_Pack,ERR_HV_BATTERY_PACK_DIAG,17,29512,5.0,600.0,4500.0,5100.0,True,Reimbursed
CLM_0002340,VEH_001365,DLR_NO_002,GEO_NO,20250307,2025-03-07,Electric_Drive_Inverter,ERR_ELECTRIC_DRIVE_INVERTER_DIAG,3,3732,2.0,240.0,1850.0,2090.0,True,Approved
CLM_0002341,VEH_001696,DLR_UK_001,GEO_UK,20250318,2025-03-18,HV_Battery_Pack,ERR_HV_BATTERY_PACK_DIAG,3,3981,2.0,240.0,4500.0,4740.0,True,Approved
CLM_0002342,VEH_000728,DLR_US_001,GEO_US,20250829,2025-08-29,Electric_Drive_Inverter,ERR_ELECTRIC_DRIVE_INVERTER_DIAG,4,5716,5.0,600.0,1850.0,2450.0,True,Approved
CLM_0002343,VEH_000064,DLR_NO_002,GEO_NO,20241009,2024-10-09,Infotainment_OTA,ERR_INFOTAINMENT_OTA_DIAG,2,2620,3.5,420.0,150.0,570.0,False,Approved
CLM_0002344,VEH_004019,DLR_DE_002,GEO_DE,20241010,2024-10-10,Air_Suspension,ERR_AIR_SUSPENSION_DIAG,6,6786,5.0,600.0,850.0,1450.0,False,Reimbursed
CLM_0002345,VEH_004044,DLR_UK_001,GEO_UK,20260504,2026-05-04,HV_Battery_Pack,ERR_HV_BATTERY_PACK_DIAG,20,29280,5.0,600.0,4500.0,5100.0,True,Under_Investigation
CLM_0002346,VEH_007520,DLR_NL_001,GEO_NL,20261001,2026-10-01,Electric_Drive_Inverter,ERR_ELECTRIC_DRIVE_INVERTER_DIAG,11,15928,3.5,420.0,1850.0,2270.0,True,Under_Investigation
CLM_0002347,VEH_008526,DLR_NO_002,GEO_NO,20251022,2025-10-22,HV_Battery_Pack,ERR_HV_BATTERY_PACK_DIAG,17,25058,1.5,180.0,4500.0,4680.0,True,Under_Investigation
CLM_0002348,VEH_004131,DLR_NO_001,GEO_NO,20260916,2026-09-16,HV_Battery_Pack,ERR_HV_BATTERY_PACK_DIAG,17,28951,1.5,180.0,4500.0,4680.0,True,Approved
CLM_0002349,VEH_002160,DLR_NO_001,GEO_NO,20261228,2026-12-28,Infotainment_OTA,ERR_INFOTAINMENT_OTA_DIAG,18,22806,3.5,420.0,150.0,570.0,False,Reimbursed
CLM_0002350,VEH_009352,DLR_DE_002,GEO_DE,20260129,2026-01-29,HV_Battery_Pack,ERR_HV_BATTERY_PACK_DIAG,3,3723,5.0,600.0,4500.0,5100.0,True,Reimbursed
CLM_0002351,VEH_009387,DLR_NL_002,GEO_NL,20251007,2025-10-07,HV_Battery_Pack,ERR_HV_BATTERY_PACK_DIAG,6,7380,1.5,180.0,4500.0,4680.0,True,Reimbursed
CLM_0002352,VEH_007810,DLR_US_001,GEO_US,20261228,2026-12-28,ADAS_Vision_Sensor,ERR_ADAS_VISION_SENSOR_DIAG,13,16874,5.0,600.0,1100.0,1700.0,True,Approved
CLM_0002353,VEH_000963,DLR_NL_002,GEO_NL,20261228,2026-12-28,HV_Battery_Pack,ERR_HV_BATTERY_PACK_DIAG,15,26685,2.0,240.0,4500.0,4740.0,True,Under_Investigation
CLM_0002354,VEH_005210,DLR_NO_002,GEO_NO,20260803,2026-08-03,Electric_Drive_Inverter,ERR_ELECTRIC_DRIVE_INVERTER_DIAG,10,15010,2.0,240.0,1850.0,2090.0,True,Approved
CLM_0002355,VEH_007577,DLR_NL_002,GEO_NL,20241110,2024-11-10,HV_Battery_Pack,ERR_HV_BATTERY_PACK_DIAG,4,6436,2.0,240.0,4500.0,4740.0,True,Reimbursed
CLM_0002356,VEH_006197,DLR_NO_001,GEO_NO,20251024,2025-10-24,Infotainment_OTA,ERR_INFOTAINMENT_OTA_DIAG,7,10878,5.0,600.0,150.0,750.0,False,Reimbursed
CLM_0002357,VEH_007642,DLR_NL_001,GEO_NL,20260928,2026-09-28,Electric_Drive_Inverter,ERR_ELECTRIC_DRIVE_INVERTER_DIAG,15,23835,3.5,420.0,1850.0,2270.0,True,Approved
CLM_0002358,VEH_000831,DLR_IT_001,GEO_IT,20260709,2026-07-09,HV_Battery_Pack,ERR_HV_BATTERY_PACK_DIAG,24,27336,5.0,600.0,4500.0,5100.0,True,Approved
CLM_0002359,VEH_001983,DLR_NL_001,GEO_NL,20260704,2026-07-04,Electric_Drive_Inverter,ERR_ELECTRIC_DRIVE_INVERTER_DIAG,1,1283,3.5,420.0,1850.0,2270.0,True,Under_Investigation
CLM_0002360,VEH_002715,DLR_IT_001,GEO_IT,20260104,2026-01-04,Infotainment_OTA,ERR_INFOTAINMENT_OTA_DIAG,14,21434,2.0,240.0,150.0,390.0,False,Approved
CLM_0002361,VEH_005578,DLR_NO_002,GEO_NO,20261228,2026-12-28,HV_Battery_Pack,ERR_HV_BATTERY_PACK_DIAG,15,23370,5.0,600.0,4500.0,5100.0,True,Under_Investigation
CLM_0002362,VEH_009256,DLR_DE_001,GEO_DE,20250629,2025-06-29,Infotainment_OTA,ERR_INFOTAINMENT_OTA_DIAG,16,28368,5.0,600.0,150.0,750.0,False,Under_Investigation
CLM_0002363,VEH_003929,DLR_SE_001,GEO_SE,20241112,2024-11-12,ADAS_Vision_Sensor,ERR_ADAS_VISION_SENSOR_DIAG,7,8351,2.0,240.0,1100.0,1340.0,True,Approved
CLM_0002364,VEH_006880,DLR_NO_002,GEO_NO,20260522,2026-05-22,Electric_Drive_Inverter,ERR_ELECTRIC_DRIVE_INVERTER_DIAG,2,2290,3.5,420.0,1850.0,2270.0,True,Reimbursed
CLM_0002365,VEH_005132,DLR_NO_002,GEO_NO,20240910,2024-09-10,ADAS_Vision_Sensor,ERR_ADAS_VISION_SENSOR_DIAG,1,1626,3.5,420.0,1100.0,1520.0,True,Approved
CLM_0002366,VEH_003519,DLR_NO_001,GEO_NO,20260422,2026-04-22,Air_Suspension,ERR_AIR_SUSPENSION_DIAG,5,6210,1.5,180.0,850.0,1030.0,False,Approved
CLM_0002367,VEH_008780,DLR_NO_002,GEO_NO,20260918,2026-09-18,HV_Battery_Pack,ERR_HV_BATTERY_PACK_DIAG,14,23856,3.5,420.0,4500.0,4920.0,True,Approved
CLM_0002368,VEH_005919,DLR_IT_001,GEO_IT,20250504,2025-05-04,ADAS_Vision_Sensor,ERR_ADAS_VISION_SENSOR_DIAG,11,12980,1.5,180.0,1100.0,1280.0,True,Under_Investigation
CLM_0002369,VEH_001105,DLR_SE_002,GEO_SE,20260406,2026-04-06,ADAS_Vision_Sensor,ERR_ADAS_VISION_SENSOR_DIAG,14,16534,5.0,600.0,1100.0,1700.0,True,Reimbursed
CLM_0002370,VEH_007725,DLR_NO_001,GEO_NO,20260819,2026-08-19,Electric_Drive_Inverter,ERR_ELECTRIC_DRIVE_INVERTER_DIAG,17,20757,5.0,600.0,1850.0,2450.0,True,Approved
CLM_0002371,VEH_006426,DLR_DE_001,GEO_DE,20260701,2026-07-01,Electric_Drive_Inverter,ERR_ELECTRIC_DRIVE_INVERTER_DIAG,8,11536,1.5,180.0,1850.0,2030.0,True,Reimbursed
CLM_0002372,VEH_007187,DLR_DE_002,GEO_DE,20261228,2026-12-28,HV_Battery_Pack,ERR_HV_BATTERY_PACK_DIAG,23,39376,5.0,600.0,4500.0,5100.0,True,Approved
CLM_0002373,VEH_010004,DLR_SE_001,GEO_SE,20251208,2025-12-08,Electric_Drive_Inverter,ERR_ELECTRIC_DRIVE_INVERTER_DIAG,13,17381,1.5,180.0,1850.0,2030.0,True,Approved
CLM_0002374,VEH_002546,DLR_NL_001,GEO_NL,20260413,2026-04-13,Infotainment_OTA,ERR_INFOTAINMENT_OTA_DIAG,16,20128,2.0,240.0,150.0,390.0,False,Under_Investigation
CLM_0002375,VEH_008638,DLR_SE_001,GEO_SE,20260611,2026-06-11,Electric_Drive_Inverter,ERR_ELECTRIC_DRIVE_INVERTER_DIAG,14,25088,2.0,240.0,1850.0,2090.0,True,Reimbursed
CLM_0002376,VEH_007767,DLR_US_001,GEO_US,20251102,2025-11-02,ADAS_Vision_Sensor,ERR_ADAS_VISION_SENSOR_DIAG,10,15940,5.0,600.0,1100.0,1700.0,True,Reimbursed
CLM_0002377,VEH_004009,DLR_IT_001,GEO_IT,20240924,2024-09-24,HV_Battery_Pack,ERR_HV_BATTERY_PACK_DIAG,7,9338,5.0,600.0,4500.0,5100.0,True,Reimbursed
CLM_0002378,VEH_000049,DLR_SE_001,GEO_SE,20261021,2026-10-21,Electric_Drive_Inverter,ERR_ELECTRIC_DRIVE_INVERTER_DIAG,23,28244,2.0,240.0,1850.0,2090.0,True,Approved
CLM_0002379,VEH_008498,DLR_NO_001,GEO_NO,20261228,2026-12-28,HV_Battery_Pack,ERR_HV_BATTERY_PACK_DIAG,21,30387,5.0,600.0,4500.0,5100.0,True,Approved
CLM_0002380,VEH_006857,DLR_DE_001,GEO_DE,20261228,2026-12-28,HV_Battery_Pack,ERR_HV_BATTERY_PACK_DIAG,22,39314,5.0,600.0,4500.0,5100.0,True,Reimbursed
CLM_0002381,VEH_000231,DLR_DE_001,GEO_DE,20261008,2026-10-08,Electric_Drive_Inverter,ERR_ELECTRIC_DRIVE_INVERTER_DIAG,20,29340,3.5,420.0,1850.0,2270.0,True,Under_Investigation
CLM_0002382,VEH_003609,DLR_IT_001,GEO_IT,20241014,2024-10-14,Electric_Drive_Inverter,ERR_ELECTRIC_DRIVE_INVERTER_DIAG,6,10026,5.0,600.0,1850.0,2450.0,True,Under_Investigation
CLM_0002383,VEH_000401,DLR_UK_001,GEO_UK,20251219,2025-12-19,Air_Suspension,ERR_AIR_SUSPENSION_DIAG,16,21120,3.5,420.0,850.0,1270.0,False,Reimbursed
CLM_0002384,VEH_001067,DLR_IT_001,GEO_IT,20260918,2026-09-18,Air_Suspension,ERR_AIR_SUSPENSION_DIAG,20,32940,3.5,420.0,850.0,1270.0,False,Reimbursed
CLM_0002385,VEH_003244,DLR_IT_001,GEO_IT,20261228,2026-12-28,Air_Suspension,ERR_AIR_SUSPENSION_DIAG,20,29060,5.0,600.0,850.0,1450.0,False,Reimbursed
CLM_0002386,VEH_005210,DLR_NO_002,GEO_NO,20261228,2026-12-28,Air_Suspension,ERR_AIR_SUSPENSION_DIAG,23,36432,5.0,600.0,850.0,1450.0,False,Reimbursed
CLM_0002387,VEH_004479,DLR_UK_001,GEO_UK,20260812,2026-08-12,HV_Battery_Pack,ERR_HV_BATTERY_PACK_DIAG,14,23520,1.5,180.0,4500.0,4680.0,True,Under_Investigation
CLM_0002388,VEH_004746,DLR_IT_001,GEO_IT,20250829,2025-08-29,HV_Battery_Pack,ERR_HV_BATTERY_PACK_DIAG,3,5391,1.5,180.0,4500.0,4680.0,True,Under_Investigation
CLM_0002389,VEH_009857,DLR_SE_001,GEO_SE,20261029,2026-10-29,Air_Suspension,ERR_AIR_SUSPENSION_DIAG,9,10737,2.0,240.0,850.0,1090.0,False,Approved
CLM_0002390,VEH_008355,DLR_IT_002,GEO_IT,20250222,2025-02-22,HV_Battery_Pack,ERR_HV_BATTERY_PACK_DIAG,11,15642,3.5,420.0,4500.0,4920.0,True,Reimbursed
CLM_0002391,VEH_005848,DLR_NO_002,GEO_NO,20260501,2026-05-01,Air_Suspension,ERR_AIR_SUSPENSION_DIAG,10,17590,3.5,420.0,850.0,1270.0,False,Under_Investigation
CLM_0002392,VEH_002557,DLR_DE_002,GEO_DE,20260711,2026-07-11,ADAS_Vision_Sensor,ERR_ADAS_VISION_SENSOR_DIAG,13,22789,5.0,600.0,1100.0,1700.0,True,Reimbursed
CLM_0002393,VEH_006273,DLR_US_001,GEO_US,20260401,2026-04-01,HV_Battery_Pack,ERR_HV_BATTERY_PACK_DIAG,4,4460,1.5,180.0,4500.0,4680.0,True,Approved
CLM_0002394,VEH_003042,DLR_NO_002,GEO_NO,20260513,2026-05-13,Air_Suspension,ERR_AIR_SUSPENSION_DIAG,1,1394,5.0,600.0,850.0,1450.0,False,Approved
CLM_0002395,VEH_000321,DLR_NL_001,GEO_NL,20251115,2025-11-15,ADAS_Vision_Sensor,ERR_ADAS_VISION_SENSOR_DIAG,5,8345,1.5,180.0,1100.0,1280.0,True,Approved
CLM_0002396,VEH_000950,DLR_DE_001,GEO_DE,20260716,2026-07-16,HV_Battery_Pack,ERR_HV_BATTERY_PACK_DIAG,14,24976,2.0,240.0,4500.0,4740.0,True,Approved
CLM_0002397,VEH_003053,DLR_UK_001,GEO_UK,20260116,2026-01-16,Air_Suspension,ERR_AIR_SUSPENSION_DIAG,12,18924,3.5,420.0,850.0,1270.0,False,Under_Investigation
CLM_0002398,VEH_001053,DLR_NO_002,GEO_NO,20260831,2026-08-31,HV_Battery_Pack,ERR_HV_BATTERY_PACK_DIAG,7,10696,2.0,240.0,4500.0,4740.0,True,Under_Investigation
CLM_0002399,VEH_007063,DLR_UK_001,GEO_UK,20260801,2026-08-01,Electric_Drive_Inverter,ERR_ELECTRIC_DRIVE_INVERTER_DIAG,11,17820,3.5,420.0,1850.0,2270.0,True,Under_Investigation
CLM_0002400,VEH_005410,DLR_SE_001,GEO_SE,20250921,2025-09-21,Infotainment_OTA,ERR_INFOTAINMENT_OTA_DIAG,15,26010,5.0,600.0,150.0,750.0,False,Under_Investigation
CLM_0002401,VEH_002318,DLR_DE_002,GEO_DE,20260420,2026-04-20,HV_Battery_Pack,ERR_HV_BATTERY_PACK_DIAG,1,1356,5.0,600.0,4500.0,5100.0,True,Under_Investigation
CLM_0002402,VEH_006425,DLR_US_001,GEO_US,20260225,2026-02-25,HV_Battery_Pack,ERR_HV_BATTERY_PACK_DIAG,23,38893,2.0,240.0,4500.0,4740.0,True,Under_Investigation
CLM_0002403,VEH_001567,DLR_UK_001,GEO_UK,20260628,2026-06-28,Air_Suspension,ERR_AIR_SUSPENSION_DIAG,1,1367,1.5,180.0,850.0,1030.0,False,Approved
CLM_0002404,VEH_002117,DLR_SE_002,GEO_SE,20251125,2025-11-25,Electric_Drive_Inverter,ERR_ELECTRIC_DRIVE_INVERTER_DIAG,7,7777,2.0,240.0,1850.0,2090.0,True,Approved
CLM_0002405,VEH_007440,DLR_DE_001,GEO_DE,20260420,2026-04-20,HV_Battery_Pack,ERR_HV_BATTERY_PACK_DIAG,1,1290,2.0,240.0,4500.0,4740.0,True,Reimbursed
CLM_0002406,VEH_000901,DLR_NO_002,GEO_NO,20250105,2025-01-05,Electric_Drive_Inverter,ERR_ELECTRIC_DRIVE_INVERTER_DIAG,11,15895,5.0,600.0,1850.0,2450.0,True,Under_Investigation
CLM_0002407,VEH_003138,DLR_DE_001,GEO_DE,20260908,2026-09-08,Electric_Drive_Inverter,ERR_ELECTRIC_DRIVE_INVERTER_DIAG,11,18744,2.0,240.0,1850.0,2090.0,True,Reimbursed
CLM_0002408,VEH_002522,DLR_DE_001,GEO_DE,20250319,2025-03-19,HV_Battery_Pack,ERR_HV_BATTERY_PACK_DIAG,11,14971,1.5,180.0,4500.0,4680.0,True,Approved
CLM_0002409,VEH_003629,DLR_US_001,GEO_US,20250712,2025-07-12,Electric_Drive_Inverter,ERR_ELECTRIC_DRIVE_INVERTER_DIAG,11,12760,2.0,240.0,1850.0,2090.0,True,Reimbursed
CLM_0002410,VEH_006966,DLR_NO_002,GEO_NO,20261010,2026-10-10,HV_Battery_Pack,ERR_HV_BATTERY_PACK_DIAG,13,18109,3.5,420.0,4500.0,4920.0,True,Reimbursed
CLM_0002411,VEH_002242,DLR_UK_001,GEO_UK,20260328,2026-03-28,ADAS_Vision_Sensor,ERR_ADAS_VISION_SENSOR_DIAG,23,25323,5.0,600.0,1100.0,1700.0,True,Reimbursed
CLM_0002412,VEH_009849,DLR_SE_002,GEO_SE,20250220,2025-02-20,Air_Suspension,ERR_AIR_SUSPENSION_DIAG,11,18931,5.0,600.0,850.0,1450.0,False,Reimbursed
CLM_0002413,VEH_008294,DLR_DE_001,GEO_DE,20260225,2026-02-25,HV_Battery_Pack,ERR_HV_BATTERY_PACK_DIAG,18,23922,2.0,240.0,4500.0,4740.0,True,Under_Investigation
CLM_0002414,VEH_002948,DLR_NO_002,GEO_NO,20261030,2026-10-30,HV_Battery_Pack,ERR_HV_BATTERY_PACK_DIAG,9,15444,2.0,240.0,4500.0,4740.0,True,Under_Investigation
CLM_0002415,VEH_005373,DLR_NO_002,GEO_NO,20261228,2026-12-28,HV_Battery_Pack,ERR_HV_BATTERY_PACK_DIAG,19,28443,2.0,240.0,4500.0,4740.0,True,Approved
CLM_0002416,VEH_001211,DLR_NO_002,GEO_NO,20261121,2026-11-21,HV_Battery_Pack,ERR_HV_BATTERY_PACK_DIAG,20,33120,5.0,600.0,4500.0,5100.0,True,Under_Investigation
CLM_0002417,VEH_004310,DLR_NL_001,GEO_NL,20250623,2025-06-23,Electric_Drive_Inverter,ERR_ELECTRIC_DRIVE_INVERTER_DIAG,9,15471,5.0,600.0,1850.0,2450.0,True,Under_Investigation
CLM_0002418,VEH_008909,DLR_DE_002,GEO_DE,20260815,2026-08-15,Electric_Drive_Inverter,ERR_ELECTRIC_DRIVE_INVERTER_DIAG,4,5904,2.0,240.0,1850.0,2090.0,True,Under_Investigation
CLM_0002419,VEH_000881,DLR_NO_002,GEO_NO,20260610,2026-06-10,Electric_Drive_Inverter,ERR_ELECTRIC_DRIVE_INVERTER_DIAG,14,21056,1.5,180.0,1850.0,2030.0,True,Under_Investigation
CLM_0002420,VEH_004979,DLR_DE_002,GEO_DE,20251212,2025-12-12,HV_Battery_Pack,ERR_HV_BATTERY_PACK_DIAG,16,23568,1.5,180.0,4500.0,4680.0,True,Approved
CLM_0002421,VEH_000085,DLR_NL_001,GEO_NL,20261228,2026-12-28,Air_Suspension,ERR_AIR_SUSPENSION_DIAG,21,28203,1.5,180.0,850.0,1030.0,False,Reimbursed
CLM_0002422,VEH_006355,DLR_NL_002,GEO_NL,20261126,2026-11-26,HV_Battery_Pack,ERR_HV_BATTERY_PACK_DIAG,19,23826,2.0,240.0,4500.0,4740.0,True,Under_Investigation
CLM_0002423,VEH_000160,DLR_IT_002,GEO_IT,20261104,2026-11-04,Air_Suspension,ERR_AIR_SUSPENSION_DIAG,5,6770,2.0,240.0,850.0,1090.0,False,Reimbursed
CLM_0002424,VEH_005399,DLR_SE_002,GEO_SE,20260523,2026-05-23,Air_Suspension,ERR_AIR_SUSPENSION_DIAG,12,16356,5.0,600.0,850.0,1450.0,False,Approved
CLM_0002425,VEH_009250,DLR_DE_002,GEO_DE,20261126,2026-11-26,Electric_Drive_Inverter,ERR_ELECTRIC_DRIVE_INVERTER_DIAG,24,26952,5.0,600.0,1850.0,2450.0,True,Reimbursed
CLM_0002426,VEH_008638,DLR_SE_001,GEO_SE,20260312,2026-03-12,Air_Suspension,ERR_AIR_SUSPENSION_DIAG,11,17237,3.5,420.0,850.0,1270.0,False,Approved
CLM_0002427,VEH_006639,DLR_SE_002,GEO_SE,20260125,2026-01-25,Electric_Drive_Inverter,ERR_ELECTRIC_DRIVE_INVERTER_DIAG,21,29337,3.5,420.0,1850.0,2270.0,True,Approved
CLM_0002428,VEH_008177,DLR_UK_001,GEO_UK,20260225,2026-02-25,ADAS_Vision_Sensor,ERR_ADAS_VISION_SENSOR_DIAG,1,1226,3.5,420.0,1100.0,1520.0,True,Approved
CLM_0002429,VEH_004684,DLR_NO_002,GEO_NO,20261228,2026-12-28,Infotainment_OTA,ERR_INFOTAINMENT_OTA_DIAG,13,23036,3.5,420.0,150.0,570.0,False,Under_Investigation
CLM_0002430,VEH_007152,DLR_SE_002,GEO_SE,20261228,2026-12-28,Electric_Drive_Inverter,ERR_ELECTRIC_DRIVE_INVERTER_DIAG,23,39928,2.0,240.0,1850.0,2090.0,True,Reimbursed
CLM_0002431,VEH_001900,DLR_SE_001,GEO_SE,20261228,2026-12-28,HV_Battery_Pack,ERR_HV_BATTERY_PACK_DIAG,21,23436,1.5,180.0,4500.0,4680.0,True,Approved
CLM_0002432,VEH_000053,DLR_SE_001,GEO_SE,20261030,2026-10-30,Infotainment_OTA,ERR_INFOTAINMENT_OTA_DIAG,16,18640,5.0,600.0,150.0,750.0,False,Under_Investigation
CLM_0002433,VEH_005591,DLR_IT_002,GEO_IT,20261110,2026-11-10,ADAS_Vision_Sensor,ERR_ADAS_VISION_SENSOR_DIAG,11,13937,5.0,600.0,1100.0,1700.0,True,Approved
CLM_0002434,VEH_005157,DLR_IT_001,GEO_IT,20261228,2026-12-28,HV_Battery_Pack,ERR_HV_BATTERY_PACK_DIAG,23,32706,1.5,180.0,4500.0,4680.0,True,Approved
CLM_0002435,VEH_009423,DLR_NL_001,GEO_NL,20261104,2026-11-04,HV_Battery_Pack,ERR_HV_BATTERY_PACK_DIAG,20,26740,2.0,240.0,4500.0,4740.0,True,Under_Investigation
CLM_0002436,VEH_004054,DLR_SE_002,GEO_SE,20250520,2025-05-20,Electric_Drive_Inverter,ERR_ELECTRIC_DRIVE_INVERTER_DIAG,15,19635,1.5,180.0,1850.0,2030.0,True,Reimbursed
CLM_0002437,VEH_009588,DLR_DE_002,GEO_DE,20261107,2026-11-07,HV_Battery_Pack,ERR_HV_BATTERY_PACK_DIAG,10,16320,2.0,240.0,4500.0,4740.0,True,Approved
CLM_0002438,VEH_001799,DLR_NL_002,GEO_NL,20260307,2026-03-07,HV_Battery_Pack,ERR_HV_BATTERY_PACK_DIAG,4,5820,3.5,420.0,4500.0,4920.0,True,Reimbursed
CLM_0002439,VEH_004556,DLR_NL_001,GEO_NL,20260917,2026-09-17,HV_Battery_Pack,ERR_HV_BATTERY_PACK_DIAG,22,33330,3.5,420.0,4500.0,4920.0,True,Approved
CLM_0002440,VEH_000763,DLR_US_001,GEO_US,20251206,2025-12-06,Air_Suspension,ERR_AIR_SUSPENSION_DIAG,19,29659,3.5,420.0,850.0,1270.0,False,Approved
CLM_0002441,VEH_006361,DLR_NL_002,GEO_NL,20251112,2025-11-12,Electric_Drive_Inverter,ERR_ELECTRIC_DRIVE_INVERTER_DIAG,10,13080,1.5,180.0,1850.0,2030.0,True,Reimbursed
CLM_0002442,VEH_002490,DLR_DE_002,GEO_DE,20261228,2026-12-28,Infotainment_OTA,ERR_INFOTAINMENT_OTA_DIAG,9,16074,5.0,600.0,150.0,750.0,False,Approved
CLM_0002443,VEH_004330,DLR_DE_001,GEO_DE,20241006,2024-10-06,HV_Battery_Pack,ERR_HV_BATTERY_PACK_DIAG,2,3360,1.5,180.0,4500.0,4680.0,True,Approved
CLM_0002444,VEH_003912,DLR_IT_002,GEO_IT,20250422,2025-04-22,Electric_Drive_Inverter,ERR_ELECTRIC_DRIVE_INVERTER_DIAG,13,20397,5.0,600.0,1850.0,2450.0,True,Under_Investigation
CLM_0002445,VEH_004694,DLR_NL_002,GEO_NL,20261202,2026-12-02,Infotainment_OTA,ERR_INFOTAINMENT_OTA_DIAG,22,32274,2.0,240.0,150.0,390.0,False,Approved
CLM_0002446,VEH_002246,DLR_NO_001,GEO_NO,20261228,2026-12-28,ADAS_Vision_Sensor,ERR_ADAS_VISION_SENSOR_DIAG,22,27456,5.0,600.0,1100.0,1700.0,True,Approved
CLM_0002447,VEH_004359,DLR_IT_002,GEO_IT,20260920,2026-09-20,ADAS_Vision_Sensor,ERR_ADAS_VISION_SENSOR_DIAG,21,29484,2.0,240.0,1100.0,1340.0,True,Reimbursed
CLM_0002448,VEH_009738,DLR_NL_001,GEO_NL,20260731,2026-07-31,Infotainment_OTA,ERR_INFOTAINMENT_OTA_DIAG,3,5097,2.0,240.0,150.0,390.0,False,Approved
CLM_0002449,VEH_004831,DLR_NL_002,GEO_NL,20261228,2026-12-28,HV_Battery_Pack,ERR_HV_BATTERY_PACK_DIAG,24,41952,5.0,600.0,4500.0,5100.0,True,Reimbursed
CLM_0002450,VEH_002326,DLR_US_001,GEO_US,20260627,2026-06-27,Electric_Drive_Inverter,ERR_ELECTRIC_DRIVE_INVERTER_DIAG,1,1393,2.0,240.0,1850.0,2090.0,True,Approved
CLM_0002451,VEH_009661,DLR_IT_002,GEO_IT,20241004,2024-10-04,Electric_Drive_Inverter,ERR_ELECTRIC_DRIVE_INVERTER_DIAG,5,6495,1.5,180.0,1850.0,2030.0,True,Under_Investigation
CLM_0002452,VEH_002655,DLR_UK_001,GEO_UK,20250620,2025-06-20,HV_Battery_Pack,ERR_HV_BATTERY_PACK_DIAG,2,2236,1.5,180.0,4500.0,4680.0,True,Reimbursed
CLM_0002453,VEH_006365,DLR_NL_001,GEO_NL,20250930,2025-09-30,Infotainment_OTA,ERR_INFOTAINMENT_OTA_DIAG,3,4920,3.5,420.0,150.0,570.0,False,Approved
CLM_0002454,VEH_005454,DLR_US_001,GEO_US,20250608,2025-06-08,Electric_Drive_Inverter,ERR_ELECTRIC_DRIVE_INVERTER_DIAG,7,9695,2.0,240.0,1850.0,2090.0,True,Under_Investigation
CLM_0002455,VEH_009875,DLR_NO_001,GEO_NO,20260131,2026-01-31,HV_Battery_Pack,ERR_HV_BATTERY_PACK_DIAG,4,6740,5.0,600.0,4500.0,5100.0,True,Under_Investigation
CLM_0002456,VEH_002355,DLR_US_001,GEO_US,20240913,2024-09-13,Electric_Drive_Inverter,ERR_ELECTRIC_DRIVE_INVERTER_DIAG,2,2546,2.0,240.0,1850.0,2090.0,True,Approved
CLM_0002457,VEH_009088,DLR_IT_002,GEO_IT,20260709,2026-07-09,HV_Battery_Pack,ERR_HV_BATTERY_PACK_DIAG,20,29080,3.5,420.0,4500.0,4920.0,True,Under_Investigation
CLM_0002458,VEH_008588,DLR_DE_001,GEO_DE,20250726,2025-07-26,HV_Battery_Pack,ERR_HV_BATTERY_PACK_DIAG,17,20502,2.0,240.0,4500.0,4740.0,True,Approved
CLM_0002459,VEH_006035,DLR_NO_002,GEO_NO,20260730,2026-07-30,Electric_Drive_Inverter,ERR_ELECTRIC_DRIVE_INVERTER_DIAG,15,24645,2.0,240.0,1850.0,2090.0,True,Under_Investigation
CLM_0002460,VEH_007488,DLR_US_001,GEO_US,20261002,2026-10-02,ADAS_Vision_Sensor,ERR_ADAS_VISION_SENSOR_DIAG,15,23025,1.5,180.0,1100.0,1280.0,True,Under_Investigation
CLM_0002461,VEH_008125,DLR_DE_001,GEO_DE,20251223,2025-12-23,HV_Battery_Pack,ERR_HV_BATTERY_PACK_DIAG,23,35006,3.5,420.0,4500.0,4920.0,True,Reimbursed
CLM_0002462,VEH_006048,DLR_IT_001,GEO_IT,20261228,2026-12-28,ADAS_Vision_Sensor,ERR_ADAS_VISION_SENSOR_DIAG,19,25745,1.5,180.0,1100.0,1280.0,True,Approved
CLM_0002463,VEH_000860,DLR_UK_001,GEO_UK,20250909,2025-09-09,Electric_Drive_Inverter,ERR_ELECTRIC_DRIVE_INVERTER_DIAG,13,21229,5.0,600.0,1850.0,2450.0,True,Reimbursed
CLM_0002464,VEH_001286,DLR_IT_001,GEO_IT,20261219,2026-12-19,Electric_Drive_Inverter,ERR_ELECTRIC_DRIVE_INVERTER_DIAG,20,33220,1.5,180.0,1850.0,2030.0,True,Reimbursed
CLM_0002465,VEH_008779,DLR_NL_001,GEO_NL,20251025,2025-10-25,Electric_Drive_Inverter,ERR_ELECTRIC_DRIVE_INVERTER_DIAG,7,10710,1.5,180.0,1850.0,2030.0,True,Under_Investigation
CLM_0002466,VEH_004459,DLR_NL_001,GEO_NL,20260927,2026-09-27,Electric_Drive_Inverter,ERR_ELECTRIC_DRIVE_INVERTER_DIAG,11,18381,1.5,180.0,1850.0,2030.0,True,Reimbursed
CLM_0002467,VEH_002245,DLR_NL_002,GEO_NL,20260601,2026-06-01,HV_Battery_Pack,ERR_HV_BATTERY_PACK_DIAG,17,19176,3.5,420.0,4500.0,4920.0,True,Reimbursed
CLM_0002468,VEH_008049,DLR_NO_001,GEO_NO,20250424,2025-04-24,Air_Suspension,ERR_AIR_SUSPENSION_DIAG,9,14877,3.5,420.0,850.0,1270.0,False,Under_Investigation
CLM_0002469,VEH_008950,DLR_NO_001,GEO_NO,20260606,2026-06-06,ADAS_Vision_Sensor,ERR_ADAS_VISION_SENSOR_DIAG,9,10611,5.0,600.0,1100.0,1700.0,True,Approved
CLM_0002470,VEH_006156,DLR_NL_001,GEO_NL,20250820,2025-08-20,Infotainment_OTA,ERR_INFOTAINMENT_OTA_DIAG,5,7445,2.0,240.0,150.0,390.0,False,Approved
CLM_0002471,VEH_005509,DLR_NO_001,GEO_NO,20261228,2026-12-28,HV_Battery_Pack,ERR_HV_BATTERY_PACK_DIAG,23,27439,5.0,600.0,4500.0,5100.0,True,Approved
CLM_0002472,VEH_004245,DLR_NO_002,GEO_NO,20260712,2026-07-12,Air_Suspension,ERR_AIR_SUSPENSION_DIAG,13,17316,1.5,180.0,850.0,1030.0,False,Approved
CLM_0002473,VEH_003625,DLR_IT_001,GEO_IT,20251220,2025-12-20,ADAS_Vision_Sensor,ERR_ADAS_VISION_SENSOR_DIAG,9,10035,1.5,180.0,1100.0,1280.0,True,Reimbursed
CLM_0002474,VEH_009076,DLR_IT_001,GEO_IT,20250707,2025-07-07,HV_Battery_Pack,ERR_HV_BATTERY_PACK_DIAG,13,22074,1.5,180.0,4500.0,4680.0,True,Reimbursed
CLM_0002475,VEH_006645,DLR_NL_001,GEO_NL,20251210,2025-12-10,Infotainment_OTA,ERR_INFOTAINMENT_OTA_DIAG,5,7995,3.5,420.0,150.0,570.0,False,Approved
CLM_0002476,VEH_007309,DLR_NO_002,GEO_NO,20240703,2024-07-03,ADAS_Vision_Sensor,ERR_ADAS_VISION_SENSOR_DIAG,5,6120,1.5,180.0,1100.0,1280.0,True,Reimbursed
CLM_0002477,VEH_001759,DLR_DE_002,GEO_DE,20251016,2025-10-16,Air_Suspension,ERR_AIR_SUSPENSION_DIAG,21,29106,1.5,180.0,850.0,1030.0,False,Under_Investigation
CLM_0002478,VEH_010035,DLR_SE_002,GEO_SE,20260911,2026-09-11,Electric_Drive_Inverter,ERR_ELECTRIC_DRIVE_INVERTER_DIAG,11,19690,5.0,600.0,1850.0,2450.0,True,Approved
CLM_0002479,VEH_009324,DLR_IT_002,GEO_IT,20250907,2025-09-07,Electric_Drive_Inverter,ERR_ELECTRIC_DRIVE_INVERTER_DIAG,15,23265,1.5,180.0,1850.0,2030.0,True,Under_Investigation
CLM_0002480,VEH_000780,DLR_DE_002,GEO_DE,20261228,2026-12-28,Air_Suspension,ERR_AIR_SUSPENSION_DIAG,23,30958,5.0,600.0,850.0,1450.0,False,Approved
CLM_0002481,VEH_008174,DLR_NO_002,GEO_NO,20260413,2026-04-13,Air_Suspension,ERR_AIR_SUSPENSION_DIAG,23,25484,3.5,420.0,850.0,1270.0,False,Reimbursed
CLM_0002482,VEH_004388,DLR_NO_001,GEO_NO,20261001,2026-10-01,HV_Battery_Pack,ERR_HV_BATTERY_PACK_DIAG,22,38830,1.5,180.0,4500.0,4680.0,True,Approved
CLM_0002483,VEH_005249,DLR_NL_001,GEO_NL,20241204,2024-12-04,ADAS_Vision_Sensor,ERR_ADAS_VISION_SENSOR_DIAG,3,5130,3.5,420.0,1100.0,1520.0,True,Approved
CLM_0002484,VEH_001903,DLR_IT_002,GEO_IT,20261228,2026-12-28,ADAS_Vision_Sensor,ERR_ADAS_VISION_SENSOR_DIAG,10,13100,2.0,240.0,1100.0,1340.0,True,Reimbursed
CLM_0002485,VEH_002102,DLR_NO_001,GEO_NO,20250716,2025-07-16,ADAS_Vision_Sensor,ERR_ADAS_VISION_SENSOR_DIAG,5,7865,3.5,420.0,1100.0,1520.0,True,Reimbursed
CLM_0002486,VEH_006249,DLR_NO_001,GEO_NO,20261228,2026-12-28,Infotainment_OTA,ERR_INFOTAINMENT_OTA_DIAG,20,29340,1.5,180.0,150.0,330.0,False,Reimbursed
CLM_0002487,VEH_006368,DLR_NL_001,GEO_NL,20260206,2026-02-06,Electric_Drive_Inverter,ERR_ELECTRIC_DRIVE_INVERTER_DIAG,14,22792,2.0,240.0,1850.0,2090.0,True,Approved
CLM_0002488,VEH_001384,DLR_NO_002,GEO_NO,20250514,2025-05-14,Electric_Drive_Inverter,ERR_ELECTRIC_DRIVE_INVERTER_DIAG,3,3981,5.0,600.0,1850.0,2450.0,True,Under_Investigation
CLM_0002489,VEH_006854,DLR_NO_002,GEO_NO,20261228,2026-12-28,Air_Suspension,ERR_AIR_SUSPENSION_DIAG,15,19380,5.0,600.0,850.0,1450.0,False,Approved
CLM_0002490,VEH_004421,DLR_UK_001,GEO_UK,20261019,2026-10-19,Electric_Drive_Inverter,ERR_ELECTRIC_DRIVE_INVERTER_DIAG,17,22066,3.5,420.0,1850.0,2270.0,True,Approved
CLM_0002491,VEH_007883,DLR_DE_001,GEO_DE,20260710,2026-07-10,Infotainment_OTA,ERR_INFOTAINMENT_OTA_DIAG,20,26180,5.0,600.0,150.0,750.0,False,Approved
CLM_0002492,VEH_003850,DLR_NO_002,GEO_NO,20250310,2025-03-10,ADAS_Vision_Sensor,ERR_ADAS_VISION_SENSOR_DIAG,6,9594,5.0,600.0,1100.0,1700.0,True,Reimbursed
CLM_0002493,VEH_003013,DLR_NL_001,GEO_NL,20251009,2025-10-09,Electric_Drive_Inverter,ERR_ELECTRIC_DRIVE_INVERTER_DIAG,13,19942,1.5,180.0,1850.0,2030.0,True,Approved
CLM_0002494,VEH_006086,DLR_DE_001,GEO_DE,20261228,2026-12-28,HV_Battery_Pack,ERR_HV_BATTERY_PACK_DIAG,17,20621,1.5,180.0,4500.0,4680.0,True,Reimbursed
CLM_0002495,VEH_009589,DLR_DE_001,GEO_DE,20250410,2025-04-10,Electric_Drive_Inverter,ERR_ELECTRIC_DRIVE_INVERTER_DIAG,12,21000,3.5,420.0,1850.0,2270.0,True,Under_Investigation
CLM_0002496,VEH_002123,DLR_NL_001,GEO_NL,20260210,2026-02-10,HV_Battery_Pack,ERR_HV_BATTERY_PACK_DIAG,15,22860,1.5,180.0,4500.0,4680.0,True,Reimbursed
CLM_0002497,VEH_004669,DLR_IT_002,GEO_IT,20260303,2026-03-03,HV_Battery_Pack,ERR_HV_BATTERY_PACK_DIAG,24,31656,2.0,240.0,4500.0,4740.0,True,Under_Investigation
CLM_0002498,VEH_008718,DLR_IT_001,GEO_IT,20260305,2026-03-05,HV_Battery_Pack,ERR_HV_BATTERY_PACK_DIAG,16,19584,1.5,180.0,4500.0,4680.0,True,Approved
CLM_0002499,VEH_004860,DLR_SE_002,GEO_SE,20251214,2025-12-14,Air_Suspension,ERR_AIR_SUSPENSION_DIAG,8,9712,2.0,240.0,850.0,1090.0,False,Under_Investigation
CLM_0002500,VEH_001840,DLR_DE_002,GEO_DE,20260327,2026-03-27,Air_Suspension,ERR_AIR_SUSPENSION_DIAG,20,30100,1.5,180.0,850.0,1030.0,False,Approved
CLM_0002501,VEH_002714,DLR_UK_001,GEO_UK,20241127,2024-11-27,Electric_Drive_Inverter,ERR_ELECTRIC_DRIVE_INVERTER_DIAG,9,14328,2.0,240.0,1850.0,2090.0,True,Reimbursed
CLM_0002502,VEH_003364,DLR_DE_001,GEO_DE,20241031,2024-10-31,ADAS_Vision_Sensor,ERR_ADAS_VISION_SENSOR_DIAG,9,13347,5.0,600.0,1100.0,1700.0,True,Reimbursed
CLM_0002503,VEH_005277,DLR_SE_001,GEO_SE,20260119,2026-01-19,Infotainment_OTA,ERR_INFOTAINMENT_OTA_DIAG,6,8472,2.0,240.0,150.0,390.0,False,Reimbursed
CLM_0002504,VEH_004875,DLR_SE_001,GEO_SE,20261228,2026-12-28,HV_Battery_Pack,ERR_HV_BATTERY_PACK_DIAG,14,16212,3.5,420.0,4500.0,4920.0,True,Approved
CLM_0002505,VEH_009549,DLR_IT_001,GEO_IT,20250918,2025-09-18,Infotainment_OTA,ERR_INFOTAINMENT_OTA_DIAG,17,23919,5.0,600.0,150.0,750.0,False,Under_Investigation
CLM_0002506,VEH_002282,DLR_NO_002,GEO_NO,20260526,2026-05-26,HV_Battery_Pack,ERR_HV_BATTERY_PACK_DIAG,24,31104,5.0,600.0,4500.0,5100.0,True,Under_Investigation
CLM_0002507,VEH_008917,DLR_US_001,GEO_US,20260518,2026-05-18,Air_Suspension,ERR_AIR_SUSPENSION_DIAG,13,17225,3.5,420.0,850.0,1270.0,False,Under_Investigation
CLM_0002508,VEH_004611,DLR_DE_001,GEO_DE,20261228,2026-12-28,ADAS_Vision_Sensor,ERR_ADAS_VISION_SENSOR_DIAG,21,25053,3.5,420.0,1100.0,1520.0,True,Reimbursed
CLM_0002509,VEH_000678,DLR_NO_002,GEO_NO,20260418,2026-04-18,HV_Battery_Pack,ERR_HV_BATTERY_PACK_DIAG,13,18915,3.5,420.0,4500.0,4920.0,True,Approved
CLM_0002510,VEH_004791,DLR_UK_001,GEO_UK,20261228,2026-12-28,Air_Suspension,ERR_AIR_SUSPENSION_DIAG,19,29127,5.0,600.0,850.0,1450.0,False,Reimbursed
CLM_0002511,VEH_004199,DLR_IT_001,GEO_IT,20241022,2024-10-22,Air_Suspension,ERR_AIR_SUSPENSION_DIAG,7,9527,2.0,240.0,850.0,1090.0,False,Reimbursed
CLM_0002512,VEH_007218,DLR_US_001,GEO_US,20260806,2026-08-06,HV_Battery_Pack,ERR_HV_BATTERY_PACK_DIAG,14,24948,5.0,600.0,4500.0,5100.0,True,Approved
CLM_0002513,VEH_005194,DLR_IT_001,GEO_IT,20260205,2026-02-05,Air_Suspension,ERR_AIR_SUSPENSION_DIAG,21,25851,1.5,180.0,850.0,1030.0,False,Approved
CLM_0002514,VEH_003608,DLR_NO_001,GEO_NO,20261228,2026-12-28,HV_Battery_Pack,ERR_HV_BATTERY_PACK_DIAG,20,34540,1.5,180.0,4500.0,4680.0,True,Reimbursed
CLM_0002515,VEH_005990,DLR_NL_002,GEO_NL,20260703,2026-07-03,Air_Suspension,ERR_AIR_SUSPENSION_DIAG,20,34080,3.5,420.0,850.0,1270.0,False,Reimbursed
CLM_0002516,VEH_009102,DLR_US_001,GEO_US,20260716,2026-07-16,Infotainment_OTA,ERR_INFOTAINMENT_OTA_DIAG,1,1429,3.5,420.0,150.0,570.0,False,Reimbursed
CLM_0002517,VEH_009799,DLR_NO_002,GEO_NO,20260723,2026-07-23,ADAS_Vision_Sensor,ERR_ADAS_VISION_SENSOR_DIAG,22,29084,3.5,420.0,1100.0,1520.0,True,Reimbursed
CLM_0002518,VEH_006645,DLR_NL_001,GEO_NL,20250810,2025-08-10,Electric_Drive_Inverter,ERR_ELECTRIC_DRIVE_INVERTER_DIAG,1,1352,2.0,240.0,1850.0,2090.0,True,Reimbursed
CLM_0002519,VEH_007832,DLR_SE_001,GEO_SE,20261228,2026-12-28,ADAS_Vision_Sensor,ERR_ADAS_VISION_SENSOR_DIAG,24,39768,3.5,420.0,1100.0,1520.0,True,Approved
CLM_0002520,VEH_006067,DLR_DE_001,GEO_DE,20261228,2026-12-28,Air_Suspension,ERR_AIR_SUSPENSION_DIAG,24,29448,3.5,420.0,850.0,1270.0,False,Reimbursed
CLM_0002521,VEH_002383,DLR_DE_002,GEO_DE,20260531,2026-05-31,HV_Battery_Pack,ERR_HV_BATTERY_PACK_DIAG,23,29992,1.5,180.0,4500.0,4680.0,True,Approved
CLM_0002522,VEH_000768,DLR_IT_002,GEO_IT,20241019,2024-10-19,Air_Suspension,ERR_AIR_SUSPENSION_DIAG,2,2896,5.0,600.0,850.0,1450.0,False,Reimbursed
CLM_0002523,VEH_009440,DLR_NL_002,GEO_NL,20240721,2024-07-21,Electric_Drive_Inverter,ERR_ELECTRIC_DRIVE_INVERTER_DIAG,3,4587,5.0,600.0,1850.0,2450.0,True,Reimbursed
CLM_0002524,VEH_007540,DLR_NO_001,GEO_NO,20261228,2026-12-28,Air_Suspension,ERR_AIR_SUSPENSION_DIAG,10,16550,1.5,180.0,850.0,1030.0,False,Approved
CLM_0002525,VEH_008178,DLR_NL_002,GEO_NL,20260228,2026-02-28,ADAS_Vision_Sensor,ERR_ADAS_VISION_SENSOR_DIAG,1,1422,3.5,420.0,1100.0,1520.0,True,Approved
CLM_0002526,VEH_007070,DLR_UK_001,GEO_UK,20260814,2026-08-14,ADAS_Vision_Sensor,ERR_ADAS_VISION_SENSOR_DIAG,23,29716,2.0,240.0,1100.0,1340.0,True,Under_Investigation
CLM_0002527,VEH_008467,DLR_NL_001,GEO_NL,20260803,2026-08-03,HV_Battery_Pack,ERR_HV_BATTERY_PACK_DIAG,15,17025,1.5,180.0,4500.0,4680.0,True,Under_Investigation
CLM_0002528,VEH_000727,DLR_DE_002,GEO_DE,20250819,2025-08-19,ADAS_Vision_Sensor,ERR_ADAS_VISION_SENSOR_DIAG,18,29754,3.5,420.0,1100.0,1520.0,True,Approved
CLM_0002529,VEH_009231,DLR_UK_001,GEO_UK,20250305,2025-03-05,Air_Suspension,ERR_AIR_SUSPENSION_DIAG,7,8386,5.0,600.0,850.0,1450.0,False,Reimbursed
CLM_0002530,VEH_004028,DLR_NO_002,GEO_NO,20260112,2026-01-12,HV_Battery_Pack,ERR_HV_BATTERY_PACK_DIAG,6,8232,1.5,180.0,4500.0,4680.0,True,Under_Investigation
CLM_0002531,VEH_004230,DLR_SE_001,GEO_SE,20261228,2026-12-28,HV_Battery_Pack,ERR_HV_BATTERY_PACK_DIAG,11,13926,3.5,420.0,4500.0,4920.0,True,Reimbursed
CLM_0002532,VEH_000648,DLR_DE_001,GEO_DE,20250814,2025-08-14,ADAS_Vision_Sensor,ERR_ADAS_VISION_SENSOR_DIAG,15,24855,5.0,600.0,1100.0,1700.0,True,Approved
CLM_0002533,VEH_007954,DLR_NL_002,GEO_NL,20250825,2025-08-25,ADAS_Vision_Sensor,ERR_ADAS_VISION_SENSOR_DIAG,9,12726,3.5,420.0,1100.0,1520.0,True,Under_Investigation
CLM_0002534,VEH_001346,DLR_US_001,GEO_US,20250916,2025-09-16,Electric_Drive_Inverter,ERR_ELECTRIC_DRIVE_INVERTER_DIAG,11,14168,2.0,240.0,1850.0,2090.0,True,Reimbursed
CLM_0002535,VEH_002675,DLR_IT_001,GEO_IT,20261114,2026-11-14,Air_Suspension,ERR_AIR_SUSPENSION_DIAG,19,21280,5.0,600.0,850.0,1450.0,False,Under_Investigation
CLM_0002536,VEH_002748,DLR_NO_002,GEO_NO,20260613,2026-06-13,HV_Battery_Pack,ERR_HV_BATTERY_PACK_DIAG,13,19396,5.0,600.0,4500.0,5100.0,True,Approved
CLM_0002537,VEH_007249,DLR_DE_001,GEO_DE,20261228,2026-12-28,HV_Battery_Pack,ERR_HV_BATTERY_PACK_DIAG,8,13512,2.0,240.0,4500.0,4740.0,True,Under_Investigation
CLM_0002538,VEH_002709,DLR_IT_002,GEO_IT,20260203,2026-02-03,Infotainment_OTA,ERR_INFOTAINMENT_OTA_DIAG,16,27040,1.5,180.0,150.0,330.0,False,Under_Investigation
CLM_0002539,VEH_005500,DLR_SE_001,GEO_SE,20241114,2024-11-14,HV_Battery_Pack,ERR_HV_BATTERY_PACK_DIAG,8,10696,1.5,180.0,4500.0,4680.0,True,Reimbursed
CLM_0002540,VEH_003776,DLR_NL_001,GEO_NL,20261228,2026-12-28,Air_Suspension,ERR_AIR_SUSPENSION_DIAG,23,28129,3.5,420.0,850.0,1270.0,False,Approved
CLM_0002541,VEH_008971,DLR_DE_001,GEO_DE,20260713,2026-07-13,ADAS_Vision_Sensor,ERR_ADAS_VISION_SENSOR_DIAG,20,28700,2.0,240.0,1100.0,1340.0,True,Approved
CLM_0002542,VEH_004015,DLR_NL_002,GEO_NL,20261102,2026-11-02,HV_Battery_Pack,ERR_HV_BATTERY_PACK_DIAG,14,18130,3.5,420.0,4500.0,4920.0,True,Under_Investigation
CLM_0002543,VEH_008175,DLR_NO_002,GEO_NO,20250331,2025-03-31,Electric_Drive_Inverter,ERR_ELECTRIC_DRIVE_INVERTER_DIAG,12,14784,3.5,420.0,1850.0,2270.0,True,Approved
CLM_0002544,VEH_003714,DLR_NL_001,GEO_NL,20260913,2026-09-13,HV_Battery_Pack,ERR_HV_BATTERY_PACK_DIAG,22,39050,1.5,180.0,4500.0,4680.0,True,Under_Investigation
CLM_0002545,VEH_002658,DLR_NL_001,GEO_NL,20250223,2025-02-23,Infotainment_OTA,ERR_INFOTAINMENT_OTA_DIAG,1,1476,5.0,600.0,150.0,750.0,False,Reimbursed
CLM_0002546,VEH_010009,DLR_IT_001,GEO_IT,20261221,2026-12-21,Electric_Drive_Inverter,ERR_ELECTRIC_DRIVE_INVERTER_DIAG,18,26694,5.0,600.0,1850.0,2450.0,True,Under_Investigation
CLM_0002547,VEH_005839,DLR_NL_001,GEO_NL,20261228,2026-12-28,HV_Battery_Pack,ERR_HV_BATTERY_PACK_DIAG,20,26320,3.5,420.0,4500.0,4920.0,True,Approved
CLM_0002548,VEH_006031,DLR_SE_002,GEO_SE,20261228,2026-12-28,HV_Battery_Pack,ERR_HV_BATTERY_PACK_DIAG,20,30640,2.0,240.0,4500.0,4740.0,True,Reimbursed
CLM_0002549,VEH_000990,DLR_DE_001,GEO_DE,20240715,2024-07-15,Infotainment_OTA,ERR_INFOTAINMENT_OTA_DIAG,5,8125,5.0,600.0,150.0,750.0,False,Approved
CLM_0002550,VEH_001911,DLR_US_001,GEO_US,20261228,2026-12-28,HV_Battery_Pack,ERR_HV_BATTERY_PACK_DIAG,19,30286,2.0,240.0,4500.0,4740.0,True,Reimbursed
CLM_0002551,VEH_003885,DLR_NO_002,GEO_NO,20260811,2026-08-11,Electric_Drive_Inverter,ERR_ELECTRIC_DRIVE_INVERTER_DIAG,6,7422,2.0,240.0,1850.0,2090.0,True,Approved
CLM_0002552,VEH_009670,DLR_UK_001,GEO_UK,20260510,2026-05-10,HV_Battery_Pack,ERR_HV_BATTERY_PACK_DIAG,15,20445,2.0,240.0,4500.0,4740.0,True,Approved
CLM_0002553,VEH_007665,DLR_DE_001,GEO_DE,20260115,2026-01-15,Infotainment_OTA,ERR_INFOTAINMENT_OTA_DIAG,5,6905,2.0,240.0,150.0,390.0,False,Under_Investigation
CLM_0002554,VEH_009845,DLR_UK_001,GEO_UK,20260810,2026-08-10,HV_Battery_Pack,ERR_HV_BATTERY_PACK_DIAG,24,31224,2.0,240.0,4500.0,4740.0,True,Approved
CLM_0002555,VEH_001989,DLR_US_001,GEO_US,20260729,2026-07-29,Infotainment_OTA,ERR_INFOTAINMENT_OTA_DIAG,6,7644,5.0,600.0,150.0,750.0,False,Reimbursed
CLM_0002556,VEH_000489,DLR_IT_002,GEO_IT,20250102,2025-01-02,Infotainment_OTA,ERR_INFOTAINMENT_OTA_DIAG,2,2686,2.0,240.0,150.0,390.0,False,Approved
CLM_0002557,VEH_009035,DLR_SE_001,GEO_SE,20241020,2024-10-20,HV_Battery_Pack,ERR_HV_BATTERY_PACK_DIAG,9,11466,1.5,180.0,4500.0,4680.0,True,Approved
CLM_0002558,VEH_009463,DLR_SE_002,GEO_SE,20261228,2026-12-28,Air_Suspension,ERR_AIR_SUSPENSION_DIAG,11,12760,5.0,600.0,850.0,1450.0,False,Reimbursed
CLM_0002559,VEH_000933,DLR_SE_001,GEO_SE,20260116,2026-01-16,Infotainment_OTA,ERR_INFOTAINMENT_OTA_DIAG,5,7720,1.5,180.0,150.0,330.0,False,Under_Investigation
CLM_0002560,VEH_010020,DLR_UK_001,GEO_UK,20250212,2025-02-12,Air_Suspension,ERR_AIR_SUSPENSION_DIAG,9,11430,3.5,420.0,850.0,1270.0,False,Approved
CLM_0002561,VEH_003108,DLR_DE_002,GEO_DE,20260515,2026-05-15,Electric_Drive_Inverter,ERR_ELECTRIC_DRIVE_INVERTER_DIAG,12,13908,3.5,420.0,1850.0,2270.0,True,Approved
CLM_0002562,VEH_009167,DLR_NO_001,GEO_NO,20250825,2025-08-25,Electric_Drive_Inverter,ERR_ELECTRIC_DRIVE_INVERTER_DIAG,5,6220,5.0,600.0,1850.0,2450.0,True,Approved
CLM_0002563,VEH_003427,DLR_IT_001,GEO_IT,20250617,2025-06-17,HV_Battery_Pack,ERR_HV_BATTERY_PACK_DIAG,1,1717,1.5,180.0,4500.0,4680.0,True,Reimbursed
CLM_0002564,VEH_000239,DLR_IT_002,GEO_IT,20261129,2026-11-29,HV_Battery_Pack,ERR_HV_BATTERY_PACK_DIAG,20,34280,5.0,600.0,4500.0,5100.0,True,Under_Investigation
CLM_0002565,VEH_003660,DLR_NL_002,GEO_NL,20260130,2026-01-30,Air_Suspension,ERR_AIR_SUSPENSION_DIAG,21,32865,2.0,240.0,850.0,1090.0,False,Approved
CLM_0002566,VEH_003730,DLR_DE_002,GEO_DE,20251127,2025-11-27,Electric_Drive_Inverter,ERR_ELECTRIC_DRIVE_INVERTER_DIAG,9,12951,5.0,600.0,1850.0,2450.0,True,Reimbursed
CLM_0002567,VEH_003889,DLR_SE_002,GEO_SE,20261024,2026-10-24,HV_Battery_Pack,ERR_HV_BATTERY_PACK_DIAG,15,20505,5.0,600.0,4500.0,5100.0,True,Approved
CLM_0002568,VEH_002989,DLR_NL_001,GEO_NL,20251105,2025-11-05,Electric_Drive_Inverter,ERR_ELECTRIC_DRIVE_INVERTER_DIAG,19,30666,1.5,180.0,1850.0,2030.0,True,Under_Investigation
CLM_0002569,VEH_005991,DLR_NL_002,GEO_NL,20260522,2026-05-22,ADAS_Vision_Sensor,ERR_ADAS_VISION_SENSOR_DIAG,1,1396,1.5,180.0,1100.0,1280.0,True,Under_Investigation
CLM_0002570,VEH_006390,DLR_IT_002,GEO_IT,20250511,2025-05-11,Electric_Drive_Inverter,ERR_ELECTRIC_DRIVE_INVERTER_DIAG,12,19296,2.0,240.0,1850.0,2090.0,True,Reimbursed
CLM_0002571,VEH_002915,DLR_IT_001,GEO_IT,20260108,2026-01-08,Electric_Drive_Inverter,ERR_ELECTRIC_DRIVE_INVERTER_DIAG,2,2678,1.5,180.0,1850.0,2030.0,True,Reimbursed
CLM_0002572,VEH_007357,DLR_NL_001,GEO_NL,20260227,2026-02-27,Electric_Drive_Inverter,ERR_ELECTRIC_DRIVE_INVERTER_DIAG,7,12551,2.0,240.0,1850.0,2090.0,True,Approved
CLM_0002573,VEH_004193,DLR_NL_002,GEO_NL,20240615,2024-06-15,ADAS_Vision_Sensor,ERR_ADAS_VISION_SENSOR_DIAG,2,3534,5.0,600.0,1100.0,1700.0,True,Under_Investigation
CLM_0002574,VEH_008134,DLR_DE_002,GEO_DE,20261228,2026-12-28,Electric_Drive_Inverter,ERR_ELECTRIC_DRIVE_INVERTER_DIAG,22,25432,1.5,180.0,1850.0,2030.0,True,Approved
CLM_0002575,VEH_005821,DLR_DE_002,GEO_DE,20261228,2026-12-28,Air_Suspension,ERR_AIR_SUSPENSION_DIAG,7,10262,3.5,420.0,850.0,1270.0,False,Approved
CLM_0002576,VEH_000073,DLR_DE_001,GEO_DE,20261228,2026-12-28,Electric_Drive_Inverter,ERR_ELECTRIC_DRIVE_INVERTER_DIAG,14,18424,1.5,180.0,1850.0,2030.0,True,Reimbursed
CLM_0002577,VEH_006944,DLR_SE_001,GEO_SE,20261228,2026-12-28,HV_Battery_Pack,ERR_HV_BATTERY_PACK_DIAG,23,32591,2.0,240.0,4500.0,4740.0,True,Under_Investigation
CLM_0002578,VEH_003267,DLR_US_001,GEO_US,20250501,2025-05-01,Electric_Drive_Inverter,ERR_ELECTRIC_DRIVE_INVERTER_DIAG,14,17248,3.5,420.0,1850.0,2270.0,True,Under_Investigation
CLM_0002579,VEH_007258,DLR_NO_002,GEO_NO,20251128,2025-11-28,HV_Battery_Pack,ERR_HV_BATTERY_PACK_DIAG,7,11480,2.0,240.0,4500.0,4740.0,True,Reimbursed
CLM_0002580,VEH_002140,DLR_IT_002,GEO_IT,20261228,2026-12-28,HV_Battery_Pack,ERR_HV_BATTERY_PACK_DIAG,24,32496,5.0,600.0,4500.0,5100.0,True,Reimbursed
CLM_0002581,VEH_003272,DLR_IT_002,GEO_IT,20240803,2024-08-03,HV_Battery_Pack,ERR_HV_BATTERY_PACK_DIAG,3,4137,1.5,180.0,4500.0,4680.0,True,Under_Investigation
CLM_0002582,VEH_009208,DLR_IT_001,GEO_IT,20261228,2026-12-28,ADAS_Vision_Sensor,ERR_ADAS_VISION_SENSOR_DIAG,18,26136,3.5,420.0,1100.0,1520.0,True,Under_Investigation
CLM_0002583,VEH_003679,DLR_DE_001,GEO_DE,20250308,2025-03-08,HV_Battery_Pack,ERR_HV_BATTERY_PACK_DIAG,11,17028,2.0,240.0,4500.0,4740.0,True,Under_Investigation
CLM_0002584,VEH_008394,DLR_NO_001,GEO_NO,20250615,2025-06-15,Electric_Drive_Inverter,ERR_ELECTRIC_DRIVE_INVERTER_DIAG,3,4320,1.5,180.0,1850.0,2030.0,True,Under_Investigation
CLM_0002585,VEH_005491,DLR_DE_001,GEO_DE,20260424,2026-04-24,Electric_Drive_Inverter,ERR_ELECTRIC_DRIVE_INVERTER_DIAG,6,10662,1.5,180.0,1850.0,2030.0,True,Under_Investigation
CLM_0002586,VEH_001486,DLR_DE_002,GEO_DE,20261228,2026-12-28,HV_Battery_Pack,ERR_HV_BATTERY_PACK_DIAG,22,35310,1.5,180.0,4500.0,4680.0,True,Approved
CLM_0002587,VEH_006070,DLR_DE_002,GEO_DE,20261205,2026-12-05,Air_Suspension,ERR_AIR_SUSPENSION_DIAG,12,13896,2.0,240.0,850.0,1090.0,False,Approved
CLM_0002588,VEH_009196,DLR_NL_001,GEO_NL,20240601,2024-06-01,HV_Battery_Pack,ERR_HV_BATTERY_PACK_DIAG,1,1368,2.0,240.0,4500.0,4740.0,True,Approved
CLM_0002589,VEH_001407,DLR_NL_002,GEO_NL,20251110,2025-11-10,Infotainment_OTA,ERR_INFOTAINMENT_OTA_DIAG,15,20775,5.0,600.0,150.0,750.0,False,Reimbursed
CLM_0002590,VEH_008489,DLR_DE_001,GEO_DE,20260401,2026-04-01,Infotainment_OTA,ERR_INFOTAINMENT_OTA_DIAG,4,5408,2.0,240.0,150.0,390.0,False,Reimbursed
CLM_0002591,VEH_000541,DLR_IT_001,GEO_IT,20250610,2025-06-10,ADAS_Vision_Sensor,ERR_ADAS_VISION_SENSOR_DIAG,5,8900,3.5,420.0,1100.0,1520.0,True,Under_Investigation
CLM_0002592,VEH_002959,DLR_UK_001,GEO_UK,20250902,2025-09-02,HV_Battery_Pack,ERR_HV_BATTERY_PACK_DIAG,16,19168,2.0,240.0,4500.0,4740.0,True,Reimbursed
CLM_0002593,VEH_005407,DLR_US_001,GEO_US,20261228,2026-12-28,ADAS_Vision_Sensor,ERR_ADAS_VISION_SENSOR_DIAG,24,32352,1.5,180.0,1100.0,1280.0,True,Under_Investigation
CLM_0002594,VEH_002908,DLR_UK_001,GEO_UK,20260606,2026-06-06,ADAS_Vision_Sensor,ERR_ADAS_VISION_SENSOR_DIAG,13,20059,3.5,420.0,1100.0,1520.0,True,Under_Investigation
CLM_0002595,VEH_007149,DLR_NO_002,GEO_NO,20250421,2025-04-21,HV_Battery_Pack,ERR_HV_BATTERY_PACK_DIAG,8,11664,1.5,180.0,4500.0,4680.0,True,Under_Investigation
CLM_0002596,VEH_000489,DLR_IT_002,GEO_IT,20260403,2026-04-03,Electric_Drive_Inverter,ERR_ELECTRIC_DRIVE_INVERTER_DIAG,17,26265,1.5,180.0,1850.0,2030.0,True,Reimbursed
CLM_0002597,VEH_002416,DLR_DE_001,GEO_DE,20261018,2026-10-18,Electric_Drive_Inverter,ERR_ELECTRIC_DRIVE_INVERTER_DIAG,5,8885,5.0,600.0,1850.0,2450.0,True,Reimbursed
CLM_0002598,VEH_001671,DLR_SE_001,GEO_SE,20260111,2026-01-11,HV_Battery_Pack,ERR_HV_BATTERY_PACK_DIAG,19,22021,1.5,180.0,4500.0,4680.0,True,Approved
CLM_0002599,VEH_003388,DLR_SE_001,GEO_SE,20260509,2026-05-09,HV_Battery_Pack,ERR_HV_BATTERY_PACK_DIAG,21,29043,1.5,180.0,4500.0,4680.0,True,Reimbursed
CLM_0002600,VEH_005581,DLR_UK_001,GEO_UK,20260217,2026-02-17,HV_Battery_Pack,ERR_HV_BATTERY_PACK_DIAG,7,11095,2.0,240.0,4500.0,4740.0,True,Reimbursed
CLM_0002601,VEH_008536,DLR_SE_001,GEO_SE,20240811,2024-08-11,ADAS_Vision_Sensor,ERR_ADAS_VISION_SENSOR_DIAG,5,5850,2.0,240.0,1100.0,1340.0,True,Reimbursed
CLM_0002602,VEH_001787,DLR_SE_002,GEO_SE,20250424,2025-04-24,Electric_Drive_Inverter,ERR_ELECTRIC_DRIVE_INVERTER_DIAG,4,4916,3.5,420.0,1850.0,2270.0,True,Approved
CLM_0002603,VEH_005224,DLR_SE_001,GEO_SE,20251219,2025-12-19,Air_Suspension,ERR_AIR_SUSPENSION_DIAG,14,21994,3.5,420.0,850.0,1270.0,False,Approved
CLM_0002604,VEH_007249,DLR_DE_001,GEO_DE,20261228,2026-12-28,Infotainment_OTA,ERR_INFOTAINMENT_OTA_DIAG,11,13728,1.5,180.0,150.0,330.0,False,Approved
CLM_0002605,VEH_000790,DLR_IT_001,GEO_IT,20251104,2025-11-04,Electric_Drive_Inverter,ERR_ELECTRIC_DRIVE_INVERTER_DIAG,17,28849,5.0,600.0,1850.0,2450.0,True,Reimbursed
CLM_0002606,VEH_000243,DLR_DE_001,GEO_DE,20250424,2025-04-24,HV_Battery_Pack,ERR_HV_BATTERY_PACK_DIAG,8,11256,3.5,420.0,4500.0,4920.0,True,Reimbursed
CLM_0002607,VEH_008260,DLR_NL_001,GEO_NL,20261228,2026-12-28,HV_Battery_Pack,ERR_HV_BATTERY_PACK_DIAG,21,23625,2.0,240.0,4500.0,4740.0,True,Reimbursed
CLM_0002608,VEH_007878,DLR_UK_001,GEO_UK,20241227,2024-12-27,HV_Battery_Pack,ERR_HV_BATTERY_PACK_DIAG,9,12096,5.0,600.0,4500.0,5100.0,True,Approved
CLM_0002609,VEH_001845,DLR_NL_002,GEO_NL,20251115,2025-11-15,ADAS_Vision_Sensor,ERR_ADAS_VISION_SENSOR_DIAG,7,8638,3.5,420.0,1100.0,1520.0,True,Reimbursed
CLM_0002610,VEH_000112,DLR_DE_001,GEO_DE,20260115,2026-01-15,HV_Battery_Pack,ERR_HV_BATTERY_PACK_DIAG,4,5548,3.5,420.0,4500.0,4920.0,True,Reimbursed
CLM_0002611,VEH_008483,DLR_DE_001,GEO_DE,20261228,2026-12-28,ADAS_Vision_Sensor,ERR_ADAS_VISION_SENSOR_DIAG,16,19472,5.0,600.0,1100.0,1700.0,True,Approved
CLM_0002612,VEH_000050,DLR_IT_001,GEO_IT,20260514,2026-05-14,ADAS_Vision_Sensor,ERR_ADAS_VISION_SENSOR_DIAG,16,24208,2.0,240.0,1100.0,1340.0,True,Under_Investigation
CLM_0002613,VEH_004961,DLR_NO_001,GEO_NO,20260215,2026-02-15,ADAS_Vision_Sensor,ERR_ADAS_VISION_SENSOR_DIAG,19,28272,3.5,420.0,1100.0,1520.0,True,Reimbursed
CLM_0002614,VEH_009825,DLR_IT_002,GEO_IT,20260527,2026-05-27,HV_Battery_Pack,ERR_HV_BATTERY_PACK_DIAG,13,22399,2.0,240.0,4500.0,4740.0,True,Reimbursed
CLM_0002615,VEH_009447,DLR_SE_001,GEO_SE,20241102,2024-11-02,HV_Battery_Pack,ERR_HV_BATTERY_PACK_DIAG,8,11552,3.5,420.0,4500.0,4920.0,True,Under_Investigation
CLM_0002616,VEH_004081,DLR_NL_001,GEO_NL,20261127,2026-11-27,HV_Battery_Pack,ERR_HV_BATTERY_PACK_DIAG,20,24960,2.0,240.0,4500.0,4740.0,True,Reimbursed
CLM_0002617,VEH_008420,DLR_DE_002,GEO_DE,20260803,2026-08-03,Electric_Drive_Inverter,ERR_ELECTRIC_DRIVE_INVERTER_DIAG,4,4476,3.5,420.0,1850.0,2270.0,True,Approved
CLM_0002618,VEH_001856,DLR_DE_001,GEO_DE,20251101,2025-11-01,Air_Suspension,ERR_AIR_SUSPENSION_DIAG,4,5600,2.0,240.0,850.0,1090.0,False,Under_Investigation
CLM_0002619,VEH_004038,DLR_UK_001,GEO_UK,20250822,2025-08-22,HV_Battery_Pack,ERR_HV_BATTERY_PACK_DIAG,17,28237,1.5,180.0,4500.0,4680.0,True,Reimbursed
CLM_0002620,VEH_002336,DLR_NO_001,GEO_NO,20260211,2026-02-11,Air_Suspension,ERR_AIR_SUSPENSION_DIAG,10,12300,2.0,240.0,850.0,1090.0,False,Reimbursed
CLM_0002621,VEH_009745,DLR_DE_002,GEO_DE,20260611,2026-06-11,HV_Battery_Pack,ERR_HV_BATTERY_PACK_DIAG,24,27840,1.5,180.0,4500.0,4680.0,True,Approved
CLM_0002622,VEH_000226,DLR_NO_001,GEO_NO,20261213,2026-12-13,Air_Suspension,ERR_AIR_SUSPENSION_DIAG,6,7854,1.5,180.0,850.0,1030.0,False,Under_Investigation
CLM_0002623,VEH_007102,DLR_NL_001,GEO_NL,20261013,2026-10-13,Electric_Drive_Inverter,ERR_ELECTRIC_DRIVE_INVERTER_DIAG,4,6000,3.5,420.0,1850.0,2270.0,True,Approved
CLM_0002624,VEH_007855,DLR_IT_001,GEO_IT,20251211,2025-12-11,ADAS_Vision_Sensor,ERR_ADAS_VISION_SENSOR_DIAG,20,22240,1.5,180.0,1100.0,1280.0,True,Reimbursed
CLM_0002625,VEH_007403,DLR_IT_001,GEO_IT,20260611,2026-06-11,Infotainment_OTA,ERR_INFOTAINMENT_OTA_DIAG,16,24512,2.0,240.0,150.0,390.0,False,Reimbursed
CLM_0002626,VEH_007597,DLR_NO_001,GEO_NO,20260906,2026-09-06,Electric_Drive_Inverter,ERR_ELECTRIC_DRIVE_INVERTER_DIAG,20,35400,3.5,420.0,1850.0,2270.0,True,Under_Investigation
CLM_0002627,VEH_009915,DLR_NL_001,GEO_NL,20260129,2026-01-29,HV_Battery_Pack,ERR_HV_BATTERY_PACK_DIAG,23,27623,2.0,240.0,4500.0,4740.0,True,Under_Investigation
CLM_0002628,VEH_005622,DLR_NL_001,GEO_NL,20261119,2026-11-19,HV_Battery_Pack,ERR_HV_BATTERY_PACK_DIAG,13,14326,1.5,180.0,4500.0,4680.0,True,Approved
CLM_0002629,VEH_009757,DLR_IT_001,GEO_IT,20260205,2026-02-05,ADAS_Vision_Sensor,ERR_ADAS_VISION_SENSOR_DIAG,13,16094,2.0,240.0,1100.0,1340.0,True,Approved
CLM_0002630,VEH_002934,DLR_DE_002,GEO_DE,20261228,2026-12-28,Electric_Drive_Inverter,ERR_ELECTRIC_DRIVE_INVERTER_DIAG,22,36212,1.5,180.0,1850.0,2030.0,True,Under_Investigation
CLM_0002631,VEH_007083,DLR_IT_002,GEO_IT,20260904,2026-09-04,Air_Suspension,ERR_AIR_SUSPENSION_DIAG,13,17004,5.0,600.0,850.0,1450.0,False,Reimbursed
CLM_0002632,VEH_001233,DLR_NL_002,GEO_NL,20250526,2025-05-26,HV_Battery_Pack,ERR_HV_BATTERY_PACK_DIAG,1,1207,3.5,420.0,4500.0,4920.0,True,Under_Investigation
CLM_0002633,VEH_007072,DLR_DE_002,GEO_DE,20260418,2026-04-18,HV_Battery_Pack,ERR_HV_BATTERY_PACK_DIAG,19,31103,3.5,420.0,4500.0,4920.0,True,Under_Investigation
CLM_0002634,VEH_004544,DLR_UK_001,GEO_UK,20261228,2026-12-28,HV_Battery_Pack,ERR_HV_BATTERY_PACK_DIAG,13,16393,3.5,420.0,4500.0,4920.0,True,Under_Investigation
CLM_0002635,VEH_004092,DLR_NO_002,GEO_NO,20251216,2025-12-16,HV_Battery_Pack,ERR_HV_BATTERY_PACK_DIAG,12,17232,3.5,420.0,4500.0,4920.0,True,Approved
CLM_0002636,VEH_000780,DLR_DE_002,GEO_DE,20261204,2026-12-04,HV_Battery_Pack,ERR_HV_BATTERY_PACK_DIAG,19,30704,3.5,420.0,4500.0,4920.0,True,Reimbursed
CLM_0002637,VEH_006641,DLR_DE_002,GEO_DE,20251012,2025-10-12,Electric_Drive_Inverter,ERR_ELECTRIC_DRIVE_INVERTER_DIAG,6,6606,2.0,240.0,1850.0,2090.0,True,Under_Investigation
CLM_0002638,VEH_000779,DLR_SE_002,GEO_SE,20250720,2025-07-20,Air_Suspension,ERR_AIR_SUSPENSION_DIAG,3,3897,1.5,180.0,850.0,1030.0,False,Approved
CLM_0002639,VEH_002346,DLR_NO_002,GEO_NO,20260430,2026-04-30,Electric_Drive_Inverter,ERR_ELECTRIC_DRIVE_INVERTER_DIAG,15,21435,2.0,240.0,1850.0,2090.0,True,Under_Investigation
CLM_0002640,VEH_007499,DLR_IT_002,GEO_IT,20260902,2026-09-02,HV_Battery_Pack,ERR_HV_BATTERY_PACK_DIAG,22,33308,2.0,240.0,4500.0,4740.0,True,Approved
CLM_0002641,VEH_008586,DLR_DE_002,GEO_DE,20261228,2026-12-28,HV_Battery_Pack,ERR_HV_BATTERY_PACK_DIAG,14,22232,3.5,420.0,4500.0,4920.0,True,Approved
CLM_0002642,VEH_004566,DLR_DE_002,GEO_DE,20260319,2026-03-19,ADAS_Vision_Sensor,ERR_ADAS_VISION_SENSOR_DIAG,17,23868,2.0,240.0,1100.0,1340.0,True,Under_Investigation
CLM_0002643,VEH_006561,DLR_NL_001,GEO_NL,20250821,2025-08-21,HV_Battery_Pack,ERR_HV_BATTERY_PACK_DIAG,18,25488,5.0,600.0,4500.0,5100.0,True,Under_Investigation
CLM_0002644,VEH_004863,DLR_DE_001,GEO_DE,20250809,2025-08-09,Infotainment_OTA,ERR_INFOTAINMENT_OTA_DIAG,1,1584,1.5,180.0,150.0,330.0,False,Approved
CLM_0002645,VEH_006094,DLR_SE_001,GEO_SE,20260411,2026-04-11,ADAS_Vision_Sensor,ERR_ADAS_VISION_SENSOR_DIAG,12,15120,1.5,180.0,1100.0,1280.0,True,Approved
CLM_0002646,VEH_007610,DLR_US_001,GEO_US,20261228,2026-12-28,Air_Suspension,ERR_AIR_SUSPENSION_DIAG,14,21462,2.0,240.0,850.0,1090.0,False,Approved
CLM_0002647,VEH_007990,DLR_IT_001,GEO_IT,20251122,2025-11-22,HV_Battery_Pack,ERR_HV_BATTERY_PACK_DIAG,2,3272,3.5,420.0,4500.0,4920.0,True,Approved
CLM_0002648,VEH_009035,DLR_SE_001,GEO_SE,20240721,2024-07-21,HV_Battery_Pack,ERR_HV_BATTERY_PACK_DIAG,6,8328,3.5,420.0,4500.0,4920.0,True,Approved
CLM_0002649,VEH_009702,DLR_NO_002,GEO_NO,20250619,2025-06-19,HV_Battery_Pack,ERR_HV_BATTERY_PACK_DIAG,11,16500,3.5,420.0,4500.0,4920.0,True,Approved
CLM_0002650,VEH_001338,DLR_NO_002,GEO_NO,20261228,2026-12-28,HV_Battery_Pack,ERR_HV_BATTERY_PACK_DIAG,21,37338,2.0,240.0,4500.0,4740.0,True,Approved
CLM_0002651,VEH_005035,DLR_NL_001,GEO_NL,20250920,2025-09-20,Electric_Drive_Inverter,ERR_ELECTRIC_DRIVE_INVERTER_DIAG,17,30413,2.0,240.0,1850.0,2090.0,True,Under_Investigation
CLM_0002652,VEH_009652,DLR_NO_002,GEO_NO,20261228,2026-12-28,HV_Battery_Pack,ERR_HV_BATTERY_PACK_DIAG,10,14510,5.0,600.0,4500.0,5100.0,True,Approved
CLM_0002653,VEH_001650,DLR_IT_001,GEO_IT,20240516,2024-05-16,Air_Suspension,ERR_AIR_SUSPENSION_DIAG,1,1400,1.5,180.0,850.0,1030.0,False,Reimbursed
CLM_0002654,VEH_004770,DLR_NL_001,GEO_NL,20261228,2026-12-28,Electric_Drive_Inverter,ERR_ELECTRIC_DRIVE_INVERTER_DIAG,12,13320,3.5,420.0,1850.0,2270.0,True,Reimbursed
CLM_0002655,VEH_000518,DLR_DE_002,GEO_DE,20261126,2026-11-26,HV_Battery_Pack,ERR_HV_BATTERY_PACK_DIAG,10,11390,1.5,180.0,4500.0,4680.0,True,Approved
CLM_0002656,VEH_006687,DLR_IT_001,GEO_IT,20250515,2025-05-15,HV_Battery_Pack,ERR_HV_BATTERY_PACK_DIAG,9,11394,2.0,240.0,4500.0,4740.0,True,Approved
CLM_0002657,VEH_005711,DLR_NO_002,GEO_NO,20261228,2026-12-28,ADAS_Vision_Sensor,ERR_ADAS_VISION_SENSOR_DIAG,15,16530,1.5,180.0,1100.0,1280.0,True,Reimbursed
CLM_0002658,VEH_000105,DLR_NL_001,GEO_NL,20251112,2025-11-12,HV_Battery_Pack,ERR_HV_BATTERY_PACK_DIAG,22,35002,5.0,600.0,4500.0,5100.0,True,Approved
CLM_0002659,VEH_002551,DLR_NO_001,GEO_NO,20261228,2026-12-28,HV_Battery_Pack,ERR_HV_BATTERY_PACK_DIAG,22,34276,2.0,240.0,4500.0,4740.0,True,Under_Investigation
CLM_0002660,VEH_000687,DLR_DE_001,GEO_DE,20250522,2025-05-22,ADAS_Vision_Sensor,ERR_ADAS_VISION_SENSOR_DIAG,3,5025,3.5,420.0,1100.0,1520.0,True,Reimbursed
CLM_0002661,VEH_003211,DLR_DE_002,GEO_DE,20251225,2025-12-25,Electric_Drive_Inverter,ERR_ELECTRIC_DRIVE_INVERTER_DIAG,16,25248,3.5,420.0,1850.0,2270.0,True,Under_Investigation
CLM_0002662,VEH_008895,DLR_NL_001,GEO_NL,20260915,2026-09-15,HV_Battery_Pack,ERR_HV_BATTERY_PACK_DIAG,14,21448,3.5,420.0,4500.0,4920.0,True,Approved
CLM_0002663,VEH_004437,DLR_IT_001,GEO_IT,20261217,2026-12-17,HV_Battery_Pack,ERR_HV_BATTERY_PACK_DIAG,13,21775,5.0,600.0,4500.0,5100.0,True,Under_Investigation
CLM_0002664,VEH_008838,DLR_NO_001,GEO_NO,20251111,2025-11-11,Electric_Drive_Inverter,ERR_ELECTRIC_DRIVE_INVERTER_DIAG,9,14355,2.0,240.0,1850.0,2090.0,True,Reimbursed
CLM_0002665,VEH_002817,DLR_IT_002,GEO_IT,20261228,2026-12-28,Air_Suspension,ERR_AIR_SUSPENSION_DIAG,13,16055,5.0,600.0,850.0,1450.0,False,Approved
CLM_0002666,VEH_009072,DLR_US_001,GEO_US,20260608,2026-06-08,Electric_Drive_Inverter,ERR_ELECTRIC_DRIVE_INVERTER_DIAG,11,16577,2.0,240.0,1850.0,2090.0,True,Approved
CLM_0002667,VEH_004813,DLR_SE_001,GEO_SE,20260312,2026-03-12,HV_Battery_Pack,ERR_HV_BATTERY_PACK_DIAG,9,14751,2.0,240.0,4500.0,4740.0,True,Reimbursed
CLM_0002668,VEH_005348,DLR_UK_001,GEO_UK,20260612,2026-06-12,Electric_Drive_Inverter,ERR_ELECTRIC_DRIVE_INVERTER_DIAG,13,23400,1.5,180.0,1850.0,2030.0,True,Approved
CLM_0002669,VEH_005966,DLR_US_001,GEO_US,20250424,2025-04-24,Electric_Drive_Inverter,ERR_ELECTRIC_DRIVE_INVERTER_DIAG,1,1370,1.5,180.0,1850.0,2030.0,True,Approved
CLM_0002670,VEH_002248,DLR_DE_001,GEO_DE,20251027,2025-10-27,HV_Battery_Pack,ERR_HV_BATTERY_PACK_DIAG,19,20938,3.5,420.0,4500.0,4920.0,True,Reimbursed
CLM_0002671,VEH_009491,DLR_DE_002,GEO_DE,20261222,2026-12-22,ADAS_Vision_Sensor,ERR_ADAS_VISION_SENSOR_DIAG,15,18765,1.5,180.0,1100.0,1280.0,True,Reimbursed
CLM_0002672,VEH_009584,DLR_DE_001,GEO_DE,20241228,2024-12-28,Electric_Drive_Inverter,ERR_ELECTRIC_DRIVE_INVERTER_DIAG,10,12910,5.0,600.0,1850.0,2450.0,True,Under_Investigation
CLM_0002673,VEH_001169,DLR_IT_001,GEO_IT,20250112,2025-01-12,Electric_Drive_Inverter,ERR_ELECTRIC_DRIVE_INVERTER_DIAG,10,15160,5.0,600.0,1850.0,2450.0,True,Under_Investigation
CLM_0002674,VEH_005994,DLR_SE_001,GEO_SE,20250831,2025-08-31,ADAS_Vision_Sensor,ERR_ADAS_VISION_SENSOR_DIAG,11,16060,1.5,180.0,1100.0,1280.0,True,Reimbursed
CLM_0002675,VEH_001866,DLR_NO_002,GEO_NO,20261213,2026-12-13,Air_Suspension,ERR_AIR_SUSPENSION_DIAG,21,36834,3.5,420.0,850.0,1270.0,False,Reimbursed
CLM_0002676,VEH_007173,DLR_NO_002,GEO_NO,20241027,2024-10-27,Air_Suspension,ERR_AIR_SUSPENSION_DIAG,3,4908,2.0,240.0,850.0,1090.0,False,Under_Investigation
CLM_0002677,VEH_002390,DLR_UK_001,GEO_UK,20261003,2026-10-03,Infotainment_OTA,ERR_INFOTAINMENT_OTA_DIAG,9,9999,5.0,600.0,150.0,750.0,False,Under_Investigation
CLM_0002678,VEH_002532,DLR_DE_001,GEO_DE,20261228,2026-12-28,Electric_Drive_Inverter,ERR_ELECTRIC_DRIVE_INVERTER_DIAG,19,30324,3.5,420.0,1850.0,2270.0,True,Approved
CLM_0002679,VEH_003747,DLR_IT_002,GEO_IT,20250628,2025-06-28,HV_Battery_Pack,ERR_HV_BATTERY_PACK_DIAG,13,22711,2.0,240.0,4500.0,4740.0,True,Under_Investigation
CLM_0002680,VEH_004038,DLR_UK_001,GEO_UK,20251022,2025-10-22,Infotainment_OTA,ERR_INFOTAINMENT_OTA_DIAG,19,32414,1.5,180.0,150.0,330.0,False,Under_Investigation
CLM_0002681,VEH_005877,DLR_DE_002,GEO_DE,20261228,2026-12-28,Air_Suspension,ERR_AIR_SUSPENSION_DIAG,22,33066,2.0,240.0,850.0,1090.0,False,Under_Investigation
CLM_0002682,VEH_009049,DLR_NO_001,GEO_NO,20260721,2026-07-21,Electric_Drive_Inverter,ERR_ELECTRIC_DRIVE_INVERTER_DIAG,22,38236,3.5,420.0,1850.0,2270.0,True,Reimbursed
CLM_0002683,VEH_005969,DLR_IT_001,GEO_IT,20261007,2026-10-07,Infotainment_OTA,ERR_INFOTAINMENT_OTA_DIAG,20,22760,3.5,420.0,150.0,570.0,False,Reimbursed
CLM_0002684,VEH_008530,DLR_SE_001,GEO_SE,20261228,2026-12-28,Air_Suspension,ERR_AIR_SUSPENSION_DIAG,18,22302,5.0,600.0,850.0,1450.0,False,Approved
CLM_0002685,VEH_002326,DLR_US_001,GEO_US,20261228,2026-12-28,Electric_Drive_Inverter,ERR_ELECTRIC_DRIVE_INVERTER_DIAG,17,28271,2.0,240.0,1850.0,2090.0,True,Under_Investigation
CLM_0002686,VEH_009284,DLR_SE_002,GEO_SE,20261011,2026-10-11,Electric_Drive_Inverter,ERR_ELECTRIC_DRIVE_INVERTER_DIAG,14,17094,1.5,180.0,1850.0,2030.0,True,Under_Investigation
CLM_0002687,VEH_000711,DLR_NL_001,GEO_NL,20261228,2026-12-28,Electric_Drive_Inverter,ERR_ELECTRIC_DRIVE_INVERTER_DIAG,17,29563,5.0,600.0,1850.0,2450.0,True,Approved
CLM_0002688,VEH_005790,DLR_SE_002,GEO_SE,20260226,2026-02-26,HV_Battery_Pack,ERR_HV_BATTERY_PACK_DIAG,17,26656,3.5,420.0,4500.0,4920.0,True,Reimbursed
CLM_0002689,VEH_009668,DLR_NL_002,GEO_NL,20250221,2025-02-21,HV_Battery_Pack,ERR_HV_BATTERY_PACK_DIAG,4,7036,2.0,240.0,4500.0,4740.0,True,Approved
CLM_0002690,VEH_007204,DLR_IT_002,GEO_IT,20250417,2025-04-17,Air_Suspension,ERR_AIR_SUSPENSION_DIAG,9,14706,3.5,420.0,850.0,1270.0,False,Under_Investigation
CLM_0002691,VEH_008410,DLR_NO_002,GEO_NO,20250831,2025-08-31,HV_Battery_Pack,ERR_HV_BATTERY_PACK_DIAG,9,13338,5.0,600.0,4500.0,5100.0,True,Approved
CLM_0002692,VEH_009711,DLR_DE_002,GEO_DE,20261228,2026-12-28,ADAS_Vision_Sensor,ERR_ADAS_VISION_SENSOR_DIAG,22,24728,3.5,420.0,1100.0,1520.0,True,Approved
CLM_0002693,VEH_005787,DLR_NL_002,GEO_NL,20260923,2026-09-23,Electric_Drive_Inverter,ERR_ELECTRIC_DRIVE_INVERTER_DIAG,20,33700,2.0,240.0,1850.0,2090.0,True,Reimbursed
CLM_0002694,VEH_006018,DLR_NO_002,GEO_NO,20250601,2025-06-01,HV_Battery_Pack,ERR_HV_BATTERY_PACK_DIAG,11,12342,2.0,240.0,4500.0,4740.0,True,Reimbursed
CLM_0002695,VEH_003237,DLR_SE_002,GEO_SE,20251113,2025-11-13,Electric_Drive_Inverter,ERR_ELECTRIC_DRIVE_INVERTER_DIAG,15,23760,5.0,600.0,1850.0,2450.0,True,Under_Investigation
CLM_0002696,VEH_006280,DLR_IT_001,GEO_IT,20261228,2026-12-28,HV_Battery_Pack,ERR_HV_BATTERY_PACK_DIAG,10,14540,5.0,600.0,4500.0,5100.0,True,Under_Investigation
CLM_0002697,VEH_001989,DLR_US_001,GEO_US,20261228,2026-12-28,ADAS_Vision_Sensor,ERR_ADAS_VISION_SENSOR_DIAG,17,21947,2.0,240.0,1100.0,1340.0,True,Reimbursed
CLM_0002698,VEH_002831,DLR_IT_001,GEO_IT,20250830,2025-08-30,Electric_Drive_Inverter,ERR_ELECTRIC_DRIVE_INVERTER_DIAG,6,10368,3.5,420.0,1850.0,2270.0,True,Reimbursed
CLM_0002699,VEH_009349,DLR_NO_002,GEO_NO,20260123,2026-01-23,Air_Suspension,ERR_AIR_SUSPENSION_DIAG,3,3333,5.0,600.0,850.0,1450.0,False,Reimbursed
CLM_0002700,VEH_005002,DLR_SE_002,GEO_SE,20260621,2026-06-21,Infotainment_OTA,ERR_INFOTAINMENT_OTA_DIAG,22,35706,5.0,600.0,150.0,750.0,False,Approved
CLM_0002701,VEH_003795,DLR_UK_001,GEO_UK,20261226,2026-12-26,Air_Suspension,ERR_AIR_SUSPENSION_DIAG,10,17000,3.5,420.0,850.0,1270.0,False,Approved
CLM_0002702,VEH_008299,DLR_DE_001,GEO_DE,20250909,2025-09-09,Electric_Drive_Inverter,ERR_ELECTRIC_DRIVE_INVERTER_DIAG,7,7756,1.5,180.0,1850.0,2030.0,True,Approved
CLM_0002703,VEH_005018,DLR_NO_002,GEO_NO,20260920,2026-09-20,HV_Battery_Pack,ERR_HV_BATTERY_PACK_DIAG,8,9592,3.5,420.0,4500.0,4920.0,True,Under_Investigation
CLM_0002704,VEH_003466,DLR_NL_002,GEO_NL,20261018,2026-10-18,Infotainment_OTA,ERR_INFOTAINMENT_OTA_DIAG,23,26519,2.0,240.0,150.0,390.0,False,Reimbursed
CLM_0002705,VEH_004405,DLR_NL_002,GEO_NL,20260514,2026-05-14,Electric_Drive_Inverter,ERR_ELECTRIC_DRIVE_INVERTER_DIAG,19,26866,3.5,420.0,1850.0,2270.0,True,Under_Investigation
CLM_0002706,VEH_000918,DLR_SE_001,GEO_SE,20261228,2026-12-28,Electric_Drive_Inverter,ERR_ELECTRIC_DRIVE_INVERTER_DIAG,24,39000,5.0,600.0,1850.0,2450.0,True,Approved
CLM_0002707,VEH_008064,DLR_UK_001,GEO_UK,20260126,2026-01-26,HV_Battery_Pack,ERR_HV_BATTERY_PACK_DIAG,6,8616,1.5,180.0,4500.0,4680.0,True,Under_Investigation
CLM_0002708,VEH_000635,DLR_SE_002,GEO_SE,20261228,2026-12-28,Air_Suspension,ERR_AIR_SUSPENSION_DIAG,16,28128,3.5,420.0,850.0,1270.0,False,Reimbursed
CLM_0002709,VEH_005027,DLR_DE_001,GEO_DE,20260616,2026-06-16,HV_Battery_Pack,ERR_HV_BATTERY_PACK_DIAG,17,19771,2.0,240.0,4500.0,4740.0,True,Under_Investigation
CLM_0002710,VEH_003073,DLR_SE_002,GEO_SE,20240628,2024-06-28,Air_Suspension,ERR_AIR_SUSPENSION_DIAG,3,3792,1.5,180.0,850.0,1030.0,False,Under_Investigation
CLM_0002711,VEH_002744,DLR_NL_001,GEO_NL,20260903,2026-09-03,Electric_Drive_Inverter,ERR_ELECTRIC_DRIVE_INVERTER_DIAG,9,15552,5.0,600.0,1850.0,2450.0,True,Approved
CLM_0002712,VEH_003329,DLR_NO_002,GEO_NO,20260527,2026-05-27,HV_Battery_Pack,ERR_HV_BATTERY_PACK_DIAG,7,8701,2.0,240.0,4500.0,4740.0,True,Approved
CLM_0002713,VEH_004084,DLR_IT_001,GEO_IT,20260716,2026-07-16,ADAS_Vision_Sensor,ERR_ADAS_VISION_SENSOR_DIAG,11,13453,3.5,420.0,1100.0,1520.0,True,Under_Investigation
CLM_0002714,VEH_010047,DLR_NO_001,GEO_NO,20251201,2025-12-01,HV_Battery_Pack,ERR_HV_BATTERY_PACK_DIAG,14,16240,3.5,420.0,4500.0,4920.0,True,Reimbursed
CLM_0002715,VEH_000299,DLR_NL_002,GEO_NL,20260817,2026-08-17,HV_Battery_Pack,ERR_HV_BATTERY_PACK_DIAG,8,9752,1.5,180.0,4500.0,4680.0,True,Approved
CLM_0002716,VEH_008418,DLR_DE_002,GEO_DE,20261115,2026-11-15,Air_Suspension,ERR_AIR_SUSPENSION_DIAG,21,23604,3.5,420.0,850.0,1270.0,False,Approved
CLM_0002717,VEH_006010,DLR_UK_001,GEO_UK,20260614,2026-06-14,ADAS_Vision_Sensor,ERR_ADAS_VISION_SENSOR_DIAG,19,21128,2.0,240.0,1100.0,1340.0,True,Approved
CLM_0002718,VEH_004928,DLR_NO_001,GEO_NO,20261228,2026-12-28,Electric_Drive_Inverter,ERR_ELECTRIC_DRIVE_INVERTER_DIAG,8,10624,5.0,600.0,1850.0,2450.0,True,Under_Investigation
CLM_0002719,VEH_006971,DLR_NO_001,GEO_NO,20260718,2026-07-18,Air_Suspension,ERR_AIR_SUSPENSION_DIAG,3,4782,5.0,600.0,850.0,1450.0,False,Approved
CLM_0002720,VEH_000976,DLR_NL_002,GEO_NL,20250220,2025-02-20,Electric_Drive_Inverter,ERR_ELECTRIC_DRIVE_INVERTER_DIAG,10,16530,2.0,240.0,1850.0,2090.0,True,Under_Investigation
CLM_0002721,VEH_003474,DLR_US_001,GEO_US,20250320,2025-03-20,Air_Suspension,ERR_AIR_SUSPENSION_DIAG,5,8115,3.5,420.0,850.0,1270.0,False,Approved
CLM_0002722,VEH_007049,DLR_IT_002,GEO_IT,20240603,2024-06-03,HV_Battery_Pack,ERR_HV_BATTERY_PACK_DIAG,3,4857,3.5,420.0,4500.0,4920.0,True,Under_Investigation
CLM_0002723,VEH_007741,DLR_SE_002,GEO_SE,20260628,2026-06-28,HV_Battery_Pack,ERR_HV_BATTERY_PACK_DIAG,24,27480,2.0,240.0,4500.0,4740.0,True,Approved
CLM_0002724,VEH_006998,DLR_NO_002,GEO_NO,20260404,2026-04-04,Electric_Drive_Inverter,ERR_ELECTRIC_DRIVE_INVERTER_DIAG,22,37972,1.5,180.0,1850.0,2030.0,True,Under_Investigation
CLM_0002725,VEH_003494,DLR_UK_001,GEO_UK,20250825,2025-08-25,Infotainment_OTA,ERR_INFOTAINMENT_OTA_DIAG,9,15435,1.5,180.0,150.0,330.0,False,Reimbursed
CLM_0002726,VEH_003423,DLR_SE_001,GEO_SE,20251019,2025-10-19,Infotainment_OTA,ERR_INFOTAINMENT_OTA_DIAG,3,4224,1.5,180.0,150.0,330.0,False,Approved
CLM_0002727,VEH_000963,DLR_NL_002,GEO_NL,20261228,2026-12-28,ADAS_Vision_Sensor,ERR_ADAS_VISION_SENSOR_DIAG,18,27828,3.5,420.0,1100.0,1520.0,True,Under_Investigation
CLM_0002728,VEH_003489,DLR_SE_001,GEO_SE,20260304,2026-03-04,Air_Suspension,ERR_AIR_SUSPENSION_DIAG,9,12762,3.5,420.0,850.0,1270.0,False,Under_Investigation
CLM_0002729,VEH_000036,DLR_NO_001,GEO_NO,20261228,2026-12-28,Electric_Drive_Inverter,ERR_ELECTRIC_DRIVE_INVERTER_DIAG,22,24530,2.0,240.0,1850.0,2090.0,True,Approved
CLM_0002730,VEH_004556,DLR_NL_001,GEO_NL,20260217,2026-02-17,ADAS_Vision_Sensor,ERR_ADAS_VISION_SENSOR_DIAG,15,17625,3.5,420.0,1100.0,1520.0,True,Reimbursed
CLM_0002731,VEH_000349,DLR_DE_002,GEO_DE,20260531,2026-05-31,Infotainment_OTA,ERR_INFOTAINMENT_OTA_DIAG,7,11445,3.5,420.0,150.0,570.0,False,Under_Investigation
CLM_0002732,VEH_003657,DLR_UK_001,GEO_UK,20261228,2026-12-28,HV_Battery_Pack,ERR_HV_BATTERY_PACK_DIAG,24,42000,3.5,420.0,4500.0,4920.0,True,Under_Investigation
CLM_0002733,VEH_008993,DLR_IT_002,GEO_IT,20251201,2025-12-01,ADAS_Vision_Sensor,ERR_ADAS_VISION_SENSOR_DIAG,6,9876,1.5,180.0,1100.0,1280.0,True,Under_Investigation
CLM_0002734,VEH_006396,DLR_DE_002,GEO_DE,20250405,2025-04-05,Infotainment_OTA,ERR_INFOTAINMENT_OTA_DIAG,11,15895,2.0,240.0,150.0,390.0,False,Approved
CLM_0002735,VEH_009670,DLR_UK_001,GEO_UK,20260108,2026-01-08,Infotainment_OTA,ERR_INFOTAINMENT_OTA_DIAG,11,13860,3.5,420.0,150.0,570.0,False,Reimbursed
CLM_0002736,VEH_001589,DLR_UK_001,GEO_UK,20250710,2025-07-10,HV_Battery_Pack,ERR_HV_BATTERY_PACK_DIAG,1,1349,1.5,180.0,4500.0,4680.0,True,Approved
CLM_0002737,VEH_001034,DLR_DE_001,GEO_DE,20250530,2025-05-30,HV_Battery_Pack,ERR_HV_BATTERY_PACK_DIAG,2,2528,5.0,600.0,4500.0,5100.0,True,Under_Investigation
CLM_0002738,VEH_001189,DLR_SE_002,GEO_SE,20250821,2025-08-21,Air_Suspension,ERR_AIR_SUSPENSION_DIAG,13,18369,1.5,180.0,850.0,1030.0,False,Approved
CLM_0002739,VEH_006466,DLR_SE_001,GEO_SE,20240407,2024-04-07,HV_Battery_Pack,ERR_HV_BATTERY_PACK_DIAG,1,1579,2.0,240.0,4500.0,4740.0,True,Approved
CLM_0002740,VEH_009460,DLR_UK_001,GEO_UK,20261030,2026-10-30,ADAS_Vision_Sensor,ERR_ADAS_VISION_SENSOR_DIAG,11,17457,5.0,600.0,1100.0,1700.0,True,Approved
CLM_0002741,VEH_008102,DLR_SE_001,GEO_SE,20260501,2026-05-01,Air_Suspension,ERR_AIR_SUSPENSION_DIAG,14,15554,5.0,600.0,850.0,1450.0,False,Under_Investigation
CLM_0002742,VEH_007644,DLR_UK_001,GEO_UK,20261228,2026-12-28,Electric_Drive_Inverter,ERR_ELECTRIC_DRIVE_INVERTER_DIAG,23,33189,1.5,180.0,1850.0,2030.0,True,Reimbursed
CLM_0002743,VEH_006915,DLR_SE_002,GEO_SE,20260107,2026-01-07,Electric_Drive_Inverter,ERR_ELECTRIC_DRIVE_INVERTER_DIAG,1,1260,3.5,420.0,1850.0,2270.0,True,Approved
CLM_0002744,VEH_002556,DLR_IT_001,GEO_IT,20250924,2025-09-24,ADAS_Vision_Sensor,ERR_ADAS_VISION_SENSOR_DIAG,19,26600,2.0,240.0,1100.0,1340.0,True,Approved
CLM_0002745,VEH_006842,DLR_IT_001,GEO_IT,20260222,2026-02-22,ADAS_Vision_Sensor,ERR_ADAS_VISION_SENSOR_DIAG,16,26544,5.0,600.0,1100.0,1700.0,True,Approved
CLM_0002746,VEH_002893,DLR_NO_001,GEO_NO,20251212,2025-12-12,Electric_Drive_Inverter,ERR_ELECTRIC_DRIVE_INVERTER_DIAG,22,31174,3.5,420.0,1850.0,2270.0,True,Reimbursed
CLM_0002747,VEH_006733,DLR_NO_001,GEO_NO,20261228,2026-12-28,ADAS_Vision_Sensor,ERR_ADAS_VISION_SENSOR_DIAG,24,41832,3.5,420.0,1100.0,1520.0,True,Reimbursed
CLM_0002748,VEH_005850,DLR_NO_001,GEO_NO,20260210,2026-02-10,Electric_Drive_Inverter,ERR_ELECTRIC_DRIVE_INVERTER_DIAG,9,11142,3.5,420.0,1850.0,2270.0,True,Reimbursed
CLM_0002749,VEH_009863,DLR_SE_002,GEO_SE,20261102,2026-11-02,Electric_Drive_Inverter,ERR_ELECTRIC_DRIVE_INVERTER_DIAG,18,25560,3.5,420.0,1850.0,2270.0,True,Approved
CLM_0002750,VEH_000370,DLR_UK_001,GEO_UK,20261228,2026-12-28,ADAS_Vision_Sensor,ERR_ADAS_VISION_SENSOR_DIAG,19,22496,2.0,240.0,1100.0,1340.0,True,Reimbursed
CLM_0002751,VEH_002337,DLR_NL_001,GEO_NL,20261228,2026-12-28,ADAS_Vision_Sensor,ERR_ADAS_VISION_SENSOR_DIAG,22,29128,3.5,420.0,1100.0,1520.0,True,Approved
CLM_0002752,VEH_002171,DLR_NL_001,GEO_NL,20260403,2026-04-03,Electric_Drive_Inverter,ERR_ELECTRIC_DRIVE_INVERTER_DIAG,13,15951,5.0,600.0,1850.0,2450.0,True,Reimbursed
CLM_0002753,VEH_000291,DLR_SE_002,GEO_SE,20250605,2025-06-05,HV_Battery_Pack,ERR_HV_BATTERY_PACK_DIAG,3,5178,2.0,240.0,4500.0,4740.0,True,Reimbursed
CLM_0002754,VEH_004602,DLR_US_001,GEO_US,20240328,2024-03-28,Infotainment_OTA,ERR_INFOTAINMENT_OTA_DIAG,2,3008,1.5,180.0,150.0,330.0,False,Reimbursed
CLM_0002755,VEH_001410,DLR_NO_001,GEO_NO,20250512,2025-05-12,Electric_Drive_Inverter,ERR_ELECTRIC_DRIVE_INVERTER_DIAG,10,15160,3.5,420.0,1850.0,2270.0,True,Approved
CLM_0002756,VEH_001811,DLR_US_001,GEO_US,20250424,2025-04-24,HV_Battery_Pack,ERR_HV_BATTERY_PACK_DIAG,9,14535,1.5,180.0,4500.0,4680.0,True,Under_Investigation
CLM_0002757,VEH_004352,DLR_UK_001,GEO_UK,20250916,2025-09-16,Electric_Drive_Inverter,ERR_ELECTRIC_DRIVE_INVERTER_DIAG,1,1353,2.0,240.0,1850.0,2090.0,True,Reimbursed
CLM_0002758,VEH_005583,DLR_NO_001,GEO_NO,20260731,2026-07-31,ADAS_Vision_Sensor,ERR_ADAS_VISION_SENSOR_DIAG,4,5672,3.5,420.0,1100.0,1520.0,True,Under_Investigation
CLM_0002759,VEH_009409,DLR_IT_001,GEO_IT,20250826,2025-08-26,Electric_Drive_Inverter,ERR_ELECTRIC_DRIVE_INVERTER_DIAG,9,11106,2.0,240.0,1850.0,2090.0,True,Reimbursed
CLM_0002760,VEH_001151,DLR_NO_002,GEO_NO,20261228,2026-12-28,Electric_Drive_Inverter,ERR_ELECTRIC_DRIVE_INVERTER_DIAG,22,27852,3.5,420.0,1850.0,2270.0,True,Under_Investigation
CLM_0002761,VEH_002720,DLR_DE_002,GEO_DE,20261228,2026-12-28,Electric_Drive_Inverter,ERR_ELECTRIC_DRIVE_INVERTER_DIAG,16,25536,5.0,600.0,1850.0,2450.0,True,Approved
CLM_0002762,VEH_004631,DLR_NL_002,GEO_NL,20240916,2024-09-16,Infotainment_OTA,ERR_INFOTAINMENT_OTA_DIAG,6,8562,1.5,180.0,150.0,330.0,False,Approved
CLM_0002763,VEH_001863,DLR_NL_002,GEO_NL,20261228,2026-12-28,Air_Suspension,ERR_AIR_SUSPENSION_DIAG,18,31032,2.0,240.0,850.0,1090.0,False,Under_Investigation
CLM_0002764,VEH_007201,DLR_IT_001,GEO_IT,20261223,2026-12-23,HV_Battery_Pack,ERR_HV_BATTERY_PACK_DIAG,14,22736,5.0,600.0,4500.0,5100.0,True,Under_Investigation
CLM_0002765,VEH_001724,DLR_IT_002,GEO_IT,20250920,2025-09-20,ADAS_Vision_Sensor,ERR_ADAS_VISION_SENSOR_DIAG,7,8064,3.5,420.0,1100.0,1520.0,True,Under_Investigation
CLM_0002766,VEH_006263,DLR_SE_001,GEO_SE,20260713,2026-07-13,HV_Battery_Pack,ERR_HV_BATTERY_PACK_DIAG,23,39997,1.5,180.0,4500.0,4680.0,True,Under_Investigation
CLM_0002767,VEH_002901,DLR_IT_002,GEO_IT,20261228,2026-12-28,HV_Battery_Pack,ERR_HV_BATTERY_PACK_DIAG,11,14894,2.0,240.0,4500.0,4740.0,True,Approved
CLM_0002768,VEH_002809,DLR_DE_001,GEO_DE,20260217,2026-02-17,Electric_Drive_Inverter,ERR_ELECTRIC_DRIVE_INVERTER_DIAG,11,12562,5.0,600.0,1850.0,2450.0,True,Under_Investigation
CLM_0002769,VEH_007213,DLR_DE_002,GEO_DE,20261228,2026-12-28,Electric_Drive_Inverter,ERR_ELECTRIC_DRIVE_INVERTER_DIAG,20,28380,1.5,180.0,1850.0,2030.0,True,Under_Investigation
CLM_0002770,VEH_006213,DLR_IT_001,GEO_IT,20250728,2025-07-28,Electric_Drive_Inverter,ERR_ELECTRIC_DRIVE_INVERTER_DIAG,8,13264,2.0,240.0,1850.0,2090.0,True,Under_Investigation
CLM_0002771,VEH_000488,DLR_NL_002,GEO_NL,20250125,2025-01-25,HV_Battery_Pack,ERR_HV_BATTERY_PACK_DIAG,10,14890,5.0,600.0,4500.0,5100.0,True,Under_Investigation
CLM_0002772,VEH_004268,DLR_NO_001,GEO_NO,20250617,2025-06-17,HV_Battery_Pack,ERR_HV_BATTERY_PACK_DIAG,2,2582,3.5,420.0,4500.0,4920.0,True,Approved
CLM_0002773,VEH_009914,DLR_UK_001,GEO_UK,20260710,2026-07-10,Electric_Drive_Inverter,ERR_ELECTRIC_DRIVE_INVERTER_DIAG,3,5262,5.0,600.0,1850.0,2450.0,True,Under_Investigation
CLM_0002774,VEH_005447,DLR_US_001,GEO_US,20260728,2026-07-28,Electric_Drive_Inverter,ERR_ELECTRIC_DRIVE_INVERTER_DIAG,3,3699,2.0,240.0,1850.0,2090.0,True,Reimbursed
CLM_0002775,VEH_009136,DLR_NL_001,GEO_NL,20251030,2025-10-30,HV_Battery_Pack,ERR_HV_BATTERY_PACK_DIAG,1,1353,1.5,180.0,4500.0,4680.0,True,Approved
CLM_0002776,VEH_005029,DLR_NL_002,GEO_NL,20250617,2025-06-17,Air_Suspension,ERR_AIR_SUSPENSION_DIAG,2,2938,5.0,600.0,850.0,1450.0,False,Under_Investigation
CLM_0002777,VEH_000564,DLR_NL_001,GEO_NL,20261124,2026-11-24,Air_Suspension,ERR_AIR_SUSPENSION_DIAG,22,33154,5.0,600.0,850.0,1450.0,False,Approved
CLM_0002778,VEH_006216,DLR_DE_001,GEO_DE,20261228,2026-12-28,HV_Battery_Pack,ERR_HV_BATTERY_PACK_DIAG,17,19074,3.5,420.0,4500.0,4920.0,True,Under_Investigation
CLM_0002779,VEH_003803,DLR_NO_001,GEO_NO,20250729,2025-07-29,ADAS_Vision_Sensor,ERR_ADAS_VISION_SENSOR_DIAG,7,10647,1.5,180.0,1100.0,1280.0,True,Under_Investigation
CLM_0002780,VEH_007416,DLR_NO_001,GEO_NO,20260417,2026-04-17,HV_Battery_Pack,ERR_HV_BATTERY_PACK_DIAG,13,18460,5.0,600.0,4500.0,5100.0,True,Under_Investigation
CLM_0002781,VEH_003705,DLR_DE_002,GEO_DE,20250531,2025-05-31,Air_Suspension,ERR_AIR_SUSPENSION_DIAG,1,1300,5.0,600.0,850.0,1450.0,False,Approved
CLM_0002782,VEH_005361,DLR_DE_001,GEO_DE,20240803,2024-08-03,HV_Battery_Pack,ERR_HV_BATTERY_PACK_DIAG,4,4520,1.5,180.0,4500.0,4680.0,True,Under_Investigation
CLM_0002783,VEH_009158,DLR_UK_001,GEO_UK,20251208,2025-12-08,Electric_Drive_Inverter,ERR_ELECTRIC_DRIVE_INVERTER_DIAG,12,21060,1.5,180.0,1850.0,2030.0,True,Approved
CLM_0002784,VEH_001346,DLR_US_001,GEO_US,20250517,2025-05-17,Air_Suspension,ERR_AIR_SUSPENSION_DIAG,7,11032,5.0,600.0,850.0,1450.0,False,Under_Investigation
CLM_0002785,VEH_000948,DLR_SE_002,GEO_SE,20250323,2025-03-23,Infotainment_OTA,ERR_INFOTAINMENT_OTA_DIAG,3,4893,1.5,180.0,150.0,330.0,False,Reimbursed
CLM_0002786,VEH_002253,DLR_NL_001,GEO_NL,20261114,2026-11-14,HV_Battery_Pack,ERR_HV_BATTERY_PACK_DIAG,23,27646,5.0,600.0,4500.0,5100.0,True,Reimbursed
CLM_0002787,VEH_008436,DLR_IT_001,GEO_IT,20250618,2025-06-18,HV_Battery_Pack,ERR_HV_BATTERY_PACK_DIAG,3,4296,5.0,600.0,4500.0,5100.0,True,Reimbursed
CLM_0002788,VEH_009722,DLR_IT_002,GEO_IT,20251026,2025-10-26,ADAS_Vision_Sensor,ERR_ADAS_VISION_SENSOR_DIAG,14,19264,1.5,180.0,1100.0,1280.0,True,Approved
CLM_0002789,VEH_005705,DLR_UK_001,GEO_UK,20261217,2026-12-17,Electric_Drive_Inverter,ERR_ELECTRIC_DRIVE_INVERTER_DIAG,11,18183,1.5,180.0,1850.0,2030.0,True,Approved
CLM_0002790,VEH_001385,DLR_DE_001,GEO_DE,20251215,2025-12-15,Electric_Drive_Inverter,ERR_ELECTRIC_DRIVE_INVERTER_DIAG,11,17666,3.5,420.0,1850.0,2270.0,True,Approved
CLM_0002791,VEH_009445,DLR_SE_001,GEO_SE,20251129,2025-11-29,HV_Battery_Pack,ERR_HV_BATTERY_PACK_DIAG,22,30536,2.0,240.0,4500.0,4740.0,True,Under_Investigation
CLM_0002792,VEH_008176,DLR_IT_002,GEO_IT,20261228,2026-12-28,Air_Suspension,ERR_AIR_SUSPENSION_DIAG,16,26832,1.5,180.0,850.0,1030.0,False,Reimbursed
CLM_0002793,VEH_001525,DLR_NO_001,GEO_NO,20260924,2026-09-24,HV_Battery_Pack,ERR_HV_BATTERY_PACK_DIAG,5,6285,3.5,420.0,4500.0,4920.0,True,Approved
CLM_0002794,VEH_007184,DLR_NO_002,GEO_NO,20240604,2024-06-04,Electric_Drive_Inverter,ERR_ELECTRIC_DRIVE_INVERTER_DIAG,2,2280,1.5,180.0,1850.0,2030.0,True,Approved
CLM_0002795,VEH_005493,DLR_IT_001,GEO_IT,20250807,2025-08-07,HV_Battery_Pack,ERR_HV_BATTERY_PACK_DIAG,1,1359,2.0,240.0,4500.0,4740.0,True,Under_Investigation
CLM_0002796,VEH_009373,DLR_SE_002,GEO_SE,20251024,2025-10-24,Infotainment_OTA,ERR_INFOTAINMENT_OTA_DIAG,4,6592,1.5,180.0,150.0,330.0,False,Reimbursed
CLM_0002797,VEH_006829,DLR_IT_002,GEO_IT,20251026,2025-10-26,HV_Battery_Pack,ERR_HV_BATTERY_PACK_DIAG,15,23370,3.5,420.0,4500.0,4920.0,True,Under_Investigation
CLM_0002798,VEH_008706,DLR_SE_002,GEO_SE,20261228,2026-12-28,ADAS_Vision_Sensor,ERR_ADAS_VISION_SENSOR_DIAG,18,27738,1.5,180.0,1100.0,1280.0,True,Approved
CLM_0002799,VEH_004899,DLR_IT_002,GEO_IT,20250613,2025-06-13,HV_Battery_Pack,ERR_HV_BATTERY_PACK_DIAG,14,16212,3.5,420.0,4500.0,4920.0,True,Approved
CLM_0002800,VEH_001718,DLR_NO_002,GEO_NO,20251026,2025-10-26,HV_Battery_Pack,ERR_HV_BATTERY_PACK_DIAG,16,25216,3.5,420.0,4500.0,4920.0,True,Approved
CLM_0002801,VEH_006173,DLR_DE_002,GEO_DE,20260407,2026-04-07,Air_Suspension,ERR_AIR_SUSPENSION_DIAG,5,8135,2.0,240.0,850.0,1090.0,False,Reimbursed
CLM_0002802,VEH_008698,DLR_DE_001,GEO_DE,20251008,2025-10-08,HV_Battery_Pack,ERR_HV_BATTERY_PACK_DIAG,16,28304,2.0,240.0,4500.0,4740.0,True,Under_Investigation
CLM_0002803,VEH_009668,DLR_NL_002,GEO_NL,20260122,2026-01-22,HV_Battery_Pack,ERR_HV_BATTERY_PACK_DIAG,15,22365,1.5,180.0,4500.0,4680.0,True,Reimbursed
CLM_0002804,VEH_000948,DLR_SE_002,GEO_SE,20250523,2025-05-23,ADAS_Vision_Sensor,ERR_ADAS_VISION_SENSOR_DIAG,5,7660,2.0,240.0,1100.0,1340.0,True,Under_Investigation
CLM_0002805,VEH_008779,DLR_NL_001,GEO_NL,20261225,2026-12-25,Air_Suspension,ERR_AIR_SUSPENSION_DIAG,21,30513,1.5,180.0,850.0,1030.0,False,Reimbursed
CLM_0002806,VEH_004781,DLR_US_001,GEO_US,20261228,2026-12-28,Electric_Drive_Inverter,ERR_ELECTRIC_DRIVE_INVERTER_DIAG,21,37191,1.5,180.0,1850.0,2030.0,True,Reimbursed
CLM_0002807,VEH_003518,DLR_UK_001,GEO_UK,20261222,2026-12-22,Air_Suspension,ERR_AIR_SUSPENSION_DIAG,23,27416,3.5,420.0,850.0,1270.0,False,Under_Investigation
CLM_0002808,VEH_003492,DLR_IT_001,GEO_IT,20251006,2025-10-06,HV_Battery_Pack,ERR_HV_BATTERY_PACK_DIAG,15,22695,2.0,240.0,4500.0,4740.0,True,Reimbursed
CLM_0002809,VEH_006621,DLR_US_001,GEO_US,20260808,2026-08-08,Electric_Drive_Inverter,ERR_ELECTRIC_DRIVE_INVERTER_DIAG,12,13860,5.0,600.0,1850.0,2450.0,True,Approved
CLM_0002810,VEH_003394,DLR_DE_002,GEO_DE,20240729,2024-07-29,Air_Suspension,ERR_AIR_SUSPENSION_DIAG,1,1576,3.5,420.0,850.0,1270.0,False,Approved
CLM_0002811,VEH_003637,DLR_SE_002,GEO_SE,20250910,2025-09-10,Electric_Drive_Inverter,ERR_ELECTRIC_DRIVE_INVERTER_DIAG,7,9800,1.5,180.0,1850.0,2030.0,True,Approved
CLM_0002812,VEH_006883,DLR_IT_001,GEO_IT,20261228,2026-12-28,Electric_Drive_Inverter,ERR_ELECTRIC_DRIVE_INVERTER_DIAG,11,13904,1.5,180.0,1850.0,2030.0,True,Reimbursed
CLM_0002813,VEH_007795,DLR_IT_001,GEO_IT,20260302,2026-03-02,HV_Battery_Pack,ERR_HV_BATTERY_PACK_DIAG,2,2556,3.5,420.0,4500.0,4920.0,True,Under_Investigation
CLM_0002814,VEH_003528,DLR_NL_001,GEO_NL,20261227,2026-12-27,Air_Suspension,ERR_AIR_SUSPENSION_DIAG,20,34060,1.5,180.0,850.0,1030.0,False,Under_Investigation
CLM_0002815,VEH_001008,DLR_NO_002,GEO_NO,20260803,2026-08-03,ADAS_Vision_Sensor,ERR_ADAS_VISION_SENSOR_DIAG,17,23103,5.0,600.0,1100.0,1700.0,True,Under_Investigation
CLM_0002816,VEH_000811,DLR_UK_001,GEO_UK,20261228,2026-12-28,HV_Battery_Pack,ERR_HV_BATTERY_PACK_DIAG,19,34105,5.0,600.0,4500.0,5100.0,True,Reimbursed
CLM_0002817,VEH_006767,DLR_UK_001,GEO_UK,20250427,2025-04-27,Infotainment_OTA,ERR_INFOTAINMENT_OTA_DIAG,6,9354,2.0,240.0,150.0,390.0,False,Under_Investigation
CLM_0002818,VEH_002531,DLR_IT_002,GEO_IT,20250624,2025-06-24,ADAS_Vision_Sensor,ERR_ADAS_VISION_SENSOR_DIAG,13,19981,5.0,600.0,1100.0,1700.0,True,Under_Investigation
CLM_0002819,VEH_004856,DLR_DE_002,GEO_DE,20260910,2026-09-10,Infotainment_OTA,ERR_INFOTAINMENT_OTA_DIAG,6,7914,3.5,420.0,150.0,570.0,False,Under_Investigation
CLM_0002820,VEH_007828,DLR_NO_002,GEO_NO,20250711,2025-07-11,Air_Suspension,ERR_AIR_SUSPENSION_DIAG,14,16646,1.5,180.0,850.0,1030.0,False,Approved
CLM_0002821,VEH_004099,DLR_SE_002,GEO_SE,20251117,2025-11-17,HV_Battery_Pack,ERR_HV_BATTERY_PACK_DIAG,12,18924,2.0,240.0,4500.0,4740.0,True,Reimbursed
CLM_0002822,VEH_008507,DLR_SE_001,GEO_SE,20261205,2026-12-05,Air_Suspension,ERR_AIR_SUSPENSION_DIAG,8,9776,3.5,420.0,850.0,1270.0,False,Reimbursed
CLM_0002823,VEH_002832,DLR_IT_002,GEO_IT,20261119,2026-11-19,Electric_Drive_Inverter,ERR_ELECTRIC_DRIVE_INVERTER_DIAG,24,32088,1.5,180.0,1850.0,2030.0,True,Under_Investigation
CLM_0002824,VEH_006392,DLR_NO_002,GEO_NO,20260516,2026-05-16,HV_Battery_Pack,ERR_HV_BATTERY_PACK_DIAG,5,5780,3.5,420.0,4500.0,4920.0,True,Under_Investigation
CLM_0002825,VEH_004127,DLR_SE_001,GEO_SE,20261228,2026-12-28,ADAS_Vision_Sensor,ERR_ADAS_VISION_SENSOR_DIAG,22,38588,1.5,180.0,1100.0,1280.0,True,Under_Investigation
CLM_0002826,VEH_002852,DLR_DE_001,GEO_DE,20251214,2025-12-14,HV_Battery_Pack,ERR_HV_BATTERY_PACK_DIAG,5,8485,2.0,240.0,4500.0,4740.0,True,Approved
CLM_0002827,VEH_009485,DLR_NL_002,GEO_NL,20261228,2026-12-28,ADAS_Vision_Sensor,ERR_ADAS_VISION_SENSOR_DIAG,18,25074,1.5,180.0,1100.0,1280.0,True,Approved
CLM_0002828,VEH_009087,DLR_NO_001,GEO_NO,20240909,2024-09-09,Air_Suspension,ERR_AIR_SUSPENSION_DIAG,2,2472,3.5,420.0,850.0,1270.0,False,Reimbursed
CLM_0002829,VEH_007670,DLR_US_001,GEO_US,20260515,2026-05-15,HV_Battery_Pack,ERR_HV_BATTERY_PACK_DIAG,1,1725,2.0,240.0,4500.0,4740.0,True,Under_Investigation
CLM_0002830,VEH_004419,DLR_IT_002,GEO_IT,20261228,2026-12-28,Air_Suspension,ERR_AIR_SUSPENSION_DIAG,22,39424,5.0,600.0,850.0,1450.0,False,Reimbursed
CLM_0002831,VEH_000149,DLR_NO_002,GEO_NO,20251022,2025-10-22,Electric_Drive_Inverter,ERR_ELECTRIC_DRIVE_INVERTER_DIAG,10,13780,1.5,180.0,1850.0,2030.0,True,Approved
CLM_0002832,VEH_005671,DLR_IT_002,GEO_IT,20250301,2025-03-01,HV_Battery_Pack,ERR_HV_BATTERY_PACK_DIAG,11,15631,1.5,180.0,4500.0,4680.0,True,Approved
CLM_0002833,VEH_009785,DLR_NO_002,GEO_NO,20251212,2025-12-12,Air_Suspension,ERR_AIR_SUSPENSION_DIAG,19,23427,5.0,600.0,850.0,1450.0,False,Under_Investigation
CLM_0002834,VEH_005580,DLR_DE_001,GEO_DE,20240718,2024-07-18,HV_Battery_Pack,ERR_HV_BATTERY_PACK_DIAG,1,1738,5.0,600.0,4500.0,5100.0,True,Reimbursed
CLM_0002835,VEH_002264,DLR_IT_002,GEO_IT,20260616,2026-06-16,Air_Suspension,ERR_AIR_SUSPENSION_DIAG,1,1368,1.5,180.0,850.0,1030.0,False,Reimbursed
CLM_0002836,VEH_000335,DLR_NO_001,GEO_NO,20261228,2026-12-28,HV_Battery_Pack,ERR_HV_BATTERY_PACK_DIAG,15,20565,5.0,600.0,4500.0,5100.0,True,Approved
CLM_0002837,VEH_000740,DLR_NO_002,GEO_NO,20260703,2026-07-03,Infotainment_OTA,ERR_INFOTAINMENT_OTA_DIAG,22,25256,3.5,420.0,150.0,570.0,False,Under_Investigation
CLM_0002838,VEH_006837,DLR_NO_001,GEO_NO,20250817,2025-08-17,ADAS_Vision_Sensor,ERR_ADAS_VISION_SENSOR_DIAG,2,2664,3.5,420.0,1100.0,1520.0,True,Reimbursed
CLM_0002839,VEH_000802,DLR_UK_001,GEO_UK,20261228,2026-12-28,HV_Battery_Pack,ERR_HV_BATTERY_PACK_DIAG,14,23646,1.5,180.0,4500.0,4680.0,True,Under_Investigation
CLM_0002840,VEH_006231,DLR_IT_002,GEO_IT,20260108,2026-01-08,Infotainment_OTA,ERR_INFOTAINMENT_OTA_DIAG,12,19656,1.5,180.0,150.0,330.0,False,Under_Investigation
CLM_0002841,VEH_000790,DLR_IT_001,GEO_IT,20241005,2024-10-05,Air_Suspension,ERR_AIR_SUSPENSION_DIAG,4,4956,5.0,600.0,850.0,1450.0,False,Under_Investigation
CLM_0002842,VEH_001706,DLR_IT_001,GEO_IT,20260309,2026-03-09,Infotainment_OTA,ERR_INFOTAINMENT_OTA_DIAG,6,9246,5.0,600.0,150.0,750.0,False,Under_Investigation
CLM_0002843,VEH_000396,DLR_UK_001,GEO_UK,20251105,2025-11-05,Electric_Drive_Inverter,ERR_ELECTRIC_DRIVE_INVERTER_DIAG,12,16632,2.0,240.0,1850.0,2090.0,True,Reimbursed
CLM_0002844,VEH_001195,DLR_SE_002,GEO_SE,20261228,2026-12-28,HV_Battery_Pack,ERR_HV_BATTERY_PACK_DIAG,18,21798,1.5,180.0,4500.0,4680.0,True,Reimbursed
CLM_0002845,VEH_007804,DLR_IT_002,GEO_IT,20251027,2025-10-27,Air_Suspension,ERR_AIR_SUSPENSION_DIAG,17,29648,3.5,420.0,850.0,1270.0,False,Under_Investigation
CLM_0002846,VEH_006330,DLR_IT_002,GEO_IT,20261228,2026-12-28,ADAS_Vision_Sensor,ERR_ADAS_VISION_SENSOR_DIAG,13,20033,1.5,180.0,1100.0,1280.0,True,Under_Investigation
CLM_0002847,VEH_007196,DLR_SE_002,GEO_SE,20260406,2026-04-06,Infotainment_OTA,ERR_INFOTAINMENT_OTA_DIAG,7,12418,3.5,420.0,150.0,570.0,False,Reimbursed
CLM_0002848,VEH_004848,DLR_UK_001,GEO_UK,20260627,2026-06-27,HV_Battery_Pack,ERR_HV_BATTERY_PACK_DIAG,10,16340,3.5,420.0,4500.0,4920.0,True,Approved
CLM_0002849,VEH_005138,DLR_NO_001,GEO_NO,20260615,2026-06-15,Electric_Drive_Inverter,ERR_ELECTRIC_DRIVE_INVERTER_DIAG,14,21672,3.5,420.0,1850.0,2270.0,True,Under_Investigation
CLM_0002850,VEH_005781,DLR_NO_002,GEO_NO,20260923,2026-09-23,Electric_Drive_Inverter,ERR_ELECTRIC_DRIVE_INVERTER_DIAG,9,14085,2.0,240.0,1850.0,2090.0,True,Approved
CLM_0002851,VEH_006951,DLR_DE_002,GEO_DE,20250728,2025-07-28,Air_Suspension,ERR_AIR_SUSPENSION_DIAG,11,15147,5.0,600.0,850.0,1450.0,False,Approved
CLM_0002852,VEH_006026,DLR_IT_001,GEO_IT,20260626,2026-06-26,Electric_Drive_Inverter,ERR_ELECTRIC_DRIVE_INVERTER_DIAG,12,20628,3.5,420.0,1850.0,2270.0,True,Under_Investigation
CLM_0002853,VEH_000365,DLR_DE_001,GEO_DE,20260712,2026-07-12,Air_Suspension,ERR_AIR_SUSPENSION_DIAG,15,19215,3.5,420.0,850.0,1270.0,False,Approved
CLM_0002854,VEH_000532,DLR_US_001,GEO_US,20251020,2025-10-20,HV_Battery_Pack,ERR_HV_BATTERY_PACK_DIAG,13,15392,5.0,600.0,4500.0,5100.0,True,Approved
CLM_0002855,VEH_005584,DLR_SE_002,GEO_SE,20260319,2026-03-19,HV_Battery_Pack,ERR_HV_BATTERY_PACK_DIAG,23,31878,2.0,240.0,4500.0,4740.0,True,Under_Investigation
CLM_0002856,VEH_005848,DLR_NO_002,GEO_NO,20260129,2026-01-29,ADAS_Vision_Sensor,ERR_ADAS_VISION_SENSOR_DIAG,7,9541,3.5,420.0,1100.0,1520.0,True,Reimbursed
CLM_0002857,VEH_002079,DLR_UK_001,GEO_UK,20260903,2026-09-03,Electric_Drive_Inverter,ERR_ELECTRIC_DRIVE_INVERTER_DIAG,17,20009,2.0,240.0,1850.0,2090.0,True,Under_Investigation
CLM_0002858,VEH_004364,DLR_SE_002,GEO_SE,20260127,2026-01-27,Electric_Drive_Inverter,ERR_ELECTRIC_DRIVE_INVERTER_DIAG,17,23664,5.0,600.0,1850.0,2450.0,True,Under_Investigation
CLM_0002859,VEH_009032,DLR_NO_001,GEO_NO,20261018,2026-10-18,HV_Battery_Pack,ERR_HV_BATTERY_PACK_DIAG,21,32067,1.5,180.0,4500.0,4680.0,True,Approved
CLM_0002860,VEH_003479,DLR_DE_001,GEO_DE,20250102,2025-01-02,Electric_Drive_Inverter,ERR_ELECTRIC_DRIVE_INVERTER_DIAG,7,9520,5.0,600.0,1850.0,2450.0,True,Reimbursed
CLM_0002861,VEH_008596,DLR_IT_001,GEO_IT,20260202,2026-02-02,HV_Battery_Pack,ERR_HV_BATTERY_PACK_DIAG,10,11890,5.0,600.0,4500.0,5100.0,True,Reimbursed
CLM_0002862,VEH_007908,DLR_SE_001,GEO_SE,20261228,2026-12-28,ADAS_Vision_Sensor,ERR_ADAS_VISION_SENSOR_DIAG,22,32428,3.5,420.0,1100.0,1520.0,True,Under_Investigation
CLM_0002863,VEH_006551,DLR_NO_002,GEO_NO,20240317,2024-03-17,HV_Battery_Pack,ERR_HV_BATTERY_PACK_DIAG,1,1102,5.0,600.0,4500.0,5100.0,True,Reimbursed
CLM_0002864,VEH_007299,DLR_UK_001,GEO_UK,20240606,2024-06-06,HV_Battery_Pack,ERR_HV_BATTERY_PACK_DIAG,4,4856,5.0,600.0,4500.0,5100.0,True,Approved
CLM_0002865,VEH_008817,DLR_NO_001,GEO_NO,20251122,2025-11-22,Electric_Drive_Inverter,ERR_ELECTRIC_DRIVE_INVERTER_DIAG,6,8394,3.5,420.0,1850.0,2270.0,True,Under_Investigation
CLM_0002866,VEH_003479,DLR_DE_001,GEO_DE,20240903,2024-09-03,Air_Suspension,ERR_AIR_SUSPENSION_DIAG,3,5247,2.0,240.0,850.0,1090.0,False,Under_Investigation
CLM_0002867,VEH_000808,DLR_US_001,GEO_US,20260202,2026-02-02,Air_Suspension,ERR_AIR_SUSPENSION_DIAG,14,19236,1.5,180.0,850.0,1030.0,False,Reimbursed
CLM_0002868,VEH_003991,DLR_DE_002,GEO_DE,20261228,2026-12-28,Air_Suspension,ERR_AIR_SUSPENSION_DIAG,24,39072,5.0,600.0,850.0,1450.0,False,Under_Investigation
CLM_0002869,VEH_002648,DLR_UK_001,GEO_UK,20261228,2026-12-28,ADAS_Vision_Sensor,ERR_ADAS_VISION_SENSOR_DIAG,24,35352,5.0,600.0,1100.0,1700.0,True,Approved
CLM_0002870,VEH_004856,DLR_DE_002,GEO_DE,20261228,2026-12-28,ADAS_Vision_Sensor,ERR_ADAS_VISION_SENSOR_DIAG,11,12342,1.5,180.0,1100.0,1280.0,True,Under_Investigation
CLM_0002871,VEH_003156,DLR_DE_002,GEO_DE,20241026,2024-10-26,Infotainment_OTA,ERR_INFOTAINMENT_OTA_DIAG,6,7470,2.0,240.0,150.0,390.0,False,Reimbursed
CLM_0002872,VEH_004794,DLR_NO_001,GEO_NO,20241001,2024-10-01,Air_Suspension,ERR_AIR_SUSPENSION_DIAG,8,10936,2.0,240.0,850.0,1090.0,False,Reimbursed
CLM_0002873,VEH_001980,DLR_NO_002,GEO_NO,20241222,2024-12-22,Electric_Drive_Inverter,ERR_ELECTRIC_DRIVE_INVERTER_DIAG,9,11772,5.0,600.0,1850.0,2450.0,True,Reimbursed
CLM_0002874,VEH_006160,DLR_SE_002,GEO_SE,20250910,2025-09-10,Air_Suspension,ERR_AIR_SUSPENSION_DIAG,7,8722,1.5,180.0,850.0,1030.0,False,Approved
CLM_0002875,VEH_004954,DLR_IT_002,GEO_IT,20261201,2026-12-01,HV_Battery_Pack,ERR_HV_BATTERY_PACK_DIAG,20,22520,2.0,240.0,4500.0,4740.0,True,Under_Investigation
CLM_0002876,VEH_001574,DLR_IT_001,GEO_IT,20250107,2025-01-07,Electric_Drive_Inverter,ERR_ELECTRIC_DRIVE_INVERTER_DIAG,6,7806,5.0,600.0,1850.0,2450.0,True,Under_Investigation
CLM_0002877,VEH_006270,DLR_IT_002,GEO_IT,20250430,2025-04-30,HV_Battery_Pack,ERR_HV_BATTERY_PACK_DIAG,12,15636,3.5,420.0,4500.0,4920.0,True,Approved
CLM_0002878,VEH_000793,DLR_NO_001,GEO_NO,20261228,2026-12-28,Electric_Drive_Inverter,ERR_ELECTRIC_DRIVE_INVERTER_DIAG,16,21056,1.5,180.0,1850.0,2030.0,True,Under_Investigation
CLM_0002879,VEH_008848,DLR_DE_002,GEO_DE,20261130,2026-11-30,Electric_Drive_Inverter,ERR_ELECTRIC_DRIVE_INVERTER_DIAG,17,25279,3.5,420.0,1850.0,2270.0,True,Reimbursed
CLM_0002880,VEH_009727,DLR_NO_001,GEO_NO,20251222,2025-12-22,ADAS_Vision_Sensor,ERR_ADAS_VISION_SENSOR_DIAG,12,18192,3.5,420.0,1100.0,1520.0,True,Approved
CLM_0002881,VEH_003669,DLR_SE_002,GEO_SE,20251220,2025-12-20,Air_Suspension,ERR_AIR_SUSPENSION_DIAG,6,9318,5.0,600.0,850.0,1450.0,False,Approved
CLM_0002882,VEH_002612,DLR_IT_001,GEO_IT,20261013,2026-10-13,Air_Suspension,ERR_AIR_SUSPENSION_DIAG,17,21403,2.0,240.0,850.0,1090.0,False,Reimbursed
CLM_0002883,VEH_005275,DLR_IT_002,GEO_IT,20260730,2026-07-30,HV_Battery_Pack,ERR_HV_BATTERY_PACK_DIAG,18,21636,3.5,420.0,4500.0,4920.0,True,Under_Investigation
CLM_0002884,VEH_008198,DLR_UK_001,GEO_UK,20260217,2026-02-17,HV_Battery_Pack,ERR_HV_BATTERY_PACK_DIAG,1,1653,3.5,420.0,4500.0,4920.0,True,Approved
CLM_0002885,VEH_006635,DLR_IT_001,GEO_IT,20261228,2026-12-28,Infotainment_OTA,ERR_INFOTAINMENT_OTA_DIAG,17,19873,3.5,420.0,150.0,570.0,False,Reimbursed
CLM_0002886,VEH_005395,DLR_SE_001,GEO_SE,20261228,2026-12-28,Electric_Drive_Inverter,ERR_ELECTRIC_DRIVE_INVERTER_DIAG,20,28300,5.0,600.0,1850.0,2450.0,True,Reimbursed
CLM_0002887,VEH_000201,DLR_US_001,GEO_US,20241109,2024-11-09,HV_Battery_Pack,ERR_HV_BATTERY_PACK_DIAG,1,1529,1.5,180.0,4500.0,4680.0,True,Approved
CLM_0002888,VEH_007391,DLR_NO_002,GEO_NO,20251111,2025-11-11,HV_Battery_Pack,ERR_HV_BATTERY_PACK_DIAG,11,14630,2.0,240.0,4500.0,4740.0,True,Approved
CLM_0002889,VEH_003929,DLR_SE_001,GEO_SE,20250212,2025-02-12,Electric_Drive_Inverter,ERR_ELECTRIC_DRIVE_INVERTER_DIAG,10,14580,5.0,600.0,1850.0,2450.0,True,Under_Investigation
CLM_0002890,VEH_007902,DLR_DE_002,GEO_DE,20260122,2026-01-22,Electric_Drive_Inverter,ERR_ELECTRIC_DRIVE_INVERTER_DIAG,4,4416,5.0,600.0,1850.0,2450.0,True,Under_Investigation
CLM_0002891,VEH_008802,DLR_IT_002,GEO_IT,20250116,2025-01-16,Air_Suspension,ERR_AIR_SUSPENSION_DIAG,3,3312,1.5,180.0,850.0,1030.0,False,Under_Investigation
CLM_0002892,VEH_001423,DLR_UK_001,GEO_UK,20251222,2025-12-22,Electric_Drive_Inverter,ERR_ELECTRIC_DRIVE_INVERTER_DIAG,2,3518,3.5,420.0,1850.0,2270.0,True,Under_Investigation
CLM_0002893,VEH_009945,DLR_NO_001,GEO_NO,20261228,2026-12-28,HV_Battery_Pack,ERR_HV_BATTERY_PACK_DIAG,24,26448,3.5,420.0,4500.0,4920.0,True,Approved
CLM_0002894,VEH_007870,DLR_US_001,GEO_US,20261128,2026-11-28,ADAS_Vision_Sensor,ERR_ADAS_VISION_SENSOR_DIAG,6,9144,3.5,420.0,1100.0,1520.0,True,Under_Investigation
CLM_0002895,VEH_002398,DLR_DE_001,GEO_DE,20260821,2026-08-21,ADAS_Vision_Sensor,ERR_ADAS_VISION_SENSOR_DIAG,3,4383,5.0,600.0,1100.0,1700.0,True,Reimbursed
CLM_0002896,VEH_007625,DLR_SE_001,GEO_SE,20250304,2025-03-04,HV_Battery_Pack,ERR_HV_BATTERY_PACK_DIAG,9,12357,1.5,180.0,4500.0,4680.0,True,Reimbursed
CLM_0002897,VEH_008545,DLR_IT_002,GEO_IT,20260602,2026-06-02,Electric_Drive_Inverter,ERR_ELECTRIC_DRIVE_INVERTER_DIAG,7,8106,5.0,600.0,1850.0,2450.0,True,Reimbursed
CLM_0002898,VEH_003405,DLR_DE_001,GEO_DE,20261228,2026-12-28,HV_Battery_Pack,ERR_HV_BATTERY_PACK_DIAG,9,10566,3.5,420.0,4500.0,4920.0,True,Approved
CLM_0002899,VEH_008571,DLR_NO_002,GEO_NO,20261228,2026-12-28,Air_Suspension,ERR_AIR_SUSPENSION_DIAG,18,27036,2.0,240.0,850.0,1090.0,False,Reimbursed
CLM_0002900,VEH_009203,DLR_DE_002,GEO_DE,20251027,2025-10-27,HV_Battery_Pack,ERR_HV_BATTERY_PACK_DIAG,3,3594,2.0,240.0,4500.0,4740.0,True,Approved
CLM_0002901,VEH_008830,DLR_SE_002,GEO_SE,20261011,2026-10-11,HV_Battery_Pack,ERR_HV_BATTERY_PACK_DIAG,12,21468,5.0,600.0,4500.0,5100.0,True,Approved
CLM_0002902,VEH_003013,DLR_NL_001,GEO_NL,20250609,2025-06-09,Air_Suspension,ERR_AIR_SUSPENSION_DIAG,9,11916,1.5,180.0,850.0,1030.0,False,Approved
CLM_0002903,VEH_005223,DLR_NL_002,GEO_NL,20240915,2024-09-15,Air_Suspension,ERR_AIR_SUSPENSION_DIAG,5,6610,3.5,420.0,850.0,1270.0,False,Under_Investigation
CLM_0002904,VEH_002461,DLR_NO_001,GEO_NO,20261228,2026-12-28,Infotainment_OTA,ERR_INFOTAINMENT_OTA_DIAG,24,40992,1.5,180.0,150.0,330.0,False,Under_Investigation
CLM_0002905,VEH_001760,DLR_NL_001,GEO_NL,20261228,2026-12-28,ADAS_Vision_Sensor,ERR_ADAS_VISION_SENSOR_DIAG,19,21603,1.5,180.0,1100.0,1280.0,True,Reimbursed
CLM_0002906,VEH_008424,DLR_NO_001,GEO_NO,20260127,2026-01-27,ADAS_Vision_Sensor,ERR_ADAS_VISION_SENSOR_DIAG,9,13329,5.0,600.0,1100.0,1700.0,True,Under_Investigation
CLM_0002907,VEH_000898,DLR_NO_002,GEO_NO,20261228,2026-12-28,HV_Battery_Pack,ERR_HV_BATTERY_PACK_DIAG,18,31590,2.0,240.0,4500.0,4740.0,True,Approved
CLM_0002908,VEH_001759,DLR_DE_002,GEO_DE,20250215,2025-02-15,Infotainment_OTA,ERR_INFOTAINMENT_OTA_DIAG,13,23257,2.0,240.0,150.0,390.0,False,Under_Investigation
CLM_0002909,VEH_000619,DLR_SE_002,GEO_SE,20240816,2024-08-16,Infotainment_OTA,ERR_INFOTAINMENT_OTA_DIAG,2,3550,1.5,180.0,150.0,330.0,False,Reimbursed
CLM_0002910,VEH_002343,DLR_US_001,GEO_US,20261024,2026-10-24,Electric_Drive_Inverter,ERR_ELECTRIC_DRIVE_INVERTER_DIAG,16,25168,3.5,420.0,1850.0,2270.0,True,Approved
CLM_0002911,VEH_003994,DLR_NL_001,GEO_NL,20251229,2025-12-29,HV_Battery_Pack,ERR_HV_BATTERY_PACK_DIAG,22,24310,2.0,240.0,4500.0,4740.0,True,Under_Investigation
CLM_0002912,VEH_007422,DLR_SE_001,GEO_SE,20260524,2026-05-24,Electric_Drive_Inverter,ERR_ELECTRIC_DRIVE_INVERTER_DIAG,17,27506,3.5,420.0,1850.0,2270.0,True,Reimbursed
CLM_0002913,VEH_003969,DLR_IT_002,GEO_IT,20260919,2026-09-19,Electric_Drive_Inverter,ERR_ELECTRIC_DRIVE_INVERTER_DIAG,16,18432,5.0,600.0,1850.0,2450.0,True,Reimbursed
CLM_0002914,VEH_000647,DLR_US_001,GEO_US,20250213,2025-02-13,ADAS_Vision_Sensor,ERR_ADAS_VISION_SENSOR_DIAG,8,10576,1.5,180.0,1100.0,1280.0,True,Reimbursed
CLM_0002915,VEH_001087,DLR_DE_001,GEO_DE,20250221,2025-02-21,Electric_Drive_Inverter,ERR_ELECTRIC_DRIVE_INVERTER_DIAG,5,8175,1.5,180.0,1850.0,2030.0,True,Reimbursed
CLM_0002916,VEH_003590,DLR_NL_002,GEO_NL,20251101,2025-11-01,Electric_Drive_Inverter,ERR_ELECTRIC_DRIVE_INVERTER_DIAG,17,26214,1.5,180.0,1850.0,2030.0,True,Approved
CLM_0002917,VEH_006157,DLR_NO_001,GEO_NO,20250906,2025-09-06,HV_Battery_Pack,ERR_HV_BATTERY_PACK_DIAG,9,14328,1.5,180.0,4500.0,4680.0,True,Approved
CLM_0002918,VEH_005217,DLR_NL_001,GEO_NL,20260304,2026-03-04,HV_Battery_Pack,ERR_HV_BATTERY_PACK_DIAG,9,10044,3.5,420.0,4500.0,4920.0,True,Reimbursed
CLM_0002919,VEH_004730,DLR_NL_002,GEO_NL,20261228,2026-12-28,Infotainment_OTA,ERR_INFOTAINMENT_OTA_DIAG,22,36630,5.0,600.0,150.0,750.0,False,Under_Investigation
CLM_0002920,VEH_000912,DLR_SE_001,GEO_SE,20261228,2026-12-28,ADAS_Vision_Sensor,ERR_ADAS_VISION_SENSOR_DIAG,11,13717,1.5,180.0,1100.0,1280.0,True,Under_Investigation
CLM_0002921,VEH_009524,DLR_NL_001,GEO_NL,20250621,2025-06-21,Infotainment_OTA,ERR_INFOTAINMENT_OTA_DIAG,5,6470,5.0,600.0,150.0,750.0,False,Under_Investigation
CLM_0002922,VEH_003331,DLR_IT_001,GEO_IT,20241128,2024-11-28,Electric_Drive_Inverter,ERR_ELECTRIC_DRIVE_INVERTER_DIAG,3,4977,2.0,240.0,1850.0,2090.0,True,Under_Investigation
CLM_0002923,VEH_003058,DLR_IT_001,GEO_IT,20261228,2026-12-28,ADAS_Vision_Sensor,ERR_ADAS_VISION_SENSOR_DIAG,20,34920,1.5,180.0,1100.0,1280.0,True,Approved
CLM_0002924,VEH_009018,DLR_DE_002,GEO_DE,20261228,2026-12-28,HV_Battery_Pack,ERR_HV_BATTERY_PACK_DIAG,16,27792,1.5,180.0,4500.0,4680.0,True,Under_Investigation
CLM_0002925,VEH_003925,DLR_SE_001,GEO_SE,20260815,2026-08-15,Electric_Drive_Inverter,ERR_ELECTRIC_DRIVE_INVERTER_DIAG,6,7164,1.5,180.0,1850.0,2030.0,True,Reimbursed
CLM_0002926,VEH_004643,DLR_NL_001,GEO_NL,20260720,2026-07-20,HV_Battery_Pack,ERR_HV_BATTERY_PACK_DIAG,11,16907,3.5,420.0,4500.0,4920.0,True,Reimbursed
CLM_0002927,VEH_008269,DLR_UK_001,GEO_UK,20250218,2025-02-18,Infotainment_OTA,ERR_INFOTAINMENT_OTA_DIAG,5,6605,1.5,180.0,150.0,330.0,False,Approved
CLM_0002928,VEH_001684,DLR_NO_001,GEO_NO,20261228,2026-12-28,Air_Suspension,ERR_AIR_SUSPENSION_DIAG,23,28911,1.5,180.0,850.0,1030.0,False,Under_Investigation
CLM_0002929,VEH_008324,DLR_SE_002,GEO_SE,20261228,2026-12-28,HV_Battery_Pack,ERR_HV_BATTERY_PACK_DIAG,22,37400,1.5,180.0,4500.0,4680.0,True,Reimbursed
CLM_0002930,VEH_000758,DLR_DE_002,GEO_DE,20250222,2025-02-22,Air_Suspension,ERR_AIR_SUSPENSION_DIAG,7,10591,1.5,180.0,850.0,1030.0,False,Approved
CLM_0002931,VEH_006369,DLR_DE_002,GEO_DE,20261228,2026-12-28,Electric_Drive_Inverter,ERR_ELECTRIC_DRIVE_INVERTER_DIAG,22,30492,5.0,600.0,1850.0,2450.0,True,Under_Investigation
CLM_0002932,VEH_007879,DLR_UK_001,GEO_UK,20261228,2026-12-28,ADAS_Vision_Sensor,ERR_ADAS_VISION_SENSOR_DIAG,13,16666,2.0,240.0,1100.0,1340.0,True,Reimbursed
CLM_0002933,VEH_001228,DLR_NO_001,GEO_NO,20250929,2025-09-29,HV_Battery_Pack,ERR_HV_BATTERY_PACK_DIAG,5,7150,2.0,240.0,4500.0,4740.0,True,Approved
CLM_0002934,VEH_009913,DLR_DE_001,GEO_DE,20260709,2026-07-09,HV_Battery_Pack,ERR_HV_BATTERY_PACK_DIAG,6,9024,5.0,600.0,4500.0,5100.0,True,Approved
CLM_0002935,VEH_004043,DLR_IT_002,GEO_IT,20250131,2025-01-31,Electric_Drive_Inverter,ERR_ELECTRIC_DRIVE_INVERTER_DIAG,3,5328,5.0,600.0,1850.0,2450.0,True,Reimbursed
CLM_0002936,VEH_004143,DLR_NO_002,GEO_NO,20261102,2026-11-02,Electric_Drive_Inverter,ERR_ELECTRIC_DRIVE_INVERTER_DIAG,17,23953,3.5,420.0,1850.0,2270.0,True,Under_Investigation
CLM_0002937,VEH_008417,DLR_US_001,GEO_US,20251209,2025-12-09,Electric_Drive_Inverter,ERR_ELECTRIC_DRIVE_INVERTER_DIAG,17,20485,5.0,600.0,1850.0,2450.0,True,Approved
CLM_0002938,VEH_000677,DLR_IT_001,GEO_IT,20261022,2026-10-22,HV_Battery_Pack,ERR_HV_BATTERY_PACK_DIAG,24,40368,1.5,180.0,4500.0,4680.0,True,Reimbursed
CLM_0002939,VEH_007787,DLR_NL_001,GEO_NL,20260609,2026-06-09,Electric_Drive_Inverter,ERR_ELECTRIC_DRIVE_INVERTER_DIAG,14,21896,3.5,420.0,1850.0,2270.0,True,Approved
CLM_0002940,VEH_000970,DLR_DE_001,GEO_DE,20260805,2026-08-05,Electric_Drive_Inverter,ERR_ELECTRIC_DRIVE_INVERTER_DIAG,12,13212,1.5,180.0,1850.0,2030.0,True,Approved
CLM_0002941,VEH_007658,DLR_NL_002,GEO_NL,20261014,2026-10-14,Electric_Drive_Inverter,ERR_ELECTRIC_DRIVE_INVERTER_DIAG,19,27740,2.0,240.0,1850.0,2090.0,True,Reimbursed
CLM_0002942,VEH_001594,DLR_SE_001,GEO_SE,20240916,2024-09-16,Electric_Drive_Inverter,ERR_ELECTRIC_DRIVE_INVERTER_DIAG,6,8370,2.0,240.0,1850.0,2090.0,True,Under_Investigation
CLM_0002943,VEH_007958,DLR_NL_001,GEO_NL,20250316,2025-03-16,Electric_Drive_Inverter,ERR_ELECTRIC_DRIVE_INVERTER_DIAG,7,8911,1.5,180.0,1850.0,2030.0,True,Approved
CLM_0002944,VEH_006939,DLR_SE_002,GEO_SE,20250606,2025-06-06,Air_Suspension,ERR_AIR_SUSPENSION_DIAG,5,7240,2.0,240.0,850.0,1090.0,False,Reimbursed
CLM_0002945,VEH_003412,DLR_DE_001,GEO_DE,20250604,2025-06-04,Electric_Drive_Inverter,ERR_ELECTRIC_DRIVE_INVERTER_DIAG,6,6672,3.5,420.0,1850.0,2270.0,True,Under_Investigation
CLM_0002946,VEH_004348,DLR_IT_001,GEO_IT,20250725,2025-07-25,Electric_Drive_Inverter,ERR_ELECTRIC_DRIVE_INVERTER_DIAG,14,21294,1.5,180.0,1850.0,2030.0,True,Approved
CLM_0002947,VEH_010026,DLR_SE_002,GEO_SE,20250920,2025-09-20,Electric_Drive_Inverter,ERR_ELECTRIC_DRIVE_INVERTER_DIAG,14,20034,3.5,420.0,1850.0,2270.0,True,Approved
CLM_0002948,VEH_008380,DLR_SE_002,GEO_SE,20260926,2026-09-26,HV_Battery_Pack,ERR_HV_BATTERY_PACK_DIAG,20,27200,3.5,420.0,4500.0,4920.0,True,Approved
CLM_0002949,VEH_007021,DLR_DE_002,GEO_DE,20260820,2026-08-20,HV_Battery_Pack,ERR_HV_BATTERY_PACK_DIAG,16,18336,2.0,240.0,4500.0,4740.0,True,Approved
CLM_0002950,VEH_004024,DLR_NO_001,GEO_NO,20250823,2025-08-23,Air_Suspension,ERR_AIR_SUSPENSION_DIAG,5,8435,3.5,420.0,850.0,1270.0,False,Under_Investigation
CLM_0002951,VEH_007246,DLR_NL_001,GEO_NL,20261228,2026-12-28,Electric_Drive_Inverter,ERR_ELECTRIC_DRIVE_INVERTER_DIAG,23,33787,3.5,420.0,1850.0,2270.0,True,Reimbursed
CLM_0002952,VEH_000650,DLR_DE_001,GEO_DE,20260524,2026-05-24,HV_Battery_Pack,ERR_HV_BATTERY_PACK_DIAG,24,35544,3.5,420.0,4500.0,4920.0,True,Reimbursed
CLM_0002953,VEH_005213,DLR_IT_002,GEO_IT,20260902,2026-09-02,HV_Battery_Pack,ERR_HV_BATTERY_PACK_DIAG,7,8890,2.0,240.0,4500.0,4740.0,True,Under_Investigation
CLM_0002954,VEH_003650,DLR_NL_001,GEO_NL,20250927,2025-09-27,Electric_Drive_Inverter,ERR_ELECTRIC_DRIVE_INVERTER_DIAG,17,29614,2.0,240.0,1850.0,2090.0,True,Under_Investigation
CLM_0002955,VEH_002767,DLR_NL_002,GEO_NL,20250922,2025-09-22,HV_Battery_Pack,ERR_HV_BATTERY_PACK_DIAG,14,22610,2.0,240.0,4500.0,4740.0,True,Reimbursed
CLM_0002956,VEH_001992,DLR_NO_002,GEO_NO,20251218,2025-12-18,ADAS_Vision_Sensor,ERR_ADAS_VISION_SENSOR_DIAG,18,29286,2.0,240.0,1100.0,1340.0,True,Reimbursed
CLM_0002957,VEH_003650,DLR_NL_001,GEO_NL,20240529,2024-05-29,Infotainment_OTA,ERR_INFOTAINMENT_OTA_DIAG,1,1494,3.5,420.0,150.0,570.0,False,Under_Investigation
CLM_0002958,VEH_009820,DLR_SE_002,GEO_SE,20261215,2026-12-15,HV_Battery_Pack,ERR_HV_BATTERY_PACK_DIAG,6,8436,2.0,240.0,4500.0,4740.0,True,Approved
CLM_0002959,VEH_004407,DLR_DE_001,GEO_DE,20261210,2026-12-10,Air_Suspension,ERR_AIR_SUSPENSION_DIAG,18,27252,1.5,180.0,850.0,1030.0,False,Reimbursed
CLM_0002960,VEH_009580,DLR_IT_002,GEO_IT,20260803,2026-08-03,Infotainment_OTA,ERR_INFOTAINMENT_OTA_DIAG,22,33110,2.0,240.0,150.0,390.0,False,Under_Investigation
CLM_0002961,VEH_007565,DLR_NO_001,GEO_NO,20261228,2026-12-28,HV_Battery_Pack,ERR_HV_BATTERY_PACK_DIAG,22,37048,2.0,240.0,4500.0,4740.0,True,Reimbursed
CLM_0002962,VEH_007228,DLR_NL_002,GEO_NL,20260121,2026-01-21,ADAS_Vision_Sensor,ERR_ADAS_VISION_SENSOR_DIAG,8,11968,2.0,240.0,1100.0,1340.0,True,Under_Investigation
CLM_0002963,VEH_001149,DLR_SE_002,GEO_SE,20261228,2026-12-28,Air_Suspension,ERR_AIR_SUSPENSION_DIAG,21,34545,3.5,420.0,850.0,1270.0,False,Under_Investigation
CLM_0002964,VEH_006105,DLR_NO_002,GEO_NO,20250806,2025-08-06,ADAS_Vision_Sensor,ERR_ADAS_VISION_SENSOR_DIAG,6,7248,5.0,600.0,1100.0,1700.0,True,Approved
CLM_0002965,VEH_005236,DLR_DE_001,GEO_DE,20250205,2025-02-05,Electric_Drive_Inverter,ERR_ELECTRIC_DRIVE_INVERTER_DIAG,7,11606,3.5,420.0,1850.0,2270.0,True,Reimbursed
CLM_0002966,VEH_002015,DLR_SE_002,GEO_SE,20251113,2025-11-13,HV_Battery_Pack,ERR_HV_BATTERY_PACK_DIAG,11,14377,2.0,240.0,4500.0,4740.0,True,Reimbursed
CLM_0002967,VEH_000121,DLR_NO_001,GEO_NO,20260905,2026-09-05,ADAS_Vision_Sensor,ERR_ADAS_VISION_SENSOR_DIAG,12,19920,3.5,420.0,1100.0,1520.0,True,Reimbursed
CLM_0002968,VEH_003233,DLR_IT_002,GEO_IT,20260724,2026-07-24,ADAS_Vision_Sensor,ERR_ADAS_VISION_SENSOR_DIAG,18,28386,1.5,180.0,1100.0,1280.0,True,Reimbursed
CLM_0002969,VEH_004552,DLR_UK_001,GEO_UK,20261228,2026-12-28,ADAS_Vision_Sensor,ERR_ADAS_VISION_SENSOR_DIAG,12,13476,5.0,600.0,1100.0,1700.0,True,Approved
CLM_0002970,VEH_000118,DLR_SE_001,GEO_SE,20250524,2025-05-24,HV_Battery_Pack,ERR_HV_BATTERY_PACK_DIAG,10,13220,5.0,600.0,4500.0,5100.0,True,Under_Investigation
CLM_0002971,VEH_002753,DLR_IT_002,GEO_IT,20261228,2026-12-28,Infotainment_OTA,ERR_INFOTAINMENT_OTA_DIAG,20,22180,1.5,180.0,150.0,330.0,False,Under_Investigation
CLM_0002972,VEH_005240,DLR_US_001,GEO_US,20260923,2026-09-23,Air_Suspension,ERR_AIR_SUSPENSION_DIAG,10,17050,5.0,600.0,850.0,1450.0,False,Under_Investigation
CLM_0002973,VEH_008090,DLR_NO_002,GEO_NO,20250322,2025-03-22,Electric_Drive_Inverter,ERR_ELECTRIC_DRIVE_INVERTER_DIAG,12,18996,5.0,600.0,1850.0,2450.0,True,Under_Investigation
CLM_0002974,VEH_000011,DLR_DE_002,GEO_DE,20261228,2026-12-28,ADAS_Vision_Sensor,ERR_ADAS_VISION_SENSOR_DIAG,20,24760,5.0,600.0,1100.0,1700.0,True,Reimbursed
CLM_0002975,VEH_005856,DLR_US_001,GEO_US,20261228,2026-12-28,Electric_Drive_Inverter,ERR_ELECTRIC_DRIVE_INVERTER_DIAG,21,29946,5.0,600.0,1850.0,2450.0,True,Approved
CLM_0002976,VEH_001273,DLR_DE_001,GEO_DE,20251215,2025-12-15,Electric_Drive_Inverter,ERR_ELECTRIC_DRIVE_INVERTER_DIAG,7,12264,1.5,180.0,1850.0,2030.0,True,Reimbursed
CLM_0002977,VEH_003661,DLR_DE_002,GEO_DE,20260824,2026-08-24,Electric_Drive_Inverter,ERR_ELECTRIC_DRIVE_INVERTER_DIAG,23,40549,1.5,180.0,1850.0,2030.0,True,Approved
CLM_0002978,VEH_007720,DLR_NL_001,GEO_NL,20250205,2025-02-05,Infotainment_OTA,ERR_INFOTAINMENT_OTA_DIAG,10,16500,2.0,240.0,150.0,390.0,False,Reimbursed
CLM_0002979,VEH_006390,DLR_IT_002,GEO_IT,20240711,2024-07-11,Infotainment_OTA,ERR_INFOTAINMENT_OTA_DIAG,2,3336,1.5,180.0,150.0,330.0,False,Under_Investigation
CLM_0002980,VEH_003147,DLR_NL_001,GEO_NL,20260527,2026-05-27,ADAS_Vision_Sensor,ERR_ADAS_VISION_SENSOR_DIAG,6,8160,2.0,240.0,1100.0,1340.0,True,Under_Investigation
CLM_0002981,VEH_006592,DLR_NL_002,GEO_NL,20261228,2026-12-28,Infotainment_OTA,ERR_INFOTAINMENT_OTA_DIAG,20,23080,2.0,240.0,150.0,390.0,False,Approved
CLM_0002982,VEH_006403,DLR_IT_002,GEO_IT,20261004,2026-10-04,HV_Battery_Pack,ERR_HV_BATTERY_PACK_DIAG,4,6200,2.0,240.0,4500.0,4740.0,True,Under_Investigation
CLM_0002983,VEH_009941,DLR_NL_001,GEO_NL,20250114,2025-01-14,HV_Battery_Pack,ERR_HV_BATTERY_PACK_DIAG,6,9936,5.0,600.0,4500.0,5100.0,True,Reimbursed
CLM_0002984,VEH_008670,DLR_DE_002,GEO_DE,20261126,2026-11-26,Air_Suspension,ERR_AIR_SUSPENSION_DIAG,21,29127,3.5,420.0,850.0,1270.0,False,Reimbursed
CLM_0002985,VEH_001062,DLR_NL_001,GEO_NL,20251031,2025-10-31,Air_Suspension,ERR_AIR_SUSPENSION_DIAG,20,35760,1.5,180.0,850.0,1030.0,False,Approved
CLM_0002986,VEH_006549,DLR_NL_001,GEO_NL,20260824,2026-08-24,ADAS_Vision_Sensor,ERR_ADAS_VISION_SENSOR_DIAG,22,25080,2.0,240.0,1100.0,1340.0,True,Under_Investigation
CLM_0002987,VEH_005675,DLR_DE_002,GEO_DE,20251031,2025-10-31,Infotainment_OTA,ERR_INFOTAINMENT_OTA_DIAG,9,16119,3.5,420.0,150.0,570.0,False,Approved
CLM_0002988,VEH_001465,DLR_US_001,GEO_US,20260214,2026-02-14,Electric_Drive_Inverter,ERR_ELECTRIC_DRIVE_INVERTER_DIAG,12,17124,3.5,420.0,1850.0,2270.0,True,Approved
CLM_0002989,VEH_000416,DLR_DE_001,GEO_DE,20261228,2026-12-28,Electric_Drive_Inverter,ERR_ELECTRIC_DRIVE_INVERTER_DIAG,15,24165,3.5,420.0,1850.0,2270.0,True,Under_Investigation
CLM_0002990,VEH_002492,DLR_UK_001,GEO_UK,20261228,2026-12-28,Infotainment_OTA,ERR_INFOTAINMENT_OTA_DIAG,15,24405,2.0,240.0,150.0,390.0,False,Under_Investigation
CLM_0002991,VEH_004545,DLR_IT_001,GEO_IT,20260417,2026-04-17,Electric_Drive_Inverter,ERR_ELECTRIC_DRIVE_INVERTER_DIAG,1,1685,2.0,240.0,1850.0,2090.0,True,Approved
CLM_0002992,VEH_006459,DLR_NO_002,GEO_NO,20261228,2026-12-28,Infotainment_OTA,ERR_INFOTAINMENT_OTA_DIAG,23,34546,3.5,420.0,150.0,570.0,False,Under_Investigation
CLM_0002993,VEH_008881,DLR_NL_001,GEO_NL,20260316,2026-03-16,HV_Battery_Pack,ERR_HV_BATTERY_PACK_DIAG,19,24054,3.5,420.0,4500.0,4920.0,True,Under_Investigation
CLM_0002994,VEH_004723,DLR_DE_001,GEO_DE,20261228,2026-12-28,ADAS_Vision_Sensor,ERR_ADAS_VISION_SENSOR_DIAG,12,13584,1.5,180.0,1100.0,1280.0,True,Reimbursed
CLM_0002995,VEH_008758,DLR_SE_001,GEO_SE,20261103,2026-11-03,ADAS_Vision_Sensor,ERR_ADAS_VISION_SENSOR_DIAG,20,28000,5.0,600.0,1100.0,1700.0,True,Reimbursed
CLM_0002996,VEH_008083,DLR_NO_002,GEO_NO,20250403,2025-04-03,HV_Battery_Pack,ERR_HV_BATTERY_PACK_DIAG,8,12456,5.0,600.0,4500.0,5100.0,True,Under_Investigation
CLM_0002997,VEH_002196,DLR_NL_001,GEO_NL,20260818,2026-08-18,Air_Suspension,ERR_AIR_SUSPENSION_DIAG,5,8285,1.5,180.0,850.0,1030.0,False,Approved
CLM_0002998,VEH_004777,DLR_NO_001,GEO_NO,20250811,2025-08-11,ADAS_Vision_Sensor,ERR_ADAS_VISION_SENSOR_DIAG,10,13920,3.5,420.0,1100.0,1520.0,True,Under_Investigation
CLM_0002999,VEH_003013,DLR_NL_001,GEO_NL,20250208,2025-02-08,ADAS_Vision_Sensor,ERR_ADAS_VISION_SENSOR_DIAG,5,5515,1.5,180.0,1100.0,1280.0,True,Approved
CLM_0003000,VEH_004105,DLR_NL_002,GEO_NL,20250609,2025-06-09,Air_Suspension,ERR_AIR_SUSPENSION_DIAG,3,4941,5.0,600.0,850.0,1450.0,False,Reimbursed
CLM_0003001,VEH_007878,DLR_UK_001,GEO_UK,20261010,2026-10-10,HV_Battery_Pack,ERR_HV_BATTERY_PACK_DIAG,9,12096,5.0,600.0,4500.0,5100.0,True,Approved
CLM_0003002,VEH_003013,DLR_NL_001,GEO_NL,20261010,2026-10-10,ADAS_Vision_Sensor,ERR_ADAS_VISION_SENSOR_DIAG,5,5515,1.5,180.0,1100.0,1280.0,True,Approved
CLM_0003003,VEH_004484,DLR_IT_002,GEO_IT,20261009,2026-10-09,Infotainment_OTA,ERR_INFOTAINMENT_OTA_DIAG,21,28770,5.0,600.0,150.0,750.0,False,Approved
CLM_0003004,VEH_003741,DLR_DE_001,GEO_DE,20261009,2026-10-09,Infotainment_OTA,ERR_INFOTAINMENT_OTA_DIAG,13,15665,2.0,240.0,150.0,390.0,False,Approved
CLM_0003005,VEH_008355,DLR_IT_002,GEO_IT,20261009,2026-10-09,Air_Suspension,ERR_AIR_SUSPENSION_DIAG,21,30975,2.0,240.0,850.0,1090.0,False,Under_Investigation
CLM_0003006,VEH_000136,DLR_DE_001,GEO_DE,20261009,2026-10-09,Infotainment_OTA,ERR_INFOTAINMENT_OTA_DIAG,3,4986,5.0,600.0,150.0,750.0,False,Under_Investigation
CLM_0003007,VEH_000330,DLR_UK_001,GEO_UK,20261010,2026-10-10,Air_Suspension,ERR_AIR_SUSPENSION_DIAG,14,18158,5.0,600.0,850.0,1450.0,False,Reimbursed
CLM_0003008,VEH_008540,DLR_DE_001,GEO_DE,20261010,2026-10-10,HV_Battery_Pack,ERR_HV_BATTERY_PACK_DIAG,12,21564,3.5,420.0,4500.0,4920.0,True,Reimbursed
